7, 송새볔 강예원  서로 약간 불쌍한....그런 영화였다
3, 달갑지 않은 반전...
5, 방화 로멘스 스릴러 치고는 그럭저럭 괜찮게 만든 듯...  / 영상으로 가야 할 부분에 설명이 너무 들어가서 좀...
7, 예상못한반전에 소름이 쫙~~~~이런게 현실에서도 일어나니 무서워ㅠ
6, 헬조선 데이트 폭력 통계를 보면.. 이 영화만큼 한국 여자들의 연애현실을 현실적으로 묘사한 영화도 없는 듯. 극사실주의 로멘스 영화.
6, 생각치 못한 반전       기대보단 재밌었어요
2, B급 영화를 표방 하려다 어설픈 설정과 장치들로 F급이 되어 버린
7, 선입견만 없이 감상하면 괜찮을 영화! 아쉬운 건 장르가 로맨스와 멜로가 들어가던데 그건 아닌듯 코믹 공포 정도가 아닐까?!
10, 아주 고급스런 내러티브  안타깝게도 울나라 정서와는 맞지 않는.
2, 로맨스도 어설프고 쓰릴러도 어설프고..... 한 10년 전 영화인줄 알고 봤는데 2014년 작. 다시보고싶지않은 불쾌한 영화
10, 달달한 로맨스인 줄알고 봤는데. . . 취향저격이었어요 색감도좋고 근데 . . .. 어리바리한 순진남 연기도 제가 좋아하는 송새벽씨 연기스타일이고해서 믿고봤는데 당했네요ㅋㅋㅋ강예원씨연기너무잘해서 몰입했어요 영화상당히특이하지만제스타일이라 만족^^♥
7, 코믹적 요소를 잘 배합한 간단하게 보면 좋을 영화입니다  그렇게 나쁜 평점을 받을 수준은 아니고 주인공 여자분의 연기가 좋습니다. 조연으로 나오신분들도 지금보니 유명한 분들도 많으시네요
6, 관객들이 왜 욕하는지 이해는 되지만 그정도로 욕먹을 영화는 아닌듯해요.  로맨스에서 스릴러로 이어지는 감독의 도전정신은 좋았어요.  그리고 송새벽씨는 너무 같은 케릭터로만 나와서 조금은 식상하네요
5, 다른건 모르겠고  박그리나가 너무 귀엽고 매력적인것 같다!
5, 이런걸 돈내고 보는 사람이 있다고??? ㅋㅋㅋㅋㅋㅋㅋㅋㅋㅋㅋㅋㅋㅋㅋㅋㅋㅋㅋㅋㅋㅋㅋ 돈이 썩어나는듯 ㅋㅋㅋㅋㅋㅋㅋㅋㅋㅋㅋㅋㅋㅋㅋㅋ
0, ...강예원 거부감감가는  앞트임 눈매에..억지오버연기송새벽 똑같은 연기...내생에 처음 빵점 ..영화네
3, 강예원의 연기는 너무힘이들어가고 자연스럽지못하며 억지스럽고 거부감이든다
10, 강예원 나오는 영화는 다 재밌다. 진짜 별 거 없는 줄거리나 어이없는 설정이라도 강예원 연기가 있으면 좋은 영화가 되고 볼 만한 영화가 된다. 내 연애의 기억도 좋은 영화인데 홍보실패인지 입소문이 안 나서인지 흥행맛은 못 봤지만 2번 3번 봐도 재밌는 영화다
8, 강예원  해운대에서 처음 보고  괜찮은 여배우 인걸  알았다
0, 그냥 그지같은 영화 .....
9, 강예원이 예쁘다는걸 알았네...
8, 반전이 아쉬운.... 뭔가 더 큰 동기부여가 있었다면 뭔가 더 큰 반전이 있었다면....
8, 송새벽 연기 잘하고  반전 재밌었고 송새벽이 조금은 불쌍 했었다ㅜ
8, 지극히 적당히 보통으로 ...요즘 세상에 있을 법한 이야기 ...송새벽 같은 배우는 우리나라 영화의 존재감의 실체그 모든 연기 .. 좋아요
5, 초반 코미디가 신선했는데   정직한 로맨스 그러나 결말은 산으로
6, 스릴러라고 알려줘야 하는것 아닌가? 재밌게 보다가 덜덜 떨면서 봤다. 안그래도 스릴러 잘 안보는데..
5, 왜 이렇게 평이 나쁘지???나도 원래 영화 볼때까다로운 편인데(약간 개취이긴 함 ㅋㅋㅋ) 난 너무너무 재밌었는데 코미디에서 스릴러로 넘어간거 너무너무 좋았고 진짜 신선하고 두 배우들도 연기 잘하고 암튼 난 너무너무 재밌었뜸 ♥♥♥♥강추여
1, ....
6, 한국영화 요즘 왜 이러니....
7, 로맨스와 공포의 합작?ㅋ 많은걸 담을려고 시도 한것같은데 많은걸 담진 못한듯 하지만 나쁘진않고. 기대없이본다면. 비교적 재미있게 볼수있다고 생각함
8, 섬뜩 ....뭔가매력있어요ㅋ
1, 욕나오는 쓰레기 영화.. 달달한 로맨스 기대 한다면 절대 보지 말길.. 연쇄 살인마가 나와 보고나서 두통이 왔다..
4, 반전의 효과를 극대화 하기 위한 송새벽의 어눌한 연기와 강예원의 사랑스런 연기가 잘 맞아 떨어지는 한 쌍이었지만 스토리 구성과 전개가 어색해서 코미디적 재미나 스릴러적 반전의 긴장감은 없었다..로코와 스릴러의 결합이란 시도 자체는 좋았는데 ..많이 아쉬운 영화
0, 싸이코패스의 사랑이라....  독특한게 아니라.. 이영화의 결말은 마치 악몽과 같다.
7, 로맨스코미디+스릴러 ㅎ 특이하네. 재밌었음. 강예원 볼매
1, 발성도 안되는 B급 주연 2명으로 만든 거지발싸개. 남주의 딕션은 정말 거슬리는 데  그걸 또 신선하다고 좋다는 잉간들.ㅆㅂ
3, 달갑지 않은 반전.
10, 기대 안하고 봤는데 재미있네요^^저는 10점만점에 10점!
8, 재미있었어요~~
5, 이거 마지막에 공포 영화로 바뀜 걍시간 때우기 좋아요 지루한거는 없으니깐
1, 살인자가 상황을 다 설명해주는 영화...연출력은 필요없고 나레이터만 있는 영화...
5, 호기심을 가진 매력은 있지만 알고보면 안타까운 비호감
9, 연기력 대박이다...송새벽 강예원 명품 연기였다...그리고 기대했던 것 보다 휠씬 잼나다...반전이 있는 이런 영화 좋다...
7, 기대 안하고 봤는데.. 신선한 충격. 유치한 로맨틱 코메디로 생각했는데 예상 못한 반전. 근데 난 송새벽을 보면 주진우 기자가 생각나지? 싱크로율 90%이상 ㅋㅋㅋㅋ
8, 영화가 짧다고 느껴질 정도면 잘 본거지
8, 신선하다.. 정말..
1, 골빈 꼴통냔놈들
9, 보세요 ㅎ 연민이느껴졌다..
5, 황당한영화 마지막 저기요?에서 대충만든영화임을 댜충상상하란거자나 그사람다시만날일없다는데 탈출햇냐??
9, 진부하지 않고 신선하다. 장르의 전환이 매끄럽게 이뤄져서 한참 있다가 당황해진다. 결말도 다소 열려있다.
10, 로코같은 영화초반에 호러같은 배경음악이 진짜 기막히다.  간만에 시간가는 줄 모르고 볼 수 있었던 영화. 강예원 처음 봤다. 이런 배우가 있었구나. 연기 맘에 든다. 근데 송새벽은 저런 연기 너무 잘 해서 실제로도 광기있는 사람아닐까 좀 겁난다. 잼나게 봐서 10점이다.
8, 재밌는데?ㅎ
9, 난 왜 이영화보고 쿠엔틴타란티노? 가 생각이 났지?
1, 난 이런류의 영화가 너무 싫다. 스릴러도아니고 코미디도아니고... 장르가없다~ 짬뽕이랄까?
10, 감독이 던지는 메세지를 알거같네요 시간 가는줄 모르고봤어요
10, 정말 좋은 재미나고 좋은 영화다. 영화보고나서도 계속 생각나는 그런 영화다.
10, *주의*밑에 영화 스포있음. 영화 평점이랑 별점이나 주고 갈 것이지 짜증나게 영화 내용을 까발리는 놈들은 도대체 뭐냐? 안봤지만 짜증나서 10점줌.
6, 아 난 뭐랄까 모르겠다 강예원의 연기가 재미있다고 생각하면서 그냥 그런 영화겠구나란 생각이 들때쯤 예상치못한 결말 아 모르겠다 허무하다 송새벽은 진짜 연기를 잘하는건지 아님 진짜 싸이코패스 ㅋㅋ
10, 간만에 재미있고 신선한 영화 보앗네요. 캐스팅 연출 모두 괜찮았던 영화였습니다.
7, 배우들의 연기 특히 강예원의 연기가 좋았음 조연들도 좋았음 나름 재미있었음 결말이 좀 시시하나 독특함 암튼 난 뭐 좋았음
7, 송새벽의 마지막 눈빛은 제법 인상적이었다.
7, 코믹멜러물을 빙자하며 나름 여러 시도를 하였기에...7점 정도는 되는 것 같네요... 냉장고에 있는 여러 반찬 털어서 양푼에 넣어 비볐는데... 음... 맛 이... 나물 때문인지? 고추장 때문인지? 참기름 때문인지? 암튼 배합의 문제인지... 걍 7점 정도의 맛이랄까?
9, 사랑하는 사람이 알고 보니 살인자  라는 설정이 얼핏 보면 어이없을 수 있지만  충분히 가능한 일이고  그런 거 저런 거 다 떠나서 적당히 나이가 찬 사람이면 충분히 공감할 어떤 퍽퍽한 감정을 정말 잘 담은 영화다. 영화가 끝나고서 공허한 아련함이 남는다. 꽤 잘 만든 영화다.
1, 쓰레기영화 ! 이 영화 이후로  송새벽나오는  영화는 절대 안볼꺼임
10, 갑자기 생뚱 맞지만 재미 있다  ㅡ .ㅡ   8점은 된다
8, 재미 있고마...
4, 초중반에는 몰입도좋은데 결말이 너무 어이없다.
0, 별점은 무슨...  하이고야... 영화 만든 사람보다 본 사람이 더 고생인 영화는 첨이다 마...
7, 볼 만 함.....
7, 강예원 송새벽 연기 좋았구여~난 괜찮던데 재밌게 봤음 ~ 먼가 독특함 ㅋㅋ
3, 별로   시시해
6, 이정도면 보통은 되는 듯. 작가주의나 어떤 철학을 내포하고 있다고 생각할 수는 없으나 킬링 타임으로는 맞다. 아픔은 사실 변질된 감정의 아포리즘을 형성하기 때문에 비정상적인  혹은 상식 밖이라 여겨지는 범주에서도 그 옳고 그름을 확인하기는 어렵다
8, 신선하긴 한데.. 사이다 먹으러 가서 물 먹은 기분..잘 만들긴 잘 만들었다..
7, 다양한 장르를 결합하고서도 신선함을 잃지 않는군
0, 이영화 보면서 느낀건 나도 영화감독이 혹은 시나리오 작가 한번 해볼까 하는 도전 정신을 느꼈다
6, 초반에는 제법 재미감을 느끼다가 급작스렇게 바뀌는데 그게 그렇게 긴장도를 느끼는 것도 아니고 너무 허무하게 끝나는 것이...최강희 주연의 영화를 나름 따라갈려는 듯 했지만 실패!!
1, 웬만해서 댓글안다는데 ㅠㅠ 좀심하네요 진짜 시간아까움 ㅠㅠ당췌 무슨말을하고싶은거지요...
3, 코믹 모드애서  급 반전 싸이코로 돌변하니 감정 이완이 안됍니다 그나마 연기자들 연기 굿이지만 결말이 참~~~안스럽네요(내용꽝)
4, 이영화 왜그러는 걸까요 이런영화야말로 미스테리가아닐까요 로맨스 - 사랑과전쟁-공포로 이어지는 말도안돼는 새벽같은 장르  뜬금없이 애인을 살인마로만들어버리는 시나리오 대박
10, 대박이 안 났다는 것이 좀 이상하게 느껴졌을 정도로 괜찮았던 영화!
5, 송새벽  강예원의 연기는 좋았다. 그치만 내용은 한우물만 팠더라면  이런걸 반전이라고 하기엔;보면서 점점 기분나빠지는 듯한 기분은 뭐지? 킬빌마냥 에니도 중간에 섞는걸로 봐서 많은걸 시도하려한거 같은데.글쎄. 뭔가 시원하게 긁어 주지 못한기분이다. 화장실가서 시원하게 볼일은 보고 있으나 습하고 냄새나는기분
9, 기대보다 훨얼씬 재미있다 최근에 본 로맨틱 영화중 최고 신선함 무심한듯한 송새벽씨 연기랑 캐릭과도 잘 맞아 떨어진다
8, 잘 봤습니다~ 독특한 구성과 반전  영향이 쎄네요
0, 뭐야 이거...보고 나서 기분 더러워진 영화중에 하나
7, 양면성? 타이밍? 도무지 알수 없었던 그 남자의 속사정... 정말 색다른 로맨틱/코미디(?)...볼매 송새벽... 이 영화가 이렇게 스릴이 느껴질줄이야.. 영화 속 내용처럼 들으면 들을수록 묘하게 빠져들것만 같은 ost...
10, 정말 신선한 구성이였다. 충격적이기도 하고... 감독이 대단하다고 생각된다
0, 당췌 뭘얘기하고싶은거냐
5, 멜로영화를 찍고싶은 싸이코패스
0, 한국영화를 일보후퇴시키는 쓰레기영화 tv문학관 보다도 못한 쓰레기
7, 로맨틱 코메딘줄 알앗는데  깜놀ㅎ
7, 내용이 주책없다 한 우물만 파지
7, 부천판타스틱영화제에서 보았는데 이제 개봉한듯 하다. 흔한 로맨틱 코메디처럼 보이는 이 영화의 반전을 영화를 보다가 알아버렸지만 이런 장르의 영화일 줄은 영화를 보면서도 몰랐다. 여름에 보기에 재미있는 영화.
7, B급영화로는 상위권! 나름 쇼킹했던영화
5, <솔직 평점> 반전이라...그냥 영화가 처음부터 끝까지 지루하고 재미없음.
10, 대반전 재밋어요ㅎ
5, 장르가 뭔지도 모르고 봤던 "황혼에서 새벽까지"가 생각났다..예상치 못했던 그 때 그 쑈킹함이란.
5, 왜 코미디 로맨스 분류에 들어가 있는건지?
6, 시도는 좋으나 중간에 딱 끊어진 고무줄 같다
8, 반전에 감탄했다. 허무한 결말에 허탈하기보다 여운이 남음.
8, 달달 + 코믹 + 살벌의 세박자를 갖춘 신개념 로코스릴러!
7, 아니...반전은 반전이잖아~그리고 적당히 웃기는 영화.
5, 아쉬움 아쉬움 아쉬움 마지막이 넘 아쉬움
5, 차라리 다른장르 두편이였음 좋았을텐데... 연기는 좋았음
0, 시간이 아깝다.
4, 장르를 갑자기 바꾸는 것으로 반전을 꾀했지만  이 영화의 반전은 대단히 작위적이고 부자연스럽다. 훌륭한 반전을 연출한 영화들은 이런 장르의 전반전  후반전으로 절대 구분하지 않는다. 아!!
1, 최악이다...더럽게 재미없다...완젼 비추...
3, 감독 딴에는 신선함을 추구하려고 했으나 누구나 한번 쯤은 생각했던 시나리오. 하지만 모두가 실행하지 않았으나 감독은 무슨 생각인지 실행해버렸으니........ 결과는??
3, 영화 찍다가 중간에 누가 껴들었어! 뭐냐 일부러 그런거야내가 왠만하면 댓글 않쓴다.
1, 황당하군.  유쾌한 영화를 보려다가 사기 당한 기분
10, 기대 하겠습니다 ^^
10, 오 배우들 연기진짜 좋고 몰입도 있네요.
6, 새롭고 강렬하다  재밌고 빠르다 근데...  말하고 싶은게 뭔데?
7, 무언가 독특한듯 어색한 느낌의 장르의 혼합이 두 남녀 주연배우들의 연기 조화로 재미를 준다.
8, 어찌보면 황당한대...좋게 보자면 독특하고..빠르고...주연들이 연기가 되기에나름 재밌다~~~
10, 남녀주인공 싸늘한 표정이 돋보이는 송새벽이나 직설적이고 도발적인 느낌의 강예원에게 제대로 배역이 주어졌구나 하는 영화. 두 사람의 매력이 돋보인다. 감독이 누군지 다음 작품이 기대된다. 박영우  최강희의 '달콤 살벌한 연인'이 생각나는 영화다.
5, 이게 무슨영화지.... 스릴러?  코믹멜로? ....
2, 가벼운 로맨틱 코메디로 알고 봤는데 생뚱맞게 드릴러 호러무비(?)로 변한것이 아쉽다. TV드라마의 출생의 비밀 만큼이나 생뚱스런 영화.후회막급인 영화.
7, 별기대없이  별생각없이 봤는데 나름 반전의 재미가 있던 영화 킬링타임용으로는 괜찮습니다
10, 시간많은 사람들 꼭보세요. 시간없으신분들 보지마세요. 장르가 없는 영화네요.
4, 개인적으로 강예원씨 너무 좋아하는데  영화는 연기력 빼고는 도대체 왜 이걸 만들었나 싶습니다. 배우들의 필모에서 최악으로 평가될듯 합니다.
1, 이도저도 아닌
5, 간만에 볼만한 로맨틱코미디 한편 나왔나 싶었다. 그런데 왠걸 반전이 있었다. 연인들이 로코를 기대하고 손잡고 극장에 가서 받았을 충격이 눈에 선하다. 로코이던 스릴러이던 한가지만 했다면 더 좋았을 것을  몰입보단 황당함이 앞서는게 못내 아쉽다.
8, 소름끼친다...참으로 독특한 영화. 반전이 너무 기가 막히다....한번쯤 보라고 권유하고 싶은 영화
0, 덜떨어진 감독놈에 덜떨어진 각본    배우들이 아꿉다
10, 근무시간에 눈치봐가며 봤는데도 몰입도 높고 정말 새롭다
9, 색다른 영화다   코믹으로 갔다가 스릴러    그런데 그 남자 기억은 잊어라  아무리 그래도 그남자는 아니다
10, 오랜만에 친구만나 즐거운 영화를 보게돼서 좋았습니다. 강예원씨  송새벽씨 연기 맛나게 하시네요~^^
6, 그럭저럭 그저그런 이도저도아닌 어렵게 생각하면 난해한 영화이고  쉽게 생각하면 별것도 아니면서 평범하지도 않은 그나마 송새벽 연기로 막아주고 강예원 연기는 많이 좋아진것에 의미를 부여합니다. 볼만하진 않았어도 최악또한 면한것 같습니다.
8, 1시간정도는 그저그런 로맨스로 보다가 마지막 30분에 강한인상을 주며 평점을 올라가게하네요 송새벽의 연기가 압도적     정말 흡입력이 강한배우인듯   동생과 함께 재밋게 봣습니다. 자신만의 색이 강한 영화라 개성강한 것을 싫어하는분은 별로겟지만 전 만족스러웟어요 후반부가 좀더 길엇으면 더욱 재밋엇을텐데~
10, 짱짱~~^^♥♥엽기적인 영화.보면서 계속 가슴 조이는 스릴 만점.꼭 꼭 보세요~~!!!
7, 재밌는 코믹연애인줄 알았더니....이런 발칙한 반전이라니....ㅜ겁많은 두아줌마 아주 벌벌벌 떨다옴그래도 나만 당할수없다볼만해요^^
10, 내 연애의 기억! 이 영화 정말 재밌어요! 주연배우들의 멋진 코믹설정 너무 재밌게 봣어요.
4, 괜찮기는요..정말 비디오물 수준..이러니 한국영화가 욕먹죠....강력비추천..후회막급
8, 송새벽의 진가와 강예원의 발견. 시나리오와 연기가 뒷받침이되니 드라마가 힘을 받는다. 러닝타임이 짧아서 아쉬웠다.
5, 그럭저럭 재미는 있으나 그냥 집에서 봐도 될 수준.  조조에 여자 7명이서 봤음 ㅋ
10, 오~ 괜찮아요그냥 사이코패스가 아니고 되어가는 과정이나 사회적배경 그런것도 개연성 있고 암튼 생각보다 괜춘~♡
8, 슬픈내용 잼있음
5, 후반부  엽기적인 호러물로 변신.
7, 반전의 반전을 기대했는데 그런건 없다.그냥 코미디를 보고싶다구....
10, 다양한 관점 세대 두개의 영화 사랑의 의미에 생각해 볼 수 있는 시간되겠다.  누구나 꿈꾸지 않을까 지고지순한 애인!  그 애인이 세상에서 가장 보잘것 없는 존재라면 어떻게 할 것인가?
8, 볼만해요 다만 아무것도 알려고 하지마세요 바로 극장으로...
1, 정말 재미하나도 없네요..어제 저녁에 봤는데 극장안에 사람이 아홉명뿐이네요~~
0, ~~~~~
0, 이번년도 왠만한영화다봤지만 제일 최악입니다
10, 단순한 반전이 아닌 집중력있게 연출된 소소하고 평범한 연애와 그를 뒤집는 어이없음이 유기적으로 연결되어있다.
4, 아..로코인줄알고갔다. .이게 뭐지..?라는 느낌만받고 왔네요ㅜ
10, 아무사전 내용 모르고 보다가  깜놀. 재밌고.특이함.세심한 단어의 합성도 느낌.
10, 여자친구랑 손 꼭잡고 재미있게 봤어요. 보통 영화보고 나오면 다음에 뭐할지 이야기했는데 이번에는 맥주집 오는내내 내 연애의 기억 이야기만 할 정도로 몰입하고 재미있게 봤네요
5, 고진감래일 뻔했지만
6, 음... 반전을 배가하려고 앞부분의 내용을 오버해서 로코로 가지 않았나 싶어요. 송새벽의 어눌하면서도 섬뜩한 연기... 끝부분 그의 눈빛이 짠했어요.
6, 6.8 전 나쁘지 않았어요 영화가 크게 두부분의 다른 잘르로 나뉘는데 각 각 의 장르가 평이했는데 평이한거 두개 합쳐 시너지가 생겼다 봐요 반전 대박!
10, 무지 잼있겠네 ㅋㅋㅋㅋㅋ
9, 그리 나쁘지 않은데? 기대 안하고 봤는데 강예원도 괜찮군요
7, 개봉관이 별로 없고 상영횟수도 적어서 멀리가서 봤어요^^ 스포일러가 없어서 그냥 단순 로코로 알고 갔다가 제대로 뒤통수 맞았다는 ㅋㅋ 한예원이라는 배우를 다시 봤네용 ^^ 잼있게 잘 봤습니당
2, 반전이 있기 전까지는 그냥저냥 볼만했어요~^^; 근데 뒤로 갈수록 조금 억지스러운 감이 없잖아 있네요... 씁쓸함이 남고 돈 주고 보기에는 조금 아까운 영화입니다~~;;;
10, ㅋㅋㅋ 오잉!웃다가 놀라고 끝나는 영화정수리 쭈뼛 서는영화총알같이 흘러간90분
9, 호불호가 갈리겠지만 저에겐 여러모로 즐거운 영화였습니다~
5, 엔딩 크레딧 올라가는 순간 동시에 터진 탄식해적 해무에 이어 3연타석 돈아까운 영화였다
0, 아쓰레기다!
8, 오늘 봤는데 로맨틱스릴러에 충실한 영화! 마지막이 쫌만 길었어도 좋았는데 슬쩍 아쉬움! 송새벽씨 처연한 눈빛연기에 도희야 와 또다른 매력이 돋보였고 강예원씨 생활밀착형 연기도 좋았어요
9, 앞부분은 코믹 연애물 같았는데. 반전 캐릭터 등장으로 놀라며 눈을 떼지 못하고~~~재밌게봤어요
10, 로코계의 식스센스라고 하더니 정말이네.  ㅋㅋ이건 본 사람만 알 수 있는 충격 .. 나는  사랑하는 사람을 다 알고 있는것일까?두배우의 연기가 괜찮았어요.
9, 여주의 천연덕스러운 연기에 웃음이 빵빵
10, 한예원 송새벽 이 두 주연 배우를 더욱더 돋보이게 만들어 준 영화
5, 러닝타임을 가득 메우고 있는 개성 넘치는 연출과 아이디어  송새벽  강예원 두 주연 배우의 안정적인 연기력등은 분명 <내 연애의 기억>이 가지고 있는 장점이지만  그 장점들은 일순간 상쇄시켜버리는 곤궁함은 작품의 전체적인 재미까지도 크게 떨어뜨리고 말았더라구요. ^^;;
9, 특별하고 특이한 영화  뻔하지 않아 좋았음
7, 달콤살벌한 연인의 조금 더 무서운 버전? 뻔하지 않아서 좋다. 두 배우의 매력도 만점
10, 뻔하지않은 그런 영화
8, 달콤한 연애이야기라 생각하고 친구랑 관람했다가 철렁한 반전이 충격이었다~  빤한얘기아니라 더 잼나게 봤어요~~
10, 음. 이정도면 재미짐 반전좋네요
5, 가벼운 로코라고 생각을 했는데~반전....송새벽씨의 섬뜩한 눈빛연기 강예원씨의 찰진 욕연기~최고^^
1, 내 시간 돌려줘  돈은 알바생들 주고... 아까운 내 시간 돌려주삼... 2014년 최악  아니 내 생애 최악의 영화...코미디도 아니고  멜로도 아닌 갑자기 살인자는... 니기미..
9, 기대 하지 않았는데 여자 친구랑 봤는데 반전에 너무 신선했네요 .. 좋았습니다
10, 사랑? 나도 이젠 하고싶다새벽이 온다예 원하니?네 예 원합니다
9, 우리나라에도 이런 로코가? 신선한 스토리텔링.. 좋은 점수 주고 싶네요 ㅎㅎ
9, 가벼운 마음으로 아무 사전정보없이 보기 좋은 영화. 신선하다!
1, 이게?????
5, 당신의 애인  어떤 사람인 줄 제대로 알고 있나요? 송새벽에 밀리지 않는 강예원의 존재감
0, 결말 송새벽이 알고보니 환상이었음강예원은 귀신에 홀린거..마지막에 보니 좀 소름돋앗음
10, 오랜만에 영화같은 영화네요
2, 돈아깝다 차라리 액션 영화 봐라 1년만 지나면 텔레비젼에서 한다
10, 진짜 신선한 영화였어요ㅋㅋㅋㅋ 강추합니다!
8, 로맨스멜로를 즐기다가 돌연 스릴러로 ~  두 장르를 섭렵하는 재미 ^^
10, 오늘 아침에 봤는데 ㅋㅋ완전꿀잼 결말 절대 말할수없음
10, 송새벽ㅋㅋㅋㅋㅋㅋㅋㅋㅋㅋㅋ 이 사람은 뭔가 진짜같아 항상 느끼는 거지만 ㅋㅋㅋㅋㅋㅋ
10, 유쾌한 영화였어여ㅋㅋㅋ
10, 송새벽 짱 ㅠㅠ 결말 완전 대박 ..
10, 역시 영화는 반전의 맛ㅋㅋㅋㅋㅋㅋㅋㅋㅋㅋ내 연애의 기억 재밋습니당 추천해여!!!
10, 아 송새벼어어억!!!!!!!!!!!!!!!!!!:)
10, 송새벽 너무조아ㅋㅋㅋㅋㅋㅋㅋ
10, 기대안했는데 진짜 재밌음 볼만함! 특히 반전 쩔
10, 결말이 충격적이네요 ㅋㅋ
10, 마지막 반전 진짜 놀랐다!!신선한 로코가 나온 듯~짱
10, 배우들의 앙상블이 너무 좋다. 잼나게 즐기다가 반전에 대박 놀람!
10, 둘의 케미도 장난아니고 새로운 장르 나온듯 충격 반전! 송새벽이니까 가능한 스토리
10, 둘의 캐미가 훈훈하다 ㅋㅋㅋ
10, 반전 대박! 간만에 재밌는 로코!
5, 기대됩니다
0, 송새벽이 킬러는 아니겠지????
10, 빨리보고싶네요^^
10, 최근 대작들도 좋았지만  로맨틱 코메디도 한번 보고 싶었는데 잘 됐다. 꼭 봐야지 재밌을 것 같다.
9, 영화기법이 넘 재밌어요 완전신선빠른전개도 좋구 내용도 웃기고 ㅋㅎ마지막 반전은 대박~~!남친이랑 볼걸 괜히 시사회 친구랑 봄 ~~ㅜㅜ
10, 반전이 대박
8, 사랑 사랑 내사랑아 ~~ 가을이 올라니까 이런 영화에 더 끌리네 ~ 임창정이가 했다면 송새벽과는 색다를 맛도 있었을것 같다.
8, 아.. 이건 정말 반전이 있다는 것만 알고보세요. 스포일러하고 싶지 않은 영화네요~ 사실 잘 모르는 배우들이어서 걱정했는데 영화는 정말 재미나요 ^^ 솔직히 영화자체는 중간중간 촬영기법도 그렇고 표현방법도 그렇고 참 마음에 들 정도로 구성이 잘 된것 같은데 내용자체는 평타?보다 조금 위라고 할 수 있겠네요. ㅎㅎ
10, 코믹  멜로  그리고 반전의 절묘한 조화. 아쉬운 점이 아예 없진 않지만 한국영화의 새로운 시도라ㅓ고 볼 만하다
3, 줄거리도없고 앞뒤도 안맞고 ㅠㅠ 정말
6, 첨엔 강예원 원톱의 코믹 연애물인줄 알았는데...송새벽의 반전 캐릭터 등장    스토리의 조금 아쉬운점이 있었지만....나름 매력있었습니다~
7, 배우들 믿고 로맨틱코미디 영화인줄 알고 시사회 갔는데.. 반전의 장르.. 빠른 전개와 허무한 결말..배우들은 재미날땐 참 맛깔나게 연기하긴 하던데.. 황당한 전개와 허무한 결말이었음. 근데 이게 어느 영화제 폐막식 작품 선정되었다니..제가 영화 보는 눈이 낮은건가요?
10, 와하하ㅏㅏ 하면서 보다가 심장쫄깃했... 반전 헐
7, 올해 최고의 반전영화였어요!!뻔하지 않은 로맨틱코미디라 신선했어요!!^^
8, 스토리 소개보면서 어디선가 본 기억이 나서 한참을 찾아봤네요.  한상운 - 단편집 보라의 트렁크 중 '푸른수염' 원작이네요.
10, 기대 만빵! 빨리보고싶어여!
0, 보고나서
10, 얼른 보고싶어요
10, 로맨틱 코미디계의 식스센스.. 유주얼 서스펙트ㅋㅋㅋㅋ
10, 요런 장르 너무너무 좋아요~
10, 이 영화는 로맨틱 영화의 새로운 장을 여는 '걸작'이라고 평해도 손색이 없다! 짱!
7, 예교편 보니 완젼 기대중!! 어서빨리 봤음 좋겠어요!!!!
10, 믿고 보는 송새벽이 주연한 로코네요. 평범한 우리들의 모습을 부담없이 볼 수 있을 듯... 완전 기대됩니다^^
10, 울 딸이 스무살인데 예고편 보더니 무지 재밋을것같대요..저두 제목이 넘 맘에 들어요..첫사랑도 생각나게 할것같은 설레임..기대 만땅!
10, 제목이 당기네요. 50대 아줌마도 설레게 하는 제목이 영화관으로 끌어당길 것 같네요. 기대됩니다
10, 부천에서 보고 진짜 완전 반했어요! 평범한 로코라고 생각하고 봤다가는 큰코 다칩니다!ㅋㅋㅋ
10, 부천영화제 폐막작에  내 연애의 기억을 상영하더군요  정말 재맜게 봤어요. 달콤살벌한 연인보다 더 재밌는데.. 특히 강예원의 연기 능청스럽고 송새벽의 반전 연기 기막혀요
7, 장르를 모르고 봐야 제맛. 우연히 남자친구의 외도와 거짓말을 발견해  증거를 찾기 위에 고군분투하는 여자주인공. 그리고 바람은 피우지 않았지만 뭔가 수상한 남자주인공. 둘의 현실적인 연기와 통통 튀는 이야기 전개가 나쁘지 않았다.
10, 송새벽 굿!
10, 부천영화제 폐막작이었다니 더욱 기대됩니다... 8월 언제 개봉하나요??
10, 부산가서 보고싶어요
10, 부천영화제 폐막작. 기대됨.
