10, 개인적으론 재미있게 보았는데 평점이 낮으니 좀 끌어올려줍니다.
7, 케이블에서 보는데 의외로 잼있는데 ㅋ
10, 통쾌하고 재미져요.ㅎ 간만에 조금 웃었네요
10, 야한거 생각하지말고 보니 아주 재밋네요  10점은 아니지만 0점두 아닙니다 재밋어요
0, 465006450645
10, ㄱㄱ
1, 한승림! 여기  저기 다니면서 감독이라고 깝치지 마라.부끄러운 줄 알아야지..
0, 여자 3명이 나와서 수다만 엄청나게 떤다 보여주는것도 전혀없다 베드씬이있기는 한데 약만올리고 안보여주고 재미도 없음 ~~~~~~~~~~왜 이영화를 만들었을까?????????????
0, 그지 같다.
0, 아놔
0, 수많은 각티슈 애용자들을 기만한 영화.앞으로 질펀한 떡씬 넣을 생각 없으면 이런 낚시 영화 만들지 마! 이  개 젓깔같은 감독아
0, 삼류 애로영화 보나 못하고  심지어 보다 더 나쁘다.
5, 히히 걸그룹 데리고 찍지 하던 짓이니 잘 할 텐데
0, 스토리가 없으면 노출을 하던지  노출이 없으면 흐름이라도 있던지  기승전결도 제대로 안되어있고 뭐 이건 군데군데 사람 열받게 하는 장면뿐이니 이건 뭐...;;
10, 에로영화로 생각했음  별루겠지만 가벼운 섹시앤 시티? 하여간 기대를 안해서 그런지 괜찮네요..생각보다 점수가ㅇ너무 낮아 좀 올려드려야겠네용...
9, 영화 재밌네요. 사람들이 욕을 해서 과연 봐야되나 생각을 좀 했는데  코미디 영화로는 정말 깔끔하게 잘만든거 같네요. 에러물로 생각해서 보시는 분들은 좀 당황할거 같긴해요. 코미디 영화로 보시면 정말 재밌습니다. 다들 연기도 잘하고 영화도 깔끔하게 잘 만들었네요.
0, 안타깝다 제대로 하든가 좀
0, 관객모독영화
0, 대세에 따름
10, 좋구만....ㅋㅋ
0, 외국영화는 목욕탕씬 다벗고 나오는데 우리나라는 목욕할때 타올두르고 하냐? 이게 왜 19금인거냐? 톱여우들도 다벗는 요새 3류들이 슴가도 아끼는 영화가 다있네 평점이 1.4점인게 신기하다 이런 영화를 위해 마이너스평점이 있어야되는거 아냐?
10, 좋쿠나..
0, 이게 영화?
5, 5점주는 이유는 구지성 윤채이가 나오기 때문!캐스팅빼면 쓰레기영화
1, 시간이 아깝다는 생각밖에 안 드는군
4, 다음엔 연  좀 더 연  성의 있게 찍어두세 연(컨셉  스토리 구성. 좋았지만. 디테일이 심히 부족했다. )
0, 의문이 드네요.. 이 영화의 타깃 연령층  성별이 뭔가요? 제작비도 만만치 않을건데 너무 준비도 안하고 만드셨네요. 요즘은 여자들도 이런 저질류의 여자입장 생각한답시는 색드립(저급한) 좋아하지 않습니다. 남자들 좋아하기엔 노출도 없고.... 없을거면 전체적 플롯이라도 탄탄히 하던가... 이영훈은 이런 영화에 왜...
0, 재미가 없으면 노출이라도 있든가 뭐야 대체
6, 여자만 보기에 재미있는영화인듯. 강하고 유머있는 위트가 수위높은 관능의법칙 후속형 같은 스탈 근데 엔딩이 약하고 좀 찝찝했음.. 노출기대하고 본 남자 시청자들에게 욕무지먹을 작품..
2, 배우들한테 돈받고 영화찍었나...
0, 할말없네.
0, 애들 하나도안벗음 노출없음 개노잼 보지마라
0, 신주아  구지성만 이쁨
0, 완전 똥영화. 신간 낭비
0, ㅋㅋ 아침마당이 더 재밌겠다   ㅋㅋ
0, 어이없다 ㅋㅋ 초딩이 만들었나?
10, 요새 젊은 뇨자들의 생각이 궁금해서.....^!^
0, 볼따구에 보톡스 쳐 넣은것들 이젠 싫다.
