7, 다시봤는데도  재밌음
10, 지금 봐도 재밌는 영화
10, 최고였습니다..마리아~~!!!
8, 흥미로운 스토리!!!!  괞찮은영화   내면이 먼저 일까 아니면 외모가 중요할까???  외모지상주의 를 신랄하게 풍자한 영화
6, 한때 풍미했던 영화.
6, 대중 매체의 발달로 외적 아름다움이 중요한 가치로 인식되면서 미녀는 괴롭다. 외모가 인생을 바꾸는 영화와 드라마가 인기를 끌고  아이돌 가수라는 개념도 생겨났다. 이런 사회분위기에서 성형을 한번쯤은 고민하게 된다. 그래도 내 모습 그대로를 사랑해줄 수 있는 사람이 내 곁에 있다면 그것으로 행복하다.
7, 가볍게 보기 좋고  나름 풍자도 있는 로코영화.
10, 최고~!!! 명언이 난무하는 유쾌한 영화
7, 잘 감상했었어요~
10, 하고싶어요제발보내드립니다!
7, 단점은 성형조장영화ㅋ 흥행도 했고 재미도있다.
9, 부담 없이 재미 있다.. 주제도 괜찮고 김아중 이쁘고 연기 잘하고 노래도 참 잘하네...
6, 그럭저럭 가식 없이 솔직한 코미디.
8, 기대 않하고 감상했는데  무척 재미 있었습니다. ^&^ 무엇 보다도 일본 원작의 영화를 우리나라 실정에 맞게 잘 만들었네요. ^&^
0, 아중이 본인 실화네~~~
7, 김아중 누나가 이떄가 제일 예쁜듯
6, 외모지상주의를 비꼬는 좋은 소재  평이한 전개.
5, 이쁘면 다 용서된다? 외모지상주의 성형공화국에 걸맞는 내용이랄까 진짜 여자는 이쁘면 다 되는거임? 고딩때 젤이쁘던애 지금 강남텐프로  되있다던말을 들으니 이쁘면 팔자가쎼  미인박명하니 최진실도 떠오르고 ㅎㅎ 늙으면 다 거기서거기 그래도 영화는 재밌었다 별이란 김아중노래 진짜 좋았는데
9, 잼있어요. 다들 연기도 잘 하고.
8, 외모에 대한 꿈은 끊을 수없는 소재
5, 만화원작의 영화가 대개 그렇듯 유치한 전개가 넘쳐났다. 그것이 매력으로 다가오는 경우도 많겠지만 호불호가 갈릴 영화.
9, 성형 클라스.
9, 코미디에 감동까지 요구하는 무리수를 두었지만  그래도 즐겁게 보았다
8, 역시 여자는 예쁘고 볼일이다 ㅡ.ㅡ
8, 논란있을 소재를 유쾌한 재미로 공감을 이끌어 냄. 별 기대없이 봤다가 대박 득템!
5, 겉으로보이는 모습만이 전부가아닌 솔직하고진솔하게 사람들에게 다가가려는 한나의모습에선 분명 감동이전해진다 하지만 그외엔철저히 김아중을위한 그리고보고나면 김아중의 예쁜얼굴과 늘씬한몸매밖에 기억에 남지않는다 외모지상주의를 비꼬고자했으나 오히려 지금 이시대의 물질만능주의를 더욱더 부각시킨꼴이되었다
6, 겉은 변해도 속은 바뀌지 않아
5, 다시 보니까 못봐주겠다. 정말 주진모는 연기정말 못함
8, 한마디로 킬링타임으로 무엇보다 적절한 영화.외모로 무시당하는 사회를 너무나도 잘표현하고반면 결말에 사람들의 따듯함과 애잔함을 살린영화.
9, 아주 사람을 웃겨다 울렸다 하는 요령을 알어
10, 김아중너무이뻐..ㅠㅠ
10, 몇번봐도 질리지 않는 영화~
6, 킬링타임용으로 적절하군
9, 미모는 나의무기!하지만 따뜻한 가슴이 나만의 진짜 무기!김아중씨 노래 정말 잘하더라..ost 도..굿! 한 번들으면 중독이라..나도 모르게 흥얼 거리게 되더라.가볍지만도..무겁지만도 않은..우리의 미녀처럼...딱 적당한(?) 무게의 로맨틱 영화였다
8, 아중이를 위한 영화~.. 볼만은 했네요.
7, 김아중이 돋보이고  열연 했던 영화..  내용은 평범했지만 .. 재미를 더해주는 뭔가가 있었고  영화에서 나오는 노래가 좋았다고 생각한다 .. ^^
9, 오랜만에 다시 봤는데 웃으면서 보기는 좋은듯
9, 티비에서 해줘서 보고 영화관에서도 보고 몇번이나 봤는데도 볼때마다 재밌고 웃긴데 공감까지 갔던 영화 ~ 봐도봐도 질리지 않는 영화랄까 ㅋㅋㅋ
5, 외모지상주의 현실에 대한 영화..김아중 스타로 만들어준 영화이기도함..
6, 신데렐라를 욕망하는 현실에 대한 다소 뻔한 질문
7, 다좋은데 '별'이라는 곡은 파이날판타지8 주제가랑 너무 흡사하다. 좀 창의적으로 작곡함안되나??
10, 재밌어서 몇 번이고 본 영화
7, 나름 신선함
6,  
8, 성형 합리화 영화겠지 하고 생각하며 봤다. 예상외로 그런 내용없이 깔끔담백하게 스토리를 만들어 냈다. 킬링 타임용 영화를 보려고 본건데 뜻하지 않게 좋은 영화 본 것 같아 기분이 좋았다
10, 당시 극장 가서 봤는데 보고 나오면서 김아중이 여우주연상 받겠구나 했다.
10, 후반부에 미친듯이 감정이입을 했던 영화
6, 부러울 정도의 얼굴과 몸에 필요한 각종 화장품이 잘 먹히도록 아기 피부를 유지하기 위해 고생해야 한다. 그렇게 화장하고 머리 모양 대충 할 수 없어서 머리 관리 받아야 한다. 평소 머리카락과 두피 관리는 필수.그렇게 하고 아무 옷 입을 수 있나  아무 악세사리 할 수 있나. 아무 구두 신을 수 있나. 미녀는 괴롭다.
8, 김아중의 노래가 아니였다면.... 그냥 그저 그런...
10, 지금은 식상하지만 그 시절에는 참신하고 재밌었던 영화
6, 나름  킬링타임으로 보기에 좋은 영화
10, 좋너
8, 너무 그런식으로만 생각하지 마세요 그래도 전 이정도 영화는 꽤 재미있다고 느껴졌습니다. 너무 그렇게 상대를 몰아 가는 식으로 댓글을 다시면 보는 사람들이 눈살을 찌푸리게 되서요
6, 그럭저럭 가볍게 보기 좋은 영화
1, 원작의 깨알같은 재미에는 한참 못미치고...억지스러웠다. ㅡㅡ
8, 재밌었던 코미디로맨스
3, 웃음코드는  있으나   세상  모든 여자가   성형을  하라는   소린가  인정  할수 없는  자기 만족   자화   자찬 영화 ㅇㅅㅇ!!!
7, 영화 유쾌하고 좋았어요. 그래도 전 Blondie의 오리지널 '마리아'가 더 좋은...ㅎ
9, 학교다닐때 김아중이 변장한 뚱뚱녀랑 닮은여자애가있었다 잘해줄껄 그랬음
7, 이건 그냥 평범한 드라마 수준이내요 ...
1, 킬링타임용도 안된다. 그냥 만화책으로보는게 100배 낫다
10, 정말로 재미있게 본 영화. 김아중의 능청스런 연기와 카리스마 주진모^^
10, 정말 몇번은돌려본듯..
8, 외모지상주의의 폐해에 대해 은근히 잘 찝어낸 영화. 코미디의 매력도 물씬 풍긴다.
8, 재밌다. 김아중의 엉성한 연기가 오히려 엉뚱한 캐릭터를 만드는데 일조함.
7, 모든 남자들의 로망 예쁜 여자. 어쩌면 이거 자체가 잘못된 생각이 아닐까.
8, 살꼭 빼야지....
10, 재미있었는데... ㅋ
9, 이론적으로 따지면  기분나빠져야하는 영화인데.. 이상하게 마지막 고백 장면에 눈물이.. 나도 이해가 안감 ㅎㅎ
9, 이 영화 엄청 많이 봤는데  마지막 콘서트 장면은 볼때마다 눈물나네...나도 모르게 눈물이 주르륵...ㅠㅠ
8, 일본 만화의 재미에 뒤지지 않게 잘 만들었다.
5, 보면서 점점 기분이 나빠졌다
10, 짱~!
7, :)
10, 너무너무 잼있음 내가 그사람이 된듯한 희열을 느낍니다
7, 뭐... 재밌음.... 이게 다임.
8, 전형적인 킬링타임용 데이트 무비...
10, 다시 봐도 감동 ㅋ
9, 요즘 학교에서 도덕 시간에 미녀는 괴로워를 보고 있어요 ㅋㅋ 전에 봤는데 다시 봐도 재밋네요 ㅋ
7, 솔직히 재밌음~
8, 괴로워지고 싶게 만드는 영화.
10, 0 점 주는 인간들은 모야?
0, 스토리는 뻔하고 어제 케이블에서 하던데 김아중연기 너무 재미없어요.보다 말았네요.
9, 순수한 뚱녀 환상의 목소리가 참 예술이죠- 성형은 겉모습이고 진실함은 속사람~~~잘 본 영화중 하나-^^
8, 그냥볼만한정돈데 평점이 높네
10, 이뻐지고 싶은 여자들의 애환은 코믹하면서도 감동적으로 그려낸 영화
3, 신데렐라물인데  성형으로 그게 불가은한것은 모두 알것이다. 여성용 환타지물의 하나..
9, 훈훈하게 잘 풀었고 사랑스럽게 잘 연기했다.
10, 미녀는 괴로워 잘 봤습니다
6, 미녀도 괴롭지만 시청자도 괴로워
0, .......별로 김아중싫어
10, 재밌었음  김아중이 처음으로 좋아졌지~
10, 최고
10, 김아중을 좋아하게 만든영화.역시 김아중은 최고미녀이자 국민여동생이다.엄친딸이라고 해도 과언이 아님.너무 재밌다.
7, 재밌다. 근데 두 번 보고 싶진 않은 코미디영화 그 이상도 이하도 아니다. 왜 항상 한국영화는 끝에 가서 쓸데없는 감동을 주려고 발악을 할까.. 유쾌하게 시작해서 유쾌하게 끝내자!
10, 진심 완전 웃김ㅋㅋㅋ 김아중 ++++++++++++시켜중 영화ㅋㅋㅋㅋㅋㅋㅋㅋㅋㅋㅋㅋㅋ
4, 만화책이었을 때가 좋았다.
10, 잼있게 봤으니까
9, 재밌네!
5, ㅍㅎㅎ장난하냐?
10, 개인소장하고 있는영화... 뭐 유치하고 재미없고 그렇다는분들도 많지만 난 정말 잼있게봤어요 몇번이나 봤는지 ㅋㅋ 주진모 너무 멋져... 김아중연기도 좋았고~~~~
10, 정말 봐도봐도 질리지 않는 최고의 영화인거 같다 ㅋㅋ 넘 잼있다
7, 볼만한 코믹영화. 흥행 수준만큼 재밌는 영화인지는 의문.
10, 오글 거린다는 것들은 감정을 표현할줄 모르는 불쌍한 놈들이라고 밖에 ㅋㅋ  다시봐도 감동이다 김아중은 저때가 젤 이쁜거 같아 아~~
10, 뭐가 유치해? 다시봐도 재밌구만..
10, 영원히 바도 질리지 않을 김아중의 연기
6, 넘 유치하고 작위적이다. 연기도 오글오글.
0, 플란다스 개님 의견에 동참합니다..솔직히 이런 유치한 발상의 코미디에 배우들 연기나 연출이 뛰어난것도 아닌데 너무 과한 점수이 영화다..평점 5.5점이 적당
0, 성형열풍을 꼬집는 게 아니라  성형을 조장하는 영화 말도안되는 영화  이런 영화가 이렇게 흥행하다니 진짜 우리나라도참..
8, 괜춘함
6, 김아중은 이 영화 이후로 성장하지 못하는것 같다. 김아중에 의한  김아중을 위한 영화..성형은 개인적으로 반대일세..
10, 너무 재밌게 봤어요^^ 노래도 너무 좋았구요^^
10, 슬픈이야기가 될 것 같은데 아픈 마음이 될 것 같아서 될임 김아중씨를 많이 좋아해요. 강한나에제니를 봤어도 너무나 기뻤고 예쁩니다라는 생각을 해 보았습니다. 이렇게 슬픔이야기를 해
9, 연예계의 현실을 꼬집은 영화.. 대중들에게 잊혀지는 것보다 슬픈것은 없다.. 김아중씨 노래연기가 일품이였다는...^^:
5, 저도 느낌이 안나요. 그래서 그냥그래요. 실감이 않나요.
10, 완전 최고다!!!김아중 알려뷰
6, 그냥그냥..
9, "됐~~~어~~~됐~~~서 ㅅㅂ"성동일님 이대사에 친구랑빵터져슴 ㅋㅋ 영화도물론 재미슴 이런영화좀 마니 나왓으면 김아중의 재발견이기도하구  뭐전체적으로 잼슴
10, 이건 재미있는거 보다는.. 로맨틱 한.. ㅋㅋ 재미있겟 봤어요  영화관에서 그거 보면서 엉덩이를 때지못하겟더라고요 그만큼 존경하는 만화~
7, 재미는 있었으나 외모지상주의 사회에 순응하고 살라고 하는 것 같아 찝찝했던 기억이... 뭐 그게 현실이려나요 ㅎㅎ 할튼 연기라던지 다 괜찮았고 볼만 했습니다~
9, 기대하지 않은 곳에서 건진 진주 같은 영화..
9, 김아중의 변신이 충격적이었던 영화- 재밌었어요~
8, 김아중이 이렇게 노래를 잘했나?... 김아중에 의한 김아중을 위한 김아중의 영화... 스튜디오에서 오디션 받을때 부르던 그 장면은 몇번을 돌려봐도 찌릿찌릿하다.. 재미있는 영화..
8, 사회적 이슈의 심각성을 웃음과 감동으로 버무릴 줄 아는  재기발랄한 감독의 수작.
7, 재미있으라고 만든영화니.. 재미는 있지. 그치만 많은걸 기대하면 안돼
10, 재밌어ㅋㅋㅋㅋ
10, 성형 중독이란 안좋은 것도 많이 들어서 알고 있지만 좋은 점을 보여주었고.. 현대 여성들의 성형에 대한 욕망을 해피엔딩으로 잘 풀어준거 같다.. 정말 재미있게 봤음
9, 그냥볼만하던대
8, 한때 붐을 일으켰던 영화~지금의 김아중을 있게한 영화~만화를 원작으로 해서 인지~약간은 만화같은 얘기들~~
9, 재밌는 영화. 그렇지만 성형이면 다 되나> 이런 생각이 들어서 별한개 뺌...
5, 이것도 영화-_-? 완전 가상이구만 현실에서 이렇게 될수나 있냐 꿈깨라
1, 경악;;.. 특히 마지막 콘서트 부분에서는 영화관을 나가고 싶었었던   손발이 오그라들었어요 ㅠㅜ ;; 연기 그정도가 잘하는건가요>>.? 잘...몰겠어요 ㅠㅜ
9, 보는 즐거움이 있었어요. 김아중 몸매가 점점 날씬해질수록 관람석에서 감탄하던 소리가 기억나네요.
10, 이 영화 진짜 좋아여.. 집에서 따운 받아 온것 보았는데.. 너무 재밌구여.. 정말 이 영화 마이 추천 해요^^
7, 감독은.. 뭔 생각으로 이런 스토리를 지어냈을까ㅋㅋ 영화의 파급력이 얼마나 센데 울나라 여자들 다 된장녀 만드실려고 작정한듯ㅋㅋ재미가 다가 아니잖아요
9, 김아중보다 주진모가 출연료를 훨씬 많이 받았다는 사실이 충격!!  이건 결단코 김아중의 영화이건만!!
9, 사람들이 재밌다고 해서 혼자가서 봤다.얼마나 재밌나하고.. 근데.. 정말 재밌었다 ^^김아중 연기도 글쎄에서 잘하는데~로 바뀔정도로..노래도 훌륭했고..그래서 좀 부러웠다ㅜㅜ
9, 볼 때마다 조금씩 지루해지긴 하지만 정말 재밌네요. 엄청 어렸을 때 이 만화책 본 적있는데 어린나이에는 전신성형이 충격적이었는지 생생히 기억나요.
9, 다시 봤는데 그저바라보다가에서 나온 김아중이 아닌것같음 완전 달라졌음.....지금이 이쁘긴하당ㅇㅇ내용은 재밌음
8, 뻔한스토리지만재밋다
7, 행운의숫자7!!!!!!!!!!!!!!!!!!!!!!!!!!!재밌고어느부분에서공감도가고  
10, 딸이랑 둘이가서 봤는데...그렇게 이쁜 몸매를 만들수 있다면 정말 좋겠다는 생각이 많이 들었었지요   이영화를 보면서 남일같지 않다는 생각..
8, 김아중의 마리아만 봐도 기본 7점은 들어간다. 코믹요소와 노래 감성이 잘짜여진 영화
4, 지루하지 않고 그냥 재밌게 봤지만  내 스타일은 아님.
9, 우리나라 코미디의 한 획을 그은듯한 영화...김아중의 연기 변신과 어벙한듯한 모습...이영화를 본남자들이라면 한번쯤 반했을듯..ㅎㅎ
10, 아중씨  지수를 알고 한나를 다시 보니  과거에 알던 아중씨가 아니었습니다...이제 더 이상의 공백기는 그만....지금 최고일 때 다작좀 하세요...팬들 모가지 늘어나서 기린되기전에^^
7, 재미도 물론 잇엇지만 음악하며  연기하며 짱이엇어요
10, 재미있었고 김아중씨가 노래의 진가를 보여주었던 영화
8, ost가 참 좋아요 ~
4, 그렇게 재미지는 않더라
10, 그렇게 눈물이 많은 편도 아닌데 이 미녀는 괴로워 라는 영화를 보면서 친구 여섯이 통곡을 하며 울고 웃었던 것이 생각이 납니다
9, 재미있었다.~ 코믹요소도 좋았고  감동도 좋았다.~ 김아중의 노래는 굉장히 좋았다.
10, 감동적이고요 젤로기억에남는부분은요 김아중이콘서트때자신의예전에보스을보고말한거고요 그리고요팬들이괜찮아괜찮아한거요^^너무감동적이였어요
9, 처음엔 단순한 코미디 영화라고만 생각하고 별 기대없이 봤었는데 많이 감동받았던 영화 마지막 부분에서  김아중이 콘서트에서 고백할때는 정말  눈물이 주루룩...
9, 안보면 후회하는 영화에요^^ 한국에서 미녀는괴로워가 흥행을 해서 원작이있는 일본에서 영화로 나왓다고하네요^^그만큼 미녀는 괴로워가 인기가많아서 그런것같네요^^ 봐도봐도안질립니다~
10, 미녀는 괴로워이영화도비디오통해봐다   입소문도좋코 만화원작이라서 찍까지감동이다. 김아중에노래실력도대박입니다..
9, 100% 공감의 영화~ ㅋ 그런데 한가지 너무 외모지상주의로 흘러가는 우리사회가 느껴져 영화를 보는내내 슬펐던것 같아요.ㅋ 웃음 속에 감쳐진 슬픈 영화 미녀는 괴로워~
7, 코미디물이었는데 나는 마지막에 울었다는... 정말  재미있게 봤던 영화
9, 의학의 도움을 받았지만 포기하지않고 열심히 하는 모습이 인상깊었습니다~~ㅎㅎ 너무너무 감동있게 재밌게 봤어요!! ㅎㅎ
10, 별거 없는것같지만 정말 재밌게본 영화다.5번이나 봤음..봐도봐도 질리지가 않아
9, 다시봐도 재미.감동 모두 선사하는 영화~ 콘서트의 스케일  배우들의 코믹 연기  예쁜 영상까지 완벽!!
10, 김아중 옷 사입고 울면서 거리를 활보할때 나도 울었따 ㅠㅠ
10, 넘 재밌게 봐씀!!^^ㅋ
9, 살과의 전쟁.. 현대의 사회을 풍자한 영화로써 . 현실감이 그대로 살아있는듯..  사랑과 감동이 있는 영화 재미있게 보았습니다.
10, 너무 재미있게 봤던 영화
9, 보면서 여자들의 아름다움에 대한 열망이 절실히 그려진 하지만 외모가 다가아닌 사람을 보는 세상을 보는 시선을 내면에서 찾게 되는 영화...정말 재밌게 보았던 영화...^^
10, 재밌음
8, 나름?~
9, 다이어트 만의 살길! 다이어트 해야 겠다고 굳게 결심하게 만들어준 영화에요. 김아중 너무 예뻐요^^
10, 김아중이 넘 이뻐보이는 영화...
4, 김아중 노래 잘하더라구요..역시 여자는 이뻐야...뭐..
10, 재밌다.
10, 무척 재밌었어요~
9, 김아중의 코믹스러운 연기에 매료되었던 영화
9, 김아중씨의 열연도 좋았고  노래도 좋았고  줄거리도 재미있었어요~
8, 재미있어요
9, 한동안 영화보고 마리아 노래 엄청 불렀던 영화. 연기도 좋았고 나도 성형하면 그렇게 변할수 있을까 하는 고민을 안겨 주었던 영화
8, 여자들이 공감할 수 있는 그래서 더 많은 지지를 받은 영화 같다.
9, 노래 좋았고  재미있었던 영화ㅋ
10, 인물만큼이나 멋진 노래 선물로 주어서 감사...난 딴 사람이 부르는 줄 았았다닌깐요
7, 저는 무서워서 성형 못는데  영화에서처럼 성형을 하면 사람 잡겠다는 생각이 들더군요.
10, 정말 새벽에 OCN보면서 펑펑울었다..영화를 너무 오랜만에 봐서 그런가. 암튼 짱
9, 재미있던 코미디영화
7, 영화을 볼때 왜 날 보는것 같지ㅠㅠ 재밌기도 했지만 난 마지막 장면 김아중 노래 장면이 재일 좋아ㅋ
4, 만화가 훨씬 재밌기때문에;;
9, 김아중도 이쁘고   노래도 좋았구요~ 성형에 대하여 공감이 가는 부분이 있네요~
9, 지친외국생활을 뒤로하고 귀국하자마자 역시 한국이 좋다라고 생각하게 만들어줬던 웃음과 감동의 영화 ㅋㅋ
9, 지금 이 시대에 사람들이 느낄수 잇는 공감대의 영화
9, 가벼운듯하지만 풍자의 묘미가 살아있는 영화!
7, 가벼운 마음으로 볼수 있는 해피엔딩 코메디 영화!
5, 나름 그럼 ㅋㅋ
8, 나름 재미있었음~ㅋㅋ
10, 눈물콧물 쏙뺀영화. 재미있어서 울고 감동적이어서 울고.. 뭐랄까..배부른데 또 먹고싶은 기분을 만드는 영화!!
9, 너무 재미있게 봤음. 두 주인공들이 멋졌음
8, 김아중을 위한 영화라는 느낌. 음악이 참 좋았지요..
10, 역시 음악이 있는 영화는 감동을 주넹 !!!
9, 처음부터 끝까지 김아중을 위하여~ 김아중을 위해 만든 영화.. 코미디라기엔 너무 슬프고 감동스러운 영화. 외모에 빗대었지만 겉모습만을 중시하는 현 세대를 잘 꼬집은 연기자와 영화가 잘 어우러진 최고의 작품..
10, 재밌고 끝에 고백하는 부분 너무 감동받아 눈물도 흘렸어요ㅠㅠ 이걸로 인해 김아중 광팬된거 아 ~김아중 언니 너무 좋아요!!!!!!!!!!!!
9, 의외의 히트작  추천을 받아서 본 만큼 재미도 쏠쏠했다.
9, 외모지상주의에 대해 강하게 꼬집은 영화
8, 대한민국 로맨틱 코미디 중에서 최고입니다
9, 결론적으로는 이쁜게 제일이다 일수도... OST와 코믹성으로 흥행에 성공하지 않았나 생각해본다
8, 자~지금 시작해...우~~절대 멈추지마...OST도 아중언냐의 연기도 좋았고  주진모..ㅎㅎㅎ절대미남~!! 영화 강추강추...
8, 요즘에 TV에서도 해주는데  정말 재미있어요^^ 다시봐도 좋아요
9, 뮤지컬까지도 기대하게 만드는 이 영화. 김아중씨의 새로운 모습이 기대됩니다
10, 미남은 괴로워도 나왔으면 좋겠어요..ㅋㅋㅋ
9, 어떤 진지한 영화다운 맛은 덜하더라도  보면 기분이 좋아지는  그것만으로도 충분한 영화
9, 김아중 노래가 걸작이었다. 음원으로만으로 10억을 벌었다는 이야기가 있는데...
10, 너무 감동적이여서 마지막내내 펑펑울었어요 ㅠㅠㅠㅠ
9, 코미디영화라고 알고 보러갔다가 감동까지 주는 이 넉넉함~ 미녀 제니(재미)를 잡든  착한 한나(감동)를 잡든  당신 마음대로.
7, 별로
10, 아 조낸 재밌다...극장가서 안본게 후회된다... 어쨋든 이영화보고 김아중팬됐다... 영화에서 진짜 매력적!!
10, 저도 어제 봤는데 완전 잼있었어요.. 극장에서 안본게 후회되는 수준..;;
10, 넘 웃기고 마지막은 넘 슬픈영화!!!!!
10, 설특선으로sbs에서 봤는데  정말 눈물나는 영화였습니다.ㅠㅠ  추천!
7, 여러모로 신경 쓴 점이 많지만 그래도 분장과 한국영화의 취약점이자 장점인 막판 눈물짜기는 그다지... 그래도 눈은 거웠으니... 이만하면 그동안 주류권으로 잡혀있던 일류스타들 위주의 내용없는 허접영화나 개
10, 정말 재밌고  슬프면서도! 무튼 좋아요 ^^
8, 김아중의 매력 재발견... 연기가 조금 부족한 듯 했지만 이 영화로 안 뜨던 주진모  김아중 다떴다..
8, 볼때는 재미있었다. 그러나 보고 나니 우리가 못생기고 뚱뚱한 사람은 죄인처럼 취급했기 때문에 성형을 한 것이고  이런 일이 일어난 것이라고 생각했다.
7, 볼때는 재밌었다. 보고나서 씁쓸하기도 하고...뭔가...아 내가 이걸보고 왜울었지 싶은 느낌이 들었다
10, 너무 웃기고 재미있는 영화입니다. 외모지상주의인 요즘 시대에 경종을 울리기도 하구요.
9, 재밌었어ㅋㅋ
10, 김아중을 위한 김아중에 의한 김아중의 영화
6, 김아중 매력의 절정
9, 이영화보면 이상하게 김아중이 좋아진다는   ^-^;;
10, 김아중을 급호감으로 만들어준 영화~!!아주아주 재미있었어요^^~ㅋ
8, 입소문이 퍼질만한 영화였다. 뚱보 김아중의 분장은 정말루~ 대단 ^^ 하지만 스토리는 결코 쉬이 일어 날 수 없는 영화 그 자체였다 ^^
10, 우연히봤는데 넘 연기잘하고 멋있는 그리고 재밌는 기억이 지금까지도 가네요 두 주연 이영화로 다시 봤습니다 멋집니다
8, 김아중과 주진모의 연기는 괜찮았고 좋았지만 미용을 배우는 입장에서 김아중의 뚱뚱했을때의 분장은 조금 어색해서 안타까웠다.
9, 난 이영화 보구 많이 울었는데.. 정말 잼있게 본 영회에요
10, 영화관에서 보구 2번째 ㅎㅎ 너무나에게 공감가는 내용이라 재미 있게 감명깊게 봤다!!
10, 재밌다
9, 완전재밌어요!
9, 저도 뚱뚱해서 김아중씨처럼 변신하고 싶어요...여자들의 로망을 제대로 보여준 영화...
10, 영화관에서 봐도 재미있고 TV로 봐도 재미있고
6, 볼만했다
7, 영화의 재미를 톡톡
10, 최고~최고! 영화관서 볼때 만큼이나 재밌었다~
10, 너무 잼있어요^^ 예상을 뒤업었어요ㅋㅋ
5, 영화는 재밌었는데 김아중 목소리 듣기 좀 그랬어요....ㅋㅋ 그래도 연기는 그런대로 괜찮던데요....ㅎ
7, 일본소설이 원작이지만 참 영화로 잘 옮긴 영화..원작의 느낌보다 더 잘 만들었어요
7, 나름대로 재밌었어요.^^
7, 다시 봐도 재미있어요..
2, 나원참 김아중연기 끝내 주드만요. 첨부터 끝까지 마약에 취한듯한 모습. 연기가 안되는 얘가 어떻게 드라마  영화를 하는지 배후가 궁금하다.
10, 정말 감동입다.
10, 정말 기대이상이에요^^
10, 와우마지막부분에서울어버렸어요ㅜㅜ성형에대한얘기인것같긴하지만 영화스토리는정말괜찮은거같아요.가족친구자기자신..흥행한이유를알겠네요ㅋㅋㅋㅋㅋㅋㅋㅋ
9, ㅋㅋ 김아중 몸매 +_ 푸하하 ㅋㅋ 감동도~~
10, 여자들이 꼭 보면 뭔가 얻어갈수 있다는것~ 자신감??
10, 웃음과 감동이 교차....
8, 노래도 좋고 재미도 있고 모두 즐 추석하면서 보기 좋은 영화
6, 아직안봐서..내용은대충 만화책에서 봣는데.. 그다지 재미없을것같은데..대박난영화라 티비에서 보게되성 참기쁘닷
8, 영화 속에 김아중의 매력이 듬뿍 담긴.. 내용은 만화 같고  노래는 좋음..
4, 재미도 잇고 지루하지도 않지만 진짜 은근히 성형을 돋구는 영화 감독의 의도된 뜻이 아니기를...아니라면 그뜻을 제대로 전달된거 같지는 않네요
10, 감동과 재미가 있는 영화~!! 공감도 되고.. 결심도 하게되는..ㅋ 정말 다시 보고싶어요~!!
7, 동시간대 볼만한게 이거밖에 없네. 그냥 즐기세여
10, 재미와 감동을 동시에 내게 안겨준 영화
10, 흥행만큼 요즘 세태를 잘 풍자한 영화 같아요.. 미모지상주의.. 이왕이면 다홍치마라는 말이 있듯 이해는 하지만 가옥한 현실..+재미 가 담긴 영화같아요. 못본 사람은 이번 기회에 타도~!!
8, 최고까진 아니더라도 뭔가 전해진다
10, 감동재미를 동시에 잡은영화!
10, 재미있는데 그뒤의 숨겨진 뭉클함이 그영화의 비법(?)같아요~!
10, 사실저도뱃살떄문에문젠데...정말대단해요!!!!저도열심히노력해서 예뻐징꼐요!!!!!!짱이에요!!!!!!
7, 흠 인기 있는 이영화 보고 싶네요 개인적으로 김아중을 좋아하지는 않치만 ㅋㅋ 노래는 너무 좋았던 ㅋㅋㅋ
10, 감동 재미 만빵....못본사람은 꼭 보세요...
6, 강추작품이라고 하는 미녀는 괴로워! 궁금하지만 아직 안본 내가 이상하긴하지만..이번엔 꼭 챙겨보리다//
10, 추석에 본다니 너무 의미있던 영화였음 코믹 100% 의미100%
8, 웃고 있는데 눈물이 난다. 이 정도면 나쁘지 않아.
9, 진짜 재미있어.. 여러번봐도 감동이더라!!ㅋㅋ
8, 2번봤는데... 흠... 이젠 그만.. 흐흐 그래도 잼나죠
9, 여자라면 한번쯤 다 느껴봤을 이런 이야기^^나도 수백번느껴서 왠지 김아중이 나쁘게만 보이지 않았던 영화..나중에 눈물도 좀 났었던.. 대한민국 여자 모두가 공감할 영화 미녀는 괴로워^^
9, 재미와 감동이 절로 느껴졌던 영화... 특히나 외모를 중시하는 우리 나라 사회에 대한 일격...
8, 너무 재미있게 봤답니다. 감동도 있었구..김아중이란 연기자에 대해서 다시 생각해 보게 만들었답니다. 특수효과..너무 힘들었을 것 같아요!
6, 모두들 재미있게 감동적으로 봤다하고 김아중과 주진모를 스타덤에 오르게 한 이 영화 꼭 보고 싶다.
6, 원작을 넘 재밌게 봤던터라 아중이의 한나는..정말 와닿지 않았다.원작을 보기나 한거야?
7, 극장에서 보지못한 것을 tv로 .. 아중씨의 매력으로 빠져보시라..
8, 킬링타임으로는 굿! 김아중씨가 여우주연상을 받을 정도이냐에 대해서는 아직도 이해가 안가지만 아무튼 재밌었어요.
9, 재미있잖아 그럼 되지뭐
6, 김아중은 이제 시작이다. 그게 뚱녀의 모습을 깨고 나오든 아니든 그녀는 이제 그녀만의 그녀가 아니다.
9, 재밌다는데..정말 기대되요
10, 재미나요 미녀는 괴로워 꼭봐야져 ㅎㅎ
6, 그럭저럭 봤던 영화
9, 외모지상주의에 대한 문제점을 잘 보여주고 있네요
6, 노래와 공연씬 중심으로 더 갔으면 어떨까... 비용의 문제지만.
7, 괜찬은데 그러케까지 재밌는건 아닌거 같은데............
10, 주진모씨 정말 멋있고 정말 재밌네요 ㅋㅋ
10, 김아중씨 정말 노래를 잘 하더군요. 미녀는 괴로워 최고!  (감동/감동)
8, 개안쿤요 ^^
10, 넘 재미잇어용 ㅋ
8, 남들 다 본 영화를 나는 오늘에야 하나티비로 처음 봤는데 엄청 울면서 봤다. 이 영화에 도덕적 잣대를 대고싶지는 않다. 왠만한 여자들은 모두 공감할 수 있는 이야기이고  무척 재미있는 영화니까...
10, 목소리 연기력 외모~다 쥑이네요^^이쁘고 깜찍하고~~~
10, 굿
10, 김아중 너무 연기도 잘하고 노래도 잘부르고... 너무 이뻐요~~
4, 결국은 미녀 승!
10, 10번도 넘게 봤어요. 김아중 언니 화이팅~!
7, 아직보지않았는데 재미있을거같고 노래또한듣기좋아요.본사람왈 미녀는괴로워에서 나온강쥐종류를모른다기에 님들에게 질문합니다.여기는북경입니다.부탁합니다.
10, 노래와 영화 넘넘 잼있었쑤요 당음에도 멋진 영화 보여 주세요.~!!!
9, 노래도 잘 부르고 연기도 잘하고.. 아중씨 정말 좋았어요~ 그리고 주진모.. 정말 환상입니다. 좋네요.. 극장에서 봤음 더 좋았을텐데..
10, 넘 재밌을것 같아
7, 정말 재밌게 잘 봤어요!!ㅋㅋㅋㅋ근데 밑에 누구님 말처럼 좀 과장된듯싶어요ㅋㅋㅋㅋ 그리고 누가 미녀는괴로워2만들어달라고하셨는데  그건 하지 마세요~오바해서 2만들면 망해요~ 이거 정말 태클아니에요~~ㅜㅜ
9, 재밌어서 3번 봤습니다. 김아중씨 다시 봤어요 ㅎ;
8, 재밌다. 감동적이다. 하지만 그 뿐이다.
10, 정말 재밌다. 한 번 더 보고싶다. 그리고 김아중에게 그런데 뚱뚜한 그 사람도 김아중이가몰라 그래도 5번 더 보고싶다.
10, 진짜 너무너무 감동.. 많이 울었습니다.. 정말 정말 영화 너무 재밌게 봤어요 ^^
10, 무지 재미있게 봤습니다 오늘부터 김아중씨 팬할래요 ㅎ
10, 넘넘 재미있었어요...굿~~~~~~끝에 정말 마니 울었습니다..아버지가 너무 안돼서...나도 괜히 아빠생각이 나고 하여튼 정말 잘만든 영화입니다 10+++++++++10
9, 정말 너무 재미있게 잘 본 영화. 다시봐도재밌네요. 편집도 솔솔하게 재미있구요. 성형논란을 훌렁 집어던지고  그냥 우리 지금 현대인 사는모습속에 그대로 담아보는게  영화평론전문가들 말보다 낫지 않을까
10, 정말재밌게봤습니다.
9, 잼있게 봤습니다
10, 짱~~
8, 외모는 껍데기에 불가한것.. 하지만 중요하다..-ㅅ- 영화는 잼있넹~^^
8, 첨엔 아주 재밌으면서 그러다 지루해지면서 끝은 해피엔딩   만화 같은 그런 영화 남녀 주인공 넘 이쁘고 멋있어 역시 외모지상주의에 씁쓸
10, 많은 것을 생각하게 하는  최고의 코미디!정말 잘~빠졌다!!
10, 말이 필요 없다. 단 한마디 만 하면 된다.... 이영화 명품이다.
10, 보게해주세요
10, 극장에서 너무 재미있게 본기억이 있어서 dvd  로 빌려서 다시 봤습니다.. 다시 봐도 너무 재밌더군요.김아중의 열연과 연기력엔 어떤 극찬을 해도 아깝지가 않을거 같습니다..
10, 주로 비됴로 영화를 즐기는 매니아인데여  이영화는 개봉관에 봐야 되는데 다시 올려주시면 안되나여 꼭(37years olds-man)
9, 재미있고 슬프고 정말 마지막엔 눈물이 넘쳐흐른다 ㅠㅠ 중독성잇는 영화!! 재미있다 !! 정말 재미있는데 왜 전문가들은 평점을 저렇게 줄까??
9, 괜찮은 영화였던것 같아요
10, 진짜 보고 싶다... 이런 영화 영화괸에서.. 영화 끝나고 감정을 추스리는데 시간 걸려.. 말도 못하고 한동안 입꾹 다물고 나오게 되는 영화... 몇년동안 영화관을 가본적이 있어야지..
8, 재미있음. 저거 매진되서 박물관이 살아있다 봤는데 지금보니 박물관보다 이게 더 재미있다.
10, 이쁘면 장땡이지 - _-   먼 말들이 많어 그냥 봐   잼 써
4, 솔직히재미없다~ 왜 이영화에 열광하는지도무지알수없다~
9, 이 세상에서 외모보다는 마음이 중요하다는 것을 느끼게 해주는 영화!
10, 영화관에서 못본게 후회스럽다. 이쁜게 노래도 잘한다냐 ㅋ
10, 인터넷으로 어제 2번이나 봤는데 정말잼있었음. 진짜 웃김 흐흐 김앚우도 넘이쁘고 크크 대박임
10, 재미있슴
10, 김아중언니~!!!!사실저도뱃살떄문에문젠데...정말대단해요!!!!저도열심히노력해서 예뻐징꼐요!!!!!!짱이에요!!!!!!
10, 오늘 비디오로 봤는데 넘 재미있고  김아중언니가 연기를 넘 잘해서 더욱더 재미있는거 같아요 역시 대박난 영화라서 재미있고요
10, 여거 조금보긴했는데 광고에서 ;;; 재밌게 생겼더군 ?
10, 매우 ..
10, love jinmo
10, 와
10, T^T 지금은 전국적으로 끝나버린 미녀는괴로워... 하지만 언제나 내 마음엔 1등일 영화일꺼라고요!
10, 미녀는 괴로워 넘넘 재미있당
10, 너무나 잼있는 영화..ㅋㅋ
7, 즐겁게 본 영화
10, 너무많이해주세요 꼭 부탁드림니다 저이거좋아합니다.
10, 정말정말 재미있습니다 꼭보세요 2번봤는데 또보고 싶네요 아직못보셨다면 정말강추 돈이 아깝지 않다는 느낌이든 유일한영화
10, 넘 재미있구요! 다들 연기를 참 잘하는 것 같아요
10, 내용도 재미있고 연기도 아주 훌륭했던거 같다
10, 정말 재미있음
8, 여자들의 마음을 잘 알아 주는 영화 같았다
9, 외모지상주의라는 압박감이 약간 들긴했지만.. 김아중누나의 차기작이 기대될만큼 멋진 영화였네요^^.
9, 영화가주진모님 넘멋잇어요 넘잼잇어요
10, 재미있당
10, 한참전에 봤는데 인제 올리네;; 완전 재밌었음^ㅂ^
3, 왜 난 별로지. 김아중 목소리 좀 많이 거슬린다.
7, 김아중이 이쁘게 나왓다 ㅎㅎㅎ
10, 암튼 재밌당
10, 2번 봤슴
10, 시간 가는줄 모루고 봤고 너무 재미있게 봤어요. 두가족이 모두 재미있게 봤어요. 김아중 너무 연기 잘 한 것 같습니다.
10, 김아중  짱   진짜  예쁘다.
10, 재밌겠다 .. 김아중나와서 ㅋ
0, 진짜재미없어홍보를너무많이해서내용다뻔하고정말재미없어사라마다다르지만정말교훈도없고재미없는영화
10, ㅋㅋ 크리스마스 때 봤는데 정말 재밌었어요 ^^
10, 완전 지대죠^^ 진짜 재미써 후훗^^
9, 노래도 듣기 좋았고  웃음도 나왔고  성형에 관한 생각도 다시해보게 되었고  여러가지로 좋았던 영화같아요.
9, 적당히 흥미를 느낄 스토리에 적정한 연출.. 배우의 열연까지 상업 영화의 전형을 보여주는 영화...
10, 넘 재밋어염!~
10, 너무나 재미있어요.. 마지막에는 너무나 슬퍼서 저희 언니랑 엉엉 울엇어요.. 김아중언니는 노래 잘 부르고 감동정이에요
10, 폭력도 죽음도 없어서 좋다
10, 정말 재밋게봤어요!! 감동도있고 코믹한부분도마나요~~~ ^^ 정말 추천합니당!  꼭보세요♡
10, 너무 재미있었어요 . 도중에 슬픈 장면도 있었지만   제가 슬픈걸 싫어 하는 편이였는데도   그렇게 충격이 오진 않았구여   감정파라던가   영화마니아가 보면 좋겠네여   어쨋건 무지무지 재미있고 감동적이에요 .
9, 생각보다 재밌었어요. ^^  괜찮은 영화에요. 김아중씨 노래도 잘하고 ost도 아주 맘에 들어요
10, 미녀는 괴로워를 보기 전 제목만으론 스톸을 당하는 약간의 코믹으로만 생각했는데    막상 보면서 눈물도 꾹 삼키며 본 재미있는 내용도 있는..잘봤수다.
10, 정말 본 영화 중에 최고라 해도 과언이 아닐 정도로 재밌어요 ^^ ; 개인적으로 이 영화를 보고 사회에 대해 참 많은 생각을 하게 되었답니다. ㅎㅎㅎ 꼭 보세요 !
10, 감동적이면서도 너무너무 재미있게 잘 봤습니다. 다음에 또 이런 영화 있으면 너무 좋겠어요.  글구 다음에 커서 또 보고 싶어요..
10, 이렇게잼는영화 첨이네!!
10, 넘!재밌어요~!
10, ggg
10, 너무 재미있겠네요!! 글구 아중언니 팬!! ㅋ
7, 유쾌하지만 외모지상주의를 비판하는 내용 눈물샘 자극 굿
10, 돈이 안아까운영화 ^^ 김아중씨 노래도 잘부르고  분위기도 관객에맞춰 잘된것같아요. 성형을 악간비판하는 재미있고눈물나는 오랜만에 재미있었던 영화!
10, 재미있을 것 같네요   
1, 김아중 띄우는 영화..김아중의 노래빼고는 왜 흥행했냐는 의문이 강하게 남는다.
10, 재미있고 슬프고
10, 재밌습니다. 마지막엔 많이 울었어요. 김아중씨가 노래할때 소리가너무커서.==  미녀는괴로워 보길 잘 한거같네요
9, 슬퍼요 대사 하나하나 모두 공감이 되었어요~ㅠㅠ  ost너무 좋구 영화도 잼있어요^^
10, 김아중안티박멸영화ㅋㅋ 글고 재밌어염ㅋㅋ
10, 감동 그 자체였네요...다시 또 보고싶습니다
0, 안볼래..ㅋㅋㅋ 티비에서 해주겠지..ㅋㅋ
10, 진짜 펑펑 울고 왔어요 ㅠㅠ!! 최고에요!!
10, 너무 재미있게 봤어요!! 최~~~~~고
10, 생각보다재밌었어요 ㅋㅋ 김아중 노래 잘하드라구요 +_+
4, 그닥 아무감정없이봤던 영화. 김아중외에는 볼게 없었던 영화.그냥 그랬다.
10, 김아중 너무 좋아용 ~ 연기두 잘하구 노래도 좋아요 ㅋ
10, 김아중이라는 사람을 다시 보게 되었네염~~`^^
9, 공감이 되는 부분이 많아서 더 자세히 보게 되었다. 주인공들의 연기력이 좋았다.
9, 웃음과 감동이 함께였다죠 . 아 정말 김아중씨가 첫공연에서 노래 부를 때는 소름이 쫙 끼치던데요??!! 정말 무진장 재밌었습니다 ^^
10, 시간이 짧아보일정도로  재미있고 슬펐어요
8, 좀 유치하단 생각도 햇지만 후회는안합니다. 꽤 재밋게 본것같습니다.
10, 정말재밌어는데 마지막에 감동....ㅠ.ㅠ 정말 재밌어어요..ㅋ
10, 완전재밌어요 김아중씨 주진모씨 최고최고.. 팬됬어요 ㅋㅋㅋ 그리고 노래도 잘부르시고..노래도 막 기억에 남아요 ㅋㅋ
10, 정말재미있어요 처음으로 영화보다가울어봤어요 ㅎㅎㅎ
10, 정말 재미있게 봤어요 또 봐도 재미있을것 같은데
10, 모든 연기진과 연출 스탭 모두 각자의 역할을 완벽하게 해내셨네요. 정말 재밌는 영화였어요. 이런 소재로 이정도의 영화를 만들 수 있다니 능력 인정해야겠어요.
10, 군더더기없이 아주 깔끔하게 잘 만든 영화예요. 보고 나오니 한참  지나도 기분이 좋아요.
10, 중간중간 카메오들과 위트가 너무 좋았구 주연분들 연기도 너무 좋았어요 ^^ 주진모 외모에 놀랐어요 ㅋ 너무 이기적인 외모
7, 예고편을 많이 봐서 그런가?내용이 그냥 뻔하더라...재미주려는 건지...감동주려는 건지...
10, 진짜재밌었어요 노래도 너무 좋았어요 마리아도 좋았는데 뷰티플걸이 더 좋았어요 한번더 볼생각이에요ㅋㅋ
10, 완전 코믹영화 보고 이렇게 감동받아서 운건 처음~ 김아중씨 목소리 너무 귀엽드라구요전화 할때~~~
10, 너무 예쁘구! 재밌었어요!!><.. 오늘 방금 보고 오는길인데!!! 노래 정말 잘부르시네요!! 막 눈물두 나구!! 재밌어요!
10, 보고 나니 감동 감동~ 김아중  주진모에게 올인!!!   계속 좋은 결과 이끌어 가시길....
10, 전혀 기대하지 않고 영화를 봤는데.. 음.. 사람을 미소짓게하네요 이영화.. 웃음과 잔잔한 감정이 흐르게하는.. 이 영화 맘에 들어요.. 음악  미소  가슴이 약간 울컥하게도 하고.. 오락영화 그 이상입니당^___^*
9, 영화를 보면서 김아중에게 올인!!! 너무 예뻐~ 잉
10, 무지무지 재미있었고요... 끝부분에는 정말 슬펐어요.... 친구랑 같이 영화는 정하지 않고 극장 가서 정한 영화가 미녀는 괴로워였는데 후회없고 돈도 안 아까웠습니다 ㅋㅋㅋ 추천하고 싶습니다ㅋㅋ
0, 나도 존내 잼있긴 했지만 사람들이하도 점수를 많이주니까 나는 빵점 줘야지
10, 엄청 재미있었고 많이많이 슬펐어요
10, 진짜 재밌었어요!!! 정말정말!!!!!!!!!!!!!!!!!!!!!!!!!!!! 추천하고 싶은 영화!
10, 최고다. 꼭 봐야할 영화.
10, 재밌어요~
10, 오늘 처음 알았다..김아중이 그렇게 이쁘다는걸....ㅎ 강추....
9, 은근 재미있고 딸이있는 부부는 필히 딸들이랑 봐야 될 영화입니다. 왜냐? 다이어트로 애들한테 잔소리 할 일이 없어지죠. 알아서 열심히 하더라구요. 영화 본 다음부턴
10, 완죤 재밌었는뎅  한번 더 보구 시포^^
10, 그냥 그저그런 영화인것 같아서 기대 안하고 들어갔는데 정말 만족하고 나온 영화!!! 강추에요
8, 기대를너무많이해서그런가????기대에는미치지않았지만그래두짱임!!!!!!!!!!!!!1ㅋㅋㅋㅋ
10, 재미있고 슬프고  화나고 기쁘고...모든 감정을 느낄 수 있는 영화
9, 생각보다 재밌었어요 ㅎ
10, 너무너무 노래도 잘하고 연기도 잘해~
10, 완전 김아중노래대박잘해
6, 성형을 대놓고 하라고 하는 영화! 웃음이 있긴하지만 마무리가 좀... 끝에 급유치해져서 당황스러웠음
10, 아핫..
10, 넘재미있음.. 왠만하면 안우는저도 눈물이 찔끔..넘넘쟀었어여
9, 걍 재밌다는 얘기에 보았는데 한참 동안 울었습니다.한국에서 뚱뚱한 외모로 살아가기에 얼마나 힘든지 뼈저리게 보여주는 액션이나 대사들.....성형한외모에 너그러워진 한국사회....아중언니 노래도잘하고연기도굿
10, 김아중누나팬이에요. 앞으로도 화이팅
10, 말로 표현을 못할정도로 이쁜 아중님의 연기파와 재미엽기의 미녀는괴로워 !! 꼭 보세요^^
10, 그렇게 말씀하시면안되죠... 다들 열심히 노력해서 만든 영화인데 .. 저 넘 재밋고 슬퍼서 2번이나 봤어요^^ 김아중언니 주진모 오빠 화띵!ㅋ
10, 참재미있게잘본영화였어요 마니래가 계속보여달라고 졸라서봤는데. 후해할번했어요!
10, 한순간도 지루한 적 없는 영화는 오랜만인거 같습니다`! ㅋ 웃음만주는 그런 영화가 아니라 깊은 감동 까지 주는 그런 영화였습니다`! 오랜만에 실컷 웃고 실컷 울을수 있는 그런 영화였습니다 ㅋ
10, 엄청 웃다가 마지막엔 눈물이 날 정도로 슬픈 영화..잼나게 봤어요.
10, 정말재미있어요~~~!!또보고싶어요
5, 잘 만든 영화지만 감동도 없고  울림도 없는  딱 킬링타임용 영화
8, 우려를 싹 씻은 김아중 원톱 성공! 보는 내내 즐거웠다.
10, 최고재밋음 진짜..마지막엔 감동임 ㅠ.ㅠ 막판에 좀 슬퍼요.... 근데 김아중최고 주진모도 최고.....진짜재밋음 예뻐요!!!배경도 맘에들고~~ㅎㅎㅎ
10, 미녀는괴로워 보면 또 보고싶고 너무 재미있었어요
5, 기대를 너무 많이 한 탓인지..나는 그닥 재미없던데...ㅡㅅㅡ 노래는 흥얼거려지지만 전체적으론 별로  보고나서 실망.
10, 너무 재미있게 잘봤고 김아중씨 진짜 노래 너무 멋있게 잘부르고 주진모씨는 너무 멋있더라구여...두분 팬됐어여.....
10, 뭣모르고 판의미로 보고 잔상이 남아 내내 찜찜했거든요. 적당히 재미있고 무엇보다 여주인공이 노래를 너무 잘해서 흡족했어요.. 청량제같은 영화네요. 강추예요
10, 웃기기도 하고...슬프기도 하고... 하지만 보면 잼있어요ㅎㅎ
10, 정말 재밌었음 > < 하나 아쉬운게 있다면 마지막에 친구도 전신성형하러 가는장면  약간 감독이 전하려는 메세지가 전달이 안되는 느낌. 그래도 전반적으로 정말 비디오 영화가 아닌 영화관에서 봐야할 영화~
10, 주진모짱멋있구요.....!재밌음
10, 정말 잘봣으니다 아중이언니 완전 팬됫어요 그리고 영화 거의 끝나갈때 펑펑 울어버렸어요  ㅠㅠ 영화 정말 잘봣습니다
10, 잼있게 잘 봤음 !!! 김아중이 있어서 살아난 영화 !!! 마지막에 관객들 표정 장면은 좀 어색 했었음 ... 그게 좀 아쉬움
6, 대략 잘 보다 설마 저런 상투적인 결말을 내릴까 했는데 정말 상투적인 결말로 끌고 가더군 대략 난감
10, 정말 강추에요! 친구들이 재미있다고 해서 봤는데. 제 상상이상으로 너무너무 재미있었어요 ㅋㅋ 마지막에 감동도있고.코믹도있고.김아중언니 너무 예쁘시구요  ^^
10, 나 알바...;;;;;
10, 완전 강추!! 영화 내내 재미 있을뿐더러 마지막에는 찡한 감동까지....!! 완전 대강추!! DVD나오면 또 빌려서 봐야지...ㅋㅋ 오늘 낮에 친구들끼리 마파도2 보려다 봤는데 정말 잘 바꿨다고 생각이 들었어요...ㅋㅋ
10, 하도 재미있다고 해서 봤는데.. 정말 재미있어여   큭크크크 마지막에 좀 슬퍼서 눈물도 흘렸지만.. 엄청 재미있는 작품!! 괜히 재미있다고 한게 아니였어여..ㅎㅎ
2, 기대를 정말 많이 하고 봤지만.. 정말 재미없었다.. 돈아까워.... 스토리상도 갑작스런 전개;; 주진모의 오버하는 연기.. 김아중의 눈물이 계속계속 나오는데.. 마지막 콘서트때만 찡할뿐....부모님은좋아하시는데..
10, zzzz
10, 디게  재밌었어요  외모를  중시하는 관점 때문에 상처받는 사람들이 있다 외모 보다는 사람의 마음을 중시해서 사람을 판단 해야 겠다고 생각 했어요  참 좋은 영화고     재미있었던   제인생의 최고의 영화입니다
10, 영화를 아주 재미있게 만들었어요. 모든 사람들의 상처를 치료할 수 있게 만드셨군요. 정말 재미있었습니다.
9, 재밌어요 ^^ 근데 2% 부족하다는 느낌 ..
6, 김아중...연기가 너무 답답해서.....보기짜증낫다는...수준낮은 영화.....
10, 일단 봐보세요 마리아 노래가 더욱더 깊이 느껴집니다 ㅎㅎ
10, 너무 재미있었다~~~
7, 첫개봉했을땐 기대를 안했는데 평가를보니 한번은 보고픈 맘이 생깁니다..
0, 느끼남 주진모에 토할뻔 했다! 공식홈피는 무슨 홍등가 팸플렛이냐? 외모로 그만 울겨먹어라!
5, 약간은 뻔하 스토리임 ㅠ
10, 오랜만에 정말 좋은영화봤다^^
10, 내용도 다 알고 봤는데도 정말 좋았어요^^ 웃기기도 하고 감동적이기도하고ㅎ
10, ...
9, 다른한국영화에 비해 내용두 있고.. 잼있었어요.. 김아중의 연기력이 귀엽구 새롭던데요..넘 예뻐요..
10, 솔직히 영화 안볼려구 했는데 친구의 권유로 보게됐어요 근데 보고나니까 영화 보길 정말 잘했다는 생각이 들었어요 또  김아중이란 배우가 새롭게 보였어요 정말 추천하고 싶어요 진짜 재밌게 봤어요!!!!!!
9, 오랫만에 감동적인 영화로... 눈물까지 흘리면서 봤는데... 넘 좋았어요
0, 미친 ㅡㅡ 존나재미없다 ㅡㅡ 보고 돈아깝다는 생각밖에 안들었는데 ㅡㅡ 영화평에 속아서 봣다 ㅡㅡ 재미없어 스토리가 다 뻔하다 ㅡㅡ 진짜보지마셈
9, 재미 있는 영화!!  볼거리 들을거리가 잘 맞아 관객을 지루하게 하지 않는 영화입니다.  시나리오도 나름대로 재미있고요.  일상의 진지함을 벗어나고싶다면 좋은영화일듯...
10, 솔직히 전 재밌다길래 소문만 듣고 같는데 정말 기대이상으로 감동. 김아중 연기투혼에박수쳐주고 싶다.김아중을 위한 영화가 아닌가 싶다. 강추
10, good
10, 웃끼다가도 사람맘시리게 하는 부분이 있더라구요 재밋게 봤어요~
8, 조조로조용한세상보고실망해서피같은6500으로미녀봤는데요..와.진짜 재밌었습니다!마지막에눈물을펑펑흘렸어요ㅠㅠ쫌뻔한이야기에공감안가는부분이있었지만.주진모씨너무멋있구요웃기도많이웃고울기도많이울고재밌음
10, 넘보고싶당ㅜㅜ
10, 짱이에여~! 넘웃기던데 ㅎㅎㅎㅎ
8, 너무너무 재미써요~! 또 보고 시픈데  엄마가 봇보게 해.. ㅠㅠ
4, 이도저도아닌것같음...별로 슬프지도않고 그렇다고 그리웃기지도않다...하지만 김아중의연기는 볼만하다..노래도 좋은듯
10, 제가아중이언니너무좋아하는데요>0<너무이뿌고착하고좋아요ㅎㅎㅎ 그리고이영화도아중이언니의연기력이돋보이는영화이고재미잇어요!!꼭보세요ㅋㅋㅋ
10, 기대 많이 했는데 역시나 ! 짱!!!
10, 정말 재미있고 생각보다 훨씬 재밌었던 영화~ 원작보다 더 괜찮은 스토리에다가 배우들 연기 너무잘함!
10, 이 영화 너무 기대가 되요.. 빨리 보고 싶어요..
10, 진짜 펑펑 울고 펑펑 웃게한 영화. 내 생애 가장 강렬했던 영화를 꼽으라면 3손가락 안에 듬.
9, 글쎄...정말 기대 안 했었어서 그런지 너무 재밌게 본 영화~^^
9, 재밌긴했지만~~~~~~~무언가가 부족한 느낌ㅠㅠ...뻔한 스토리이지만 볼만한영화!추천
10, 기대안했는대누구나공감하는재밋고감동적
10, 가장 단순한 내용인데요. 자연스러운 연기에 저절로 눈물이 흐릅니다. 딸이랑 봤는데  재미있었어요.
10, 친구가 재밌다는 말을 듣고 들어갔는데 노래도 너무 좋고  영화도 슬프고 재밌네요
9, 별로 기대는 안했는데 의외로 재미있네요 ^^ 주말에 한번쯤 볼만한 영화로 추천 꾸~~욱
10, 완전기대 ㅋㅋㅋㅋ 정말 재밌을것같아요...
10, 기대안하고들어갔다 나올때 이렇게 뿌듯하게나온건 처음이었던것같습니다 김아중의     연기와내용 모두굿입니다 다시볼것입니다.
7, 오 기대 안했는데 기대 이상! 김아중도 생각보다 연기 잘하고.. 정말 기대 안했는데 막 웃기다가 마지막에 펑펑 울었다..
10, 왠지 줄거리보면 허접하고 유치할것같았는데요  김아중 급호감이네요. 너무 착한뚱녀로나오고요  나중에 결말에선 가슴이 찡해요ㅠㅠ 눈물참는라구ㅠㅠ 울남친 경상도남잔데 이거보면서 울더군요. 그정도로 짠해요.
8, 김아중의 노래와 ost등등...은 볼만하지만 스토리는 결국 성형을 해서 예뻐지면 좋다라는 결말이 나오는 것 같아요
8, 다소뻔한스토리이긴하지만뻔하지만재밌었어요ㅋㅋㅋㅋㅋ 공감대형성많이간다고나할까ㅋㅋㅋㅋㅋㅋㅋ볼만한영화
10, 재미있고 감동적~~!!!!
10, 진짜 ^^ 재밌었어요. 솔찍히 그냥 코미디에... 어색한 마무리? 일거라고 생각했는데. 마무리도 깔끔하고 ^^ 그러네요.. 콘서트장면에서 관람객들이 조금어설프긴하지만..
10, 제목보고 그냥 삼류라고 생각했는데 영화보고 정말 좋았어요ㅋㅋ 최고
9, 한마디로 말하자면 '완전 공감' '완전 감동' 이었습니다. 음- 별로 재미없어 하신 분들도 몇 분보이지만  한 여자의 사랑과 삶 자체가 너무 여리고도 아름답게 보였다고나 할까요? 푸후후 . 김아중 연기 멋졌어요~
10, 정말 재밌고 뒷부분엔 좀 감동적이었음니다  김아중 연기랑 주진모 연기 좋았습니다
10, 완전 콘서트씬에서 감동 지대로먹음ㅋㅋㅋ    완전 기대도안했는데  쩔추천ㅋㅋㅋ;   아.. 주진모정면샷나올때 심장멈추는줄알았음ㅋㅋㅋ   쩔음ㅋㅋ
10, 넘 재밌었는뎅
10, 기대 안 하고 봤는데 상당히 좋았습니다. 감동...ㅠㅠ 하지만 성형을 부추기는 건 아닌지 조금 염려됩니다요.^^
4, 김아중의 연기는 좋았지만 스토리 자체에 억지성 감동이 있어서 비호감. 억지를 느끼지 못하신 분들은 재미있게 보셨을것같음..
7, 성형에 대해 설득이 부족해
10, 영화를 보고 일어서면서 자막 끝까지 본건 정말 처음인것 같아요. 2시간이 어떻게 지났는지 모를정도로 재미도 있었지만 김아중 주진모 성동일 출산드라 모두의 연기에 감동받았습니다.
10, 아중이 짱짱..
9, 처음에 만화를 바탕으로 만들었다길래  별 기대없이 봤는데 정말로 재미있었어요^^ 감동도 있고  정말 김아중 급호감됐어요^^
8, 뚱뚱한 사람들의 사랑에 대해 다시 한번 생각하게 되는 기회였음. 내용도 신선! 연기도 나름 굿! 좋았어요~!
10, 헉 잼써요ㅠ_ㅠ ㅇㅏ/////오랜만에 잼난 영화ㅠ_ㅠ
10, 제가 처음에는 '재밌겠구나' 라는 생각을 하고 봤는데 아니더라고요 재밌고  슬프고..  김아중씨 이쁘고 노래도 잘하고             김아중씨가 딱 맞아요!!
10, 어제 보고 왔는데 안 보면 후회할뻔 햇어요 
10, 정말완전재미있어요!
10, 넘 재미있었어요..다른 인기스타들이 거절한게 다행이라고 생각이들어요..미녀는괴로워역은 김아중님이였기에..이런영화가 나왔죠..저본것만해도3번째에요..재밌고 감동이고..너무 재밌어요..아낌없이..점수 팍팍 주
10, 솔직히 제가 이준기씨를 개인적으로 너무 좋아해서 왕의 남자를 한 3번정도를 봤는데요.내용을 알고보니 지루하더라구요.근데 미녀는 괴로워는 한번도 지루하지 않았어요.2번을봐도말이죠. 너무 재밌는 영화였어요.
10, 정말 너무 재밌는 영화입니다..ㅋㅋㅋ
10, 오늘 봤는데... 정말 재미있었습니다.. 강추~~~
9, 주진모에 대한 모호한 면이 있는것만 빼면 기분좋은 영화네요.. 과연 그넘은 한나를 사랑했었나.. 김아중씨 연기때문에 강추합니다.
10, 완전 재미있습니다~~추천~!!!ㅋ
10, 대박
10, 너무너무 재미잇고... 마지막에 슬펏어요... 짱~~  김아중 짱!!!
9, 볼만하네요ㅋㅋ 오늘친구 5명이랑 보고왔어요 조조다음영화라 사람이 많더군요~ㅋ
10, 기대했던거보다 많이 재미있었어요...
4, 나도한번보고싶다같이볼친구구함
10, 나는 재미있었는데.
0, 최악이던데 ㅡ 비추
9, 마지막에 조금 슬픈... ㅋㅋㅋㅋ 기대를 했는데 만족스러운영화였다. 눈이아프도록 울지는 않았고 내가 조금 감성이 풍부해서 친구들중에 제일많이 울은사람 김아중 귀여웠고 주진모 너무 멋있게 나옴....
10, 저희 딸이랑 봤어요. 어머니때문에 조조로 봤는데  안봤으면 후회할뻔 했더라구요. 여러분도 꼭 보세요~
10, 안보면 괴롭다는 말.. 딱 맞아요 +ㅁ+~~ 오랜만에 입이 벌어지도록 실컷 웃고 눈이 아프도록 실컷 울었답니다 ㅠ.. 나중에 돈주고 사야지 ㅠ
10, 돈주고 봐도 아깝지 않은 영화이다^^ 강추^^
10, DVD하나 마련해도 좋을 것 같은 영화!! 너무 재미있게 봄
10, 연기도 괞찮았고 스토리도 매우만족 ^^ 김아중 주진모 외 다른 연기자들의 연기가 영화와 잘 어울려서 좋았어요 ^^ 일마치고 봤는데 꿀이더라구요 ^^ 또봐라고하면볼수있는영화 ^^ 더더 인기몰이하시길 ^^
10, 주관적인 생각으로는 너무 재미있었다 연기들도 다 잘하고 단지 주진모(한상준)이 너무 이랬다가 저랬다가 하는게 쫌. 무튼 끝엔 감동적이고 기대하고 봐도 될 영화!
10, 하하=3= 정말울다웃다했다는..... 진짜진짜재미있구요!! 못보신분은꼭보세욘!! 정말정말추천해주고싶은영화!! 감동적이구용!! 많이웃고우니깐ㅋ 웃을땐정말배아프구요ㅋ 울을땐정말여기저기서흑흑거려요ㅋ 꼭보세욘!
10, 기대된다^^
10, ㅜㅜ너무감동했어요..끝부분에서 정말 감동적이었구요....김아중언니 노래 정말잘해요~ 친구들과 너무 재밌게봤어요~!!^^
10, 미녀는괴로워짱!!! 개봉하자마자 날라가서본영화!!! 캬~너무 잼있구 감동이구ㅋㅋㅋ 말로표현할수 없는 그런매력???ㅋㅋㅋ
5, 잘모르겠던데 ..
10, 생각보다는 재밌었음. 크~끝에 슬펐어요..ㅜㅜ주진모는 좋은놈인지나쁜놈인지..- -ㅋ
10, 기대하고봤는데도 실망하지않은영화!!!! 웃기기도하고 마지막엔 슬프기도하고~ 만족!
10, 넘 잼있어여
10, 제 주위 사람들이 다들 재미있다고해서 봤는데 정말 재미있게 봤어요 공감가는 부분도 은근히 비판적인것도 딱 꼬집어 잘 말했고 특히 김아중씨가 연기를 참 잘했어요 노래도 정말 놀라웠고.
7, 내주위의음악인들도..노래하는 사람들이 많은데.외모때문에 고민하는 사람들이 많은건 사실이라 공감이 가는 부분도 있다..하지만..영화에선 너무 성형을 부각시키는 듯.다른내용을 부각시켰다면 감동도 더 있었을듯
7, 재밌엇긴 하지만 먼가 부족한 느낌  너무 뻔한 스토리 떄문인가?  그래도 김아중은 정말 예뻣다 ㅎ
6, 솔직히 만들어낸 웃음과 억지장면설정...이건 아니라고 보는데.. 시기를 잘만나서 500만이지 가서 보기 아깝다...비디오나오면 보삼
10, 정말로 눈물나고 슬프고./.. 정말로 강추 추천 합니다
10, 진짜 완전 재밌는 영화고 마지막은 감동적이라서 제일 좋아하는 영화^^
10, 기대이상으로재밌어요!눈물참다가결국울었음ㅋㅋㅋㅋㅋ진짜추천해드리고싶은영화
10, 어제 딸하고 같이 봤어요. 너무너무 감동적이고 순간순간 마음이 찡하고 가슴이 벅차고 눈물이 막 흘러서 ....정말 재미있고 기분업되서 집에와 마리아 노래만흥얼거렸어요
10, 와 진짜 재미있는 영화였어요. 아중이 언니 가창력도 뛰어나구   내친구들  나중에는 다 울면서 나왔어요..ㅋㅋ
10, 정말 최고의 영화였다  김아중의 연기에 놀라고 노래실력에 놀라고 감동에 한번 더 놀랐다  앞으로 이런 영화가 많이 나왔으면  
10, 김아중 언니 너무 연기 잘하시는거 같아요. 노래도 잘부르시구요. 저는 보면서 뚱뚱하다가 날씬해지면서 막 행동이 바뀔주 알았는데 그게 아니고 처음부터 끝까지 한나의 성격이 들어나게 하여 더욱 놀랐습니다.
10, 2시간 내내 지루함을 몰랐던 영화!!
10, 짱~!!
10, 매 순간순간 눈을 땔수 없는 영화
9, 김아중의 연기도 너무 좋았구요 전체적 흐름도 너무 좋았어요 시간가는 줄 모르고 봤어요~~ㅎㅎ 김아중 넘 이뽕
10, 아주 재미있었어요 ^^  ㅋㅋㅋㅋㅋ 정말 감동스럽구요 ㅋ 너무 재미있어열 ~ㅋ
10, 재밌을것 같았는데  기대이상으로 무지~~ 재밌었어요~!!! 또보고 싶다는.. ㅋ
3, 난도데체 뭐가 재밌고 뭐가 오랜만에 재대로된 영화라는건지 이해가 안감-_-...
9, 볼만한 영화.^_^ 나도 할수있다는 희망을 주는 영화.
10, 재밌어요진짜 기대만큼재밌어
9, 오랜만에 신나게 웃고 울었던 영화네요..  기대없이 봤더니 더 재밌어요.. ^^
10, 오랜만에  제대로 한국 영화를 본것 같네요 ^^   웃기도 하고  슬픈것도 있고  이거보고 김아중 완전호감녀 ㅋ
10, 베리굿 간만에 정말 재미있는 영화를 본것같아요 저한테는 쉬리보다도 더 감동과 재미가 있었어요 ~~ 주진모도 좋아지고 아중이도 좋아졌어요 히히
10, 최고;ㅂ;b  많이 웃기도 하고 역시 많이 울기도 했던 영화였어요ㅠ
10, 눈물 흘리는 감동   웃기는 재미  전달하고자 하는  메세지도 있는 잘 만든 영화
10, 정말 재미있었어요!!!^^ 마지막에 정말ㅠㅠ 눈물이막 나왔어요
10, 정말  많이 울고 정말 많이 웃었던  진짜 재밌는  돈이 안 아까운  후회 안하는 영화!
10, 재밌을 것 같아요!!
10, 진짜최고였어요...ㅠ_ㅠ
10, 정말 재미있었어요!!!!
10, 진짜감동적ㅠㅠ 마지막에 정말 많이 울었다ㅎ
10, 정말 재밌었어요!!진짜ㅠㅠ..
10, 정말재밋엇어요!!!!!!!
10, 정말 재미있고 한편으로는 슬퍼요
10, 보는내내 주진모씨때문에 눈이행복했던영화~~~~~그리고마지막에 너무슬펐고 재밌었음!
10, 정말 다시본다해도 웃을수 있고 감동 받고 울수 있을것 같은 영화.... 정 말 감동이란 말로도 벅찬 영화
10, 이거 정말 감동 ㅠㅠ
10, 진짜재밌었어요ㅠㅠ 울다가웃다가아주ㅋㅋㅋㅋㅋ 굿입니다♡
10, 영화 보면서 잘 안우는데 넘 슬퍼서 울어떠염 정말 교훈이 깊었던 영화
10, 아무생각안나게해준 고마운 영화    미치도록 웃게해준 고마운영화    다시보고싶은영화 ... 정말 신나게 울게해준 영화 .. ㅋ
10, 웃음과 감동이있었던.. 후회안할영화!
10, 이거 보구 웃고 울고 했었는데...
10, 정말 재미있었고 감동적이었어요 ~
10, 감동이었어요
10, 정말 재미있었어요~~ 또 보고 싶어요
5, 머 그냥 그랬다.
10, 정말 후회하지 않을영화!!! ㅋㅋㅋㅋ
10, 진짜 돈이 아깝지 않아요..^^ 재미있는 부분도 많지만 약간의 눈물도 유발하는 영화였어요   정말 최고!!!!
10, 진짜 완전 재밌어요 !! 오랜만에 추천하고 싶은 영화 !!ㅎㅎ
10, 진짜재미잇어요♡ 한번도안졸았고요 뭔가 감동도주는영화같았어욬ㅋㅋ 재밌어욬ㅋㅋ
9, 재미있었음. 중간에 지루한면이 있지만  화려한 첫 장면과  마지막의 공연은 잊을 수 없음. 그리고 요즘시대에 맞는 트렌드를 잘 잡은 것 같음. 스토리전개하며  웃음유발  그리고 공연!! 8~9점짜리 영화!
10, 진짜후회안되요!완전최고예요♥ㅎㅎㅎㅎㅎㅎㅎ
10, 미녀는괴로워 진짜 재밌어요~~~ 환상입니다!!!
10, 아중 넘 노래도 잘하구 연기도 잘하삼....
10, 미녀는 괴로워 대박? 이럴줄알았어~ 날실망시키지 않은영화
10, zz
10, 재미있나요? 노래상 받았는 것 같든대                                 ㅎㅎ
10, Good~!
10, 댑따재미있어용ㅜㅜ
10, 마음에 와닿는 영화. 탄탄히 짜여진 영화로 정말 즐길수 있는 영화 같다.
10, 정말 재미있었어요. 한국영화 중 제일 난거 같음.
9, 사실 영화는 별루일거라고 생각했찌만 막상 보고나니 정말 남는영화~ 볼만하다 싶은 소리 모처럼 나오게만드는영화다..! 웃고 울고 했다.. 조연들도 잘해줬고 쓸모없는 역이 하나도 없다~~ 김아중 왜 뜨는지 알겠다
10, 한국영화 중에서 가장 재미있었던 영화입니다. 내용도 좋고(일본판이긴 하지만) 연기도 다 잘했어요. 노래도 좋고 웃기기도 하고.
1, 차라리 원작 만화가 더 재밌음. 김아중씨 가수하려고 오디션 여러번 떨어졌다는데 왜 떨어졌는지 딱 알것 같더군요.노력은 가상하지만 노래 짜증났어요.뒤로갈수록 흐름 어이없어요. 뜬금없이 뭐하자는 건지.
8, 전 하도 재밌다고 해서 기대치가 컸나봐요.노래 좋았고 주진모가 참 멋지게 나왔지만..너무 영화같은 스토리.... 뚱녀는 괴로워로 이름 고쳐야 할 듯해요. 스토커로 나온 아저씨가 너무 귀여웠어요 ^^ 나름 재밌었음
3, 유치하다....
10, 김아중의 미모와 연기에 푹 빠질수 있는 영화. 다른 볼영화가 없어서 뜨긴했지만. 영화가 전반적으로 재미있었다. 마지막 장면도 감동적이었다. 김아중의 김아중에 의한 김아중을 위한 영화
6, 재미있었다고 하는 사람들이 많길래 봤는데 솔직히 큰 재미는 없더군요 중간에는 지루하기까지했다구요! ..근데 김아중은 정말 이쁘게 나와요
10, 나름 느낌있었음.. 김아중의 애기 같은 목소리가 조금은 별로였음..
5, 내용이 없고 조금 감동적;; 그리 추천할 만한 영화는 아니나 돈버릴 영화도 아닌 그런 애매모호한...
5, 재미가.. 그냥 보통이에요
10, 이영화 너무젬있게봤음..ㅋㅋㅋ 완전 오랜만에 젬있는거 봤네영..ㅋㅋ또보고싶다!!강력추천함
10, 생긴대로 삽시다.ㅎ
9, 솔직히 기대 안하고 봤는데 정말 재밌었다. 감동도 있고.
6, 그렇게 웃기지도 않고  내용도 허술하고  감독은 뭘 말하고 싶은건지 분명하지가 않고  배우들 연기는 좋으나 한나의 평소 목소리가 정말 거슬림  (노래할때빼고)
10, 다른말이 필요없이 정말 웃기다 !
10, 또 보고싶은 영화.. ㅠㅠ 상당히 재밋었음
0, 관람후도 졸라 재미없었다 ㅋㅋ
6, 주진모 멋있고^^ 김아중 귀엽고 나오고... 내용은 좀...별로 그냥 80년대 영화같았음~
10, 완전짱!!감동!!
9, 재밌었어요..ㅎㅎ
10, 울다가 웃어서 엉덩이에 털.날.뻔. 했습니다.ㅋㅋㅋ
10, 잼나요~~ 나중에 펑펑 울었어요~~ㅠㅠ 아빠 이야기 나오니.. 눈물이... 기대한만큼 좋네요~~ 아중언니 화이링~~
10, 짱짱!!!
10, 처음에는 웃음 나오고 끝에는 눈물나오고 스토리가 좀 뻔하지만 너무 재밌었어요 특히 김아중 너무 귀엽구 주진모는 너무 멋있고...ㅋ
10, 진짜진짜 재밌어요...어찌난 감동적이던지...그리고 주진모씨 작살입니다.ㅋㅋㅋ 김아중씨 연기력 다시 봤습니다.남들이 왜 강추강추하는지 알겠네요~
10, 진짜 완전 재밋어요ㅜㅠ♥     김아중씨 노래 실력 장난아니구요  ㅎㅎ 보셔도 후회 안 하실듯!  감동도 잇는것이ㅜㅠ  너무 좋앗어요  ㅎㅎ
10, 와방 재밌어요 ! 슬프기도 했지만  결말이 조금 아쉽지만 그래도 재미있어요 ~ 꼭 극장가서 보실만큼 좋은 영화에요 ^^
10, 오늘주위사람들이랑같이가서봤는ㄷ ㅔㅋㅋㅋㅋ 재밌었어요!!!!콘서트하는부분에서는정말......가슴이벅차오른다고할까요???
10, 친구들이 재밌다고 해서 기대하고 봤는데도 기대이상! 김아중씨도 정말 급호감으로 바뀌고ㅋㅋ 재밌었다. 콘서트부분부터 어찌나 울었는지. 기억에 남을 영화.
10, 오늘극장가서봤는데 정말 짱짱!!!ㅠㅠ제니콘서트때정말슬퍼서 눈물계속나오고 임현식아저씨가 불쌍해보이구ㅠㅠㅠ또 주진모가 넘멋있게나와서..진짜멋짐♡
7, 최근 본 영화중에서 가장잼있다. 이거보고 조폭마누라3보고 돈 아깝더라. 미녀는 괴로워 은근히 잼있고 감동까지 주는 영화
10, 휴 제발보세요 아 돈이안아까워요 ㅜㅜㅜㅜㅜㅜ휴 눈물..아감동..
10, 내 스스로를 사랑하라.지금나를 감사하라... 많은걸 느끼게 해준 영화~~
10, 재미있을 것 같고 꼭 한번 보고싶네요
9, 마지막에 열라 펑펑울었음 ㅋㅋㅋㅋㅋㅋㅋㅋ
10, 조금 유치한면도 있지만 잼있었어요
7, 콘서트 고백장면이 넘 지루했고 유치했음.. 그 장면을 좀 짧게 했더라면 더 좋았을텐데.. 소재도 참 신선했고 배우들 연기도 좋았지만 그닥 맘에 와닿을 정도는 아님..
3, 제작사 알바 열라 풀었나보다...이게 어떻게 1위라는지...보는내내 뻔한스터리에 지루하고 유치해서 죽을뻔했음...그냥 미끈한 여가수들 보면서 눈요기나 하다왓음...
10, 마지막에울림기대한만큼재밌었음
10, 김아중언니야 노래는 너무 좋아요. 정말로 재미있게 봤어 영화인데 중간중간 마지막 슬프다... 너무 좋아요/ 사랑해요??
10, 정말 요즘 세상에 외모지상주의를 알게 해주구  >.< 구게 다가 아니라는것을 가르쳐주는 감동적인 영화에여^^칭구랑 두번 볼정도로요^^ ㅋ 강추해여^^
10, 배울만한점도 남겨주는것 같고 김아중 연기도 잘하는거 같아요! ㅋㅋㅋ 뚱뚱한 연기 최고였어요.
10, 루키즘에 빠진 우리에게 경종을 울리다
10, 김아중 연기..실감났다
4, 난 별로.. 그냥 그랬는데 흠.
10, 저는 백점만점짜리 인듯?? 김아중의 가창력과 성형만이 다가 아니라는 것을 가르쳐 주고 있는 것 같아요. 나는 나라는 사실을 찝어주네요 
10, 약간은뻔한스토리지만 볼거리많고 유쾌한영화
10, 정말 재미있게 봤던 영화인데 중간중간 슬프던데..
9, 난 아주 재미있게 봤어요 김아중씨 연기도 굿
1, 평점 넘 높다 .. 제작사가 알바 만명을 풀었나보다
10, 김 아중씨의 열연으로 종합선물을 본듯한 느낌.
9, 김아중씨 우는 목소리가 흡흡해서 듣기 좀 민망 했지만 주진모씨와 김아중씨의 활약으로 크리스마스를 즐겁게...
10, 돈이 안아까운영화 넘 잼있음.
10, 재미있기도하고 슬프기도하고 좋은영화에요
8, 너무 기대를 하고 봐서 그런지 아쉬운 점도 있었지만~~~ 그래도 재밌게 봤어요. 김아중씨 노래 정말 잘 하더라구요~
10, 진짜 강추합니다 영화끝나고 나가는사람이 없을정도로 재밌는 영화입니다 진짜 초강추입니다!!! 안보면 진짜후회해요 이런영화를 영화관에서 봐야합니다!
10, 완전 강추하는 영화입니다...봤는데 또보고싶을정도!!
9, 재미있고 유쾌해요..특히 김아중 노래는 영화가 끝난 후에도 귀에 계속 맴돌아요..
10, 추천합니다 이영화!
9, 일요일에 별로 기대없이 영화관을 찾았는데  줄거리와 배우들의 연기로 재밌게 봤다. 특히 그다지 관심없던 김아중씨의 여러모습을 볼수 있어 좋았고요. 계속 성장하여 한국 영화에 큰 별이 되기를...
10, 시간가는줄모르고봤던영화
10, 성형조장한다고 해서 8점줄까 했는데 아무리 생각해도 내가 이렇게 한국영화를 재밌게 그리고 영화답게 본 첫 작인거 같아 10점 꾸욱 (노래도 환상 ^^)
10, 재미있을것같네요.ㅎ 성형의혹에도ㅋㅋㅋ
9, ㅎ 오랜만에 한국영화 너무 재밌게 본 거 같애요~  흐음.. 스토리도 전체적으로 아주 좋았고.. 몰랐던 김아중씨의 또 다른 매력에  빠져든거 같아요  다른 조연 분들도 그 캐릭터를 잘 소화해낸거 같구욧ㅎㅎ
10, 또보고 싶은 너무 재미있는 영화 노래도 좋고 .. ><
10, 영화스토리도 괜찮고  김아중씨 연기력도 좋았습니다. 볼거리도 많았구요.
10, 아중이 많이 컸네....
10, 영화참 멋지네요.. 주진모씨의 카리스마연기..  김아중씨의 순수연기.. 울다기 웃다가 .. 많이많이 감동적입니다. 최근 본 영화중에서 짱입니다. *^^*  성공!!!! 대박!!!
10, 아중씨멋지네요
9, 김아중이 비호감이였기때문에 이영화를 안볼려고 했는데 평이 좋아서 보게 되었습니다. 보통 예고편이 다인데 이영화는 예고편이 다이진 않고 김아중씨 호감으로 바꼈음.. 영화 재밌고 괜찮습니다. 보세요들..
10, 완전 대박!!! 즐거움과 슬픔을 모두 느낄 수 있는 영화
10, 친구와 한번보고 막 웃고 막 울은 재미있는 영화! 가족과 두번째보고 다시한번 웃은 영화! 두번봐도 재밌더라구요 ㅠㅠ 아중이 언니 너무예뻐요.. 주진모도 짱!! 영화대박나세요^0^
10, 진짜 너무 재밌게 봤어요~ 보는 내내 웃었다니까요~ 그리고 감동도..아진짜 다시보고싶어요!
10, 진짜 진짜 재미있었어요     ^^ 김아중 몸매두 이쁘고 노래도 잘 부르고 ㅋ 기대이상의 영화였어요.ㅋ 감동감동 ㅋㅋ 꼭 추첞해주고 싶은 영화랍니다~~ㅋㅋ
9, 볼만 한 것 같아요.. 성형에 대해 너무 쉽게 나온 것은 그렇지만 재미도 있고 감동도 있고 좋아요 오랜 만에 만족한영화
7, 그런대로 감동도있고 스토리도있는 영화 ㅋㅋㅋ
9, 재미잇엇어요ㅋㅋㅋㅋ 마지막에 넘 슬펏지만ㅜ.ㅜ
10, 정~~~말 재밌었습니다... 웃고 마지막에 울고..  감동이구요  봐도 후회안합니다..
10, 영화볼때 거의 돈아깝다는 느낌 받았었는데 이건 완전 대박감입니다~!ㅋㅋ 넘 재밌네요!! 감동지대ㅋㅋ
10, 실망할까봐 그다지 기대하지 않고 봤는데.. 지나침도.. 부족함..도 없는 그런 영화였어요~ 만족만족~
10, l
10, 저도 이거 봣는데  슬프고 재밋어요 ㅋㅋㅋ 마리아랑 별 노래 좋구요   
9, 재미있게 봤어요~!자꾸만 맴도는 노래..마리아~
10, 재미도 있고 감동도있고  좋았습니다.
10, 최고의 영화 굳 다시보고 싶은 영화
10, ㅎㅎㅎㅎ
10, 노래도 잘하고  연기도 훌륭했음
9, 강ㅇ아지두 연기최고...
10, 진짜 재미있음. 김아중 노래에게 소름돋는영화!! 그녀의아름다움에 빠져보셍세요~
9, 성형 이야기가 아니라.. 자기 자신을 사랑하라는 이야기.. 아닌가? 그정도면..외모가 아니라 맘을 성형한거 잖아.. 물론 나두 인조 인간들 싫어..왜냐면 맘이 없으니까..거긴 분명 따뜻한 맘이 있었다.
8, 재밌긴했는데 결론은 이뻐야된다는거 같아서 ㄱ-..
10, 최근본영화중 가장 재밌으면서 뭉클했던.. 김아중 노래 얼!! 핸폰 컬러링..정말 좋았어요.
10, 김아중 연기 잘 했고 보는 내내 즐거움을 주는 영화였다고 생각된다. 끝날 무렵엔 잔잔한 감동을 줘서 더 좋은 영화라 생각된다.
10, 꽤 잘만든 영화. 꼭 봐라
3, 개인적으로 그다지 재미있지만은    
10, 강추!!!
10, 진짜 재미있었어요
10, 재미있네용....추천합니다....부담없이볼수있는영화로써....ㅎㅎ
10, 재미없다구 하는분 이해 안됨! 웃음과 진한 그무었인가 와닷는 느낌 이해하는 분은재미없다구 말할수 없음! 갈등하시는 분 얼릉 보세요 ^^
10, 정말재미있었어여 마지막에 보고 울었어여
10, 정말 재밌습니당
10, 꼭 볼거임! 어머니  아버지는 봤다던데..재미없다고 하던데.저한데는 재미있을것같음! 꼭 볼거임!♡o♡!!  ^^ 아중언니 팸!
10, 진짜돈이안아까워요~////이전에는싸이보그봤는데 비교지대~!!//ㅎ미녀짱>ㅁ<
9, 전 김아중별로였는데 이영화보고 진짜 엄청 좋아하게 됬음.연기 짱!가창력 짱!주진모도 진짜 잘생겼다..
10, 꼭보고말거야
5, 근데 미녀는괴로워 보기전에 영화소개해주는 프로에서  미녀는괴로워 소개해주는거 절대 절대 절대 보지마세요 !   그거보면 내용하고 줄거리 다알아서 진짜 재미없음 -_- 저그거 봤다가 완전 망했어요 ㅠㅠㅠㅠ
10, 정말 재미있던 영화 평소에도 보고 싶었던 영화라서 예약까지 해서갔는데  앞에는 많이 웃기구 뒤에서는 울구...ㅋㅋㅋ 추천 할 만한 영화~~^^ 오랜만에 제대로 된 영화 선택해서 돈 썩히지 않았다는^^
10, 아 김아중언니 별로 였는데 이번영화 보고 완전 팬됬어여ㅠㅠ
10, 재밌었지만 마지막엔 감동적인영화 ㅠㅠㅠㅠ 재밋어요!!
10, 다들 재밋다고 하는데 저는 왜이렇게 공감 되고 슬펐는지 ㅎㅎ 하지만 즐거웠던 영화 입니다.!
10, 로맨틱코미디로썬 정말 굿 보면서 웃고울고 다햇다! 돈이 정말 안 안깝고 몇일동안 계속생각나는 영화!^^
10, 재밋음!!! 굳!! 일단 보삼!!!!후회 안함!!돈 안 아까워요~ㅋㅋ
10, 너무 재미있어요...  웃다가 울고..
10, 친구들이랑 갔었는데 다울었던...
10, 재밌을 것 같다
5, 걍 본전치기;;
10, ㅋㅋ
6, 내용이 예상되는 점에서 아쉬움이 있었지만 특수분장은 좋았어요..
5, 재밌다
9, 마지막에 강한나로 성공한것이 약간 어이 없음 ';ㅁ; 그렇게 될지도 모르겠지만  성형한거 밝힌 제니가 망하고 강한나로 다시 성공한다는게 어이가 없었습니다.
9, 마파도 이후 제대로된 한국코믹영화.후반부에 주는 약간에 눈물셈을 자극하는 감동도 가미한영화... 재밋고. 볼만합니다...
10, 매우 재미가 있었습니다~~!!
4, 보고 있으니 씁쓸하더이다.마지막 콘스트장면은 유치했구요.그냥 영화보면서 주진모같은 멋있는 역할 여자 주인공이하고 김아중같은 역할 남자로 바꾸어서 좀 색다른 영화보고 싶더이다..언제까지 드라마나 영화나
10, 기대안하고본영화..그러나 잘울지안는나의 눈물샘을 쬐금 자극한 최초의 영화....
10, 정말 재미있어요... 처음부터 웃겨요...
10, ㅠㅠ 눈물 펑펑    재밌었음  
10, 진짜 재미있음
10, 진짜 완죤 재밌고 감동~ 한번쯤은 꼭 봐야할 영화인거 같아요 지루하지않고 친구 연인 가족끼리 봐도 재밌는 영화!강츄!!!
10, 정말 괜찮은 영화!! 지루할새 없음!! 강력추천!!
10, 정말징했어요!울다가웃다가기대안하고봤는데기대이상이였어요!!!
9, 재미있고 다좋은데...김아중 목소리가..;;
10, 재미뿐 아니라 감동도 전해주는  2번 이상 보고싶은 영화
10, 엄마와함께봤는데 감동과웃음이 있는 영화였습니다~ 엄마가 영화보면서 우는거 첨봤써염 ㅋㅋ 정말 강추 하고싶은 영화입니다!!!
10, 쪼아
10, 우리는 속물이야~
7, 그렇게 기대를 해서 봤는데 기대만큼은 별루였네요
10, 진짜 감동적이고 재밌는영화였음ㅋㅋ
9, 재밌어 보여요 /ㅁ/ 내일 보려 갈 예정 <
10, 미녀는괴로워라는 제목이 샹리님말대로 뻔한스토리일것같아서 안보려다가 봤는데요 절대아닙니다 완전슬프네요
10, 이거 진짜 재밌던데...기대도 사실 좀 했었고 그냥 시간때울려고 봤는데 김아중 다시봤어^^주진모도 원래 조각인줄 알았지만 그정도일줄은...끝내주더라 ㅋㅋ 근데 타영화사 알바들이 좀 많네???몇명은 알듯하다ㅉㅉ
0, 별로 뻔한스토리.
10, 정말 너무 재밌었습니다.. ^^* 진짜 보는내내 빠져들고 ㅜㅜ 임현식씨도 진짜 웃기고 ㅋㅋㅋㅋ 뒤에 많이 슬펐지만..정말 소리내서 울고싶었어요.. 너무 재밌었어요~ 진짜 김아중 연기도 잘하고 주진모도 멋있었어요
10, 진짜 재밌게 봤어요.... 이범수씨 나오는 장면 잠깐이지만 너무 웃겨서 배가 다아프더라구요.... ㅋㅋㅋㅋ 김아중씨 이뻤습니다... 부러워~~
10, 재미와 감동을 한번에 주는영화~ 보는내내 즐거워용~ㅋㅋ
10, 정말 재밌고 슬펐음.....돈이아깝지않은영화
10, 웃기고 울게 만드는 영화........정말 무지하게 재미있음..이영화보고 재미없다는 인간은 감정이 없는 인간이다.
10, 너무 잼 있게 봤어요
10, ㅋㅋㅋㅋ정말^^재밌다
8, 재밌게 봤음 마리~아~ 아베마리아~ㅋㅋ
4, 그냥 그렇던데..재밌다고 하니까 너도나도..우리나라 특유의 쏠림 현상..김아중은 여전히 비호감..
10, 너무재미있을것같아요
10, 감동과 재미 둘다! 생각보다 매우 잘만든 영화!
10, dvd에는 무삭제 확장판 많이 팔아주세여 `!!나오자 마자살거에여 ㅋㅋ 미녀는 괴로워 에서 보여준 주진모형 김아중누나의 연기 마지막장면에서  눈물이없던 제가 눈물을 흘릴번했읍니다. 화이팅
10, 요즘 영화 개봉작들 중에 가장 재미있었어요 ^^*
10, 10점드릴게요!ㅜㅜ마음같아서는 100점드리고싶은데.ㅋㅋ정말너무너무보고싶었어요.ㅋㅋ오랜만에 너무너무재밌는영화본거같아요♡강추!ㅋㅋ
10, 너무재미있었어요
10, 코미디영화 인데 왜 또 보고싶지ㅡㅡ? 재밌게 본 왕의 남자도 한번이상 볼생각 안들던데-_- 간만에 본 잼난 영화
10, 아증말 너무재미있어요^.^ 웃음과 감동의 조화가 너무 좋았어요
10, 김용화감독  언제가는 사고칠줄알았다... 중앙대 연영과 출신들의 활약이 두드러진영화... 정말 각본 감독 김용화감독 대단합니다....
10, 정말  재미있어요~ㅋㅋ 웃음과 감동을 동시에 선사하는 영화!!~^^ㅋ
7, 아주씨가 정말 이쁘게 나오더라구요..노래도잘하고!! 앤하고 보고서 서로 조금 싸웠다는...ㅎㅎㅎ 그래도 잼있게 잘 보았답니다!!
9, 오랜만에 웃음보를 터트렸네요.. 눈물도 필요한 영화더라구요.. 야들과 같이 봤는데도 그리 부담은 되 않았네요
9, 요즘 영화 중에 제일 볼 만한 영화^^
10, 누가 추천 하고 우연한 계기로 보게 됬는데 넘 재밋었읍니다.
10, 정말정말 잼있어요 ㅋㅋ 배우들의 실감나는 연기와 김아중 누나의 귀여움 ㅋㅋ  완전 잼씀 다들 꼭 보세요~~~ㅋ
10, 아~! 짱잼있음!! 진짜 완전 푹빠져서 본영화 ㅋㅋ 진짜 강력추천!!!
10, 이거 정말 재미있어요!! 저 끝부분 보고 울었음 ㅠㅠ
9, 임현식씨...이한위씨...^^ 그 둘이 있어서 오히려 영화가 더 살아난듯...ㅋㅋㅋ 재밌게봤습니당~^^
10, 재밌었어요!
10, 너무너무 재밌는설정... 감동감동... 진모오빠한테 더 감동....너무 멋있는거 아니예여??앞으로 한 10번은 더봐도 재밌겠다....ㅋㅋ 진모오빠 화이팅!!!!
10, 넘 잼나구요 특히 주진모 넘 멋져요~ 연말을 해피한영화와 함께 했답니다 ^^
8, 재미있게 봤어요.. 임현식씨의 연기에 너무 많이 울었어요 ㅠㅠ 정말 임현식씨 최고 ^^
10, 정말재밌었어요^-^중간에 잠깐 감동적인부분에선 눈물도 쫌나구  ^-^ 감동적이면서 재밌는영화^-^ 동생이랑 같이봤는데 처음엔 웃겨죽는줄알았어요ㅋㅋㅋ
10, 완전 동감 완전 감동~  정말 박수를 절로 치게끔 하는 영화~ ㅋㅋㅋ
9, 억지로 웃기지 않고 재밌음. 군더더기 없다는 말 인정
9, 초등학생인딸과같이봤는데 참 감동적이었어요.성형보다도 명성보다도 가족과친구에대한사랑이우선한다는마지막장면이딸에게도좋은 교육이되었으리라생각되요.가족과함께보러가세요.재미있었어요.
10, 너무 재밌어요 ^-^ 감동적인 부분에는 울컥하고 재미있는 부분에는 엄청 재밌답니다 ^^
10, 엄청 많이 재밌었고 감동도 많이 받앗었어요.. 저도 가수가 꿈이어서 되게 재밋었어요   새해 복 많이 받으세요..
10, 시간 가는 줄도 몰랐어요..군더더기가 없더군요..잘봤어요^^
10, 아 진짜 재밌어요 후회않을 선택입니다 진짜 또보고싶네요
10, 비록예쁘지않다고뒤에서노래를부르면서도꿈을포기하지않는한나가대단했어요요즘가수나연예인들얼굴보고뽑거나그러는데그런것보단실력이제일중요한것같아요 
10, 별루일것같았는데 영화시작하는순간부터 재밌음ㅋㅋ
10, 감동ㅋㅋㅋ몇번을보는지모르겠음 ㅋㅋㅋㅋ
10, 이거정말재밌게봤어요~마지막에 콘서트하면서 성형고백을하는장면이제일기억에남네요..가슴이찡한게...정말다시봐도후회안할영화같습니다^^
10, 이거 재밌어서 두번이나 봤어요^^근데 한나가 성형 고백할 때 좀 슬펐어요ㅜㅜ
10, 기대를 안하고 봐서 그런지더 재밌었던거 같다ㅋㅋ
10, 정말 스토리구성 탄탄하고 배우들의 연기가 돋보이는 영화~  굉장히  감동적이고 공감가는..김아중의 노래실력도 꽤 괜찮고..ㅋ
10, 굿굿!! 진짜 재밌어요!! 특히 김아중 최고에요 ㅋㅋㅋㅋㅋㅋㅋㅋㅋㅋ 매력덩어리!!
10, 와~! 정말 재미있게봤어요..ㅋ우리나라 외모지상주의를 비판하는것 같고 ㅋ 멋진 말들 명대사들이 많아서 좋았어요.ㅋ.
8, 예뻐지기 위해서는 뭐든 한다라는 선입견을 만들 수도 있는 극한의 내용을 창출할 수도 있는 이야기긴 했지만 마지막에는 그런 김아중의 고백이 일축시켜주는 고백이 인상적이 었습니다.
10, 강한나  최고
10, 너무 재밌고 내용이 와닿아서 두번이나 봣어요 ㅋㅋ 두번다 보면서 눈물이 나더라구요.. ㅋㅋ
10, 짱재밋었어용ㅋㅋㅋㅋㅋㅋ
8, 누구나 단점을 가지고 산다. 그단점을 어떻게 승화시키냐가 쟁점인것 같다. 이영화를 보면서 참으로 가슴찡한 나의 단점을 접한것 같아 가슴이 아리다.......
9, 10점 주기는 머하고..그냥...9점....이 영화 3번이나 본 비애를 그 누가 알꼬..ㅋㅋ 암튼 잼나게 보았습니다...
10, 너무재미있는 영화 보는 내내 지루함 하나도 없었고 끝날때까지재미와 감동. 그 자체.  주진모 너무 멋있고 김아중의 어리버리연기 끝짱~^^ 노래 너무 잘한다.~
10, 기대안했는데/ 진짜 재밌다 - ㅁ-; 난 이렇게 슬픈 영환줄몰랐음 ; 나만운거야 ; ㅁ;
8, 솔직히 보고나선 그저그렇네..하고 생각했는데 진짜 그 날 하루종일 이 영화만 생각나고 주진모 김아중 얼굴이 둥실둥실 떠댕기고 ㅋㅋㅋ 머리 깊숙히 박히는 영화. 그리고 마리~아~~ㅋㅋ 이 노래 중독성 강함...
1, 나는 별로였는데...
10, 재미있었어요..ㅠㅠ 마지막에 완전감동..ㅠㅠ
0, 좆나재미없었음웃김.감동도별로안됨왜우는지이해안됨
6, 기대하구 봐서 그런가?? 기대한정도는 아니네여
10, 정말정말 최고.^^ 100점
10, 오늘 봤는데 생각 외로 재밌었어요 !!재밌어요 ~
10, 재밌음
10, 최고!
10, 오랫만에 실컷 웃으면서 본 영화 캬 좋아좋아
10, 대박
10, 작년 겨울에 본 영화중 최고/ 웃음과 눈물과 드라마가 모두 담긴 수작...
10, 간만에 맘속까지 정화된듯하네요. 전 남자였지만  눈물이 나더군요. 썩 괜찮은 느낌으로 영화관을 나왔습니다. 매니아분들마다 개인차는 있겠지만  지금 허접한 영화들 중에서는 당연 최고라고 생각되어 강추함다
10, 진짜대박이다 웃고울고웃고울고 ㅋㅋㅋㅋㅋ 보면서 행복해서 울고 ㅋㅋㅋㅋㅋㅋㅋㅋ 나도 저런 삶 한번살아봤으면 좋았을텐데 ㅜㅜ... 으악!! 또보고싶당 ㅋㅋㅋㅋㅋㅋ
10, 진짜 후회없었던 영화에요 정말 좋았어요
10, 보고 감동!!!영화관에서 두번이나 봤어요!! 우리 학교에선 점심시간에 마리아 틀어 줍니다^^
10, 괜찮은 영화인거 같습니다.. 웃음도 있고  내용도 있고  감동도 있어서 일석삼조!
10, 진짜 후회없던 영화 영화관에 목도리 매고 갔는데 목도리가 다 젖었다 ㄱ-
10, 웃음과 감동이 함께 있었던 영화~정말 괜찮은 영화였습니다^^ 마지막엔 넘 감동받아서 막 울었어요
9, 기대안하고 본 영화였는데 생각보다 너무 재미있었고 노래들도 좋았던 영화였습니다.. 닫기전에 곡 보러가시길..
10, 최고임..ㅎ
10, 진짜 재밌는 영화 ㅠㅠㅠㅠ 다들 연기 잘하고 진짜 재밌었던 영화~~
9, 그냥 노래하는 사람으로써 너무나 감동인 영화였습니다. 다른 부족한 점도 많고 비판할점도 있다고 하여도 그 점 하나로도 저에겐 정말 좋은 영화였습니다.
1, 감독과 사귄다더니 띄어줄려고 작정햇더군 .. 김아중 귀여운척 앵앵대는거 진짜 보기 시러따
10, 10점 줘도 아깝지 않습니다.....영화를 보면서 조금도 지루해 하지 않았다면.... 그 영화...관객에게 최선을 다한거라고 생각합니다.....
10, 재밋더라
10, 참 성형수술이 잘됬네요.. 재밌다 영화로 보고 싶지만 나이가 안되서
0, ㅋ
10, 남자인 나에게 메시지를 주는 영화~ 난 독한남자지만 마지막부분에 출산드라와 임현식 아저씨 아중씨때문에 그리고 주진모도 포함 눈물을 안흘릴수 없었다.
9, 성형.... 감동도있고 떳떳하게 밝힐 수 있다는것 용기와 희망의 공존 그리고 여자는 이쁘고봐야된다는것 이영화의중점
10, 눈가에 주름이 생겼다... 재밌어서 웃다가 감동받아서 울다가...
10, 잘봣어여 다시봐두 갠찬을것같아여 강추
6, 재밌지만 뭔가 아쉬운.....
10, 아나~ 이렇게 웃길수가ㅋㅋㅋ 그리고 억지스럽지 않은 감동까지..ㅎ 요즘영화들중에서 제일 나은거 같네요 ㅋㅋ
10, 재미와 감동이 공존하는 너무 매력적인 영화.김아중씨가 아니면 절대 그런 영화 못나왔을걸..
10, 오랜만에 기분좋은 영화
8, 재밋긴 재밋엇는데 왠지모르게 마지막이 아쉽게끝났어요~ㅜㅜ 하지만 웃기긴 진짜웃김!! 그래도 뭔가 허전함??ㅎㅎ 하이튼재밋잇으면서도 애매한영화 근데 한번더 보고싶어지는 영화~ㅎㅎ
10, 정말 김아중의 뚱뚱했을때 모든상황이 나를 보는것같아서..조금 안타까웠고 끝까지 훌륭했다!! 근데 안타까운건 역시 예뻐지니깐 달라지더라구요??
7, 전체 내용은 재밌으나  마무리가 조금 아쉬운 영화.
10, 저진짜ㅠㅠ 이영화마지막부분보고 엄청울었어욮요ㅠㅠ 김아중이ㅠㅠ ㅠㅠ 너무슬퍼서 옆에친구들이왜우냐고는하지만ㅠㅠ 너무슬펐어요
10, 영화 정말 재미있었습니다 ㅋㅋ 장면 하나하나가 잊혀지지가 않아요 ㅋㅋ 후회하지 않는 영화 같습니다 ㅋㅋ
9, 단단한 구성력에 심금을 울리는   내용들  좋았습니다 평론은  블로그에서  써놓고  연애심리에 대한 역설적인 편견과 이야기로 풀어 놓겠습니다
9, 한동안 영화에서 헤어나질 못하네요   정말 기대하셔두 좋은 영화예요...
9, 괜찮았음
10, 진짜 재미있어요 ㅋㅋㅋ
10, 재밌어요. 시간이 어떻게나 빨리가는지... 특히 주진모씨 연기 good~!  한번 더 보러 갈 예정이예요.
10, 넘 재밌어요 오랫만에 돈 안아까운 영화였슴다!!
5, 재미는 있었으나.. 내용은..
10, 진짜재미있구요^^보시면후회는절대하지않으실겁니다!! 이정도면감동적이고재밌는거죠~
10, 이쁜애들은 연기못할줄알았다 김 희선 김태희 고소영등을 보아와서 ..... 김아중 젤났다 연기 잘하더라 글구 정말 부러운 미모다  주진모 정말 잘생겼다   마지막 주진모대사 나같은 속물 ......
10, 내용은 상관하지 말자. 만화가 원작이니까. 김아중의 매력을 흠뻑 느낄 수 있었던 즐거운... 재미있는 영화였다. ^^
7, 재미있고 웃기고 감동적이긴 한데.....은근히 진짜 외모지상주의로 사람 열받게함.ㅡㅡ
9, 이정도면  재미있게 감동있게 잘만들었다구 생각해여
3, 기대했던 것 만큼 재미있지는 않았네요.... 물론 몇 몇 웃긴 장면이 있긴 했지만 마무리가 조금 미숙하고 지루한 느낌이 약간 들었음.
7, 너무기대해서그런지    쫌지루했어용 ㅋㅋㅋ    그래도 마지막부분은참좋았어요 !!!!
10, 또보고시픈영화
10, 완전추천~~~말이필요없는
10, 정말재미있습니다!!!! 처음에는 그냥 별루 기대하지 않고 봤는데요~~ 보고난 후 정말~~~~재미있었어요~~
10, 여자라면 꼭 봐야할 영화
10, 너무 재미있음!!
10, 완전  재미있고  또 감동도 있는 영화
10, 너무 너무 재미있었어요~ 기대도 안하고 갔는데~ 사람들이 재밌어하는 이유를 알겠더라구요~ 김아중도 너무 예쁘게 나오고~ 주진모도 너무 멋있게 나오고~ 너무 재미있었어요~ ^.^
10, 약간코믹하면서도외모지상주의라는사회적문제를비판하며나중에는크나큰감동을주는영화입니다. 한나가 자신이 숨겼던것을 다 안 상준에게 말을하던 부분은 정말 슬펐어요. 눈물없인볼수없는 영화죠.
8, 0000
10, 기대만큼 재밌던영화!
6, 김아중의 두가지 모습.. 그리고 연기력 어느 정도 인정합니다. 하지만 공감할 수 있는 내용이 아닐뿐더러 오히려 성형을 부추길 수 있는 좀 모순이 발생할 수 있는 영화가 아닌가 생각이 드네요. 아쉽습니다
10, 정말재밌어요!!!
0, 알바땜시 ;;
8, 기대를 마니해서 그런지..그리 내키진 않았지만 그냥 재밌기도 했어요..그다지 웃기진 않음;;
10, 정말  완전 최고의 영화 ♡
10, 참 괜찮은 영화같아요 ㅋㅋㅋ 끝부분엔 좀 슬펐지만 정말 재미있는영화였습니다 ㅋㅋ 한번 보셔도 후회는 안할것 같네요 ㅎ
10, 요즘개봉하는거 거의 다 봤는데 진짜 젤루 추천해주고 싶은 잼난 영화! 특히 노래!! 진짜 좋다~~~~~~>.<
10, 큰 기대 안하고 봤는데.. 기대이상으로 너무 재미 있었고 또 나름 감동도 있었어요~ 간만에 영화보면서 크게 웃었던거 같아요 ^^
10, 정말재미있고감동적이였어요~~~최고예요!!!
10, 만화책과는 내용이 전혀달랐지만 오랜만에 실컷 웃었던 영화  김아중 노래는 들어줄만 하지만 가창력이 있다니 말두 안되는 소리   제발 가수로 나서지는 말았으면  ㅋ
10, 예전에 만화책을 봤었는데  영화제목을 보고 그 만화와 같은건지 확인도 하지 않고 별 기대없이 보러갔는데 정말 재밌게 봤음.ㅋㅋ 한 번 더 보고싶음..^0^
10, 최고입니다~!>_<영화보고 돈안아까운 영화 첨 봤어염~완존 최고~~돈이 아깝지않을 정도로 재밓는 영화에요>_<ㅋㅋ
9, 내용도 기대이상으로  재미있었고~시원시원한 김아중의 가창력까지 ~만족~
8, 재미는 있었지만  우리나라 여자들에게 부담감을 주는듯..?ㅋ
7, 재미는 있지만 외모지상주의
10, 기대이상으로 눈물과웃음을 선사해주었고 김아중의노래실력에 감탄사가저절로나온다 !!!추천영화 !!!
10, 기대한것보다 더 감동적이고 재미있었다! 주진모 김아중 연기짱!
7, 이영화의 반전은 관객들이 "괜찮아 괜찮아"라고 외친것이라고 생각한다에 한표
9, 사람은 겉으로만 보고 판단하는 것이 아니다. 를 다시 한번 기억되게 해준 영화 영화 잘 봤어요 슬퍼서 울기도 ;;
10, 눈물나고그만큼웃기기도한영화 ㅜㅜ
10, 너무나 맘이따뜻한 영화였어요^^
10, 봐도 봐도 재미있네여 너무재미있어여
10, 주진모 덕분에 눈이 즐거웠던 영화! 내용도 아주 유쾌했어요!!
10, 정말 재밋엇어요 ㅋㅋㅋ 슬프기도 햇엇구 ㅠ  전 울엇답니다~ ㅠ ㅋㅋ 암튼 이 영화 추천이에욧!!!  마뉘들 보세욧 ㅋㅋㅋㅋ
10, 진짜 재밌습니다! 너무너무 잘봤어요! 마리아 노래 너무 좋구요! 마지막 가서 울었다는.. 코믹한데 슬프기도 해요 ㅜ.ㅜ!!
10, 울뻔햇내
10, 재밌게봤어요...뭐 쫌 현실성 없는 부분도 있었지만ㅋㅋ
6, 볼만했다..
9, 별기대없이봤는데 기대이상 ㅋㅋ
6, 좀 억지스러운 부분들이 있었다... 마지막은 슬펐는데
10, 정말  재밌어요!!돈이 하나도 안아깝고 재밌다
