1, 1점도 아깝다
9, 몇 년 만에 다시 봤는데  배우들의 연기와 감독의 각색이 독보적이었다.
7, 결말만 빼고는 전부 마음에 들었다. 진지하면서도 가벼운 연출도 좋았다. 다만 영화를 보고나면 쓰게 웃는 자신을 발견하게 될 거다. 현실은 이것보다 더 시궁창이니까.
9, 킬링타임용으로  어줍짢고 뻔한 헐리웃 영화보다는  훨 재밌음
9, 예전에 영화관서 너무 재미있게 본 기억이 나 다시 봣는데 ㅋㅋ 여전히 잼있음 ㅎㅎㅎ 한국영화중 플란다스의 개 만큼 웃김 ㅎㅎ
7, 세상은 적당히 현실과 타협하고 눈치 봐가면서 둥글게 살라고 말한다. 적당히 눈치 봐가면서 남들처럼 잔머리 굴려가면서 요령껏 사는 놈들이 잘먹고 잘산다. 보통 사람들처럼 권력에 적당히 분개하고  적당히 눈감아주고 타협하면서 얼마든지 살아갈 수도 있다. 그러나 바르게 산다는 것은 말이 아닌 삶으로 보여줘야 한다
10, 코미디 같지 않은 코미디영화.. 마치 예전에 본 <웰컴 미스터맥도날드> 같은 풍의 영화라고나 할까..
7, 정재영이 주인공인건 탁월한 선택. 스토리도 나름 재밌으나  뭔가 정교함이 부족하달까?
10, 독특한 주연과재미난 조연들이비빔밥처럼 잘 어울리는 영화
8, 최선을 다해서 움직이지마!! ㅋㅋㅋ 아주 현실적인 상황을 의외로 웃기게 만들었다.
10, 아주 재미있습니다^^
7, 아이디어나 설정이 아주좋았음.. 물론 끝부분쯤에 너무 끄는거 같아.답답했지만 이작품은 헐리우드에서도 탐낼만한 아주 좋은 한국 코미디 작품이다 좋아 좋아
9, 보고또봐도  재미있음
8, 명작! 말이 필요없음!
3, . . ... .
10, 정말 재미있어요! 가끔 혼자만 법을 준수하는게 손해보는 것 같다는 생각이 들다가도 옳은 게 옳은 거라는 생각도 들 때가 있는데.. 이 영화 보면 "역시 옳은 게 맞는 거다" 라른 생각이 들어요. 기분이 좋아지는 영화
9, 의외의 스토리라인을 나름대로 재미와 박진감있게 풀어가면서 웃음과 살짝 스릴을 동시에 주는 간만에 재밌게 본 한국영화 였습니다. 정재영 멋지네요.
3, 아까은 배우들
10, 재밌다 소소하게 웃으면서 편하게 볼 수 있다 강추
5, 영화니까 봐주자....
6, 바르게살아야한다
7, 아이디어는 신선하나 어설픈 모습이 너무 많다. 뭐 그런것도 강조한 것이 감독의 의도일지도 모르지만 마냥 흥미롭진 않았다.
9, 정말 아이디어 하나 만큼은 기가 막힌 영화. 너무 '정도만' 고집해서 불편하기도 함. 불편함이 정상인 사회를 위해 추천.
10, 내용이 신선하고 재밌는 영화♥♥♥♥
9, 또 보고 싶네...
8, 나른한 오후 쩍 벌어진 하품 한 번이 필요한데 하품이 나오지 않는다. 장진 감독이 연출했더라면 어땠을까?
10, 재미있네요상식과 기본이 통하는 사회가 되면 좋겠습니다왠지 세월호도 생각나네요 ㅠㅠ
7, 교과서 속 융통성없는 교육
10, 장진감독의 특유의 유머코드가 좋다
10, 방금 봤는데 잘봤습니다ㅎ
9, 장진 영화는 보고 또 보게 만든다. 그게 정답이다.. 몇년지나 다시봐도 그 때 그 느낌을...
6, 최악의 클라이막스
10, 재밌네요 ㅎㅎ
10, 참신하다
6, 끝까지 집중하게 만드는 매력은 있으나 그렇게 재밌다고 할수는 없다
7, 장진에 대한 나의 관대함
9, 나름 치밀하게 만든 귀여운 코미디. 억지로 웃기려는 보통의 어색한 코미디 영화들과는 확실히 다른듯.
6, 그럭저럭 킬링타임용에 그치는군
7, 웃기기 위한 영화 웃기게 웃긴다. 바르게 살려고 하는데 피해보는 사람이 많다. 부정하게 살려고 하는 사람 때문에 바르게 살려고 하는 사람이 피해보는 세상이다. 학교에서 뭘 배웠는지 다 잊어먹은 걸까. 필요 없는 것만 배웠던 걸까. 교과서는 바르게 살라고 가르치지 않은 것 같다.
8, 완전 원맨쇼인데 이렇게 재밌게 만들수있는 것은 배우의 힘인가 아니면 감독의 힘인가?
10, ㅎㅎ 뭔가 통쾌하네요
8, 소재의 독특함. 재미있게 봤다.
9, 햐~영화 골때리네..아주 신선해!! 군데군데 빵터지는 웃음 코드도 좋았고..만족!!
8, 좋다   만족스러운 작품
10, 극장에서 웃다가 배아팠던....다시봤는데도 너무 재밌다...사회의 단면을 유머와 재치로 신랄하게 파헤쳤던...ㅋㅋㅋ
8, 기발한 소재  소소한 유머들
10, 아...웃겨... 잼있었음...ㅎㅎ
8, 첫부분과 끝부분 좋은데 중간에 조금 지루했음
8, 지루하고 괜히봤다.
10, 스토리가 기발하군..
9, 스토리가 너무 좋았다. 딱 내 스타일이다. 10점 만점 주고 싶지만 결말이 조금 아쉬워서 1점뺀다.
10, 바르게 살고 싶게 만드는 영화  정의는 끝내 승리한다라는 진리를 가르쳐 주는 코믹하면서도 유쾌한 영화. 정재영이라는 배우가 아니었으면 인물의 특징을 과연 살릴 수 있었을까? 역시 정재영!
10, 재영이형은 최고 매력남.
5, 스토리는 기발한데 좀 많이 지루했어요~~ 너무 설명이 많아서 관객의 상상력을 막네요..
2, 믿어지지 않는 평점이다;;
8, 한국이 아닌 헐리웃에서 만들어졌다면 이것보다는 더 좋은 평가를 받았을 듯... 블랙?이라긴 뭐하고 그레이쯤?...여튼 쌉싸름한 뒷맛을 안기는 코미디!
8, 장진이 아니라면 상상 못 할 영화. 정재영의 어수룩한 연기. 비 올때 검정 우산들의 행렬... 기억난다. 장면 장면마다 터지는 크고 작은 웃음들..
8, 케이블에서 우연찬게 봤는데 영화 괜찬네
8, 영화는 그럭저럭 볼만했지만.. 일단은 시나리오 아이디어 측면에서 기발한듯해서 높은 점수를 드립니다. 그리고 끝내 잡고싶던 도지사를 잡아쳐넣는 집념에는 박수를 보냅니다. ㅋ
10, good!
1, TV에서 해주길래 봤는데 내용이 답답한게 정말 이건 아닌것 같다. 코미디영화로서는 합격점인듯.. 다만 평점은 7점이 적당하다
10, 방탄조끼드립이랑 실신떳을때 진짜디지는줄ㅋㅋㅋㅋㅋㅋㅋㅋㅋㅋㅋㅋㅋ개웃김ㅋㅋㅋ
10, 추천 강령추천@!!@!@!!!!!!!!!!!!!!!!!!!!!!!!!!!!!!!!!!!!!!!!!!!!!!!!!!!!!!!!!!!!!11
7, 기발한 아이디어와 수준높은 시나리오..거기다 정재영의 똘추 캐릭터의 완벽한 연기까지..그런데 뭔가 허전하고 아쉬운 감정은 뭘까? 편집의 실패인가? 아님 이런 통쾌함을 보여주는 경찰이 아니라 그런가?
10, 최고의 영화
10, 역시 바르게 살아야 한다. 최선을 다해 움직이지 마!!!!!!!!!ㅋㅋㅋ
10, 정말 바르게 살고 싶어지는 영화ㅋㅋ
10, 배우 정재영의 연기는 정말 언제봐도감탄!! 감독 장진의 영화는 언제봐도 정말 다르다!!
6, 그냥...
10, 기발한듯 ㅋㅋ
10, 좋습니다.
5, 우리나라에서의 조폭코메디 말고 또다른 코메디물ㅋ 웃음포인트가 웃찾사 개콘처럼 예상된다는게 흠이지만  뭐 어쨋든 반갑군.ㅋㅋ
10, 보자마자 혹시나 해서 검색했더니 역시나.....   장진 감독님 ㅋㅋ
7, 강도의 마지막 대사는 바르게 사는 교통경찰의 삶을 대변하고 동시에 일맥상통한다. "희망이없다"..
9, 골때리는 영화 ㅋㅋㅋ
7, 그냥 볼만했던 듯.
10, 무거워 질 수 있는 주제를 가볍고 재미있게 풀어낸영화.
9, 장진 감독이 각본이나 제작한 영화들을 나는 왜케 진지하게 보는지......그래도 영화 좋았음!!!!~ㅎㅎ
10, 이렇게 소리내서 한껏 웃을수 있는 영화  정말 오랜만이었다. 너무 너무 재밌었다!!
8, 정재영이니까 이 역할 이만큼 소화한거 아닌가싶슴
8, 설 특선영화 보고있는데 많이 웃고있다. 떡 먹은거 소화 다 되서 지금 밥 하고있다.
10, 뒤집어짐 4번은 본것같네요 영화관에서 보고 디비디로보고
7, 우끼네요 ^ ^
10, 좋은 영화다.ㅋㅋㅋㅋㅋㅋㅋㅋ귀엽다.
8, 세련된 위트와 유머 그리고 가볍지만 간간히 날려주는 풍자. 명작은 아니지만 수작.
4, 솔짓히 진짜잼없어요..
7, 웃으면서 본 영화...정재영이었기땜에 더 웃겼던 거 같다 영화는 그럭저럭 보통 수준이라고 생각함...
9, 좋은 영화.
9, 난 늘 장진식 유머가 잼난다. 조금 늘어지는 감은 들었지만  마지막 결말도 마음에 들었고  정재영 연기도 좋았다.
8, 장진 표 코미디 영화. 생각보다 더 재미있었던 영화
6, 좀 유치한 영화더군요
9, 두번봤음... 빵빵터지는 웃음은 아니지만 전체적으로 재미있음.
8, 아무생각없이 즐겨라! 황당한 이야기의 황당한 결말! 재미있는 상황들.
7, 솔직히 최고는 아닌듯..엉뚱한 면이 있어서 볼만하긴해요;
7, 한정된 공간에서 열심히 개그를 펼치는 그들!!
7, 황당하고 어이없기도 했지만 정재영씨 연기가 많이 웃겨요
3, 음.. 지루했어요.. 재미도 없었구요.. ㅜㅜ 배우들에 비해서 너무 내용이 없었어요.
10, 위트있는 대사들이 대박이다. 아무 생각없이 즐겁게 웃다 나오실려면 강추
6, 재밋긴한데 약간 지루했음. 진짜로 광고에 내용이 다들어가있어 ㅡㅡ
8, 코미디의 한계를 확인 시켜준 영화. 재미로 따지면 개콘이 훨 웃기겠죠?ㅋㅋ
7, 영화를 보는 내내 생각했던  이 영화 정말 장진스럽다ㅋ 괜찮은 영화 같아요 이 사회를 꼬집는듯한^^
10, 군더더기없는 최고의 코미디!!!
10, 정말 기대않고 본 영화였는데 너무너무 재밌었어요 역쉬 장진
10, 전반적으로 괜찮았습니다.바르게 살려는 한남자의 이야기
6, 광고에는 액기스만 나왔네... 광고가 다~ 라고 느낀 또하나의 영화 보고나서 허무하다고 느낀 영화.
8, 구성이 좀 엉성하긴 했으나 쓰레기 조폭들 판치는 한국 코미디 영화중 그래도 가족들이 유쾌하게 볼만한 영화였음
8, 한국 영화의 힘은 이런 것이다. 일본 영화보다는 와일드한  그 무엇이 한국 영화에는 있다. 재밌게 봤다.
1, 말이 안돼는점이있네요 실컷 죽었다고 설정되있던 반장이 막판에는 왜살아서 차를 운전합니까 그리고 12명이라고하고 2명모른다고햇는데 그럼 죽은사람이나와서12명이 어떻게 움직입니까 죽은사람은 빼야죠개판이네
9, 기대했던것보다 정말 신선!!!!하고 유쾌한영화였던것같습니다.
10, 재밌음...
10, 신선했어요 ㅎㅎ 재밌게봤어요 ^^
3, 이게 영화냐 수준들 알만하네 눈버렸다 쩝...
10, 정말 잼있네여..
8, 쓸만하지
8, 흠..기대치가 커서그런지 썩 재밌지는 하지만 신선한소재와썩은공무원을 꼬집는 내용등 좋네여..
8, 예상외로 재미있었습니다!!^^
9, 재밌고 유쾌한 스토리... 비주얼이 아쉽긴 했지만  역시 장진의 각본이다!
8, 주인공의 어벙한 행동이 재밌더라구요. 한편 실제 상황이었으면 사상자가 8명이었을 거라는 주인공의 말은 씁쓸 했구요..
1, 정말 재미 없었고~ 솔직히 돈이 아까웠삼..내가 평점보고 친구한테 권유까지해서 봤는데..민망했음.. 유치하게 웃길려고 하는거 같았고 그냥 시간때우다가 나왔음. 알바가 진짜로 있기는 있구나~
9, 상황 상황 진행이 너무 재미있습니다.
10, 아무내용도 모르고 봤는데 유쾌하게 웃었습니다~ 꼭보세요 잼있습니다~
10, 이 정도면 괜찮지_ 도대체 뭘 더 바래_
6, 약간 실망한 영화... 그냥 조금만 재밌다.
10, 요새 정말 볼거 없길래 기대하지도 않고 봤는데... 정말 엄청 웃으면서 봤어요ㅋㅋㅋㅋ 아직도 영화 한 장면을 생각하면 혼자 미친듯이 웃는다는ㅎ
10, 따뜻하면서 배꼽잡는 웃음이 나오는 영화였습니다. 우스운 영화가 아닌  즐거운 웃음이 나는 영화입니다~
9, 억지로 웃기려는 기존의 우리나라의 코미디와는 다른 새로운 코미디시장의 개척!
10, 오랫만에 정말 신나게 웃었네요 역시 장진감독이에요!!!
10, 투캅스 이후 가장 재미있게 본 영화!!! 생각하지 마라... 그냥 눈으로 보고 귀로 듣고 마음껏 웃어라!!!
10, 아  장진감독  정재영씨 너무 좋아요-_ㅠ 기대하지 않았던 곳에서 터져나오는 웃음 ㅎ 유쾌하게 잘 봤어요~
0, 알바가 존재하는것을 이영화를 보고알았다.
10, 그냥 웃으려고 보러갔는데  정재영님의 연기가 좋아서인지...  한마디 한마디가 찡하던데요.  시간이 더 할 수록 강도 입장에서 한번 생각하게끔.  물론 강도짓은 나쁜것이지만. 그래도 찡합니다. 물론 재미있구요.
10, 재밌엇어요 ^^ㅎㅎㅎ영화비 안아까운 영화 요새 찾기 어려운데 ㅎㅎ 이건 한번쯤 봐도 좋은영화 ㅎㅎ
10, 장진스러운 영화~유쾌하게 즐겁게 봤음!! 다들 연기도 잘 하시고~
7, 재밌다는 얘기들을 하시실래 부푼 기대를 가지고 보았습니다 얘기처럼 재밌긴햇지만 지루한감없지않았나합니다
10, 잼있다고 들었지만 이렇게 잼있을줄 몰랐다...시나리오도 마음에 들었다..웃음을 찾고 싶을땐 이 영화를 추천한다!!
10, 웃김ㅋㅋㅋㅋㅋㅋㅋㅋ
5, 웃기긴웃겼던영화
10, 진짜재밌음 ㅋㅋ 기대하고갔는데도 진짜 웃겼음 ㅋㅋ  보면서 실컷 웃고 즐기다 온 영화~ ㅋㅋ강추!
10, 코미디는 어찌됫건 웃기기만 하면 되는거 아닌감??ㅋㅋ 난 웃기던데.^^
8, 장진 감독영화 답다는 느낌이 강하다...ㅋㅋ 약간은 눈에 보이는 전개... 그러나 사이사이 웃기는 장면은 최고다..ㅎㅎ 날씨 좋은날 기분좋게 여친이랑 본다면 추천..^^
10, 꼭 보세요 !
10, 정말 재밌게 봤고 엄청 웃었던 영화..그래서 만점 다 주겠습니다^^
9, 제 취향엔 아주 재밌던데요 발상도 특이하고 ㅋㅋ 여하튼 재밌게 봤네요
10, 91
10, 이 영화의 매력은 철저히 장진표 코메디라는 것입니다. 옷이 아무리 예뻐도 입는 사람의 능력에 아름다움이 좌지우지 되듯이 이 영화도 그래요^^ 취향의 문제~ 나한텐 굿굿+_+
5, 딱 장진 분위기 코미디. 그럭 저럭.
10, 결말 예상 안되고 ㅋㅋ
10, 장진표코미디와 정재영연기~ 기대이상!
10, 전혀 기대 안하고 봤는데.. 영화관에서 사람들하고 같이 막 웃어가면서 보니까 너무 재밌었어요.. 그래서 입소문 내고 그랬는데 왜 생각보다 평이 별로지? 이상하네..-_-;;
10, 미친듯이 웃고 나왔음...유쾌한영화!
10, 억지감동 억지웃음 없는것만도 크게 신선한 영화라니까.
5, ㅡㅡ 그닥 재미없는데
10, 기대안하고 본건데요. 그래서 더 재밌게 봤나봐요. 온가족이 모처럼 유쾌하게 영화보고 나왔네요. 다들 좋아해서 다행이였어요.
7, 재미있다 그런데... 원작은 일본꺼라고... 국내 작가는 놀고 있는겨?
10, 재밌어요ㅋㅋ 아이디어도 기발하고ㅋㅋㅋ 뒤로 갈수록 폭소 ㅋㅋㅋㅋ 관객들도 다 나오면서 진짜 웃기다고 하면서 나가고ㅋㅋㅋ 오랜만에 좋은 영화 건진거 같아서 뿌듯해요
10, "재미있는"영화는 많지만 "웃긴"영화는 많지 않다.심슨가족 더 무비 이후로 영화관에서 웃을 수 있게 해줬던 영화.
10, 진짜 재미있었어요 ㅜㅜ ㅋㅋ
9, 재미있게 웃을수 있었던 영화였습니다.아주 좋았습니다.
2, 웃기지만 그렇게 재밌는것을 느끼지못함 ㅋㅋ
9, 앞부분 조금 지루하고 끝이 약하긴 했어도 정말 재밌었어요ㅋㅋㅋㅋㅋ
9, 재밌다재밌다웃기다웃기다 영화 졸라 귀엽다 우산쓰고 맨발로 버스에 뛰어갈때 뒤집어짐
10, 보면서 너무 잼있어서 한참을 웃었어요~ 꼭 보세요~ㅎㅎ
7, 장진스러운 영화.........결말이 약하긴 하지만 재밌는...
8, 남자친구랑 봤는데 첨에는 좀 지루하다가 금새 웃기고. 그리고 이 영화의 발상이 잼나요.. 저는 돈 아깝다는 생각 안했는데.
10, 웃음에미소까지. 진짜 재미있게봤어요. 꼭보세요 !! 저기아래 긴급19호에 비교하시는데 그건 좀 심했어요. 긴급은 진짜 쓰레기였죠. 이건 달라요
5, 웃기긴한데.....그닥...뭔가얻어가는기분은 없었음ㅋㅋ
10, 지금까지 본 코믹영화중에서 실망 안하고 맘껏 웃을 수 있었던건... 화이트칙스랑 바르게살자 두개뿐...
9, 재미있더만 뭘~ 영화 보면서 꼭 뭘 끄집어 낼라드만 그래놓고 뭘 집어넣으면 어렵다는둥 재미없다는둥 그럴라면서...
7, 욱기긴한데.......지루함도 한몫!!
8, 웃기기도 하고....마무리도 넘 허무하지 않고.....
10, 정말 예측불허   너무너무 재밌어요.
8, 마음껏 재대로 웃긴 웃었는데~~왠지 한구석이 조금~~~
0, 최악의영화를 내돈주고 봤다는데 있어서 자부심이 느껴지네요 긴급19호를 능가하는 웃음    보는내내 1번 피씩  여러분 진짜 10점은 다 알바고 진짜 보면 안도이ㅛ  ㅜㅜ  제발 돈내고 본사람의 간곡한 부탁입니다.
6, 사람들이 재밌다길래 기대정말 많이 하고 봤는데..웃기긴 웃긴데 이건 정말 억지웃음..웃겨서 웃다기 보다 기가차서 짓는 웃음..ㅡㅡ 갠적으로 정재영이라는 배우를 좋아하지만 이번영화는 쫌...
9, 재밌는데 웃기고 ㅋㅋ 정재영 넘 좋아 ㅋㅋ
7, 바르게 사는 것이 힘든 사회. 소신대로 살면 답답해 보이고 도리어 지탄 받는 사회. 빗나가는 예상들로 웃음을 자아내는 상황들. 기존의 코메디와는 다른 웃음코드가 괜찮았다
10, 재미잇음ㅋㅋ
2, 설마했는데  또 속았다. 알바에게........... 한마디로 영화가 아님.
4, 한심.
9, 독특한 소개와 뛰어난 정재영의 연기력^^ 아쉬운 점은 경찰고위의 미스캐스팅과 약간의 억지
8, 제 갠적으로는 재밌다고 평하고 싶네요  대박웃낀건 안나오는데  그래도 중박으로 가늘게 웃깁니다  ㅋ 연기도 나쁘지많고   다만 설정이 억지라고 할까  그래도 빠져서 영화보면 그닥 나쁘지않아요  전 좋았습니다
1, -- 이거 잼있다고 한사람 진짜 다보고 적은 글인가요 ??? 스카이온 가서봤는데 객석 텅텅비고 난 여친이랑 보다가 자버림 ㅡㅡ 정말 해도해도 너무했음 돈내고 보기엔 정말 아까운영화 넘 아까움
10, 여자친구랑 정말 재밋게 봤습니다.  정말로 주유소 이후에 배잡고 웃어본적 첨이네요. 장진 감독님 짱...최선을 다해주셧네요 ㅋ
10, 워낙 장진감독과 배우정재영을 좋아라해서 아주 재밌고 유쾌하게 봤어요^ ^
3, 그다지 재밌지는 않았는데..
10, 예고편도 못봐서 별로 기대 안했는데 최고더라구요 ㅋㅋ  총 쏠때 진짜루 하는줄알고 놀랐는데... 정말 대단했어염... 올만에 졸지도 않고 본 영화~~
9, 난 재미잇게 봤는데.. 사람마다 개인차이 아닌가요? 괴물보다 낫구만..
10, 전 재미있던데요~!! 그냥 보는 내내 지루하지 않았어요~ 같이 간 칭구들이랑 배꼽 잡았는데~내가 유치한가~ 그냥 웃으면서 즐겁게 봤으면 된거죠~ㅋㅋ 난 강추~!!웃자고요~!
9, 살짝 기대 안했지만 아주 즐겁게 본 영화. 단순한 내용이지만 지루하지 않았다. 약간 생각하게도 만드는 영화.
0, 뭐가 웃기다는건지........... 영화관에서 보기는 좀........
9, 정말...너무 웃겨서 즐거웠던 영화^^
10, 열심히 살아가는 사람의 모습을 엿볼수 있었다
10, 완전재미있어요 ㅋㅋㅋ
10, 진짜 완젼재밌어요~~ 정말 정재영 최~~~~~~~~~~고 웃겨 죽는 줄 알았어요~ 내용도 탄탄하고~
9, 진짜 재미있습니다!!
9, 재밌음 ㅋㅋㅋ
10, 재미있다는 말은 들었는데 보기로 해놓고는 별 기대 안했습니다. 근데 정말 간간히 웃음이 끊이지 않도록 재미있더라고요. 이 영화는 절대 정말 웃기단다..뭐 이런 기대는 갖기 않고 보는게 중요한듯~ ㅋㅋ
10, 음..이영화는 사람마다 다른것 같은데요..전 정말 재밌게 봤어요.간만에 코믹영화를 봐서 그런지 너무너무 웃기고 속시원했거든요..영화관에 사람들도 꽉차 있어서 다른사람들 웃을때 같이 웃구요..ㅋㅋ 추천합니다.
9, 재밌더라고요^^정말 역시 장진표유머스러운ㅋㅋㅋㅋㅋㅋ
10, 솔직히 별로 안 웃긴 장면에도 사람들이 웃으니깐 나도 웃었다. 재밌게 봤는데 난~~
7, 사람이 별로엄써서 분위기가 별로 엿음 분위기별로니깐 잘웃지도 않았음ㅜ
9, 재밌습니다!!
10, 올해들어 가장 크게 웃고 재미있게 본 영화에요. 넘 재미있어서 친구들에게 소개하고 싶네요. 담에 또 보고싶은 영화에요. 지금도 웃음이 나는 우산씬ㅋㅋㅋㅋㅋ 안보면 몰라요...
10, 완전 웃겨여~~~~~~~~~~^^ 두시간 동안 넘 재미있어서 스트레스 풀고 나왔어요ㅋㅋ 조연들 연기도 좋았고 큰소리로 모두 재미있게 웃고 나왔어요. 역시 바르게살자!!!짱
10, 편안 마음으로 얼마든지 즐겁게 볼 수 있는 영화 !!
10, 저 전문가평점은 뭐야 유머가 미달이라니...내가 본 한국영화중 최고다..울면서 봤다너무 웃겨서 눈물이 나더라...엔딩후 일어나서 기립박수 치고 싶었다..장진대박!대박!진짜 본지 2~3시간이 지났는지 아직도 설렘
7, 제 옆에 사람은 뒤로 넘어갈 듯이 웃던데 솔직히 분위기 타서 웃는 것 같아요  그래도 재미는 있었어요ㅋㅋ
0, 보기전에 진짜 재밋다그래서 봤는데 이거 뭐.. 별로 영.. 휴; 몇번웃었는지..  제친구는 자던데요. 전 돈아까워서 잠도 못자구ㅠㅠ
0, 보는내내 한번도 안웃었는데 머가 웃기다는건지 몰겠음.. 10점 준사람들 절대 이해안감...재미도감동도내용도 없고.. 보다 중간에 깊은잠에 빠졌음..ㅡㅡ
10, 웃기기도 했지만 전 좀슬퍼서 울었는데;;ㅋㅋ 암튼정말 좋은영화이구요 이거 보고 정재영 팬 되었어요 ㅋㅋ 정재영짱귀여움..ㅋㅋ
10, 너무 재밌게 본영화..   한국영화 역쉬 최고
10, 상황하나하나가 재밌는 영화였어요. 영화관내의 사람들이 대부분 즐겁게 웃으면서 봤고요. 정재영의 어리버리하면서도 고지식한 캐릭터 연기도 재밌었고요. 푸쉬업후 강간종이도 웃겼고요 ㅎ
10, 가장 재미있게 본영화 ㅋㅋㅋㅋㅋㅋㅋㅋㅋㅋ
10, 기대이상으로 재밌게봤써영 (>_<)
4, 돈아까운영화.. 옆에서 웃는데  뭐가웃긴지모르겠음. 레지던트이블이나볼껄...
1, 절라게재미없어요 내용도없고 흥미도 없고 재미도 없고  정말 이해를 할 수 없는 영화에요.. 절대 보지마세요 돈이 아까워요
1, 이게 풍자냐? 전문가도 무개념
9, '최선을 다해 엎드렷' 완전 지대다.. 쓰러짐
10, 멋진경찰제복이 잘어울리는 배우 정재영!!
9, 편하게 웃고 나올수 있는영화~
10, 정말 오랜만에 재미난 영화 봤습니당~~ 정재영 화이팅~~ ^^
2, 진짜 재미없었거든요..............................
10, 기대도 안하구 봤는데.... 너무 재미있었어요 ~ ㅎ
9, 감동같은건 전혀없지만 진짜로 재밋어요 ㅋㅋㅋㅋㅋㅋㅋㅋ
8, 웃길땐 진짜웃긴데. 지루할땐 진짜지루한영화..  난 좀 많이 지루했는데 친구는 재밌었다고...
9, 기대를 안하고 한국영화 한번 보자는 마음으로 봤는데 그래서 그런지 재밌었음 ㅋㅋ 진짜 배아플정도로 웃었다는 ㅋㅋ  정재영 귀여움ㅋㅋㅋ
6, 그냥 기대하지 말고 보면 그런대로 돈 아깝다는 생각은 쫌 덜 드는 영화  성룡의 러시아워보다는 휠 낫다는 생각
10, 너무 재미있었어요~
8, 웃으면서 봤는뎅 ..쬐끔 지루하게 느낌 부분도 있었어염 기대하지말고 편하게 봐염 ~
10, 최선을 다해 웃었더니 두통이 오더라ㅋㅋ
9, 실신과 강간.. 최고 ㅎㅎ
9, 그냥 무난하게 웃긴 영화...ㅋㅋㅋ
9, 그냥 맘 편하게 웃다가 오세요 ^^
9, 정재영의 연기에 대해 다시한번 감탄하였고  중간중간 웃긴장면이 영화를 보는 내낸 너무나 좋았습니다. 부담없이 보기 좋은 영화입니다.
1, 평점이 왜이리 높은건지; 10점준사람들 웃음코드가 의심스럽네요    예매권 당첨되서 공짜로 봤는데도 시간이 아까웠던 영화   
9, 별로 기대를 안하고 봐서 그런지 생각했던거보다 훨씬 재밌었던 영화..정말 아이디어가 기발하고  계속 웃음짓게 하는 영화였어요
10, 이야기가너무재미잇어요ㅋㅋ실신 포박 강간 사망 등 너무웃겻어요 ㅎ장진영표정과그주위사람들의연기ㅎㅎ 아웃겨배쨉니다 ㅎ꼭보세요ㅎ
9, 재미만땅
10, 강간&마지막 반전
9, 솔직히 보기 싫었는데...친구가 보자고 해서 어쩔수 없이 보게되었지요..근데 계속 웃음이 나오던...재미있는 영화입니다!
10, ㅋㅋㅋㅋㅋㅋㅋㅋㅋ정신없이 웃으면서봣네요...코믹연기보면서 연기 잘하다고 생각해보긴 첨이네요...정재영씨 연기 최고!!
9, 상영시간이 40분으로 느껴지는 착각을...
8, 재밌긴한데 너무 기대를 많이 해서인지 다소 재미의 감동이 떨어지는듯ㅋ 하지만 만족합니다.ㅋㅋ 캐릭터가 맘에 들어요~ㅋ
7, 재미는있었던영화.제가감정이없어서잘웃진않았지만아이디어가기발하긴하고또남들은그거에잘웃더라고요.기대를많이해서그런가아님예고편을봐서그런가여튼엄청잘봤다라고는생각이안나오는영화.
10, 기발한 아이디어~ 그 끝은 어디인가!!!!
2, 이젠 후기도 믿을수가 없네요 걍 내눈으로 직접 보는게 제일 확실...왜이렇게 평점이 좋은지 알수가 없음;;
10, 10점 만점에 10점 아깝지가 않다..결말부가 조금 아쉽지만 영화보는 내내 웃었다..ㅎㅎㅎㅎㅎㅎ
10, 진짜기대안하고봤는데!아진짜완전재밌어요~ 보는내내계속웃음~웃음이끊이지를않는영화^^
10, 엄청웃었어요ㅋㅋㅋㅋㅋㅋ
9, 정말너무재미있었습니다..신나게웃었습니다..일본원작이란점만빼면 정말좋은영화였습니다..
10, 기대 안하고 봤는데 ㅋ 너무 웃었어요~ 간만에 재미나게 보고 왔습니다~ ㅋㅋ
10, 정말..새로운 방식의 시나리오~~!! 폰부스  셀룰러를 능가하는 재미!ㅋ 뭣도모르고 봤다가 기분 좋아졌어요 ㅎ
10, dㅋㅋㅋ강간에서 관객들 다쓰러졋ㅋㅋ존나웃김
10, 이거보고나서 계속 생각나서 피식피식거렸어요 ㅋㅋ
10, 진짜영화안보고평을매기지말란말이다 나는보면서배꼽빠지는줄알앗는데주위서는다들잼나다고난리인데.  -_-뭐니  보고나서말해보고나서!!!
10, 별 기대 안하고 봤는데 빵빵 터지는 웃음~~
10, 아~~~욕 안하고도 이렇게 근사한 영화를 만들 수 있는데... 정말 잼게 봤어요.
10, 영화 보는 동안 몇 번이나 웃었는지 모르겠습니다 게다가 막 박수 까지 치면서.. ㅋ 아직 안보셨다고 꼭 보세요 정말 재미 있음!
10, ㅋㅋ 어무니 인감도 한몫했음돸ㅋ
9, 이런 코믹영화가 진정한 코믹영화....욕설도 없고..깔끔하게 상황으로 웃겨줍니다. 시간도 짧아서 부담없고...아무튼 강추.
9, 기대안하고 봤는데 너무 잼난다. 나는 정말 강간에서 쓰려졌음 ㅋㅋㅋ
10, 역시 보는 사람마다 평가는 다 다르네요... 갠적으로 최근에 본 코미디 영화중에서는 가장 신선하고 재미있었는데...
9, 팻말 개그 진짜 웃겼어요. ㅡㅜ 까칠한 은행 여직원 어쩔거야.
9, 재미있어요.
8, 정재영님과 장진감독의 뭔가를 아시는분은 재밌을꺼예요. 아는여자나킬러들의수다가 재미있었던분들은 이영화를 선택해도 후회안하실꺼예요! 완소 정재영님 ♥
10, 역시 장진-정재영 이잖아...^ㅇ^ 넘 좋아ㅋㅋㅋ
10, 기대안하고 봤는데 진짜 재미있었음ㅋ원래 이런거 쓰는거 잘 안하는데 이건 완전ㅡ추천ㅋ정재영 너무 기여워!!!
8, 강간..실신..러브엑추얼리에서 볼수있는..통장신ㅋ웃겼어요..근데 10점 만점은ㅋㅋ약간 끝에서는 지루함..
10, 진짜진짜 재밌었는데  마지막이 약간 허무
10, 아우 미쳐 중간에 나오신 협상가 최고!!!!
10, 기대 안하고 봤는데 역시 장진과 정재영 콤비는 최고다. 중간중간 터지는 폭소를 어찌 참을까. 올해 영화중 가장 유쾌하게 봐서 돈 안 아까운 영화
10, 장진 감독이 아니면 누가 또 이렇게 만들 수 있을까. 우리나라만의 정과 마당놀이 문화를 느낄 수 있는 즐거움이 가득한 사탕같은 영화.
10, 장진감독식 코미디. 내겐 완소^^ 정재영씨의 우직한 연기가 빛났던.. 정말 재밌는 영화였습니다. 조조로 한번 더 봐야겠어요~ㅎㅎ 강추!!
10, 한국영화치고 소재가 독특해서 넘 좋은 영화...
10, 할머니 쓰러질 때 완전ㅋㅋㅋㅋㅋㅋㅋㅋ
10, 아 정재영씨 진짜 너무 우끼요.ㅋㅋㅋ 보통 코믹영화가 아니고 진짜 제대로 댄 코미디!!! 억지로 웃기려는 그런것도 없어서 너무 좋은거같아요
10, 심야영화로 즐거운인생 보려다 너무 늦어서 하는 수 없이 봤는데요.. 진짜 웃겼어요 ㅋㅋ 기대안하고 줄거리 모르고 보니까 더 신선하고 웃겼어요~~ 아진짜 제대로 ...ㅋㅋㅋ
8, 재밌었어요..다들 10점 주시는데..예고편을 보고 영화를 본거라..이번건..8점 드립니다..ㅋㅋ
9, 코미디영화로는 정말 최고 !!
10, 넘넘 재미있어요 ㅋㅋㅋ 코믹영화의 지존
10, "장재영"이 나오는 영화라면 하나도 빼놓지않고 모두 관람햇다. 요번 바르게살자 역시 기대만큼 만족감이 잇는 영화다 . 사실 코믹영화는 극장가서보기엔 돈이 아깝다 생각햇는데 정말 돈아깝지도않고 후회안됨
9, 왠지모를어정쩡함이있었지만 웃겨 자지려지정도의 장진감독만의 코미디가 있었음ㅋ
10, ㅋㅋ 보면서 계속웃었네요~ 반전도재미있어요~
10, 친구랑 오늘보러갔었는데 정말최고였어요 끝까지 웃게해준 영화 절대 돈안아까웠구요 정재영연기정말 최고였습니다 우반장님도 웃기던데요 ㅋㅋ 정말 영화처음부터 끝까지 후회스럽지않고 재밋습니다
10, 저는 코미디 영화관에서 잘안보는데요!! 친구추천에봤는데 ㅋㅋㅋㅋㅋㅋ완전 재밋어요!!!! 정말 한국 코미디영화가이렇게 재밌을줄은.. 여튼 엄청재밌습니다 !! 한번 보세요!!!
10, 코미디 영화가 재미있으면 되는거아닌가? 그냥 생각없이 유쾌하게 웃었던 영화 ㅋㅋ 돈아까운영화 .. 솔직히 이게 최고아닌가 ? 영화보고 돈 안아까우면되지뭐 ㅋㅋㅋㅋ
10, 진짜완전짱이에요~^.^아무생각없이혼자서막웃었어요!! 정재영씨연기짱이에요^-^*진짜진짜진짜추천
10, 역시 장진 감독. 장진 감독만의 위트가 살아있는 영화.
9, 완전 큐트.... 마음이 따뜻해진다...
9, 우울한 요즘.. 모처럼 재밌는 영화를 봐서 웃을 수 있었습니다.
9, 유쾌하게 잘봤습니다!!정재영씨 연기 최고!!! ^^
10, 오랜만에 즐겁게 본 한국영화!!! ㅇ후회절대안함ㅋㅋㅋㅋ
10, 너무 재밌게봤어요! 원래 코미디영화는 별로 안좋아하는데 이건 다른사람에게도 추천할만큼 재밌게봤습니다 ^_^
10, 코미디 영화를 좋아해서 많이 보고는 했는데  진짜 다 돈아까웠는데 이거는 돈 하나도 안아까웠음 ! 너무재밌음 ~~~~~~~~~~~ 친구들도 다 재밌다고 막 애들한테 보라고 막 하던데 ㅋㅋㅋㅋ
10, 그냥 아무 생각 마시구 가서 보세여 그럼 스트레스 풀어주는 간만에 재미난 한국영화 라구 생각하네여 요즈 한국여화 부진 했는데 간만에 물건 나온듯 암튼 잼나서여 갠적으루
8, 장진스러운 영화
10, 기대안하고 있다가 그냥 친구가 재밌다고 해서 봤는데 재밌던데요 극장안 사람들 다 웃고 난리났었음 꽉꽉차고 재미없다는 사람은 다운받아서 봤나 ;
9, 정재영씨 완전 좋아해서 너무 보고 싶었던 영화!!!!!!!!!!!!!!! 아 진짜 웃겨요... 정재영씨의 매력을 엿볼 수 있는 영화♥
10, 정말 재미있어요! ㅠ.ㅠ 처음부터 끝까지 다웃었음 근데 솔직히 이영화재미없을줄알고 들어간거 였거든요 근데 재밌드라구요
10, 큰 기대하지만 않으면 충분히 즐길 수 있다
10, 어제 봤는데 정말 재밌어요+ㅁ+!!웃겨죽는줄 알았어요^^!!!후회 안하실 거예요ㅋㅋㅋ
10, 돈안아까움 웃김ㅋㅋㅋ 장진감독님이번에꼭흥행ㄱㄱ 정재영완ㅈ전귀여움ㅋㅋ
9, 재밌음..
6, 몇몇 장면은 좋았지만.. 전체적으로 약하다는 생각이 드는데..
10, '최선을다해서웃겨드립니다 'ㅋㅋㅋ 진짜 재밋어요 ><정재영오빠연기도 진짜 잘하시고>< ㅋㅋㅋㅋㅋ 진짜 재밋어요 ^^ ㅋㅋㅋ
10, 간만에 제대로 재밋는 영화 발견~~!!!  장진 감독님 이번엔 흥행 성공성공!!
10, 정재영 연기잘함!!!ㅎㅎ 오랜만에 재밋는 영화본듯^^
10, GOOD
10, 영화보는내내 정재영 귀여워 뒤지는줄 알았음 ㅋㅋ
9, 기대안하고 봤는데 역시 장진감독이더군요...기발한 생각이 넘쳐나요
8, 돈안아까움
10, 억지스럽지 않은 웃음이었습니다.. 요근래 코미디중 단연 최고인듯!!
7, 볼만했음...돈 안 아까웠음...
10, 완전 재밋엇음 같이 관람관에 있던 사람들 너무 웃겨서 막 박수치고 ㅋㅋㅋㅋ 추천!
8, 오랜만에 크게 웃었습니다
8, 재미있도만
6, 예고편을 보고 봐서인지 나는 너무 지루했다. 하지만 남자친구는 재밌다고 했다.
10, 최근에 본 영화중에 최고입니다. 정말 넘 웃다가 나와서 힘들지경입니다. 한마디로 코믹영화를 좋아하는 분들에게 짱~ 강추 강추
10, 정말 최고 !!!!! 계속 웃다만 나왔습니다 ㅋㅋㅋㅋㅋㅋ
7, 필름있수다 영화는 어딘가 유쾌한데가 있어서 좋음. 예상대로 유쾌함ㅋ
10, 정말 신나게 웃었습니다.  정말 상상력이 풍부하십니다 ㅋㅋ
10, 즐거운 영화!! 영화보고 나온뒤 사람들의 얼굴에 다들 미소가 ^_^  저는 돈이 아깝지 않은 영화였어요!ㅋㅋㅋ 역시 장진 그리고 정재영!!! 강추!!!!
10, 굿
10, 짱재밌음ㅋㅋㅋㅋ정재영나오는건다재밌는거같애ㅋㅋㅋ암튼진짜재밌음
8, 잼있더라..중간중간 웃고.. ㅋㅋ
10, 오늘 봤는데요 ㅋㅋㅋ 진짜 계속 웃으면서 봤어요~~ 아 역시 정재영 연기 잘해서 좋아요 ㅋㅋㅋ 완벽한소화!! 추천해줄만한 영화에요 ㅋ
9, 재밌었어요~깔끔한 이런 영화.. 정ㅁㅏㄹ 좋더라
10, 장진 감독 스타일 영화를 좋아한다면 강추입니다! 웃기면서.. 느끼는 것도 많게 하는 영화였습니다.^^
5, ↓ 너가 알바같다... 코고는 아저씨는 누가 안깨우던??? 다른사람이 식상해하는건 어떻게 알았냐~?? 독심술하냐?
9, 내용을 전혀 모르고봤는데 생각보다 넘 잼났어요~ 보는 내내 즐거웠다고 할까요?정재영 다시봤어요~~ 나도 실신중 ㅋ
10, 완전 배쨋음 ......... 푸쉬업할때랑 우산들고 잇을때 완전 배쨈 ㅜㅜㅋㅋㅋㅋ
5, 역시 코미디는 비디오로! 처음에는 좋았다. 재미있게 잘 나가더니 중간부터 늘어지다 못해 풀려버린 이야기. 왜 끝까지 이어가질 못했는지. 코미디 영화가 답답하게 느껴지기는 처음이다. 그리고 말장난 너무 심해요
10, 짱 웃김 ㅋㅋㅋㅋㅋㅋ웃겨서 실신중~~ㅋ
10, 왜? 난 영화관에서 낄낄 웃으면서 봤는데 ㅋㅋㅋㅋ 뭐 보기 나름이지만...
10, 완전 오랜만에 큰 웃음 얻고 왔습니다. 아무 생각없이 가서 봤는데 정말이지 최고였습니다. 꼭 꼭 보세요 ㅋ
9, 이거 진짜 잼나게 봤습니다..강추~~
9, 존나웃겼ㄷㅏ..ㅋㅋㅋㅋㅋㅋㅋㅋ
9, 직접 보고나서~실제평가하렵니다~
9, 정말재미있었슴돠..별루 기대는 안했는데 웃음이 나더라구여..
10, 엄마와 함께 실컷 웃은 영화~~ 부모님이랑 보러가기 좋을꺼 같아요~~ 추천~~~!!
10, 정말 재밋게 봤어요.ㅋ 올래 카핑베토벤볼려다가 상영안해서 바르게 살자봤는데 재밋었어요~
8, 장진스탈-과하지않은 웃음을 주는 영화네요~
9, 별기대 안하고 봤는데 너무 재미있었다. 기발한 생각들?? 진지한 얼굴의 정재영에게서 나오는 코미디 ㅋㅋㅋ
6, 웃기지도 않고 재미있지도 않고    전 그저그런영화였슴돠~
9, 별 기대 안했는데 시종일관 웃게 만든 영화!!허를 찌르는 기막힌 설정과 배우들 연기 좋았다ㅋㅋ
9, 재밌는영화!!ㅋㅋ 꼭보세요 ㅋㅋ후회안함..!!
10, 내 생에 이렇게 배꼽잡고 심하게 웃으면서 영화를 봤던게 얼마만인지...이렇게 재밌을수가 !!
8, 광고에서 너무 많은것을 보여줘서...모르고 봤으면 훨 재밌을것을...
10, 와 최고! 처음에포스터보고..뭐야했는데.. 역시 장진이였어요. 최고에요최고에요!! 웃다가 너무 웃겨서 울었어여 ㅋㅋ
8, 장진스러운 영화. 억지스럽지 않은 웃음. 좋다!!
10, 점수를 아낄수 없다.처음부터 무언가 나오길 기대하는 졸갑은 떨지마라. 보다보면 상상추월 품격 코미디가 기다린다
10, 진짜 재미있게 봤음.....ㅋㅋ
4, 이런 내용이 뻔한 코메디물이 한국영화를 망치는 듯... 감동은 없고 말장난에 쓴 웃음만....
10, Good! 오랜만에 괜찮은 영화 봤어요.
9, 잼남..추천.
10, 그냥 배우분을 말 한마디에 편안히 웃을수 있는 영화다ㅋ
10, 역쉬 정재영과장진의 환상의 콤비영화에염^^-아기자기하게 꾸준히 웃음코드가있네요 아주 따뜻하고 훈훈하게 봐떠요^^
8, 실컷 웃고 나와떠여 기대하지 않고 들어갔는데 반전에 반전 ㅋㅋ 팔굽혀펴기 하구 강간 했어요 웃기더라구여~
10, 오~~~ 너무 웃겼음 역시 장진 감독님이셔요~~~
10, 정재영 킬러들의수다때부터 너무 좋아했는데 정말 이번 영화도 재밌게 봤습니다. 본인 취향에 따라 다르겠지만 전 정말 오랜만에 유쾌하게 웃었네요^^
10, 정말 장진...기대를 언제나 충족시키는..오랜만에 제대로된 코미디를 본 기분입니다. 실컷 웃을실분들 추천합니다!
8, 기대없이 봐서인지 더 재밌던데... 진짜 평점 낮게 주는 사람들이 알바인듯ㅡㅡ 영화관에 있던 사람들 다 재밌게 보던데...
10, 너무 웃겼다 ㅋㅋㅋ
10, 점수 낮게 주는 놈들이 알바다 ㄱ-
8, 배꼽이 빠질만큼은 아니었어도 보는내내 계속웃었슴다.. 잼나여...
8, 웃겼음 장진스타일... 이제는 변화가 필요해요. 식상해지고있어요. 하지만 여기까지는 대체로만족해요.
2, 이런영화 정말          
10, 문학적 평가 없이  정재영이라는 영화배우의 개성을 아주 잘 살렸다. 특유의 낭창하고 느릿느릿한 태도가 정재영에겐 더없이 어울리는 캐릭터 이미지가 되었던것 같다..
8, 기대를 안하고 봤는데 완전 재미있어요~~ 처음부터 마지막까지 웃음이 이어졌던 것 같아요.  저뿐만 아니라 같이 간 사람들 모두 크게 웃고 왔답니다
10, 짱이야 넘 넘 재밌ㅅ어요 ㅋㅋㅋㅋ
5, 12살된 아들은 잼난다고 했구  41살된 남편은 엉성하다 했구 38살된 나는 아이디어는 좋았는데..글쎄 뭐랄까..10점중에 5점
8, 소소하게 웃긴 약간은 지루했지만 그래도 나름 재밌었네요
10, 솔직히 진짜 웃겼다...ㅋㅋㅋㅋㅋㅋ 올들어 배꼽빠지게 웃은 영화인듯 ㅋㅋㅋㅋ 진짜 진짜 재미있다~ 보고싶었는데 보게 되서 정말 좋았다다아아앙~~~
3, 킬러들의수다이후한번더장진감독한테실망한영화
10, 올 보고 잡음돠... 배잡고 본다고 시겁했어요... 넘 재미있어...간만에 실컷 웃었넹.. 이거 넘 재미있어요.. 왜 이 영화가 잼없다고 하는지..넘 재미있어요...*^^*
10, 진짜재밌었어요 꼭 보세요 돈 아깝지 않아요~
10, 너무 재미 있었어요 보는 네네 한참 웃었어요 극장안 사람들이 전부 웃더군요
10, 제미있다. ㅋㅋ
10, 저는 기대를 안하고 봤는데 정말 재미있었어요 ㅋㅋㅋ 솔직히 10점짜리라고 하기는 좀 그렇지만 억지웃음이 아니어서 정말 좋았어요 !
8, 장진의 위트가 느껴지는 영화...도지사관련 내용이 약간의 미스를 남긴점이 약간 아쉬움점....ㅋ
10, 이게재미없다고 하는사람 이해가안간다ㅋㅋㅋ 영화보는내내 웃고 화장실도 못가고 봤는데ㅋㅋㅋ정재영너무멋있어ㅋㅋㅋ
10, 어제 오후 7시25분 영화를 재미있게 본후 나가려는데 입구에서  직원들이 못나가게 해서 순간 당황했는데 주연배우들의 무대인사가 있었네여.우리팀들은 앞에서3번째줄이었는데 영은씨 진짜 이쁨.ㅋ 영화두 잼났구여
3, 장진은 50% 부족하다
10, ㅋㅋㅋㅋ 기대 않하고 봐서 그런지 정말 재밌었어요 ㅋㅋ
10, 정말 잼있게 봤어요^^ 마지막이 좀 허무했지만 그래도 보는내내 웃었어요ㅎㅎ
3, 기대를너무많이해서그런지.....진짜재미없다  후후
5, 이건 뭐 완전 모아니면 도네...  도대체 누굴 믿어야 하는가~~
10, 기분좋게 만들어주는 영화~잔인한 장면 없어서 너무 좋았네요~ 억지웃음도 없고~
10, 한참을 웃었던 영화..억지 코미디가 아니라서 유쾌했다..메시지도 있고^^
10, 부인이 만점 주라더군요. 많이 웃고 왔습니다. ^^
10, 완전 강추합니다! 오랜만에 한참 웃었네요~^^
10, 처음엔 그다지 기대 안했거든요~ 단지 장진감독이랑 정재영이 좋아서 봤는데 정말정말 재밌습니다~
0, 태어나서 젤루 재미없는 거 가타...돈 넘 아까워여..ㅠㅠ
7, 예고편 보고 너무 기대했던 탓일까.. 개봉날짜 세가며 봤는데... 헐 뭔가 빠졌다. 탄탄한 인과관계...
8, 저는재밌다고해서친구끌고와서봤는데 너무기대를많이해서그런지.. 웃기는부분은 진짜 웃긴데 친구는 잘 안웃더라구요. 그래도 영화보면서 웃은게 오랜만이네요. 약간 지루한 면도 있지만 웃긴부분 짱!
9, 독특한 발상들로 가득찬 영화입니다. 너무 즐겁게 보았습니다. 그리고 길지도 짧지도 않은 런닝타임!! 이거 너무 만족합니다~ 여튼~~ 괜찮았던 영화~
3, 재밌다는 사람들.. 이해가 가질 않네요. 뭐가 재밌는지..
8, 최근에 본 영화중에 가장 재밌게 봤다.
10, 역시 장진+정재영은 날 배신하지 않았다^^
1, 여기 평점 5점이상의 글 100% 알바 확실함. 이곳 영화평 보고 완전 재밌다고 소문냈다가 욕 바가지로 먹음. 거짓말 안하고 딱 3번 웃었다. 젠장
10, 텔레비젼 코미디프로의 선정성과 억지웃음에 지쳐잇는 당신께 적극 추천합니다...영화끝날때 아쉬움마져 느껴졋어요...
5, 여기 대부분이 알바입니까? 내가 봤던 영화관에선 달랑 4커플이었는데 다 욕하고 나오던데... 욕할건 없지만 평점 10점은 너무한듯...
10, 역시 장진감독님~!! 주말에 엄마랑 동생이랑 보고왔는데 가족끼리 보기에도 너무 좋은 영화같아요 영화보는내내 웃을수 있어서 좋았어요~ 착한사람이 많이나오는 이런영화가 많이 나왔음 좋겠어요..
9, 재밌었어요^^ 오랜만에 영화봣는데.. 그다지 기댄안했는데 영화관 내 분위기도 깔깔 넘어가고 유쾌하게보았어요 추천해용^^
10, 장진감독만의 독특한 영화느낌  정재영만이 할수 있는 독특한 캐릭터! 영화 정말 즐겁게 유쾌하게 봤습니다. 은근히 현시대를 반영하고 있던 '정도만'의 말에.. 조금은 씁쓸했던....
10, 사람마다 다를수 있지만..돈아깝다는 사람 보긴 봤냐? 정말 잼있었는데? 영화관 관객들도 다들 많이 웃었고! 솔직히 아는여자만큼은 아니였지만 진짜 잼있었음
9, 최선을 다해 강도짓..!! 최선을 다한 경찰!! 조금은 시대상의 씁쓸함이 묻어있는 뭔가 생각하며 웃게 만든영화.. 살인은 했으나 살인이 아닌 통쾌한 영화였음^^
10, 영화는 성실하고 정직한 사람은 경찰에서는 도움이 되지 않지만 은행강도로서는 그 진가를 발휘한다는 현재 사회의 비판을 보여 주고 있습니다. 선정성과 폭력성 없이 지루하지 않는 영화입니다.
10, 재미 없다는사람이 궁금허네 ㅡ.ㅡ; 전혀색다른코메디 정말 잘짜여진영화였습니다 ^^ 보는내내 지루하지 안쿠요 정말 재미있었습니다 ^^
10, 점수 낮은사람들이 알바인가 보네. 이게 왜 재미 없다고 그래? 영화코드가 어떻게 생긴 사람들이길래 재미 없데. 중간중간 웃겨주고 잼있었는데.. 요즘 정말 볼영화 없었지만. 이 영화만큼은 잼있네여.
10, 아무 정보없이 장진감독과 정재영이라는 배우만으로 본 영화~ "아는여자"를 만든 감독과 배우라는 믿음..^^  배신하지 않더군요~  깡패 안나오고 욕도 안나오면서 이렇게 산뜻한 코메디영화를 기다렸다구효~~~ㅎㅎㅎ
0, 먼데 진짜 이씨 속았다
10, 기대 안하고 영화에 대한 정보 없이 봤는데 정말 재미있고 장진 이라는 감독과 정재영이라는 배우에 다시 생각 해봤어요. 진짜 좋은 영화입니다.
10, ㅋㅋㅋ 너무 웃다가 욕까지 들었습니다
10, 별 기대 없이 봤는데 영화보는 내내 웃었어요~ 조폭영화같은 코믹영화와는 차원이 다른 영화!! 강추입니다!
10, 역시 정재영....넘좋아.^^
10, 다른 코믹영화랑 차원이 틀림ㅋㅋㅋㅋ끝까지 재미있었는뎀
10, bfghfgdhdh
10, 오랜만에 뒤끝없는 코메디 영화 한 편 잘 봤습니다~
10, 최고웃김. 조폭안나오고 욕안나오고 선정적인 장면 안나오면서 이토록 웃길 수 있구나를 입증한 영화! 앞으로도 이런 코메디 영화만 쭉 보면서 살고싶다.
1, 전체 평점의 건전한 하락을 위해..1 재미 있으려다 말았음. 곧 재미있어지겠지라는 생각을 계속하다 끝난영화
10, 코미디 영화를 보고나면 항상 끝이 허전해서 코미디 영화 거의 안보는데  이 영화는 정말 흠잡을 데가 없다. 정말 배꼽잡고 웃음. 절대 유치하지 않고  더럽거나 몸개그도 아님. 장진  정재영 쵝오쵝오!!
10, 나름데로 적재적소에서 웃슴을 날리네요 그렇게일부러라도웃으면서 스트레스푸는거죠
9, 기분좋게 웃겨주는 영화.
8, 생각보다 재밌구요~ 근래에 들어서 본 영화중에 제일 나은거 같아요   진짜 엉뚱한 장면이 많아서 저절로 웃음이 나와요. 근데 결말이 너무 허무하다는거  ㅜ 다음에는 궁녀도 봐야겠어요 ㅋㅋ
10, 묘한 긴장감과 더불어 어쩔수 없이 터져버리는 웃음! ㅋ
9, 아주 쬐금~ 지루한장면두 있지만 전체적으로 우끼다~ㅋㅋㅋ
10, 아무거나 보려고 고른 영환데  진짜 재밌게 봤어요ㅋㅋㅋ
2, 볼건 주연배우 ..나머진 꽝..
8, 저는 정말 재미있었어요 끝이좀 그런면이 있긴했지만 대체적으로 재밌고 만족햇어요
10, 너무재밌었다!!!! 정재영의연기가 너무 돋보인 이영화! 대박난다!!!!
10, 6분전인 20일날 봤는데 진짜 웃겨요~ 볼거 없어서 본거긴한데 기대안하고 보니까 엄청웃기고..ㅋㅋ 감동있는주 알았는데 웃기는데 진짜 ㅋㅋ 암튼 추천!!~
5, 40분 까지는 재미있으나 이후는 뻔한내용과 지루함의 연속. 조연들의 억지연기와 벌려논 사건 마무리 못하고 어설픈 결말로 맥빠져버림. 그냥 장진 말처럼 테레비에서 볼만한 영화.
5, 너무들 잼있다고 평가하셔서 가족들하고 갔는데 참~~~어이없넹...비디오로 볼껄
10, 어제까지의 평을 보고 약간 흔들렸지만  그래도 장진을 믿고 영화를 봤다. 역시 옳았다. 장진감독을 날 실망시키지 않았고 정재영 역시 good 보는 내내 웃으며 본 유쾌한 영화
8, 잼는장면도 많았지만 약간의 지루한맛도 없지않아있네요
9, 웃긴건사실이지만웃는데조금억지웃음이잇는것도사실 재미있긴재밋엇다 색다른발견이엇고정재영이란배우는역시 항상색있는배우이다.
10, 진짜 재밋었는데 ㅜ 마지막이 쫌 흐지부지~? ㅋ그래도 진짜 웃었따 ㅋㅋㅋㅋㅋㅋㅋㅋㅋㅋㅋㅋㅋㅋㅋㅋㅋㅋㅋㅋㅋㅋㅋㅋㅋㅋ
10, 딴 말 필요 없고. 정말 재미있다!!
10, 진짜  재밋음ㅋ
9, 진짜 잼나요. 보고 집으로 돌아오면서도 계속 ㅋㅋㅋㅋㅋ
10, 난 이영화 정말 잼있게 봤는데~~ 지루한 일상에 코믹으로 기분 풀고자 한다면 오케이!! 별로 억지인것도 없고 지루하지도 않던데... 암튼 취향이 다르니까...
7, 그냥 볼만해요 대박 웃기거나 하진않고 가끔 웃겨요
8, 오늘봤음 완전 웃겨!!!!!!!
10, 이 영화를 재미 없다고 하는 사람은 대체 누군가? 비판하고 비꼬려고 생각하면 영화는 당연히 재미 없지만  개인적으론 진짜 배꼽잡고 웃었다. 자극적인 소재도 없었고  씁쓸한 부분도 없이 깔끔하게 재미있다!
10, 국내 코믹영화중에 최고였음 계속 영화의 잔상이 맴도는 영화 ㅋㅋ
10, 진짜 재밌음ㅋㅋㅋㅋㅋㅋㅋㅋㅋㅋ
1, 스토리가 너무 지루하고 설정도 억지스럽다. 네티즌평 보고 기대하고 갔었는데  역시나~ 알바생들 짓인듯! 돈이 아까웠다
10, 오늘 보고 왔는데요  엄청 웃겨요 하는 말 하나 하나가 다 웃기던데 ㅎㅎ
5, 정말 실망이네요...영화보러가기전에 관람평 다 읽어보구갔어요..솔직히 코메디 영화는 기대하면 실망하는 경우가 많아서 맘 비우고 갔습니다.근데 어떤님들 말처럼예고편이 다네요ㅜ10점 만점 주신분들 알바맞네요
4, 웃긴 장면은 나름 괜찮은데 다보고나니  돈이 좀 아깝던데 
2, 이영화가 재미있다는 사람은 대체 누군가? 내용도 없고 그다지 웃기지도 않은데  정말 평점은 믿을수가 없다 너무한다 정말
10, 간만에 잼나게 웃으면서 본 영화입니다... 전 다른 친구랑 한번 더 보러 갈거예욤   ㅋ
10, 재밌네요 ㅎㅎ
9, 웃고  또 웃고  계속 웃고 마지막에 한번더 웃고.ㅋㅋㅋ 아는 여자 재밌게 본분들이라면 강추!!
9, 예고가 다가 아닐까라는 조금은 걱정속에 본 영화. 그러나.... 예고가 다가 아닌 정말 웃기고도 정직한 영화. 빵!빵!
10, 오랜만에 즐거운영화 ㅋ
10, 마지막 반전도 너무 재밌다...경찰서장의 어이없어 하는 표정두    너무 기분이 좋아졌다^^
10, 오늘보고왔는데 정말재밌었어요ㅋㅋ 실컷웃고나온 영화였습니다ㅋㅋ
9, 장진 감독 무릎팍 안나와도 흥행 가능한 너무 재밌는 영화~!ㅎㅎ
10, 주 조연의 연기력과 신선한 재미 그리고 약간의 긴장감까지 돋보이는 작품입니다.
10, 예고편이 너무 재밌어서  예고편이 전부일까봐 걱정했는데~ 반전이네요 ㅎㅎ 정말 재밌게 봤습니다^^ 영화보는내내 웃었네요ㅋㅋ
10, 최고야! 재영님♡
10, 예고편도 안봤고 내용도 전~~혀 모르는 상태에서 '장진'이름만 보고 봤지요. ^^ 정말 오랜만에 실~~컷 배꼽잡고 웃었어요..넘 재밌네용.
10, 전부터 기다려왔던 영화라 기대에 부풀어 갔는데 역시나 기대를 저버리지 않는 밝은 분위기의 재밌는 영화 ^^
10, 보는내내 극장안 분위기가 무슨 개그프로그램 보러온 기분이들었다. 정말 재밌었어요. 장진만의 코미디. 오랜만에 진짜 웃긴 영화였습니다.
10, 진짜 대박웃깁니다!!! 모두가 상상하고 있는 걸 계속 비켜나가는 장진은 역시 최고입니다! 신구는 얼마 나오지않지만 최고이고 정재영은 정말 최고고 나오는 사람 모두가 최고입니다.ㅋㅋ
9, 오늘 보고 왔어요. 보면서 정말 많이 웃었어요. 중간에 조금 지루해서 아쉬운 면이 있지만  정말 재밌었습니다 ^^
7, 재미있다. 그렇다고 너무 웃긴건아니고
7, 웃기긴 정말 웃긴영화.
9, ㅋㅋㅋㅋㅋㅋ 은행털러갈때 통장에 글 붙인거부터 진정한웃음이 시작된다. ㅋㅋㅋㅋㅋㅋㅋㅋㅋ
9, 예고 안보고 보면 훨씬더재미있을것임.영화 보는내내 아주 재미있게 봤다^^ 무식한 사람 깔아뭉개서 웃기고 조폭으로 웃기는 것에 식상해서 그런지 기발한 발상도 웃기고..가족들끼리보면더없이 좋을 것 같다는생각
10, 정재영과 장진..너무나 어울리는 찰딱 궁합입니다.^^강추~
7, 정말 재미있는데 스토리가 조금 많이 억지네요 ㄱ-
10, 네티즌평이 괜찮길래 어제 봤는데 진부한 사랑 조폭영화가 아니라서 더더욱 좋더군요.신선한 소재인 영화..여친이랑 정말 잼있게 보고 웃음..근데 이영화가 잼없다는 사람이 알바?아님 감정이 메마른 사람?
10, 이건뭐..완젼 웃어보자다 ㅋ 재밌다. 한참을 웃었다 ㅋ 같이 보는 관람객들도 웃다가 정신을 잃더라 ㅋ
10, 저는 알바로 홍보하는것 아닌데 많은 분들이 그렇게 생각할까봐 솔직히 관람평쓰기가 그런데요~ 이 영화를 정말 재미있게 봐서 많은 분들이 봐주셨으면 하는 마음에 글 올립니다. 정말 재미있습니다.~~~~
10, ㅋㅋㅋㅋㅋㅋㅋㅋㅋㅋㅋㅋㅋㅋㅋㅋㅋㅋㅋㅋㅋㅋㅋㅋㅋ 웃음나옴
9, 정재영이란 배우 얼굴만 생각해도 웃음이나네요..남자칭구랑 같이 봤는데 남자칭구는 보는내내 웃느라고 정신 없었다는..잼나게 봤습니다.
5, ...
10, 44나이에 지금까지 본 코믹영화중 울면서 본영화는 처음이다 기대이상으로 재미있게 보았다 오랜만에 배잡고 웃으며 스트레스 날려버렸다 이 영화 재미없다고 하는건 좀 감정에 문제가 있는게 아닌지..
2, 정말 기대하고 봤는데 ㅜㅜ 걍 예고편이 전붑니다....후회 막심~~
9, 난잼있던데  감기걸린  인질전문가 배꼽빠지던데 웃겨서~
6, 대부분 알바틱 하네요..! 9~10점 정도는 안되는 것같은데..! 그냥 고마고마한 작품정도 되겠든데...! 평가에 속지말고 자기 주관것 보시길..!
10, 정말 10점 만점에 100점 ㅋㅋ  정말 재밌어요 꼭 보삼~  영화관에 있는 사람들 다 웃느라 끽끽 댔어요 (알바 아니거등여~)
7, 글쓰는 스타일이 너무 다들 비슷하다. 너무 알바티 난다;;
10, 오늘 낮에 보고왔어요~ 장진감독님의 스타일이 살아있다고나할까~ 진짜 보는내내 웃다가 나왔습니다. 정재영씨도 연기잘하시구요 ㅎㅎ 꼭 보세요~!!!
10, 정말보는내내배꼽잡고웃었던영화! 친구에게강추해서같이봤는데 덕분에 영화보는 안목높다는소리까지들었어요^^ 진짜초강후입니다!
9, 재미있고 참 기발하기도 하지만 뭔가있는 코미디..시작하기전과 나올때 관객들 분위기 참 달라요 ㅎㅎ
10, 1년만에 처음으로 많이 웃었습니다.. 강추
9, 장진감독님 팬이라서 무조건 높은 점수... ㅋ 거룩한 계보는 좀 실망했었는데 다시 일어나시는군요~
9, 정말 재밌게 봤어요^^역시!
10, 완전최고!! 너무 웃다 나와서 완전만족ㅎ
9, 오늘 받는데  무지 재밌었어요~ㅋㅋ 여러분들도  한번 봐보세요..ㅋㅋㅋㅋㅋ
10, 최고최고  !! 웃고싶다면 가세요!!   돈이 아깝지않은 코미디영화
10, 기대안하고 봤는데 완전 재밌어서 죽는줄 알았음.ㅋ 꼭 보셔요^^
10, 딴말필요없고 재밌으니깐  돈주고 보시면 후회안할껍니다.
10, 이제부터 바르게 살기로 했습니다 !
10, 다른건 몰라도 장진과 정재영의 만남.. 무슨말이 필요 할까요? ㅋㅋ
8, 마무리를 너무 얼머무린 듯..사건이 너무 키워버리긴 했지만.ㅋㅋ
10, 다음주에 보러가는데 재밋겟죠 ㅠㅠ 애인하고 보러가는데 재밋어야해요!! ㅠㅠㅋ 재밋길빌어야지..
9, 정말 재밌는영화였어요...대박나실거예요^^
8, 최선을 다해 웃긴 영화!! 작은 웃음들이 영화에 배치되어 Good~   영화보고 난 후 바르게 살고싶어지는 건 왜일까?
10, 올해 최고의 한국영화라고 감히 자부합니다. 유쾌하게 볼 수 있는 영화^^
10, 기대한만큼 기대를 져버리는 않는 영화!! 재미만 있는게 아니라 중간중간에 긴장감까지.. 시사회가서 봤지만 또 보고 싶은 영화이네요^^
10, 정말 배가 찢어지도록 웃을 수 있는 영화... 흥행 1000% 확신!
10, 오랜만에 억지로 웃기지않는 즐거운 코미디 영화한편을 봤네요 장진감독의 영화는 다 유쾌하네요 ㅎ
9, 한국코미디 끊은지 좀 됐는데 요거 진짜 보고싶네요
10, 장진  정재영 졸라 기다렸삼~ ㅋ
8, 완전 기대안했는데 잼있음...원작이 있어서 그런가 탄탄함...마지막 반전?이 웃김...ㅋㅋ
10, 기대 안하고 본 영화지만 정말 잼써요~ 대박났음 좋겠네여~
10, ㅋㅋㅋㅋㅋㅋ
10, 엄청기대되요 엄마가시사회밨다는데 너무재미있을 것같아요
8, 이 영화 기대 됩니다. 대박 예상~!
10, 올해 아니 지금까지 영화중 최고의 휴먼코메디 어제 시사회를 봤는데 영화가 시작해서 끝날떄까지 시간가는줄 모르고 웃었네요 장진감독의 상상이상의 엉뚱함 어찌이런영화를만들려고 하셨는지 정말 최고
10, 완전 재미있어요 ㅋㅋ 두번봐도 재미있을꺼 같아요 ㅎ계속 웃음이 ㅋㅋ
10, 두번봐도 최선을 다해서 웃고 나올수 있는 영화입니다..
8, 예고편을 안봤으면 더 재밌었을거같아요.ㅠ '지금 실신중이시거든요?'
10, 완전 재미있어요. ^ㅡ^ 완전
10, 죽을 땐 죽더라도 웃고 죽자! 그게 사는 길이다!
9, 장진감독님..기대하겠습니다~
6, 아~역시 장진감독..이란 생각이 드는..재밌지만 예고편이 너무 많은 걸 보여주네요
10, CJ시사회 당첨되서 한달 전쯤에 혼자 보고 이번에 다음에서 당첨되서 여친이랑 둘이 봤는데..두번봐도 대박..ㅋㅋ 여친도 좋고 걍친구도 좋고 같이 보고 즐기기 좋은 대박 영화..^^
8, 바르게살자! 그것이 정답이로세!
10, 말이 필요 없음 직접 봐봐 후회 안해 ㅎㅎ
8, 울마누라랑 같이가야것당^^ 잼없으면 두고봐~ 미워할꼬얌~~~~~ㅋㅋ
10, 정말 잼나요~!! 강추!! 보고난뒤 너무 웃어서 힘빠짐..대박조짐
10, 어제 시사회가서 봤는데 진짜 웃겨요!ㅋㅋㅋㅋㅋㅋㅋ 엉뚱한 상황에 개성있는 사람들 빵!
10, 스토리도 재미있을거 같고 요번년에 가장 기대되는 코믹영화임
10, 기대되는 영화예여.. 개봉하면 꼭  볼려고요
10, 시사회에서 봤습니다. 너무 재미있더라구요~^^
10, 요즘 계속 우울한 생활을 했는데~~ 영화보면서 정말 신나게 잼나게 웃었던것 같아요^^시간이 어디로 간지도모르게~~ 진짜 잼 있어요^^적극추천!!
10, 완전 웃김..ㅋㅋ 강추입니다..^^
9, 역시 정재영입니다. 독특한 색깔로 독특하고 재미난 연기  가족 모두 시사회 참석해서 정말 웃다 나왔습니다. 대박~이예요!!
9, 재미있게 봤어요.예고편을 3번 보고 갔는데도 정재영얼굴만 봐도 웃음이 나더라구요. 같이 간 친구들도 모두 실컷 웃고.. 유쾌한 영화였어요^^
10, 장진표 황당 시츄에이션 코믹영화 진짜 재미있당.. 강추!!!
9, 역시 장진감독의 특유의 코메디영화  잔잔하게 계속 웃을 수 있었던 영화입니다.. 관객들이 몇번 박장대소도 하기도하고요 역쉬 잼있습니다!
10, 너무 즐겁고 유쾌했습니다^^
10, 처음 시사회 당첨되서 바르게 살자 봤는데 정말 원없이 웃다가 왔습니다. 나중에 한번 더 볼까 라고 생각할만큼 재미있어요^^ 함 보시고 즐겁게 웃어보세요^^
9, 시사회에서 봤는데 한번 더 보고 싶을정도로 웃고 즐기면서 봤습니다. 관객들이 대부분 박장대소하며 재미있게 봤습니다. 흥행 성공할것 같습니다.
10, 최고^^/ 브라고   시사회서 봤는데... 아는 친구들한테는 모두 강추하고 싶을 정도의 영화입니다.. 와~우.. 기대 이상입니다.. 한편내내 대사가 예술입니다.. 코믹.. 짱
10, 영화관에서 관람하는 관객 모두가 박장대소 했다는..ㅋㅋ 정말 재밌음.
10, 밥 든든히 먹고 보세요! 보고 나서 기운 빠집니다. 하도 웃어서... ㅋㅋㅋ
10, 시사회 다녀 왔습니다. 조용하게 시작하지만 모든걸 안고있는 우리네 세상이 보이더군여~~가벼운 마음으로 보신다면 마지막 자막 올라갈때는 박수를 치고 계실겁니다.
10, 시사회가서봤습니다.정말기대안했는데만점을주고싶을정도로 극장을나오면서까지미소짓게만드는영화^ ^ 꼭보세요!!안보시면후회해요 ㅋㅋ
10, 잼있겠다
10, 시사회 봤는데  정말 재밌어요..ㅋㅋㅋ 돈 주고 봐도 안 아까울거 같아요 ㅋㅋㅋㅋ진짜...ㅋㅋ
10, 예고도 안보고 무슨 영화인줄도 모른채로 친구가 시사회권있다고해서 갑자기 봤어요. 그런데 첨부터 끝까지 배아프게 웃고 나왔네요^^
10, 정말 너무 웃었네요. 요즘 재미난 일 없는 분  이 영화 보세요! 강추!!
10, 시사회에서봤는데... ㅠ 돈주고봐도 2번봐도 좋을영화입니다! 너무너무너무 웃겨요 정말.. 집에와서도 웃긴장면들이 생각나서 계속 웃었답니다 정재영 장진 콤비 정말 최고!
8, 뭔가 임팩트가 없어서 아쉬운 영화. 그래도 재미는 있었어요^^
10, 우연히 롯데시네마 시사회에 당첨되서 어제 보았어욤 ㅎㅎ 원래 이런거 안쓰는데    시사회로 보게 해준것에 감사해하며~~ 완전 잼나요!! 정말 기발하고 유쾌하고~~ 이영화 대박날 것 같아요 ㅎㅎ
10, 시사회 갔다가 죽는줄 알았습니다.. 넘 웃다가..^^ 울 신랑 사실 한국영화 좋아 하지 않습니다.. 그런데 이 영화는 인정하더라구요.. 강추입니다.
10, 정말 재밌습니다! ^ㅁ^ 돈주고 봐도 안아까운 영화였습니다.
9, 연예인들이 많이하는 단백질 다이어트~~ ㅋㅋ  2달만에 8키로 감량하고 너무 이뻐졌어요  0505-562-6574로 전화하시면 고민해결하실수 있어요  네이버 검색창에 *슬림공주* 치세요^^;;
10, 시사회_ 완전 재미 만점___ㅋㅋㅋㅋㅋ 지대 웃기심..ㅋㅋ
10, 배꼽 잡으며 재미있게 봤네요..^^
10, 시사회에서 건진 기대이상의 영화
10, 재형이 형님~~~올만에 배꼽잡아도 되겠죠!!
10, 처음부터 끝까지 한참을 웃었습니다 ㅋ 정말 대박입니다 역시 장진입니다 .... ㅋㅋ
9, 강추! 방금 시사회 보고 왔어요~ 저는 예고같은것도 안보구 내용도 하나~도 모르고 봤는데요  완전 최고최고!!ㅋ 딱 장진스타일이라고 생각하심 될꺼예요. 약간 '박수칠 때 떠나라' 같은 느낌인데 그것보다 더웃겨요
10, 시사회보고왔는데 정말 대박이었어용//ㅈ/ 최고셈/
9, 우연히 뭐싸이트에서 예고편을 봤는데 재미있겠더군요. 특히나 정재영의 무표정 코믹연기... 기대됩니다.
10, 100분동안 미친듯이 웃으며  박수쳤습니다! 완전 웃겨요~~
10, 사실 하하 텐텐클럽에서 시사회당첨되서 멋모르고 기대도 안하고 본건데 정말 너무너무 재미있었구요! 정재영씨께 푹 빠져버리게 되었습니다. 정재영씨!
10, 예고편을 보니 정말 보고싶네요
10, 시사회 우연히 되서 봤는데  정말 대박입니다요 ㅋㅋㅋㅋㅋㅋㅋㅋㅋㅋㅋㅋㅋㅋㅋㅋㅋㅋㅋ 너무 웃겨요 ㅋㅋ 내살다살다 이렇게 웃기는 영화는 처음봅니다 ㅋㅋ 강추~!!!!!!!!!!!!!!!!!!!!!!!!!!!!!1
0, zzz
10, 비는 부실부실 오고 차는 막히고 힘든상황에 엄마랑 가족끼리 함께 가면서 걱정했었는데 (혹시나 다른분들 반응에) 예상밖이었고 엄마친구분들과도 같이 같는데 내내 웃으셨어요.너무 재밌고후회안할 영화 -코믹지존
9, 오랫만에 잼있는 영화를 본듯...강추
9, 역시 장진감독최고!기발한 소재의 진정한 코믹연기~정재영씨에게 딱 어울리는 배역~~ㅋㅋ정말 억지로 웃기지 않고 제대로 웃기는 영화였네요
10, 오늘정재영님코앞에서 보면서 시사회갔다왔는데  진짜 대박  역시 실망안시키는 장진식 유머와 정재영의 완소연기!! 돈내고보시요 후회없음!!
10, 정말 웃다가 실신! 완전 재밌었던 올해 가장 기발한 영화.
10, 시사회되서 정말 기대안하고봤는데  너무 재밋어서 돈내고또보고싶을정동예요! 장진감독님의 각본과재영오빠의미친연기 정말 최강콤비 무조건강추에요! 시간내서라도 꼭 보세요 ㅋㅋㅋ정말쵝오!!
10, 진짜 대박 웃기는영화!! 보는내내 웃느라 배아파 죽는줄알았음.. 역시 장진과 정재영~!
10, 무조건 10점!!! 정재영님 연기는 믿어욧!!
10, 정재영씨의 연기 빨리 보고 싶어요~~~~
10, 아 보고싶다 무지무지 엽기 코믹이네 예고편 ㅋㅋ
10, 우하하하 10점 쏜다~~!!!
10, 예매완료 ㅋㅋㅋㅋㅋㅋ
10, 무조건 대박날 영화 !!!!!!!!!!! 정재영씨 연기는 최고입니다
8, 정말 보는 내내 미친듯이 웃은 영화 ㅋㅋ 코믹 좋아하는 분들은 꼭 보시길! 저는 코믹 별로 안 좋아하는데 정말 제가 본 영화 중에 제일 웃겼습니다 ㅋㅋ
10, 바르게 사는것의 진수를 보여주는 정재영씨..너무 재밌었구요..이 시나리오 쓰신분 정말 아이디어가 훌륭하세요. 두얼굴과 함께 대박예감되는 영화에요. 화이팅!!!!
10, 정말 정말 장진감독과 배우정재영의 끝내주는 호흡이지 않나 싶습니다. 의자 부숴지는줄 알았습니다.^^*중간의 조연배우들의 호흡(우산씬)을 꼭 보셔야해요~
10, 진짜 웃느라고 시간 가는줄 모릅니다... 웃음으로 스트레스 확 풀렸어요.. 봐도봐도 재미있을듯..가족과 함께 웃으러 또 가야겠어요..
10, 나  삐뚤어지고 싶어요  그러면  정도만순경이  잡아줄것같어서 ㅋㅋㅋ
10, 이 영화보면 누구라도 바르게 살고싶을껄~? 정말 최고로 바른 사나이의 이야기! 후회따위 절대없음!!
10, 세상을 바르게 살려다 손해만 본 분들에게 강추하는 쪽집게 세설!
9, 정말 올바른(?)......강도...정도만....ㅋㅋ...착하게 재밌어요.ㅋㅋ
8, 바르게 살지 않을 수 없을것 같은 느낌
10, 기대된네..ㅋㅋ  빨랑 개봉하면 좋겠어요 ㅋㅋ    저는 경찰 나오거 범죄가 좋아요!! ㅋㅋ
10, 이제 새로운 코미디 필요하다!!! 기대한다
10, 장진 & 정재영이라면 꼭 봐야지!!!
10, 정재영 최고..그가 출연한 영화는 믿음이 간다...
10, 장진감독과 정재영씨라면
10, 정재영^^
