0, 헐이다....감독만 욕하려고 했는데...가만히 생각 해 보면 이런 영화 대본을 읽어보고도 출연을 결정한 배우들도 이상한 거 아닌가???
4, 어디서 본듯한 이야기의 출렁거림.
8, 부담없이 보기 참 좋습니다 ㅎㅎ
6, 이정도면 유쾌한 영화~
1, 진짜 배우들이 아깝다...ㅉㅉ .. 완전 1980년대 쌍팔년도 정서의 3류 시나리오에  3류 촬영  편집... ㅉㅉㅉ 이 배우들로 이 따위 영화밖에 못 만들다니... 고딩 영화동아리 애들도 이것보다는 짜임새 있게 영화 만들겠다... 진짜 이 따위 3류 영화 스텝들 믿고 연기한다고 애쓴 배우들이 불쌍하다~ ㅉㅉㅉ
3, 세 명 절친들의 좌충우돌 잉여/코미디... 그닥...웃기지도 않고...재미도 없고...과장되고 오히려 배우 윤제문/조정치...시선강탈
2, 쥐어짜내느라 고생하신 분들께 심심한 위로를...
3, 부산시에서 제작비 입장료 대신 다  내 줘야 한다 부산 홍보영화이니
8, 생각보다 탄탄한 시나리오와 연기. 킬링타임용으로서는 절대 욕먹지 않을 수준.
5, 아주 엉망인 영화는 아니네요...해변가에서 벌어지는 소동극을 시끌벅적하게 잘 살렸네요..시간 있는데 다른거 볼만한거 없을때 틀어놓고 딴 짓해도 용서가 되는 영화. 5.4
7, 실제로는 나이대가 서로 엄청 다르지만 배역상 친구들인 얼간이 삼총사들과 그외 조연들의  코믹연기가 볼만하다.큰 웃음이 있는 영화는 못되더라도 대충 아무생각없이 웃고보기엔 부족하지않다~
9, 평점 존나 안좋길래 볼까 말까 하다가 기대안하고 봤는데 의외로 꿀잼 ㅋㅋㅋㅋ 볼만하구만
10, 재밌게 잘보았어요.
5, 아~~과거의 영화를 본듯한 변하지 않으면 망한다는 것을 보여준 영화
7, 이게 그렇게 까일 만한 영화인가 나는 섹드립 재밌었는데
1, 아    
1, 스탭 배우들은 찍냐고 고생하셨고 투자자들은 돈날리냐고 고생하셨고 7만여 관객분들은 돈에 시간에 수고들 많으셨어요...
2, 예전에 신라의 달밤과 같은 감독이 찍은 영화라고는 도저히 생각할 수가 없다....
1, 시간낭비....
5, 뭔가 아쉽네...
2, 국내영화 중 최악의 쓰레기 영화. 손호준 저새기는 저런 연기밖에 못하나?
4, 어디서 본듯한 이야기의 출렁거림.
0, 이건 쓰레기가 아니고 범죄수준. 배우들이 아깝다.
3, 77621명의 관객분들에게 위로의 말씀 전합니다.
3, 정녕 김상진 감독의 영화란 말인가...?
7, 그냥 봐라...별생각없이 보면 웃긴부분도 있고  적당히 볼만하더만...
1, 이 영화의 기승전결. 개판오분전-개판-개판오분후-개판. 킬링타임용도 안되는 영화
6, ㅎㅎ
0, 캐스팅 바라 ㅋㅋㅋㅋ 캐스팅 부터 졸라 어이없네 원희랑 손호준 나온다 길래 형동생이나 삼촌조카 일줄 알았는데 친구? ㅋㅋㅋㅋㅋ존나 몰입도 개쓰레기 영화 스토리는 어떻고 이건 장르가 도대체 머냐? 나도 영화 감독해도 될거 같다는 자신감만 이빠이 얻고 간다ㅋㅋㅋㅋㅋㅋ감독 새끼 최고다
7, 뭔가?제작에 간섭을 많이 받은듯 ...부자연 스럽다.다만 캐릭터 들이 남기는 남는다..여배우들만..
10, 여름엔 이런영화 한편 정도는 봐줘야징...
3, 이런 영화는 왜 찍은걸까...
5, 기대감을 낮추고 본다면 볼수 있는 정도...
7, 부담없이 즐길수있는 여름시즌~~ 코미디...
8, 그냥 가벼운 마음으로 웃으며 보는 영화.재미있음
2, 이 시나리오를 보고 제작하겠다고 나선 인간들이 그저 놀라울뿐. 연기 잘하는 배우들 모아놓고... 저렇게 막 찍어대기도 힘들었을 듯. 시사회때 배우들 좀 부끄러웠을 듯. 에휴..
0, 심심해서 볼까 했다가. 그냥 심심한게 낫겠다.
4, 거의 미지막 씬은 전 부산 해사고등학교드만...이제 다른곳으로 옮겨서 지금은 뭐하는곳인지는 모르지만체육관에서 찍었데아 그리웠다
0, 김상진  와 우~ 니가 감독이면 난 스필버그다.  왠만하면 영화말구 딴 일 찾아봐라  더이상 민폐 끼치지 말구...퇘 퇘 퇘!(이건 침 뱉는 소리다)
2, 솔직히 20분정도보다 차부속털어가는거 보고 이건 뭐야 하고 않봤다 근데 사람들 눈은 다 똑같은듯 .돈주고 않본게 정말다행..배우들만 불쌍하다 근데 감독이고 배우고간에 이영화흥행바라진 않았겠지! 설마 자기들도 영화인이라면 양심은 있을테니까
6, 휴~정녕 이게 주유소습격사건의 그 감독이 연출한 영화입니까? 예전에는 코믹성에 휴머니즘이라도 있더만 이번 건 좀 잘 못 하신것 같네요.관객수가 그 말을 대신하는 것 같습니다.에효~
0, 지금 무슨 쌍팔년시대도 아니고 영화를 왜 이따구로 만들었는지 도무지 이해가 안간다! 감독이나 제작들 다 조선시대 사람들이냐??
1, 이 영화 보며 느꼈다 꿈을 너무 일찍 포기했다......... 나두 이정도 영화는 만들겠다
7, 중구난방 방향성 잃은 아이마냥
7, 해운대라는 다소 좁은 배경으로 만든 영화치곤 지루하지 않게 전개되네요.우리나라 영화특유의 어색하고 유치한 유머가 없진 않지만 주인공들 연기도 잘하고 재밌어요...
1, ㅆㅂ이걸 영화라고..
0, 올해 개봉하는 영화수준은 다 왜 이래
2, 임원희와 손호준이 친구란 설정부터가 초반 극의 몰입도를 80%는 깍아먹었다...
6, 더운 여름 배우들이 고생한 흔적은 역력한데 영화의 완성도가 그에 따라가지 못함
4, 코미디 영화라면 웃겨야 하는데... 배우들이 연기를 못하는 것도 아니고
3, 심은진이라도 보여주던가
4, 뭔가 많이 안타까운 영화..
0, 감독님...주유소 습격사건 감독님 맞으십니까?
1, 한국판 행오버
1, 해운대뽕 영화 ㅎㅎ 해운대 상가연합에서 뒷돈좀 댄듯. 감독님은 영화 이제 그만하시고 후배양성하시는게..
1, 진짜 너무하다
1, 감독님 죄송합니다. 이건 아니잖아요.
5, 극장에서 돈주고 봤으면 후회할뻔한 영화     토렌트 추천
0, 이게 무슨 청소년관람불가야 19금은 개뿔 별주는분들 알바 아니면 진짜 착한분들이다 이걸 영화관에서 본분들은 기부천사
0, 무슨 평점이 7.1이야?  저런 것도 영화관에 상영하다니...감독의 수준과 관객의 수준
2, 감독이 코메디에대한 감각이 너무 형편없다 어느포인트에서 웃어야 할지 알길이없고  흐름이나 진행도 중구난방  캐릭터도 엉성 포인트도 없고 올해 최고의 망작 나의 절친 악당들에 이어 2위 올려드림
9, 요즘 코믹영화 별로 없는데 뻔한 스토리인 것도 같지만 예상했던 것보다 의외로 재미있네요. 개인적으로 영화를 너무 많이 보기 때문에 독창적인 영화는 일년에 손에 꼽기도 힘든 듯..
5, 딱 예상했던 만큼의 시나리오와 연출  기대하지 않고 봤기에 끝까지 볼 수 있었다. 영화의 코믹함은 차량이 분해 절도 당할때 이미 다 웃겼고  노출없는 섹시함은 보는이를 괜히 기대하게만 하는지도..
7, 초반에는 좀 재밌다가 중후반 부터는 좀 지루 해 지긴 하네요. 볼만합니다.
2, 억지스러운 웃음을 쥐어 짜내는 연출이라 영화내내 웃을수 없었다.
0, 감독이 누구야?  시나리오 누가 쓴거야?어떻게 이렇게 만들 수가 있냐?
7, 개성없는 캐릭이지만 연기에 매력있는 배우들이다. 생각만 하던 일탈을 영화에서 봤다. 중반부까지는 엄청 좋았는데...중후반부 불필요한 씬과 예상되는 결말을 너무 지루하게 이끌어가 힘빠진다. 유치하지만 재미있다. 난 이런류의 농이 좋더라. 관객수가 적어 조금 아쉽다. 노출을 줄여서 15세로 만들었다면....
7, 그나마 좀 볼만했는데 류현경씨이 노출연기가 없어서 아쉬웠음
6, 유치한 면도 있지만 아무런 생각없이 웃고 즐기기에는 적합하군
6, 일상을벗어난 코메디 b급영화... 생각없이보다 보면 볼만하다...
3, 감독님  이건 아니잖아요..?
0, 그냥 아주 대놓고 대충 만들었네 주연배우들은 협박 받고 찍었나 다 만들어진 영화 보면서 뭔생각 했을까 이거 보려고 극장 찾아간 관객들은 뭔죄냐
6, 기대가 커서 그런가~~ 그저 그래요~~
10, 내 인생 최고의 영화 주성치 영화같은 b급 코메디의 최고봉 ㅋㅋㅋㅋ
6, 이영화는 모든걸 내려놓고 보면 6점은 갑니다 초중 반까지는 즐거웠지만 중후반부터 내용이 산으로가면서 마무리 되죠 딱 VOD영화
0, 7점?미치겠다 지금이 90년대 비디오보는시대니 이도저도아닌D급영화 해운대홍보대사나셨네
2, 참....노답영화
1, 이것도 영화라구... 절대보지마삼.간만에 웃어보려갔다가 스트레스만
8, 황당  웃김  그걸로 만족
10, 재미있었는데ㅠㅠ..평보고 기대안하고갔는데 너무웃겨서 오랜만에 배꼽잡았어요ㅋㅋㅋㅋㅋ짱잼!
8, 가볍게 보기에 좋아요! ㅎㅎ
1, 해운대판 행 오버?
3, 보는내내 행오버가 떠올랐다...
1, 간만에 재미없네요ㅎㅎ
2, 김동욱씨 좋아해서 봤는데 너무 뜬금포가 많고 그냥 ... 재미가 없다 팬심으로 끝까지 보긴했는데  내 머리속에 남은것은 달샤벳 노래뿐....... 달샤벳 홍보영화
8, 재미있어요. 모처럼 웃음을 준 영화!!!^^
8, 전체적인 흐름이 다소 메끄럽진 안았지만 유쾌 상쾌 통쾌한 영화 였습니다 :)
8, 주유소습격사건이 나이 먹은 영화
9, 상영관이 적어서.힘들게 봣음. .아무생각없이.봄 ㅋ 웃김 ㅋ
7, 그럭저럭 웃김.  감독 김상진이므로 볼만은 합니다만  스타급 배우가 캐스팅 안된 이유는 크라이막스의 부족?  소소한 웃음은 있어요.
9, 생각보다 꽤 웃김. ㅋㅋㅋㅋㅋ
7, 고생은 많이 한듯한데.. 매끄럽지 않은 스토리라 안타깝네요.
1, 대놓고 <행오버>를 따라 했지만 정작 <행오버>의 재미는 눈곱만큼도 따라가질 못했던 <쓰리 썸머 나잇>이더라구요. ^^;;
10, 빵빵 터졌어요 ㅋㅋㅋ 근데.. 왜이리 상영관이 적은것인지 ㅜ
8, 간만에 영화보다가 실컷 웃었음 ㅋㅋㅋ
9, 류현경이 연기를 잘하네 ㅋㅋ찰진 욕도 왜이렇게 웃기던지..
8, 편하게 즐길 수 있는 코미디여서 좋았어요 시간이 후딱 가더라구여
10, 남자들의 휴가이야기여서 그런가 ㅋㅋㅋ 친구들이랑 보면서 개공감 ㅋㅋㅋ 남자분들 보시면 더 공감하면서 보실듯ㅋㅋㅋ
9, 배우들의 조합이 은근 잘어울렸다고 해야할까? 생각없이 봤는데 꽤나 괜찮은 영화였다
5, 어디서 웃어야됨?한시간 꾹 참고 보다가 나와버림.정말 좋아하는 배우들인데...실망ㅠㅠ
10, 워니형 얼굴만 봐도 웃긴다 ㅋㅋㅋ 코미디 영화로서 딱이다 ㅋㅋㅋ
7, 웃긴 장면들을 너무 많이 보여주려다 오히려 맥이 딱딱 끊기는 느낌
9, 아무 생각없이 봤는데 재밌네요.코메디영화 좋아하는 사람들 보면 괜찮을듯
0, 아진짜 왠만해서는 알바 알바다 이런말 안하는대.. 이건 진짜 웃긴 장면 단하나도 없음 그냥 피식하는 장명 한장면 돈완전 아까움 최악이였음...
10, 존나웃김ㅋㅋㅋㅋ임원희가젤웃김ㅋㅋㅋㅋㅋㅋㅋ
10, 아 이거 진짜 웃겨 ㅋㅋㅋㅋㅋㅋㅋㅋㅋㅋㅋ
10, 무거운 영화만 보다가 코미디 영화보니 속이 시원하다
7, 아무 기대를 하지 않는다면 더 흥미롭게 볼 수 있을 코미디 영화. 생각보다 웃겼다.
10, ㅋㅋㅋㅋㅋㅋ 대박
9, 역시 임원희~~~~워낙 코믹이미지가 강해서 아주 약간만 기대했는데 괜찮았어요~~
10, 보면서 예전에 놀러갔던 것도 생각나고 진짜 스트레스 날리고 싶을때 보면 완전 대박임 ㅋㅋ
10, 진심 여름에 아무 생각 없이 보기 좋은 킬링타임용 영화ㅋㅋㅋ 개웃김
9, 기대한 만큼은 아니지만 킬링타임용으로는 괜찮네요^^
9, B급코미디영화의 본 목적에 충실한 영화임. 재미있음. 다만 호불호가 갈릴듯~
10, 생각보다 재밌었던 영화에요! 처음에 그닥 끌리지 않았는데 초반부터 재밌던데요 ㅋㅋ제가 눈이 낮은걸수도 있지만 같이간 친구도 재밌다구 했구 극장에서도 사람들 재밌게 보던데~ㅋㅋ 괜히 까이는거 같아서 안됬네요..
8, 남자들이 왠지 더 재밋어라할 내용이다 ㅋ 공감 100%
9, 재미만 잇던데 뭐래 ㅋㅋㅋㅋㅋㅋㅋ
7, 기대이하이긴 하지만..그냥저냥 볼만함...
4, 영화계의 평점알바조작은 근절되어야 한다. 아이디 클릭했을때 그 사람이 그동안 달았던 평점들이 나오는데 이 영화 10점 준 사람들은 대부분 이영화 한 편에만 남겼고 이 영화 1점 준 사람들은 대부분 수 많은 영화평점을 남긴 사람들이더라...
0, 아 ㅆㅂ알바풀었냐알바는 영화보고 평가하는거냐 9000원 돌려줘라 진심
9, 현실을 도피하고 떠난 세 친구들의 이야기 코미디영화는 언제나 재밌다
10, 기대 안하고 본 영화가 재밌으니까 꿀잼 조연들도 깨알같고 조정치 ㅋㅋㅋ아웃겨
10, 한 여름밤 휴가같은 영화 간만에 즐겁게 봤네요>_<
8, 당장 떠나고 싶은 마음이 물씬 들었다 대리만족 휴가 영화인듯^^
10, 청불 영화여서 화끈하게 웃겼습니다 이거 진짜 재밌게 봣어요
7, 영화 자체는 재밌습니다 빵터짐 주의!
10, 이건 내 취향이다^^ 멀리 여행 떠나고 싶은 사람들에게 추천
8, 편하고 웃으면서 즐길 수 있는 코미디 영화에요 여름 개봉작중 제일 재밋을듯
10, 여기 나오는 여자주인공 욕하는거 진짜 웃겻다 ㅋㅋㅋ 완전 찰져
9, 병맛같은데 재밌는 영화 다들 아시져?
10, 유쾌한 영화여서 시간가는 줄 몰랐다.. 배경이 해운대라서 또 해운대 가고싶네ㅋ
8, 생각없이 웃고 싶으시다면 쓰리썸머나잇 강추.
8, 손호준 나오는 영화 진짜 웃김 ㅋㅋ 캐릭터도 대반전이야..
9, 어머..이렇게 재밋게 볼 줄이야!! 코미디영화를 오랜만에 봐서 그런지 시종일관 웃다 나왔네요
2, 기가막히내요돈주고봤다는것이
0, 한마디로 최하입니다
0, 보다보다 이런 쓰레기는 첨보네요.아휴..;;손호준은 작품보는 눈이 없는건지..소속사 사장이 눈이 없는건지..안습입니다.의리로 보다 졸다깨다 했어요.
10, 키득키득 거리면서 기분좋게 봤네요ㅋㅋㅋ 완전 웃김
1, 야할려면 야하던가 실망스러웠음
6, 우울하시다면  실컷웃고나오셔요
3, 야함이 저급함이 되고 웃음이 비웃음이 되며 심심풀이가 심심함이 되다... 예전부터 느끼지만 김상진 감독의 영화적 능력은 딱 여기까지가 맥시멈.
10, 어떤 영화일지 개봉전부터 궁금했었는데 우연찮게 시사회로 미리 볼 수 있었습니다. 김상진 감독님 특유의 위트와 재치가 돋보였다고 해야할까요? 정말 기대안하고 봐서 그런지는 몰라도 시간가는줄 모르고 웃다 나왔네요^^
10, 해운대 가거싶당..
10, 남자들끼리 본다면 캐공감ㅋㅋㅋㅋ
9, 오랜만에 생각없이 마냥 웃다가 나왔네요 여름에 시원하게 즐기기 괜찮은 듯 싶어요~ㅎ
10, 쥑이네~ ㅋㅋㅋㅋㅋㅋ
10, 웃기긴 웃기드라구요 ㅎㅎ
10, 생각보다 괜찮은 영화였다. 나름 만족하면서 본 영화
10, 임원희 ㅋㅋㅋㅋㅋㅋㅋㅋ 역시 굿ㅋㅋㅋㅋㅋㅋㅋㅋㅋ
10, 넘넘 재밌어용~^^ 가볍게 웃으면서 보기엔 이만한 영화가 없는듯!!
10, 오랜만에 본 병맛 코미디 빵빵 터지면서 봄 ㅋㅋㅋㅋ
10, 류현경 캐스팅이 신의 한수다ㅋㅋ
10, 동욱찡 영화로 오랜만에 만나네요~ 좋아요bb
1, 행오버 따라한건가?
10, 이 영화는 아무 생각없이 봐야됨- 교훈  감동 따윈 없이 그냥 웃기기만 함- 그래도 웃겼으니 성공
10, 진짜 코미디를 위한 코미디 영화 생각없이 웃었다
4, 기대 안 하고 봤는데 기대 이하일 줄이야
1, 진짜 할 말이 없는 영화. 별 반 개는 고생한 스탭들에게 드리는 거다.
8, 다들 좋아하는 배우들인데 어떤 모습으로 나올지 기대됩니다~
9, 뜨거운여름 ..시원한 웃음이 기대되는 영화입니다.  이원희 대박~~ 손호준~~김동욱~~ 짱!!  극장서 예고편 봤는데 완전  웃낍니다 ..낼개봉인데  기대되용!!!!  세친구의 좌충우돌 코믹..ㅋㅋ 여름휴가지 해운대라 어떨지 ㅋㅋㅋ  많은일들이 일어날것만 같은  배우들의 케미가 쫠쫠~~
9, 너무너무 기대됩니다^^ 간만에 코미디  영화라 꼭 보러 가야겠어요~
10, 임원희의 표정연기 기대됩니다 무더운 여름 에어컨 빵빵하게 맞으면 많이 웃고 싶네요 ㅋㅋ
10, 임원희 손호준 김동욱 세배우 기대됩니다.♡ 요즘 짜증나고 더운여름에 시원하게 웃을수있는 영화같네요 쓰리 섬머 나잇 대박나세요~ 화이팅~♡
10, 진짜 싸나이 임원희 아버님~~~~  화이팅!!! 완전 기대 되는 쓰리썸머 나잇~ 개봉하면 심야라도 보러 갈겁니다~~
4, 별 생각 없이 보면 볼 만 하다 제돈 다 주고 극장에서 보긴 아깝고 한 2 3천원에 VOD서비스로 집에서 보면 괜찮을 것 같다
10, 기대합니다. 화이팅!!!!!!
10, 김동욱오빠팬이에요♡쓰리썸머나잇꼭봐야지
2, 70만 예상한다...포스터만봐도 망할영화.
1, 대놓고 행오버 배껴쓴거 너무 틔난다 ..
5, 행오버 냄새가 나는구나.
1, 관객수 2만명 예상해봅니다 ㅋㅋㅋㅋㅋㅋ
0, 왠지 청불 될거 같아
10, 임원희배우님이 있어 꼭 보고싶네요 ^^
5, 저기 이거 행오버잖아요....
10, 해운대 파라솔 좀 없애수는 없을까? 조폭이 자리세 받는다면서요.
1, 음 행오버 따라한듯?
10, 더운 여름에 웃고 재미있게 스트레스 풀면서 볼수있는 영화일듯.. 티저영상도 재미있고 손호준. 임원희. 김동욱 세배우의 케미도 기대됩니다.. 해운대에서 80% 촬영을했다고하니 시원한 바다도 보면서 영화관에서 더위를 식힐수 있겠네요. 손호준 배우의 영화 기대합니다 대박흥행하세요!!!
10, 손호준 빨리 보고싶다~~ 이영화 개봉날만 기다림 ^^
10, 개웃ㅋㅋㅋ
10, 믿고 보는 배우 윤제문이~~~~
5, 막판에 신파로 눈물빼기로 갈꺼 뻔한 그저그런 영화? 손호준 좋게 보는데 걍 첨부터 끝까지 웃기면 되지 꼭 한국 영화는 마지막에 드라마로 빠질게 뻔하니 별루 기대 안됨
10, 그냥 보고싶네~~~
9, 기대되네요ㅋㅋ 한국판 행오버 같아요^^
10, 드디어 개봉!! 동욱이오빠를 영화에서 볼 수 있다니 좋아요♡ 기대!!
10, 전부 내가 좋아라하는 배우님들이시네. 잼있겠다 ㅋㅋ 기대기대
10, 호준아 어때 맛있지? 괜찮지? 영화도 잼있지? 그렇지? 어때?
10, 손호준연기 완전기대^^
10, 화이팅
10, 손호준 홧팅~!!기대합니다
10, 잼있겠다
10, 지상배우님♡♡
10, 최고의 배우들
10, 너무 재밌을것 같네요... 개봉하면 꼭 보러갈게요^^
10, 완전 기대!!! 손호준씨 영화 넘기다려져요^^
10, 화이팅
10, 손호준님 때문에라도 꼭 보겠습니다~좋은 연기 보여주세요~ ^^
10, 오늘 감천마을 갔다가 우연히 촬영현장 봤어요~~넘넘 기대되네요~~!! 화이팅~~~~!!!!!!
10, 난 한지상 때문에 볼것이다.
10, 손호준 기대되요~~~
