8, 코믹장르로썬 평타치는듯
5, 소설에비해 별로...그리고 이런 영화는 대상이 확실해야하는데 아이가 대상인지 부모를 대상인지 명확하지가 않음...
10, 슬프네요..
6, 아빠되서 보면 볼만할 듯 난 아니라서......
8, 가족이 함께 보기에 괜찮은 잔잔한 드라마 한편. 직업으로도 좋은 아이템이다 싶은데 먼저 인간적이어야 하니 돈벌이가 될진 싶고...
8, 가슴 따뜻한 영화 ㅋㅋㅋ 야한것 쪼금 빼면 괜찮음 가족영화가 많았음 합니다
5, 민아 카와이~
4, 다루는 이야기가 너무 많다
4, 아함...지루해
10, 전재미있게봣지만 네티즌평점이좀낮은편이네요
8, 참신한 소재로 신선감을 주는 영화였다. 다만 아쉬운것이 있다면 중반부 이후 엔딩 부분까지 마무리 단계에서 특별한 이벤트나 종결 시키기 위한 작품상의 한계를 드려내고 있는듯하다. 기존에 벌려 놓은 사건들  작품의 의도성...이런것들의 방향성이 제시되지 못하여 보는 이로하여금 혼돈스럽게 하는듯하다.
8, 유치하지만 은근히 재미있네요
10, 온 가족이 볼 수 있는 영화
4, 웬간히 지루해야 하는데..이 영화는 도를 넘었다..가족영화라 심하게 뭐라는 못하겠지만 그래도 기본적인 재미는 있어야지.ㅠㅠ
10, 재밌네요.ㅎㅎ
6, 그냥 뭐 유치하고 그렇네요
5, 극본도 괜찮고  연기도 나름 괜찮은데 지루하다
9, 생각보다 평점도 낮고 흥행이 안됐네요.. 전 재미있게 봤는데.. 이런 따뜻한 영화가 좋습니다.. 배우들도 좋아요
7, 취향의.차이일것 같아요 가족끼리 보기 적당한킬링타임용 코믹과 감동의.요소가 있는.영화인듯.합니다
2, 정말 이건 아님.......ㅜㅜ 근성으로 끝까지 봄
9, 사람마다 다르지만 난 아이들과 재미있게 봤어요 그냥 재밌는 드라마같은 영화임
6, 초반엔 재미가 있었는데 후반부로 갈수록 억지 감동 코드에 무너지다...
10, 난 이런 가족영화가 좋음.전체적인 구성은 대작영화만 못하지만 군데군데 삶의 흔적이 녹아있는 이런 영화가 훨씬 좋음.
6, 아예 코믹으로 시작했으면 그렇게 넘어가는 것이 나았을 뿐.이후에 괜시리 가족애니 하며 관객을 가르치려 든 것이 오히려 독이 된 느낌.두차례의 키스씬도 솔직히 설정에 안 맞은 듯.아쉬움이 있는 영화
1, 12살 관람가라더니 딱 12세 수준이다 저런남편둔 아내 과연 결혼생활 가능한가 ... 말이 안돼 .....
7, 김상경이 고군분투 했지만 김슬기 기억나는 아역배우의 활약 사회가 정부가 못 한 문제를 깜찍이가 해결해 주는 대리만족 코미디가 재치와 유쾌하게 이야기한다. 현실도 이랬으면 참 좋을텐데...
5, 전 개인적으로 너무 유치하고 피상적인 영화 같았습니다 물론 영화는 영화이지만 아빠라는 존재가 무슨 일회용 이벤트적인 존재도 아니고  힝  김상경이란 배우가 아까웠습니다
10, 재미있고 감동적이고 가족을 다시 생각하게 만드는 좋은 영화입니다
6, 기대보단 좋은 작품이었지만 역시나 진부한 스토리와 설정이 큰 아쉬움으로 남는다. 같은 출연진이라면 훨씬 좋은 작품이 나올수도 있지 않았을까 하는 아쉬움도 크게 남는다. 공연장서 민아가 영화 많이 봐주세요~ 라고 말하기 전까지 이 영화가 있는지도 몰랐을 정도로 마케팅은 제일 큰 단점.
9, 재밌습니다.
10, 가족의 소중함을 알려주는 정말 감동 영화같에요.그리고 코미디가 있어서 재미있어요
7, 아빠의 소중함을 알려주는 영화입니다~~ 하지만 약간 지루한 부분이 있습니다. 구체적으로 전반은 8점 후반은 6점 정도(?)입니다
7, 가족이 오손도손 감상하면 좋을 영화..
6, 가볍게 웃고 즐길 수 있는 영화. 그런데 영화엔 핵(중심)이 없어 진지함이 관객에게 와닿지 않는다. 정말 드라마 스페셜 정도인 영화
8, 재미있고 유익한 영화다 아쉬운것은 중간에 내용이 조금 다른데로 빠지는게 ...
10, 가족과 아빠의 소중함을 느끼게 해주는 코믹하고 감동있는 가족영화  꼭보세요 ^^
5, 어쩌다 보게 된 영화였지만 의외로 재미있었다..채정안과의 관계가 조금 억지스럽달까 뻔하달까..치매시모와의 관계도 어설프고..니모 설정도 시대 흐름에 많이 뒤쳐진 듯..중반부 꼬이면서 막판 눈물바람이지만 전반적으로 밝은 영화..극장 상영보단 드라마 스페셜정도..
7, 가볍게 볼만한 가족영화. 좋은 소재에 비해 살짝 탄탄하지못한 스토리
6, 적당히 감동도 있고  재미도 있지만 궂이 극장까지는..
8, 다들 쓴것처럼 중간까지는 잘나가다(9점)후반부에 아쉬움(7점) 제목부터 소재까지 가족코메디 인점을 가만 할때 캐릭터의 약간 오버스러운 연기는 좋다고 볼수있고(거부감 느끼는분은 제외) 가족애와 아빠의 역활에 대해 가볍게나마 생각하게 해준영화 개인적으로 재밌게 봤고 잘봤다고 생각함 연말에 가볍게 훈훈한 영화
6, 스토리  연기  유머  감동 등 여러 면에서 다 부족한 영화. 연기는 오버스럽고 스토리는 그냥 중구난방 짜집기한 듯하고 많은 면에서 정말 아쉽다.
8, 따뜻해요 ㅎㅎ 연말엔 역시 이런 영화가 땡기네요 !
7, 생각보다  정말잼있고  감동도있어요
7, 가족의 소중함?
6, 따뜻 훈훈 유쾌한 가족코미디로 잘 나가다가(8점)  후반부에서 어이없는 이야기에 작위적인 신파극으로 돌변해 말아먹음(4점);;; 우리나라 영화들은 되도 않는 눈물 코드를 왜 자꾸 억지로 넣으려 하는 건지...
10, 가족의 중요성을 유쾌하게 풀었네요 볼만합니다^^
6, 유치란 단어가 어울리는 영화
5, 어린이 눈으로 보는 어른 영화. 그냥 가족의 소중함을 멀리 돌아서 말하는 영화.
2, 너무 유치해서 보기 힘들었음  
9, 살짝 비현실적이지만 전체적으로 교훈과 재미 쏠쏠. 아빠를 넘어 명탐정 해결사로다~
10, 굿
4, 오버스러운 연기와. 말이 안되는 스토리
10, 영화 재미있게 잘 봤습니다. 감동도 있고요. 이 시대에 정말 아빠가 필요한 사람이 많아요. 아빠자리 잘 지켜주시고요. 아빠를 빌려드립니다. 실제로도 있었으면 좋겠네요.
5, 아이디어는 좋았지만  너무 오버스러운 연기에 유치한 스토리 전개  코미디지만 왜 안웃기죠?
6, 연기력 좋네요 그럭저럭한 영화네요.
10, 평점 왜이래? 재밌기만 하구만
4, 각본 따로 연출 따로  생각 따로 몸 따로. 융화되지 못하고 각개로 놀아난다.
7, 쾌활한 영화 기분좋아지네요. 볼만합니다
4, 딱 초딩4학년 영화
6, 초반 삼십분내로 결말도 예상가능했지만 괜찮은 소재였고 나름 나쁘지는 않았다. 하지만 극적인 사건도 없었고 왁 하고 웃을만한 에피소드도 없었던데다 감동도 그닥 느끼지못했다. 명절용 가족코메디정도랄까?
5, 좋은 소재인데 잘 살리지 못해 좀 아쉬웠습니다....ㅠㅠㅠ
8, 좋은영화   
8, 가족 코미디네요~ 아빠에 대한 사랑이 느껴지는ㅎㅎ가볍게 보기 좋습니다!
9, 가볍게 즐겁게 보는 영화   중간 중간 예상치 못한 웃음!
7, 유머감 풍부한 전개가 초반의 흥미를 줄곧 유지해 가는군
5, TV 드라마 요소를 너무 집어넣어서 영화 같지 않은.. 좀 더 드라마적인 연기와 배경을 뺐었으면 좋았을 소재였네요.. 김상경씨와 문정희씨는 이런 연기로만 갈 배우들이라 다음 영화에서도 또 뻔할거라 생각이듭니다.. 영화 흥행의 물고를 막는 연기를 가지고 계십니다..
10, 일단 보셩 ~
8, 생각지 않은 이상이었어요  잘봤어요
10, 김상경씨 다른 영화는 전혀 않보신것 같군요!  여기서는 영화 내용상 어리숙하고 찌질한 아빠의 컨셉으로  자연스럽게 보였는데  저 혼자만의 생각인가요?
0, 제발 억지감동 만들지 마라 그리고 김상경 연기연습좀해라
5, 가족에는 연출  대본 필요 없다. 재밋고 행복하면 끝.
7, <솔직 평점> 볼만한 영화였다. 재미와 감동 모두가있는 영화. 아빠란 존재의 재해석이 훌륭했다. 그러나 좀 억지스런 내용은 공감대를 형성하기엔 어려웠다.
8, 오랜만에 괜찮은 영화를봤네요~^^
6, 참신하긴 하다만 연출이나 시나리오가 어설프다.
3, 많이 엉성하다 연출이나 극본이나  망할만 했구만~
6, 소재 좋고  연기 좋은데.... 연출 실패! 너무 심심한 영화가 되버림. 갈등이 너무 약하고 억지스러웠음.
10, 가족영화로는 딱이넹. 나름 잼잇는데. 감동도잇고
10, 참 유식쟁이들 많네 입으로 떠들기 전에 텅빈 머리 속에 먼가 넣어보지  인간의의 뇌는 겨우 10% 쓴다고해서 나머질 골빈 상태로 하라는건 아니거든
7, 코미디를 코미디로 볼 수 있어야 할 것 같아  나름 납득하며 보려 하였지만  어느 순간부터 우리 나라 코미디 영화가 기승전 해피엔딩.. 그마저도 조금은 억지스러운 해피엔딩이 많이 보여 뒷끝이 시원하지 않은 듯 하다. 분위기도 설정도 좋으니 끝맺음도 만족스러울 수 있었으면 좋겠다.
4, 선의는 알겠지만  아빠가 없으면 제대로 된 가족이 안 되는 거야? 엄마들이 더 열심히 사는구먼!
10, 최다인 어린이 넘 귀엽당~~ 착한 영화..맘 편히 보기 좋네요~
10, 잘만든 영화입니다
8, 우리집 애기하는거 같았네요..ㅠ.ㅠ 잔잔한 감동이 있어 좋았네요.. 아이들이 넘재미있다고 또보고싶다고하네요.. 비슷한 상황이라그런지 늘짜증스럽기만 했던 일상이 그저감사했네요...~~
7, 하하하하하하하하하하.....^. ^__@@@@@@@@@@
4, 아무짝에도 쓸모없는(?) 백수인 아빠를 빌려준다...? 그런 그가 누군가에게 팔려갔는데 정말 팔자좋다 ㅋㅋㅋ 이런 엉뚱하고 유치한(?) 스토리를 봤나... 차라리 그냥 TV 드라마 스페셜에서 봤었으면...
0, 시작5분만에 개쓰레기임을 직감하고 광삭했다
3, 보자마자 감독부터 찾아봤다...하도 구성이 허술하고 엉성하길래 봤더니 완전 듣보잡 감독..이런 웃기지도 않은 가족코미디물에 분에 넘치는 과도한 평점이 매겨져 황당할 뿐이다..
10, 재미 감동 ^^재밌게 잘 봤습니다~
7, 흔해빠진 이야기인줄 알았다만 생각외로 소소한 재미가 있군.
10, 유쾌 감동
8, 무리한 설정이라 생각했는데 생각 외로 잘 풀어냈네요.  재미있게 봤습니다.
10, 2014년 아빠들의 모습.... 하지만 우리집 신랑과 나의 모습이 적날하게 나와 깜놀 ...  대사까지... 우째 이런일이... 깜놀   
10, 가족영화로 감동을 안겨줬네오.강추~!
8, 가족영화로 잘 만들어진것 같은데.. 영화관에서 빨리 막 내리는게 이상하네요.
0, 정말 우리나라는 왜 이런드라마류의 영화만주구장창 만들어내는걸까 남주 연기가 많이부족했고어설펐다 스토리도 진부하고
10, 가족들과 휴일보낼 가족영화로 좋았습니다^^*무난하고 편안한 감동과 웃음
8, 가족 영화로 재미와 가족애를 적절히 잘 표현한것 같아요.
10, 영화에서 희노애락을 모두 느낄수 있었고 슬펐던게 더 기억에 남는 영화다. 김상경 지금 드라마 만큼이나 연기 잘하는거 같다 ㅋㅋ 드라마 먼저 하고 영화가 개봉이긴 한데 개봉타이밍이 안타깝다.
7, 그런대로 괜찮네요. 가볍게 볼 수 있는 영화입니다.
10, 의외의 감동..겨울에 따스한 가족 힐링 뮤비
9, 가볍게 볼만한 영화. 흐뭇한 영화
10, 가족 영화가 필요한 시점 세상이 썩어가는 이때 필요한건 가족의 화합이다
0, 허허.감독님 이하 배우 및 스텝들.장담컨데 본인들도 나중에 이거 보면서 손발이 오그라들고 자다가도 식은땀을 흘리며 벌떡 일어나지 않을까 싶소.타임머신이라도 있으면 타고 돌아가 계약서 찢어버릴걸 하는 후회감 뭐 이런 느낌?
9, 애들과 가족끼리 부담없이 볼수 있는 영화이며  웃다 울다 우리가 살아가는 일상을 보여주는듯해서 느낄게 많은 영화인것 같다.
5, 평정10인거 보고 같다가  평점10준사람들은 다 친척이나 가족  측근인건지  ....5점이 딱 맞는영화
1, 엉아 영화보면서 많이 힘들었다..ㅠ
4, 시대착오..이 단어가 딱 떠오르는 영화더군요..스토리 스타일등등 모든게 이렇게 일관되게 촌스러운 영화도 참 오랜만인듯..할인쿠폰때문에  보긴했지만 아껴뒀다 다른 영화 볼껄 그랬어요..앞으로 볼 영화도 많은데..
1, 너무 재미없어서 보다 잤다. 작은 영화가 실패하는게 스크린 수가 적어서만은 아니란걸 보여줌. 진짜 9천원이 아까움. 감독은 다음 작품도 이렇게 만들거면 영화에서 손떼길.
10, 기대안하고 봤어요.. ㅠ ㅠ 그런데 공감되는 부분도 많고 감동 받았습니다. 서른이 되고 결혼도 하면서 가정을 꾸리게 되어서인지.. ^.^
1, 아놔~~~~~~~진짜 평점10점인거 보고 갔더니보는도중 너무너무 재미없어서 환장할뻔!!!김상경씨 연기도 어색하고 스토리에 개연성도 없고이건 뭐 같이 보자고 데려간 친구들에게 민망하고 미안해서 혼났네요
10, 애니매이션빼고는 아이와 함께 볼수 있는 영화 별로 없었는데 좋았어요. 가볍게 웃었고 화면이 너무  예쁜영화.
9, 가슴이 먹먹해지면서 뭉클했던 좋은 영화네요. 거주인들 데리고 갔는데 모두 재미있게 잘 봤다며 좋아하는 모습들이었어요. 잘 관람하고 왔습니다 ~
9, 오랜만에 괜찮은 영화 볼수있었습니다
10, 재미있고 감동적임. 눈물도 났는데요 ..돈아깝지는 않음
10, 재밌다 꼭 보셈
3, 너무 유치했다하지만 재미는있었다
5, 오로지 착한 감동에만 열중했던 영화  에피소드의 균형을 맞췄다면 더 좋았을듯!
6, 어린이날 특수를 겨냥해서 개봉했어야 하는 영화... 영화 후반부의 키스신은 굳이 필요없었을 장면이 아니었을까 싶다... 그냥 큰 기대없이 보면 무난함...
10, 대박 나시길
3, 애기들 보긴 좋은영화... 많이 지루하네요 처음부터 끝까지 너무 유치해서 보기 힘들었어요
10, 학교에서 단체로 영화관에가서 보았는데  모두가즐겁게웃을수 있고  큰감동을 주는 영화여서정알재밌었다.
10, 또 보고 싶어서 엄마랑 극장에 갔는데 시간이 너무 일찍이거나 너무 늦고... 예매를 하려고 해도 시간이 다 왜이래요? 개봉한지 얼마 안 된 거 같은데... 평점도 좋은데 이렇게 보기 힘든 영화 처음이에요- 극장 열어주세요. 가족영화가 시간이 밤 12시 10분... ㅎㄷㄷㄷ
3, 아무리 알바들이 평점을 높여도 아닌 영화는 아니라는거... 스토리도 중구난방 소소한 에피소드만으로 영화를 완성할 수 있다고 감독은 생각한건가? 김상경씨 잘생긴건 알겠지만 연기도 훌륭하다곤 못... 문정희씨 안정적인 연기 덕에 그나마 끝까지 참고봤지만... 너무 오글거리고 작위적이어서 영화관 나오고 싶었습니다.
9, 시어머님 모시고~아이들 데리고 주말에 관랍했습니다...김상경씨 코믹연기 되던데요???ㅋㅋㅋ가족과 함께 오랜만에 눈물 뚝뚝 흘리며 봤네요. 약간 부족함이 느껴지는 영화였지만  아이들과 모처럼 즐겁게 관랍했습니다.
10, 김상경씨의 코믹하면서도 진중한 연기... 정말 가족영화다운 감동과 재미.. 그리고 아이들 앞에서 말조심 해야 된다는 사실을 새삼 다짐하는 영화였어요.. 저는 왜 그리 눈물이 나는지..ㅠㅠ 아빠들 힘내세요!
10, ㅋㅋㅋ 알바생 아닌디 징허니 재미잇어요 ㅋㅋㅋ
10, 편하게 웃으면서 가족애를 느끼게 됩니다. 이런영화 많이 나왔으면... 아이들과 한번쯤 볼만한 영화...강추~~
10, 약간 부족한 시나리오지만 공감하는 부분이 많아 몰입하려했음. 채정안  민아  남보라를 만나게 되어 놀랐음. 너무 아픈 부분은 안 건드렸으면 하는 바람으로 보았는데 다행이었음
10, 잼나요 가족영화로는 최고인듯하네요^^~
9, 오랜만에 훈훈한 가족영화보고 왔네요^^
6, 스토리가 정리가 안된 느낌..
1, 으으으으으으으재미없다 화가난다
10, 가족의 의미...특히 아빠의 존재를 다시 생각해보게되는 따뜻한 영화였어요!!김상경씨 연기 완전 짱!!연말 강추하는 영화에요
8, 가족끼리 보기 좋은 영화예요~~ 따뜻한 영화임
9, 오랜만에 따뜻한 영화봤네요 주연배우들의 생활연기가 자연스럽고 좋았어요 딸내미로 나오는 아역배우도 귀엽고 다만  아이돌 연기는 몰입이 좀 아쉬웠습니다
10, 유쾌하고 감동적이며 따듯한 영화였던거 같아요.잘봤습니다.
10, 마음이 따뜻해지는 영화네요 재밋게 잘봤어요~~~~ ^^
9, 가족영화로는 최고입니다. 추운날씨에 가슴따뜻해지는 영화입니다. 배우들의 연기력이 짱!
10, 아내 아들 딸 모두가 봐야할 영화입니다. 별 기대 안했는데 몰입하여 봤습니다.
9, 다시 한번 아빠의 자리와  가족을  생각하게한  따뜻한  영화~~
10, 가족의 소중함과 함께 힘들지만 살아가는 다양한 사람들에대한 따뜻한 모습이 참 보기 좋습니다.오랫만에 좋은 영화를 보게 되어 고맙습니다.가족 다함께 보기에 최고의 영화입니다.
5, 재밌게봤슴다
7, 시사회로 보고 왔는데.웃기면서 감동적인 가족영화에요.지루하지 않고 중간중간 웃겨용
7, 본인보다 초등조카가 감동받아 눈펑펑...따뜻한 가족영화...
9, 자본주의 사회에서 부지불식간에 물들어가고 중요한 가치를 잊고 살지는 안는지 생각해볼일이다. 지금 귀찮게 느껴진다고 곁에 있는 사람은 그 자체만으로 소중함을 잊지말아야한다. 내 옆에 있는 것 자체만으로 얼마나 큰 행복인가.
10, 코미디로 알고 가서 웃다 울고 나오는 감동있는 영화. 아빠와 가족의 의미를 돌아보게 하는 따듯한 영화.
9, 마음이 유쾌하며 따스한 영화! 많이들 보았으면!!
7, 다루는 이야기는 다르지만 다음 웹툰에 제목 비슷한게 있어서 같은것 줄 알았음
10, ㅎㅎ
10, 올해본 영화중에는 제일 따스한영화! 우연히 본영화인데 김상경씨가 왜 안뜨는지 모르겠다 천만관중이 되어서 김상경씨좀 성공했으면 좋겠다
10, 이시대의 아빠로써 우리의 자화상인가보다.잠깐이지만 애들이랑  웃고 느끼고 같이 즐거운  시간이었다. 대한민국의  모든 아빠들 화이팅 ^^
10, 한국의 고학력자들의 취업난을 보여주면서도 양성평등의 시대지만 여전히 밥벌이는 남편이 해야한다는 자본주의가 요구해온 핵가족적이고 가부장제적인 제도가 사회적 압력이 되는 모순적 시대에서 진짜 좋은 남편이나 아빠가  되는 조건은 무엇일까에 대한 물음이랄까.  따뜻한 영화입니다.
8, 나름 재미도 있고 감동도 있고 마음이 따뜻해지는 가족이 함께 볼수있는 영화입니다.
10, 와우!!
10, 재미있네요. 시나리오가 다소 부족하지만 배우들의 연기로 커버가 되네요
8, 전철역 안전문에 있는 광고 봤는데.. 내일 한번 봐야지..
10, 빗속의 ㅈㄱㅌ 신은 진짜 레전드임. 웃기면서 슬픈 그런..
10, 오랜만에 가족들과 볼수있는 영화였다
9, 오랜만에 정말 따뜻한 영화를 봤습니다.
10, 아이들 연기가 따뜻하네요
9, 너무 재미있어요 오랜만에 웃긴영화....강추!!
10, 아빠없이 어린시절을 보낸 나로서는  한없이 따뜻하게 느껴지는 영화네요...여러분 아빠  엄마  동생이랑 꼭 손 붙잡고 보세요!!
1, 이걸 돈주고 영화관까지 가서 보다니....공짜로 보여줘도 시간 아깝다.
10, 시사회 보고 감동 받아서 다시 영화 시간 내서 보러가려구요~! 가족과 함께 봐야 할듯 스토리도 재미있고..... 배우들 연기도 잘하고 김상중 뻔뻔한 백수 연기  딸 역할  아역배우도 연기도 너무 잘하고! 민아 노래도 너무 좋았어요.
10, 너무 너무 감동적이고 가족들이 함께보면 좋을꺼같아요 아빠가 보고싶어지는 밤이네요~
10, 역시 문정희 믿고 볼만하네요.갈수록 이뻐지는거  같아
10, 코믹하고 감동이 있는 가족영화네요.현재 아빠들의 위치와 역활을 생각해 보게 하는 따뜻한 영화.강추합니다. 아빠랑 꼭 함께 보세요.
10, 너무제미있어요.걸스데이 민아양 연기 최고에요.영화 흥행하세요.
9, 아이들과함께보면 가족의소중함을 느낄수 있는 영화 인거같아요ᆢ
10, 아이들과 시사회 다녀왔는데 재밌게 봤어요 .. 아이들도 엄청 웃더라구요.
10, 알바 아닙니다 완전 재미있어요 ~
10, 영화 재밌네요 추천합니다 . 부담없이 웃고 살짝 울고 겨울이 시작되는 요즘 정말 훈훈한 영화
8, 어제 시사회 다녀왔는데 너무 재밌게 봤어요^^! 영화보는동안 웃느라 정신없었네요~!
10, 아역으로 나오는 최다인 배우 정말 똘망똘망하니 예쁘네요^^
9, 잘만들었어요..재미와 감동 모두를 느끼게 합니다..
5, 이 시대를 살아가는 우리 가정들의 다양한 아픔들을  선한 의도를 가지고 따뜻한 이야기를 그려내고 있지만  한꺼번에 너무 많은 이야기들을 담아내려고 했던게 오히려 독이 되지 않았나 싶더라구요. ^^;;
10, 대박나시길...
8, 초등4학년 딸이 엉엉 울더라구요. 아빠보고싶다고. 배우들 연기가 괜찮았구요. 7번방의 선물보고 유치하네 뭐네했던 사람들은 안보길바라고. 재밌게 본 사람들은 이 영화도 잘 맞을 듯 해요. 영화보다가 빵 터져서 깔깔거리고 여러번 웃었어요.   영화 가슴달린남자로 유명했던 박선영씨! 반가웠다는~
9, 영화 잼있게 봤어요. 중간중간 반전때문에 배꼽빠지는 줄 알았어요^^
8, 영화는 대체로 무난무난.. 편히 보는 영화~ 기대없이 봤지만 그럭저럭 마음이 넉넉해지는 영화. 그리고 걸스데이 민아가 나오는데 (아마도 민아가 부른듯한)ost가 맘에 든다. 복잡한 외화에 질린  마음이 말라있는 사람들에게 추천
9, 개인적으로 즐겁게~ 슬프게~ 봤네요.  가족과 함께  하면 너무 좋을것 같네요~~
9, 시사회로 어제보고왔는데ㅋ 완전 재밌었어요ㅋ 눈물도 찔끔ㅜ
7, 아빠를 빌려드립니다... 영화를 봤는데 그냥 어린이날 특집드라마같았다.. 정말 아이와 부모가 함께 보면 좋을 착한 영화.. 좀 뻔한 내용으로 가는게 있긴하지만 더한 신파도 더한 과함도 없는 무난한 영화라고할까나.. 지루하지않고 편안하게 볼수 있는 영화였다
10, 요즘 가족끼리 왜이래에서 김상경씨땜에 배꼽잡고 있어요! 꼭 보러갈께요!!
9, 꼭 보고 싶은
9, ‘아빠빌’은 이 땅의 평범한 아빠들  이런 아빠를 남편으로 둔 아내들  이런 아빠를 가장으로 둔 아이들  곧 이런 아빠가 되거나 미래의 이런 아빠를 만날 미혼자들이 보아야 할 국민영화다. ‘아빠빌’은 세월호 침몰사고 이후 웃을 일이 별로 없었던 국민들에게 가족과 가정의 의미를 일깨워주고 재미와 감동을 줄것이다
10, 소설도 재미있게 읽었는데. 영화도 재밌고 감동적이에요. 후회 안 해요.
7, 시사회 리뷰. 편안하게 볼 수 있음. 엔딩은 누구나 예상 가능함. 기대는 금물.
7, 정말로 잼있게 보고..특히 아역의 연기 너무귀여웠고..주목할껀..까메오.좀의외였음.ㅎㅎ
9, 너무 보고싶다...예고편보니 정말 유쾌할듯..ㅎㅎ
6, 모든 가정의 희망사항적인 아빠의 모습을 그렸지만 현시대 아빠들의 내면과 심정은 잘 그리지 못한 전형적인 가족영화
4, 유치한스토리와 오버액션하는 연기땜에 시종일관 불편하고 집에가고 싶은 생각뿐이었습니다.. 엔딩화면까지 자리지키고 있는사람이 많은걸로 봐선 취향을 타는건지는 모르겠는데... 적어도 제겐 정말 최악이었습니다. -_-;
10, 오랜만  아이들과 보고싶은 영화네요..~~요즘 김상경배우님 드라마도 너무 재미있게보고 있어요~~기다려집니다~~^^
10, 민아 사랑해♡♡  !! 팬이에요 대박나라!!!!
9, 시사회로 보고왔는데~상당히 재밌습니다. 김상경씨 연기  아역들 연기 모두 좋습니다. 걸스데이 민아의 발연기조차도 웃음으로 승화할수있는 영화네요ㅎㅎ
4, 찌질영화 좃망해라
10, 잠깐 영화프로그램에서 봤는데 발상도 참신하고 재밌을것같네요 ㅋㅋㅋ
10, 개봉 기대되네요? 가족코메디영화 같은데   올해는 평소 잊고 지냈던 가족에 대한 소중함을 느겼던 한해였읍니다. 가족과 함께 보도록 하겠읍니다.
10, 대박 완전 기대기대~~
10, 아빠렌탈 빵민아 기대중! 덕심 거르고도 재밌을듯
10, 간만에 훈훈한 가족영화 기대됨  줄거리가 재밌겠음.
0, ^^&
10, 어려운시기 힘이 되어줄 희망적인 영화인거 같아 꼭 봐야 할거 같읍니다
10, 빨리 보고싶어요~~
10, 내용부터가 재밌을 것 같은데 거기에 김상경 문정희 배우라니!! 정말 기대됩니다
10, 소설 읽고 코끗이 찡함을 느겼던 작품인데 영화로는 어떻게 나왔을지 기대가 큽니다. 요즘 티브이에서 보는 김상경씨의 의뭉스러움이 잘 녹아난다면 무척 재미있을거 같아 기대가 되네요.
10, 기대됩니다. 개봉하는날 봐야겠어요.
10, 11월 4일 개봉 해주세요
10, 빨리 개봉해주세요
10, 김덕수 감독님 오랫동안 기억에 남는  영화 부탁드립니다. 꼭 보러 갈께요
10, 기대되네요~
10, 빨리 개봉했음 좋겟고 조재윤씨가 나오신다해서 더 기대되는 영화~>_<
10, 기대중~빨리 개봉해줘요 ㅠㅠㅠㅠ
10, 강퍅하게 메마른 가정과 사회에 리얼한 감동으로 국민 모두에게 다가가는 작품이 될것으로 기대합니다.
10, 꼭 잘되길 바랍니다~
9, 잔잔한 감동! 간만에 가족 드라마.....
0, 영화망해라
10, 민아누나정말팬이에용~~홀리 주군의태양 뱀파이어아이돌등등민아누나나오는거거의다봤어요.앞으로도파이팅영화대박나세요~~^^
