7, 재미네여    배우들 열연과 고 김영애 선생도 생각나고      역시 명매우들이네여    
10, 장르를 코메디라고 하기엔 너무 감동적이라....
9, 어릴적 입양간 동생이 생각나네요...이젠 제 나이도 47세 인데...
8, 재미도 있고요~ 감동도 있고요~
10, 하고싶어요제발보내드립니다!
9, 역시 장진 감독님~^^ 재미있고 감동이 가득한 영화였어요...
7, 따뜻한 영화 였네요. 조연분들의 연기가 좀 과장되고 지나친 부분이 있었는데... 뭐 이해가 되네요.
10, 코믹하고 대사가 재미있고  그래서 오래 기억합니다. 이런 영화가 많이 나왔으면 좋겠습니다. 장진 감독님. 좋은 영화 부탁드립니다. 그리고 110% 연기를 보여준 출연진 여러분께도 깊이 감사드립니다.^^
10, 정말 좋은 영화 입니다. 웃다가 울다가 푹빠져 봤습니다.
10, 니들또싸웠나?  ㅜㅜ 눈물 뚝뚝
10, 평점이 낮은게 의외일정도로 정말 좋았습니다
9, 웃음과 사랑이 있는 영화입니다
10, 설날영화로 하는거 봤네요 의외로 넘 좋네요 슬프면서도 재미있어요^^
10, 이렇게 좋은 영화인지 몰랐다. 보는 내내 웃다가 울다가 감격하다가 정말 시간가는 줄 몰랐다. 휴먼코메디라고나 할까. 이렇게 감동이 있고 재밌는 영화가 묻혀있는지 이해되지 않을 지경이다.
9, 정말 좋은 가족 영화! 강추입니다.
10, 잔잔하네요
10, 니들 또 싸웠나~?!
5, 장진 특유의 색채가 있는 장진 영화는 각본을 본인이 직접 써야
7, 엄마 찾아 전국 일주
10, 기억의 멈춤.. 그거 안겪어본 사람은 모르죠.치매 어머니의 기억..
10, 따뜻한 장진
10, 굿영화
9, 횡재한 느낌입니다. 흔하디 흔할거 같은  억지 눈물샘을 자극 하는 그런 영화라고 생각 했는데.. 물론 영화 스토릴 줄여서 말하자면 그런 영화로만 표현 될수도 있지만.. 그걸 배우들이  연출이 편하게 풀어줘서 부담없고 몰입해서 볼수 있었습니다.특히 조진웅씨 연기는 대단 하네요.
9, 몰랐네요..잼있고 따뜻한 영화~진작볼껄..역시 장진감독님 영화는 내 스타일~^^
6, 하이힐에 이은 또 다른 천재적인 장조와 단조의 융합.... 낄낄 거리며 보는게 얼마만인가...이런 장진의 소소한 영화 지지한다.
10, 평점을 너무 낮게주신 분들이 많네요... 잔잔하니 감동도 있고 재미있는 영화입니다.
8, 재미있었어요  감동도 있구요 장진의 익살도 있었구요
9, 재밌게 봤습니다. 평점들이 너무 야박하네요. ㅎㅎ
9, 딱 덜도 말고 더도 말고 장진 영화  ㅋ
7, 장진감독 영화중에 제일 낫네요 유쾌하고 감동적으로 볼 수 있는 영화 입니다
7, ㅡ
9, 정말 재밌게 봤네요.  ^^
4, 영화소개 프로에서 보셨으면 영화 안 보셔도 됩니다. 그게 답니다.
8, 소재 더하기에 장진 특유의 독특한 유머가 물씬   특히 조연들의 연기가 일품이네요~
7, 조진웅 아직은 주연하기엔 부족한 연기력. 너무 어색하고 관람하기에 민망했습니다. 영화 보는내내 특별한 먼가의 장면을 기대 했는데  상영내내 미지근하게 끝나고 마는 아쉬움이란!!
8, 장진감독 영화  좋아하는데  얼마전 하이힐보고 실망했거든요 그래서 기대안하고 봤는데 웃기기도 엄청웃기고 슬프기도 하고 전 아주 대만족이였습니다
6, 배우들은 연기를 정말 잘했는데 편진?뭔가 스토리가 연결되는게 조금 억지스럽다. 아쉽다...
7, 김성균의 사투리와 배역이 젤 눈에 띄면서  적당한 코믹과 좋은 연기들에 쉽고 편하게 볼수있는 영화.
0, 연극 ㅎ ㄷ ㄴㅇ왜 영화에서 ㅅㅊㄴ  역격ㄷ  ㅂㅅㅅㅋㄱ
10, 꿀잼 ㅋㅋ
10, 재밌다..좋아하는 배우들도 한가득하고
6, 장진스타일 영화. 스토리는 조금 아쉽지만 곳곳에 숨어 있는 유머는 우리를 기쁘게 한다.
10, 생각보다 재밌었다.
4, 목사랑... 무당이라... 결론적으로 이 영화 직업하고는 아무 상관이 없다ㅋ
8, 재미와 비애를 잘 조화시킨 영화.
7, 스토리도 괜찮고 배우들 연기도 좋았는데 어딘지 모를 아쉬움이 남는 영화~!
6, 시나리오자체나 배우들연기는좋은데 지루해여  장진감독 감털어지신듯
7, 제발 재미있길 바랐는데....아아 장진이여....
6, 주인공들의 전작에서의 강한 이미지 탓인가 이번 연기가 쉽게 익숙해지지 않았다. 영화의 전반적인 내용도 마냥  유쾌하지 않았다. 장진감독 특유의 연출코드는 신선하게 생각함.
8, 동화적이나 감정의 흐름도 자연스럽고. 소견으로는 '목사'와 '무당'이라는 설정으로 관객입장에서는 메인 메시지가 아주~약간 흐려지고  영화가 전체적으로 '평범'해진 것 같은 느낌이 들었습니다. 하지만 유치함(?)을 관객 수용의 선 안에서 마음껏 표현하시는 대담함  '고수' 관록이 느껴집니다.
6, 주인공인 형제보다 눈에 더 들어오는건 김영애의 연기력..
4, 형제애보다 모성애가 한 수 위
8, 기대안하고봐시다가 계속 감동작렬.. 깨알 개그와 주연들의 멋진연기까지. 막판에 장진감독이라느노문구보고 놀랐습니다 ㅋㅋ 역시 명불허전 장진
8, 오랜만에 소리내어 웃으면서 영화를 봤다. 마지막 장면도 감동이었다.
10, 연기도 맛깔나고 현실적인 요소도 곳곳에
7, 소소한 웃음 코드는 역시 장진이구나 싶었다..솔직히 유머코드는 나랑 잘 맞는다..근데 감동 유발은 장진감독이랑 안맞는거 같다..뒷 부분에 감동을 줄라 할때는 너무 지루하고 식상했다..그냥 코미디로 시작해서 코미디로 끝났으면 어땠을까 하는 생각이 든다...다음엔 장진식 정통 코미디 영화를 기대해본다.
7, 조금 아쉽다 연기 못하는 아역 왜 넣은건지? 참 연기 잘하는 사람들 때문에 그나마 그거 아니면 장진도 어렵겠다 싶다.2% 부족! 더 좋을 수 있었는데 아쉽다. 마지막에 가슴 짠함
8, 크게 해되는 듯한 영상없이 소소하게 웃음을 주는 그런 영화.티켓파워가 좀 부족한 주연이라 관객이 덜 온듯 한 것 같음.개인적으로는 이 정도면 괜찮은 영화라 생각됨.피가 낭자하고 욕설이 넘치는 그런 영화보단 훨씬 낫지 않겠나 생각됨.
4, 기독교와 무속인 형제의 설정만 독특한 영화. 웃음포인트는 장진스러운 영화.
4, 영화가 뭘 말하고 싶은지 전혀 모르겠음... 얼마 전에 하이힐은 괜찮았는데 이번 영화는 억지로 웃기려는 느낌이 너무 강함 장진 감독님은 이제 이런 영화는 안 만드시는게...
8, 설정은 아주 흥미로웠는데 이야기가 진행될수록 지루함과 단순한 오락영화는 아닌 거 같은데 무얼 말하고자 하는 지 모르겠음
7, 우리는 장진감독에게 너무 많은것을 기대하는건 아닐까.... 소소한 풍자와 유머~ 호불호가 갈리겠지만...재미있게 잘보았습니다
4, 영화가 아니다  그것도 주말밤 늦게  아니 새벽에 보는 단막극...
10, 명량보다 훨 낫다
2, 장진은 아는여자가 절정이였고 박수가 끝물이였나?? 그래도 그땐 비틀고 웃기고 날것이였는데.. 이젠 잃었어 억지스럽고.. 지금 시대엔 이런 감정팔인 기만이여 위로가 안된다구..
6, zz
10, 그냥 재미있다길래 보러갔더니 진짜로 재미있었고 정말 극과극이였던 형제지만 형제의 재회보다는 어머니의 행방이 더 웃겼던것같아요~ 마음 한구석이 정말 힐링이 된 영화였어요 많이 웃어서 좋았슴다!
6, 웃길려고 넘 초반에 애를 썼다 ..  웃기지도 않지만 ..   결말쯤   그냥 그렇게 따스한 봄 날로 끝났다 .. 
7, 잔잔한 재미는 있는데 엄청 재미있고 그런 건 아니네요ㅎ
4, 배우들이 아깝다..........개그물이라면  빛을 바랄 영화였지만....
4, 엉성한 극본  전혀 현실성 없는 사건들. 개그콘서트만도 못하다
5, 조진웅씨 좋아해서 참고 봤네요. 결말은 좋았습니다.
8, 억지스럽지 않은 잔잔한 감동이 좋았어요
6, 연기력과 결말부분은 괜찮네요..중간에 별거 없이 계속 엄마 추적하는건 진짜 지루하네요. 재미도 감동도 이유도 없고.
5, 형의 인터뷰신이 좋았다
6, 인간미도 있었고  연기력도 있었지만  재미는 뻔했다. 그래도 인간미가 있어 훈훈한 영화.
9, 배꼽 빠짐 너무재밌고 감동적이었어요ㅠㅠ
5, 미생 드라마보다 못하네요~ 스토리 연출 흡입력 다 별로네요~
9, 생각보단 재밌어요...  잔잔하게 웃기고 울리는 영화....
8, 기본은 하는 영화
1, 아 진짜 장난하나 그만 하시죠 장진씨 자다말다 썼나요
9, 간만에 울었습니다.
8, 제목에서 부터 뻔한 스토리인거 같지만 그 뻔함을 다른 방식으로 접근 하는  흐름이라 재미 있게 봤습니다. 역시 장진 감독님 스퇄이에요. 한마디로 웃프다. 국민 어머니 역은 역시..
9, 어찌보면 뻔한 내용이지만... 눈물이 나는 이유는...볼만하네요~^^
8, "느그 또 싸웠나?" 이 한마디가 이 영화의 모든 것을 말해주는 듯. 목사님과 무속인의 애잔하고도 웃긴 만남이 훈훈하게 보기 좋다. 가족끼리 보기에 참 좋은 따뜻한 영화.
8, 가족의 의미.. 오늘따라 돌아가신 어머님 생각이 많이 나네요.
7, 처음부터 끝까지 지루한 줄은 모르고 봤다. 소재가 식상하긴 하지만. 갠적으로 장진 감독의 개그코드를 좋아해선. 나쁘지 않았다.
7, 따뜻한 가족의 의미가 억지스러운 설정을 모두 덮어주는구나. 장진다운 재기발랄함이 조금은 그리운 영화
7, 다른 종교를 믿지만 우리는  형제입니다. 이 영화에서 처럼 종교간의 화합이 이루어졌으면 한다.
9, 잔잔하면서도 소소한 재미와 억지스러운듯 하지만 감동도 있는데 전 이런 영화 너무 좋아요. 시간 가는 줄 모르고 잘 봤습니다.
8, 방금봤음다 생각보다는잼났어요 소소한웃음 약간의감동
10, 기대하지않고봤는데 목사와무속인형제를 다른문화환경으로 이질감있게 전개하다가 결국 위기가 올때나 어머니의사랑으로 하나로 묶어가는 그럴싸하게잘만든 영화 ㅡ실제보면감동이다
7, 입양으로 헤어진 형제의 치매걸린 어머니 찾기...지루하지도  특이하지도  썩 재미있지도 않지만 졸지 않고 끝까지 봤다...이게 장진 영화의 매력이자 단점인가?
10, 한국의 역사와 문화의 이해없이는 웃고 울기 힘든 한국인을 위한 위대한 블랙 코메디이다. 누구는 작위적이라고 이 영화를 평하지만 나에게는 올해 가장 감동스러운 영화였다.
8, 재밌는 소재이지만 보통영화의 코믹과 신파 형식을 벗어나지 못한다.
10, 평점이 너무 낮아서 올려봄
7, 제목과 포스터는 정말 보고 싶지않게 만들었음
7, 제목을 왜 이렇게... 유치찬란할거라 생각했는데  생각보단 유치하지 않았다. 하지만 기억에 크게 남는 장면은 없다. 장진 감독은 몇몇 씬을 그걸 노리고 만든거 같지만  너무 그게 보여서 손발이 좀 오그라들음. 그래도 영화가 지루할 틈은 없어 좋네요.
8, 간만에 만나는 장진감독 표 영화였다. 잼있었고 상상했던거에서 조금 더 발전한게 맘에 들었다.
10, 역순으로 하면 되야~ 요고 한마디에 10점
8, 솔직히 조연들이 재미있었다.. 넘 재미있었다.. 윤진이 입술이쁘시네..ㅋㅋ
9, 저는 장진감독의 틈새유머가 넘넘 잼있습니다~ 너무 심각하지도 않고 그렇다고 감동과 교훈도 빠뜨리지 않습니다. 제목만 보고 보던중에 장진감독인가? ㅋㅋ 적중했네요..ㅎㅎ 알차고 감동적이고 느낀점도 많고 추천이에요~~
9, 코미디이면서 가슴찡한 휴먼이죠.  후반부로 가면서 더 재밌었어요. 중간에 살짝 지루한 부분이 있었는데  그것은 지나치게 현란한 상업영화들 때문에 영화에 대한 제 생각이 수준 낮아진거겠죠.  그 시간에 영화에 대한 깊은 통찰을 할 수 있었던거 같아요.
10, 평점이 왜케낮죠?  전넘잼나게봤는데요~~^^
5, 정말 아쉽네요...너무 기대한 제 잘못이긴 하죠...장진과 이 화려한 배우들로...이정도밖에 못 뽑아낸다는 건...장진감독이...끝나가고 있다는 건가요...웃기려고 만든 여러 장치들이...억지성으로 밖에 느껴지지 못한...상당히 아쉬운 영화네요...
10, 초반 연출이 조금 아쉽지만  잘 만들고 시의적절한 영화  평점 8은 넘어야 할 듯.
9, 제목만 보고 유치찬란한 킬링타임도 안될영화일줄 알았는데정말 저평가 된 영화다위트있고 감동적이고 짜임새있는 영화홍보만 재대로 됐어도 어느정도는 인기몰이는 했을텐데
10, 기대없이 본 것 때문일까... 재밌고 감동적이였습니다. 가족영화로 좋습니다.
8, 그냥 볼만함
7, 포스터와 제목만 보면  뭔가 시작하기가 어렵다. 하지만  그런 상황에서 시작을 하고나면 괜찮네 라는 생각이 든다.
5, 너무 고전느낌물씬난영화 개그는 초반에치다 안드로메다로가버리고 내용역시 너무진부해서 눈물났네요 장진감독님 지금은 2014년입니다 2014에맞는개그를....
9, 나름  감동적이에요 평점이 너무 낮네요
6, 웃을 수 만 없는 영화 감동도 웃음도 짜내지 못 한 시기 지난 휴머니즘
10, 평점이 너무 낮아서 10점 줌뭐 잔잔하니 볼 만은 한데 장진 특유의 한방이 없네
9, 평점보고 안봤다간 후회할뻔했어요~~  코믹하고 감동있고 이럼 됐지 멀 더 바라시는지들~~ㅠㅠ 정말 재미있게 잘봤습니다...
0, 이거 국민을 무시하는 영화죠? 돈 내고 이딴 쓰레기 영화를 봐야 하다니.... 배우들이 아깝다...
9, 재밌게 봤습니다.. 재밌는 배우들 박수..
4, 두 배우 온몸에서나는 소리(?)로 연기하는데... 이상하게 오글거리고 어색하고 유치한 상황과 대사가... 어리버리 그 소매치기들도 한 몫...
7, 잔잔한감동을 불러 일으키는 영화.강한 캐릭터의 조진웅과 김성균의 이미지를 웃음과 감동으로 변화시킨 영화이다.나름 괜찮은 영화임.
2, 끊임없는 우연과 작위적인 상황의 연속..그리고 쥐어짜듯 억지스럽게 구겨넣은 감동 코드....한 때 천재 감독 소릴 듣던 장진의 작품이라 믿겨지지가 않을 정도로 조악한 영화. 하이힐 영화 찍으면서 심심풀이로 공장에 하청 맡겨서 찍은건가...
1, 아시안게임 개막식 같은 영화...안스럽다...
1, 2014년 최악의 한국영화...!!!
7, 괜찮네요. 딱7점.
10, 재미없다시는 분 들은 마음이 너무 굳어 버리신 것 같네요부모님과 함께 보면 좋을 것 같은 영화입니다
2, 좋은 배우들을 데려다가  어처구니 없는 영화를 만들다니... 감독은 아무나 할 수 있다는 것을 보여주는 작품이다.
7, 즐겁게 봤어요^^
4, 코미디로도 드라마로도 참 무디고 늘어진다
10, 웃다가  울면서  봤습니다  캐스팅이 너무 잘되어서  빛난 영화입니다  너무 재밌고  간간히 깊은 감동까지..... 제 점수는 10 점입니다
5, 장진스러운 영화다. 목사와 무당이라는 소재가 연관되어 전개되는 이유도 없고 단순함만 있다. 재미도 없고 감동도 없다. 주연들의 연기만 남았다. 실망스러움..
9, 감동적이고 좋습니다. 장진 특유의 2% 부족한 부분들이 무마될 만큼. 하이힐 때부터 뭔가 장진 감독의 진일보가 보이는 듯도 하여 좋네요.
7, 어짜피 장르가 코미디 영화..무거운 주제일 수도 있는 입양아문제와 노인치매 그리고 왜곡된 종교적 세태를 풍자하는데 이 정도면 되었지...뭘 그랴   ?? 아무런 느낌 없이 후렴구만 남발하는 요즘 게그 보다 웃음과 눈물이 교차하는 이런식의 과거 코미디가 더 좋구만..^^
5, 아쉽 아쉽
6, 개인적으로 장진 감독의 연출은 별로지만 이 영화의 각본은 꽤 괜찮은듯 싶다. 초반은 그저그런 드라마였지만 차츰 재미와 감동이 뭍어나오는걸 볼 수 있었다. SNL크루등 까메오 출연도 나름 쏠쏠한 재미였다.
5, 평점은 개뿔 장진은 snl korea에 나올때가 제일 욱겻다 더이상 관객을 욱기려 들지마라 유치하다
5, 자신의 재능이 고갈됐음을 장진 스스로는 알까?  더 이상 장진에게 무엇을 기대하는 건 무리다.
7, 조금 억지스러운 스토리와 어색한 사투리가 거슬리긴 하지만 까메오보는 소소한 재미와 잔잔한 감동을 느낄수 있었다. 평타 이상은 하는것 같다.
9, 재미없다고하신분들은 대체 어떤 영화를 좋아하시는지 궁금해요  폭력과 범죄와 난잡이 충만한 요즘 따뜻한영화를봐서 너무 좋아요  조진웅씨 멋져요
10, 재미있고 감동 이네요 이런영화 좋아요
10, 장진스타일 굿^^
9, 이거 재미없다 시나리오가 뻔하다 하시는분들은 너무 각박한 세상에 마음이 찌든거 아닌가 하는 생각이 드네요..어떤 재미를 원하시는지요? 얼마나 더 짜릿한 것들을 찾아 다니십니까?조금만 여유를 가지세요.다보고 장진감독인거 알았고역시 장진감독이란거 알았습니다.
0, 하~~~~~~~~~암....
9, 선플본후 본 영화 감동없고 악플달린 영화 보면 재미가 쏠쏠하다.
6, 장진영화가 이렇게 까지.. 내려오다니...
2, 장진식의 유치한 개그가 더이상 안 먹히는...ㅠㅠㅠ
6, 억지스러운 상황 설정이 많지만 나름 웃기기는 하다. 그렇다고 정신없이 웃기는 코미디도 아니고 가슴이 애틋해지는 신파도 아니고 좀 어중간한 영화...
4, 얼굴 인상부터가 악역에 어울리는 두사람이 이런 배역을 소화한다는 자체가 에러다
6, Not bad~
10, 10점은 아니다 평점 때문에 놓칠뻔한 영화
8, 포스터보면 딱 나오는 뻔한 스토리인데 스토리 운운하는 건 좀... 짧게 말하자면 소소한 감동과 중간중간...신의 영역...빵터지고 잘봤네요.
3, 억지스런 가벼움들이 화가난다.
0, 장진 영화는 싸구려 코미디그이상.그이하도 아님아 증말 돈.시간 아깝다
0, ...
8, 재밌고  즐겁습니다~
5, 장진은 2005년 '박수칠때 떠나라' 까지가 딱 떠날 때 였음. 그 이후론 뭔 생각으로 감독질을 하는지 도통 모르겠다..
6, 재미없어요 ㅠ
10, 감동. 코믹 추천 드립니다
7, 신의 영역만 기억에 남는다.
7, 일단 출연진이 화려하다. 소재도 좋았고 간간히 재미도 있었지만 가끔 대사가 개그콘서트식 말장난이라서 과~한 느낌이 들었다.
10, 살짝 웃기고 살짝 감동있음  조진웅 역시 굿
2, 안 웃겨. 또 한국식 신파 코미디 사기극. 이 실력으로 감독해먹는 실력이 진짜 대단하다. 재벌 아들이냐
10, 못해도 이틀에 영화 한편은 꼭 보는 영화광인데  평점 주려고 로그인을 한건 오랜만입니다. 평점이 낮은것같네요. 중갅숭간 소소한 유머도 제 취향이고 스토리도 탄탄하고 출연진들 연기력도 나무랄데 없네요. 억지감동없이 뭉클했어요.저는 참 재밌게 봤습니다.
7, 장진 스타일
9, 눈물나는  코끗이 찡한 유쾌한 영화!!!역시 배우들의 연기가 한몫!!
10, 재미있게 봤어요....시각장애인들을 위해 베리어프리로 만들어 주셨으면 합니다.
10, 장진감독의 보여주는 코메디.. 늘 좋다.
10, 최고의 영화예요^^ 어려운 환경속에서 어긋난 삶을 살다가 바른길을 선택하여 잘 살아가고 가족을 찾아 아픔을 치료하는 모습에서 눈물이 왈칵솟아지고 진지한 대화속에서 웃음을 자아내는 아주 특별한 영화예요 재미있게 잘 받습니다.
10, 대한민국 영화의 특징을  잘 표현한 영화 중에하나라고  생각합니다. 대한민국의 종교 현실그리고 수용성을 잘 표현했고  우리 근대사의아픈 가족 이야기 끈끈한 가족애 우리들의 그렇고그런 삶의 그림을 감동과 코믹 그리고 공감으로이끄러낸 수작입니다. 시간 가는 줄 모르고 잘 감상!
5, 기대많이 하고 봤는데 솔직히 그냥 그랬음 코믹부분이 약한거 같고 웃음 포인트를 모르겠음 그냥 그랬음 감동은 약간 있음
10, ㅋ코메디 영화 ...앵벌이 아이들이 넘 귀여웠어요..  김영애씨 연기가 대박...최고 입니다.
10, 선균이 조진웅 넘조아염^^*
8, 감동 ^^*
7, 뻔한 스토리에요. 감동+유머 아예 기대 안 하고 봤는데 재밌었어요 김성균의 연기가 너무 웃겨요. 빈틈을 두배우가 다 채워요 김영애씨도 연기 굳~~
10, 감동^^:
7, 그냥 그럭저럭 시간 때우기는 나쁘지 않습니다만  명절용 코미디 영화라고 하는게 더 적절하겠네요.
0, 최악의 아시안게임 개 폐막식의 원흉이 만든 풍자 코미디. 무능한 제작진이 조진웅  김성균  김영애 데리고 TV 단막극 수준의 킬링타임코미디 찍었는데 제일 큰 문제는 재미가 없다는것 ㅡㅡ
2, 지루하고 잼없음 딱 티비영화정보에서 나온 예고편이전부인 영화 보다가 중간에 잠든건 첨입니다
2, 처음입니다 영화보다 나가고싶었던적은...정말 아니였어요 지루해서 혼남 ㅠㅠ
7, 모르겠다
10, 재미있었다 그러나 슬프다
8, 딱 영화값이 안아까울 정도의 재미
8, 재밌게  봤어요가족과 함께 봐도 좋을듯^^
10, 좋아요
7, 넘 감동입니다
6, 평균이상도 이하도 아닌...
10, 감동도잇고 잼잇어요심각하지않게 스토리풀어나간게 지루하지않던데지루해서 잠오고 뛰쳐나갈영화는 아니던데8점정도는 나올영화.넘짜게준사람들땜에 10점줌~
9, 안봤으면 후회할뻔  울림이 있다
10, 너무너무 감동적이고 웃기고 슬프고 재미있었는데 영화감평을 낮게 하시는 분들은 정말로 이 영화를 보셨나 의문이 듭니다 또 다시 보고싶은 영화였습니다
8, 메인일것같았던 갈등요소의 부재로 인해 싱겁기도 하지만 마음만은 흐뭇해지는.. 헌데 지금의 장진은 약해진건지 아니면 기교가 늘어버린건지...
10, 가슴이 돌덩이거나 속빈 사람들이 보는 것이 아님 잔잔함에도 가슴이 따뜻할수 있다면 보세요
2, ㅋㅋㅋㅋㅋㅋㅋㅋㅋㅋ 저녁 6시20분꺼 봤는데  초반엔 졸다가  중반부에는 도저히 못보겠어서  가방들고  뛰쳐나옴 ㅋㅋㅋ  감동도 재미도 그닥   내 돈 아까워........
9, 코메디 지만 잘보앗음 장진감독의 가족애 ㅎㅎ 그래도 훈훈해요
0, 아..정말이지..영화보다보다 중간에 뛰쳐나오긴첨이다조진웅.. 포블리..김영애..등등..쟁쟁한조연들까지..보는내내 뛰어난연기자들의 연기만 너무나도안타까웟다..ㅠ
1, 넘 유치한 코미디~~~영화보다 잠든건 처음
9, 재밌었어요~~ GOOD
10, 아이들과 함께 보기 정말 좋은 영화였어요.
4, 진짜 재미없다.차라리 왔다 장보리 1회 보는게 더 나을정도장진감독은 도대체 언제 반상할거냐고!!배우들이 불쌍해
10, 무지 재밌어서 기대되는 영화
5, 임팩트없고 지루했음. 장점 한가지는 102분이라는 것. 요즘 쓸데없이 늘어진 영화들보다 낫다.
7, 그냥 저냥 봐줄만은 함.  배우들이 연기를 잘해서.. 뻔한 내용이지만 배우들이 영화를 살렸음  ^^
5, 좋아하는 배우들인데..정말 감독님 왜 이러셨어요? 라고 묻고 싶다... 정말 재미있고 잘 만든 영화라 생각했는지도 궁금..  젊은 여자분 제외하고 김영애를 비롯 두 형제분과 조연분들의 열연에 평점  듬뿍 주고 갑니다..
10, 정말 재미있게 봤어요 재밌는 장면은 재밌고 감동적인 부분은 굉장히 감동적인.. 이번 분기들어 가장 잘 본 영화입니다.
7, 생각없이 보기 좋은 영화인듯해요.. 근데 보고나면 뭔가 허무한..?ㅋ
8, 부모님과 같이 봤는데 좋은 웃음과 감동을 주셔서 좋왔어요부모님과 부담없이 보기 좋은영화예요
10, 웃음과 감동이있는..가을같은 영화
9, 전 갠적으로 재밌었어요~ 마지막에 막 울면서 나왔음
6, 잼있었음...ㅎㅎㅎ 직장생활하면서 스트레스 받았던거 웃으면서 풀었네요~ 간단히 웃으면서 나름의 여운도 남고...
7, 걍 볼만합니다.
1, 이건 아닙니다. 재미도 없고   감동도 억지스럽고   스토리 구성도 그닥~~
0, 아오 돈 돌려두세요이런걸  어휴 ~
10, 굿
1, 남편이랑 바다로 간 해적을 본 이후 오래간만에 본 영화입니다~보는 내내 남편 눈치 보느라 영화를 어떻게 본지모르겠습니다~ 스토리가 정말 엉성하네요~거기서 나온 무당배우 제가 좋아하는 사람인데 다음에는  시나리오 잘 읽어보고 좋은 영화에 출연하면 좋겠습니다 따분하고 잠오고 시간만 체크하다 시간 보냈습니다.
7, 학생들과 같이 본 영화인데 가끔 빵터지는 웃음도 있고 감동도 있어서 무난한 영화였습니다.
10, 따뜻한 영화
1, 아 진짜 배우믿고 봤는데 시대에 한참뒤떨어지는 6-70대 분들이 좋아할만한 개그ㅡ 억지로 쥐어짜는 감동 뭐하나 맘에드는게없음 킬러들의수다 기대하고 가벼운 코믹감동 영화 기대했으나 노망든 엄마 찾아헤메다 끝 끝나고 장진 뜨는데 개욕나옴
7, 적당히 웃기고 적당히 감동도 있지만...뭔가 2%부족한 느낌~나만 그런가?
10, 간만에 본 영화 아들과 편안히 잘 봤습니다. 살면서 느끼는 것들을 다시금 생각할 수 있어 좋았네요 이 가을에..
10, 솔직히 요줌 볼 영화가 없어서 그렇지. 요즘 이정도면 완전 잘 만든 거임 평점 낮게 준 사람 다시 봐봐  요즘 볼 거 없어서 나도 봤는데  비긴어게인 다다음으로 괜찮구먼 와 진심 나 방금전 젤 좋은 관에서 봤다. 돈 안 아까움
1, 아....진심 잤다 재미 진짜 없네
9, 기대안하고 봤는데 정말 재밌게 봤어요 점수 낮게 주신 분들 보고 놀랐습니다ㅜㅜ 웃음도 있고 감동도 있는...
3, 한마디로 재미없습니다.
10, 난진짜 재밌던데
2, 너무한테 모두들솔직합시다 저평점 잘하지않는데 너무이번에 돈이 아까워서 평점합니다 여러분거짓말하고 평점 주지마세요 저는 감독하고 배우믿고 봐는데 진짜이영화 쓰래기 영화같다요 감독님 반성하세요 좀 인직도 있다도 영화막만든것 같내요
2, 그닥...
10, 너무 재미있고  감동적이고 무엇보다도 연기가 뛰어나서 정말 즐겁게 감상했습니다.
6, 외동딸에게 형제애를 알려주고 싶었는데  그닥 감동은 못느끼고 약간의 억지웃음으로 기억되는 영화.....명절에 TV에서 편안하게 볼만한 영화..
6, 6.5정도 주고 싶네요 전체적인 설정은 좋았지만 그걸 풀어내는 감독의 연출역이 부족하내요 뭐 랄까..... 잘 만들었음 대박쳤을 것 같은데..... 암튼 크게 기대 안하고 본다면 볼만 합니다요
8, 음... 초반에 억지 웃음을 주려하네? 이러다.... 여러가지 가정사로 헤어지거나 버려진 아이들의 삶을 단면이지만 보여주면서 영화가 보여주려는 방향대로 풀어가면서 재밌게 잘 봤습니다. 두 남자주연들 정보만 갖고 영화를 선택했는데 엔딩크레딧에서 장진 감독이란 사실을 알았네요. 망설임없이 선택하셔두 될듯 하네요
8, 역시 포블리‥김성균 은 역시 타고난 배우다 ‥ 정말 무속인같았다‥  웃음도.  찡한 감동도. 좀있는 가족영화
8, 김성균 조진웅 연기가 놀랍다. 명랑하고 신선한스토리와 재미 추천함니다 ㅎㅎㅎㅎㅎㅎㅎㅎ
6, 코믹할 것 같았던 영화였는데 막상 가서 보고 조금 짠한 감동을 느꼈습니다.  역시 세상에서 핏줄로 연결되 가족만한 것이 없군요 가족끼리 가서 가볍게 보고올만한 영화입니다.
8, 비가 하염없이 내리는날  편안한 마음으로 즐길수 있었던 시간!!!
10, 말하지 않아도 아는 형제들의 가슴따뜻한 이야기 한바탕웃고 따뜻한 무언가를 얻어왔습니다.
7, 보면서 웃고 왔네요 머리 아픈영화보다는낫네요 코믹이네요!!
10, 기대를 하지 않았던 영화인데. 따듯한고 코믹한 가족영화.  코믹이지만 결코 웃고만 지나칠수 없는 우리시대 이야기. 억지가 없는 영화.  좋왔어요.
8, 재밌었어요.
1, 아... 장진ㅡㅡ^
10, 웃다 울다^^ 좋은영화 잘봤습니다!
9, 역시~
7, 그냥 웃고 즐기수 있는 장진식 코메디 영화!!
10, 잔잔한 웃음이 큰 즐거움을 주네요 안산 롯데시네마 센트럴락에서 4:30분 영화봤는데 중간에 지루한거 빼면 이어지는 코미디와 결말에 큰 감동입니다
8, 참 각본 대단합니다...즐건 영화
9, 오늘 온 가족이 보고 왔어요. 평가는 주관적이지만...웃고 즐기려고 왔는데  많은 생각을 하게 만드네요. 명작은 아니라도 수작은 되는 것 같네요^^
7, 보기엔 편했지만 아쉽다.
10, 웃다가 울다가 정신없이 보다가 끝나고도 여운이 남아 쉽게 자리를 뜨지 못했습니다. 옆에 있는 가족에게 더 잘하고 싶어지게 만드는 영화~
3, 아..내돈...!!!
2, 배우만 보고 선택한 영화였는데 이렇게 좋은 배우로 이렇게 밍밍한 영화를 만들수도 있구나 하고느꼈습니다. 엔딩 크레딧 올라갈때 장진감독 이름 뜨는거보고 한동한 멍 했습니다 아니 장진감독님...? 왜 이런 영화를 만드신거죠? 장진감독님의 시간은 거꾸로 가시는것 같습니다 아직 덜 익은 영화라는 표현이 딱맞습니다
4, 뻔하고 억지스러웠음..  영화보면서 언제끝나나 지루했음
6, 평점이 안좋턴데 아무생각없이 보니 그냥 볼만하데요.SNL 팀들 웃기더만  그냥 보면 됩니다  이것저것 따지지 말고.  대단히 장진 스런 작품이지만   뭔가를 생가하게 하더군요
5, 억지에 유치한 내용이 많아요 초딩들은 좋와 할 지도....
10, 재밌었어요^^ 즐거운 추측을 할 수 있는 영화입니다^^중간에 살짝 보이는 조진웅님의 다른 얼굴?도 상당히매력적이고요  김성균님의 눈빛도  김영애님의 연기력도 훌륭합니다. 작가 역할의 윤진이님(신사의 품격에 나왔던 분 맞지요??)님도 비중은 그렇게 크지 않지만 안정적인 연기를 하셨고요  저는 추천합니다^^
6, 로드무비 형식이란걸 알아야합니다.
2, 장진감독님...감이 많이 떨어진 것 깉아요! 장진유머를 좋아했던 팬으로서 이 영화는 정말 지.못.미 입니다!배우들이 아까워요 ㅠㅠ
9, 기대하지 않고 편하게 보려고  선택 했는데 기대이상으로 재미있게 보았다.  연출과 스토리 전개도 무리 없었고 가족과 함께볼수 있는 영화로  강추한다
9, 잔잔하게 터져주는 웃음에 지루한 건 몰랐는데..9ㅅ9 제가 좋아하는 배우들이라 지루할 틈이 없었던 건가? 집중해서 한장면 한장면 집중한다면 스토리 내내 하나도 놓치는것 없이 모든 떡밥을 회수하는 섬세한 연출에 감탄했고 분위기  개연성  웃음  감동요소 빠지는 것 없이 전 너무 좋았고 엔딩크레딧까지 잘 봤어요
0, 욕나온다
5, 좋은연기자분들 데려다가 이 정도 작품밖에 안나온다니....  연출이별로인듯.... 더 감동적으로 더코믹하게만들수있을것같은데 뭔가조잡함..... 시간죽이기용으로 볼분들만 추천!기대하고보지마세요...
1, 이거 보지마세요.배우들 보고 영화를 보게 됬는데감독 이색끼가 아주 무능하고 사기까지 치는 놈이 라는 것만 확인 했네요.
0, 시작 10분만에 졸음
5, 두 주연 배우 아니었슴....빨간말고 파란별은  없나 찾았을것...그 좋은 연기자들을 어찌감히...대본과 각색? 시나리오 모두.....연출이 문제인지...암튼 오랜만에 코미디같지않은 코미디를 봤다.
10, 잼남
6, 화장실 방귀 소리에 깔깔대며 웃는 아줌마들 때문에 참...이정도 수준의 영화구나..라는 생각을 하게 되었습니다. 감독이 의도한건 감동을 안고 있는 코미디를 만들려는 것처럼 보였는데 제대로 드러내지 못하고 이도저도 아닌 밍밍한 영화가 되어버렸네요..치매 할머니  회개한 목사..정말정말 너무너무 식상해요..ㅠ5.7
9, 재밋게보았습니다!
8, 오랜만에 재미있게 본 한국영화였습니다. 참 좋아하는 영화배우 두 분을 한꺼번에 볼수있어 좋았고~  편히 볼 수 있는 휴먼 코미디라 더 좋았습니다.  꼭 보셔요~^^
7, 마음이 따뜻해지고  소소하게 유머코드도 좋았습니다. 마음이 좀 힘든 시기였는데 영화보고 나서 좀 행복해졌어요.
10, 코믹보다는 감동비중이 더 큰듯 ㅎㅎ무엇보다 연기를 잘해서 볼만 하네요^^
2, 왠만하면 잀올리는데...솔까말 재미없다..억지로 짜맞추고..
8, 보는동안지루하긴했지만 마지막에 감동 좋네요! 볼만합니다!
10, 딸아이와 함께 보고왔습니다 출연배우때문에 봤지만 너무 재미있었습니다 웃고 울고 오랫만에 정말 아름다운영화였습니다
9, 정말 간만에 눈믈 펑펑 흘리면서 웃어봤네요
8, 그냥편하게볼수있는영화
8, 자연스런연기와현실적인우리들의모습을보여주며감동과웃음이있어가족까리무난하게볼수있을것같네요
8, 일단 캐스팅이 잘된것 같아요.코미디와 감동의 교차... 잘 만들었습니다
2, 장진코미디는 별루지만배우땜에봤는데  연기와 별개로영화가 넘 재미없었다
9, 마이 재미있다..ㅋ
5, 생각보다 별로 웃기지는 않았다.
9, 장진 감독 유머코드 별로인 내가 봐도 재밌었던 영화.  배우들의 연기력이 압권!!!
9, 뻔할것 같죠~허를 찌르는 부분이 있네요. 동생이랑 눈물 훔치며 봤어요. 예고편을 너무 못만드거 같아서 괜히 속상합니다.
8, 코메디라 생각하고 들어갔는데 코끝 찡한 가족이야기네요. 웃음포인트가 있는 게 아니고 잔잔하게 그저 피식 웃을만한 이야기들  하지만 '니들 싸웠나' 한 마디에 극장안은 눈물바다.. 월요일 낮 애매한 시간인데도 상영관 20%는 채울만큼 가족단위로 많이들 보러 오시던데요. 코메디에는 큰 기대없이 보면 괜찮습니다.
9, 세월호 탓 웃을 타이밍도 잊었다 웃을수 있어서 좋았다 화이팅
7, 점점 심이 빠진 연필같은 장진영화
1, 돈내고 볼 영화는 아닌듯 지루합니다
3, 아 옛날이여! 장진감독 특유의 유머는 어디로 갔을까?
9, 평점이 극과극이네~~웃다 울다 재미있게 봤네
0, 내 생애  보다가 재미없어서 나와야 했던 첫 영화...돈이 아깝다는 생각이 든다.
7, 아주 빵 터지지는 않지만 소소한 재미를 주는 영화. 장진감독식 유머를 좋아하는 사람에게 추천합니다. 윤진이는 다른 배우들 사이에서 연기력이 부족해보이나  김영애 연기는 너무 잘함. 김영애의 연기력 덕분에두 아들이 병원에서 엄마 만날때 좀 감동적이였음. 조연들도 좀 웃김 ㅋㅋ
9, 감동과 재미 두마리 토끼를 잡은영화네요~저는 참 재미있게 잘봤어요~김성균도 조진웅도 넘 연기잘하고 계속 대박나시길~
9, 실제겪어보지못했다면 정확히 이해하지 못할 감정이지만 웃다가도 아픈영화. 중간중간살짝 어색한부분도있었지만 종교적 갈등도 코믹하고자연스럽게 이해의 코드로 풀었다는 점에서 높이평가하고싶다.
10, 보다가 도중에 나온 영화 많앗지만 끝 까지 본영화 넘 웃김~
1, 목사와 무당 이야기인줄 알았는데 엄마찿아 삼만리네요. 솔직히 영화보는 내내 나오고 싶었습니다. 돈은 날렸다 치더라도 앉아있는 시간이 너무 아깝더군요. 배우의 연기가 아까운 영화입니다.
10, 재밌고 감동적이고 진정성있는 연기를 보여주는 두배우 너무 좋아요^^
8, 소소한 재미가 있는 영화에요ㅎ
0, 진짜 이래서 한국영화 극장가서 보기 돈 아까운거야...맨날 헐리웃영화에 밀린다 불평만 하지말고 1편을 찍어도 수준 좀 높여라
1, 진지하게 묻습니다! 정말 이영화가 재미있었습니까?! 전 보는 내내 나갈까말까 고민했습니다. 아직도 이런 억지 영화가 만들어진다는 사실이 대한민국 국민으로서 쪽팔렸습니다. 장진 감독 영화는 두번다시 안볼랍니다. 돈많고 시간많으신분들 가서보세요!!
10, 감동적인 스토리
8, 내용보다는 배우들의 연기력. 특히 김영애씨의 연기력에 감탄하고 갑니다. 실제로는 부티나는 분이신데 저런 역할은 어찌 저리 잘 소화해내시는지..왁스-엄마의 일기 뮤직비디오때부터 알아봤어요.전형적인 한국영화식의 코믹-감동 프로세스로 흘러가지만 이 프로세스가 평타는 치니까..
7, 별로 기대없이 관람했는데오랜만에 웃고 울고 재미있게 봤네요.주조연 연기력 좋고 장진 감독인줄 모르고 봤는데우려했던 과잉 오버 연출은 전혀 없어서 좋았음.김영애씨의 어머니 연기는 정말 갑 of 갑느린 템포라서 10~20대는 지루할수도 있지만30-40대층에게 크게 어필할 듯.장진 감독 영화 중 단연 최고
10, 아분 분들과 오랜만에  재미있고 감동적인 반전도 있는 영화 잘 봤습니다 가족들과 같이 보면 좋을듯 싶네요 강추합니다^^
6, 불꽃튀는 연기의 향연! 조연들 때문에 배꼽빠지는 줄 알았음ㅋㅋㅋㅋㅋ 무당의 컨셉을 좀 더 부각시켰으면 어땠을까하는 아쉬움이 남긴 했지만 나름 재밌게 볼 수 있는 영화였다. 자신이 쓴 각본이 아닌 작품을 자신 만의 색깔을 입혀 연출한 장진 감독의 연출력도 상당히 맘에 들었다
10, 기대안했는데 넘 좋았습니다
7, 두형제의 연기는 나무랄 데가 없었지만 스토리가 약하지 않았나 싶다. 그리고 코미디도 좀 약했고...그래도 재미있게 봤다.
5, 집에서 잠이나 잘걸..괜히 비싼돈 주고 시간 버리고 돈버리고~~ 졸려죽는줄알았음
10, 감동적인 두 배우 모두 넘 좋아서 본..
10, 오늘 봤는데 너무 슬퍼서 친구랑 같이 울었어요ㅜㅜ
10, 오랜만에 부모님 모시고 영화감상 했어요~^^ 가족이 보기에 아주 재미있는 영화예요~^&^ 부모님도 만족하시고 저랑 동생은 웃다가 찡~~하다가~~ 가족의 소중함을 다시한번 생각해 보게된 영화였어요~^^ 추천합니다~~^^
7, 예고편보다 잼밌고 감동적이네요~
10, 오래만에 재밌고 따뜻한 영화. 스토리 부분의 편집부분이 특히 잘 된 것 같습니다. 치매 어머니의 두 아들을 향한 첫마디!!! ' 니들 또 싸웠나' 저도 모르게 눈물이 나네요!! 대박나세요!!!!
10, 7번방의 기적을 다시 보는 기분..재미와 감동이 넘쳐요..
4, 소재는 나쁘지 않았으나  전개 방식이 아쉬운 영화.초반 설정인 기면증도 어디다 버려두고  반전이라고 준비해 둔 것도 그다지 강렬한 인상이 없습니다.웃어야 할지 울어야 할지 통쾌함을 느껴야 할지 어느 쪽도 만족시키지 못한 작품
10, 추천해요!!!:) 끝까지 앉아서 보세요.ㅋㅋㅋ 완전 재밌어요.ㅋㅋㅋ
9, 웃고 우는 가운데 시간이 잘 갔습니다. 뻔한 스토리일 듯 한 이야기에 몇번의 반전이 적절하게 가미된 영화입니다.
10, 전너무잼있게봤어요ㅎㅎ가족생각나는영화
7, 킬링타임용. 적당한 웃음과 적당한 감동. 그리고 깨알같은 조연들.
10, 감사합니다 감독님:D웃다 울다 그렇게 102분이 지나는 지 모르고 봤습니다.같이 보던 동생과 손 꼭잡을 수 있던 뜻깊은 영화였습니다.
7, 이영애씨의 연기가 너무너무 좋았어요. 김성균씨와 조진웅씨 연기도 좋았고요. 그러나 전체적으로는 추천하기도  비추하기도 애매하네요.뭔가 아주 재미없지도않고 그렇다고 아주 재미있지도 않은 그 중간이었어요. 볼 만하긴한데 어딘가 조금 밍숭맹숭한 느낌?.... 그래도 킬링타임용은 된다고 봅니다.
3, 아 장진감독...흥행여부와 상관없이 만든사람을 걱정하게 되는 영화는 처음인듯 싶다. 전작들의 정이 있어서 걱정해 주는거지 또 이러면 진심 곤란하다. 제일 재미있었던 부분은 통편집 된 강성진에게 미안하다고 올라가는 사과 크레딧
5, 재 미 없 어 요!진 짜 돈 아 깝 네 요!
10, 생각보다 되게 좋았어요. 초반부에는 빵빵터져서 눈물이 다났고 후반부에는 되게 감동적이어서 찡했어요. 배우들 연기야 뭐 입아프죠. 믿고보는 조진웅 김성균!!
8, 시종일관 가볍거 웃으며 보다보면 형제애를 느낄 수 있는 따뜻한 영화네요 김영애씨 연기도 자연스럽고ᆢ근데 조진웅 역이 이렇게 착한 역이 없던 것 같아서 참 낯 설었음
9, 처음에 무당과 목사라는 설정자체부터 유쾌해서 즐겁게보다가 어느순간부터 가슴뭉클해지네요. 가볍게 웃으면서 볼 영환줄만 알았는데 감동도 있고 스토리 좋았어요. 영화보는 내내 웃다가 울다가 했네요^^
9, 기대하지 않고  보았는데 잔잔하고 가슴 뭉클한 가족영화인 것 같네요. 가족과 함께 볼 수 있는 좋은 영화네요. 오랜만에 가슴이 따뜻해졌어요. 감사합니다~^^
8, 딱 가을 정서를 건드리는 영화인듯하네요...형제애보단 괜스리 엄마가 그리워질법한 영화인듯 합니다 해외 입양아동들의 어려움을 단편적으로 보여주었네요 ..조진웅씨 역시 몰입도 있는 배우시더군요...초딩딸도 눈물훔치게했어요....김성균씨는 그냥 삼천포 20년후 모습이랄까요?
10, 가을의 정서에 맞는 가슴따뜻한 영화였습니다조진웅씨의 정제된 연기와 김성균씨의 명품연기정말 멋집니다 웃다 울다~~^^힐링되었습니다
7, 장진식 휴먼스토리...두 아들의 연기가 좋았고...아무래도 김영애님의 자연스런 사투리는 저절로 몰입이 됩니다. 변호사에 이어 최고..
1, 영화보는 내내 하품만..나가고 싶었지만ㅠㅠ초딩조카들  때문에 끝까지봤던--지루하고 재미도없고 돈이아깝다!!
1, 그럼 그렇지...아시안게임도 개판치고...영화도...이게 머야??  양다리 걸치니 되냐?? 에휴
8, ^^
10, 방금 아들이랑 보고 왔어요~^^ 잔잔하게 웃었다가 울었다가... 장진 감독님 영화 맞네요ㅎㅎ 응원합니다!
5, 예고편만 보고 재미있을 것 같아 어제 영화관에 가서 보고왔는데 음...  스토리도 너무 엉성하고 중간에는 다들 졸고 자더라...  처음과 마지막은 조금 웃긴 부분도 있고 했는데 전체적으로 뭔가 부족한 느낌이 들었다
9, 아무생각없이  웃을수 있는 영화 웃으며 스트레스 풀수있는 영화
1, 짜증이 솟구치고 엉덩이가 아프고 주리가 틀리는 경험을 하고 싶다면 관람추천. 지루하고 내용없이 2시간을 한자리에 앉아있는 색다른 경험을 할수있음
1, 예고편만보고 코메디인줄 알았는데 낚였다 ... 이 영화의 포커스는 코메디인지 감동인지 잘모르겠고 너무 지루했다.. 진짜 예고편만 보고가면 실망한다 설정도 조금 억지스러운것도있고 재미없었다
10, 재밌구만...구성이 좀 말이 안되는 스토리 이지만코믹요소가 재미나서 좋았음
10, 제발 500만 넘길 바램.
0, 진짜진짜 보면 후회합니다이건 뭐. . .  관람내  지루하고 짜증남
10, 재밌네요...
3, 집에서 잠이나 잘껄 그랬어요...장진 감독..그동안 과대평가라는 생각에 확실한 쐐기를...
4, 엉성한 스토리와 도대체 이해가 안되는 극 전개... 어머니를 찾는 과정이 길어지다 보니 나중에는 짜증까지 날 정도... 웃음을 유발하려는 몇몇 장면은 무리수... 이 정도의 배우들로 이렇게밖에 못 만드는지...
10, 많이 웃고 뭉클했고 감동이었던 시간이었습니다..믿고보는 장진영화..^^
6, 뭐랄까...캐스팅도 좋고 예고편 보고 많이 기대하고 봐서 그런지  좀 억지스러운 코미디 분위기랄까 그런 느낌 많이 들었어요.. 그래도 감동적인면에서는 좋았습니다!
10, 웃기고 감동적인 코미디드라마 영화임  네티즌과 열흘회원분 평점은 이해가는데 전문가평점은  이해가 안가는데  무슨이유일까요?
8, 지금 보고왔는데..너무나 잔잔하고 감동있게 잘 만든영화이네요...연기들도 너무 잘하시고...
8, 전형적인 장진식 휴먼코미디. 무엇보다도 가족애를 강조한 점에서 좋았고 자극적이지 않아 좋았습니다. 다만 징진 감독의 각본이 아니다보니 풍자와 웃음의 강도가 많이 약해진게 흠입니다. 종교적 차이를 다른 방식으로 풀어낸것이 좋았습니다.
10, 조진웅 김성균 두분의 연기가 압권이구요...솔솔한 재미와 감동이 있는 끝나고 미소짓게 만드는 영화 같네요...
8, 잔잔한 감동과  중간중간 웃음  소재가 신선했습니다. 많이 건조해진 감정에 가족애에 대하여 느끼게 해주는 영화. 지극히 개인적이지만 내용과 스토리면에서는 명량보다 낫다고 생각합니다.
10, 김성균 조진웅  연기가   대단했습니다.    감동적인 영화 입니다.
8, 크게 웃기는 내용은 아니지만... 나름 즐거운 영화입니다 ..
10, 감동적인  영화였어요
10, 오 존잼! 아 배우들 연기 좋네.  쎈연기보다가 뭔가 잔잔한 연기 보는데 이게 진짜 연기 아니가 싶음....
10, ^^
10, 재밌어요. 두 배우의 연기와 조연들의 깨알재미.시사회에서 보고 오늘 가족들과 또 보러 갑니다. 감동과 재미가 함께 있어 가족과 보기에도 좋아요.
5, 음... 내가 평점 좇문가인데... 쭈욱 댓글 읽어보니.. 돈주고 보긴 그런 영화인듯..
10, 한컷도 뺼것 없는 완벽한 영화 아무리 봐도 억지 설정인데 이런 억지 설정을 자연스럽게 풀어 나갈수 있는 분은 장진님 한분일듯 연기자들 연기도 굿
10, 배우들의 연기가 짱.    웃디가 울다가   여운과 생각이 남는  영화  ㅡ  우리는 형제입니디  ^^
8, 버라이어티 하지는 않지만 잔잔한 감동과 코믹을 주는 볼만한 가족영화 입니다.
3, 장진감독님 영화는 앞으로 다시 안볼듯합니다.코미디인줄 알았는데 어중간하네요.코드가 안맞는건지..암튼 졸려서 혼났네요.
8, 폭발적인 연기력이 있는 배우들이지만  보여 줄 기회가 없는 잔잔한 코믹 드라마 영화. 추워지는 계절에 잘 어울림
5, 영화 이상해요...코미디가 아님....억지설정 개연성부족...김성균 조진웅 둘다 좋아하는 배우라 아침일찍 조조로 봤는데 우왕 대실망...이거 뭥미
8, 새로운 이야기는 없지만나이가 들어가니 진부한 가족애도 새롭게 느껴지네요. 두 주연배우의 호연도 좋고... 가을에 편안하게 보기 좋을것 같아요
9, 너무재미있고 감동적인 영화였답니다. 올가을 마음이따뜻해지는 영화네요~ 강추합니다^^
10, 눈물 닦을 손수건 준비하고 가세요.^^
3, 왜 이 영화가 코미디로 분류가 되는지 의문일 정도로 웃음코드가 없었네요. 평점이 의외로 매우 높아서 놀라고 갑니다.
10, 편안하게 볼수 있는 영화네요. 웃다가 막판에 울어 버렸어요.
10, 처음엔 웃음을 선사하고  후반부엔 다큐로.. 기대를 안 해서 그런지 보다보니 형제애를 나름 생각해볼수있는 영화. 마지막 장면 찬송가전화벨소리  성경 안에 부적은  멋진 아이디어 였습니다.모두가 서로를 인정해주는 사회는 밝은 미래를 보장할것입니다^^     잘 봤습니다 영화가 입소문이 많이 나길 빕니다
4, 별로재미없다
10, 웃기고 재미있고 감동적인 영화 잘 보고왔어용ㅎㅎ
10, 잘 보고 왔습니다그냥 잔잔하게 웃음과 감동 볼만했습니다
10, 배우들 명연기만으로 즐겁게 감상했습니다.
8, 연극무대에도 좋을 것 같은 영화 ..    ㅎㅎ  연기파 배우들의 연기를 가까이서 감상한 느낌이다.^^
9, 부모님이랑 같이 봤는데.. 부모님도 잼있게 보셔서 기분좋은 영화였어요.
4, 안타깝지만 십수년째 제자리 걸음인 장진식 유머와 뻔한 가족애가 결합된 식상한 가족 코미디였네요. ^^;;
10, 가족이랑 같이 시사회를 봤는데 좋았습니다.ㅎㅎㅎㅎㅎㅎ
1, 드라마 보는게 나을듯
10, 대박 완전 기다린 영화  영상들보고 엄청 기다려진 영화 !! 완전 짱짱 넘재밌다 ㅠ
5, 조조로보기도아깝다.재미도없고..
10, 개봉하자마자 보고 왔어용ㅋㅋㅋㅋ시작 전부터 두 배우때문에 너무 기대했는데 역시나!! 완전꿀잼입니당 추처추천
10, 조진웅 짱좋아요!!
10, 완전 재밋고 감동 쩜 ㅠㅠ 조진웅이랑 김성균 진심 매력터지는 형제여요 ㅋㅋㅋ
8, 억지스런 눈물 짜내기 없고 자연스런 웃음 빵빵 터지는. 재밌게 잘 봤습니다
10, 장진에 조진웅  김성균 그냥 끝이다 끝! 꿀잼
10, 아 진짜 두배우 ㅋㅋㅋㅋㅋ명불허전임 ㅋㅋㅋㅋ
10, 스토리는그저그런데  진짜 배우들이살린영화  마지막엔 약간의눈물도선사~~배우들의열연에 10점드립니다^^
10, 꿀잼ㅋㅋㅋㅋㅋ
0, 내인생 최악의 영화다
5, 이토록 작위적인 설정으로 가득찬 영화가 장진감독의 영화라니! 내용도 감동도 유머도.. 실종! 감 지대로 떨어진 장진감독이 안쓰럽습니다~
5, 장진 감독이라 패스..
9, 딱히 특별한 소재는 아닌데.. 배우분들이 맛깔스럽게 연기해서 넘 잼있게 봤어요^^
9, 재밌게 잘봤어요! 기대안하고 갑자기 본건데 친구랑 웃고 울고ㅋㅋㅋ옆자리 아저씨도 손수건으로 눈물 닦으시더라구요 재밌어요~
8, 시사회로 보고왔는데ㅋ 전 너무 만족한 영화였어요ㅋㅋ결말은   뻔하지만 그안에 웃음과 감동이있답니다ㅋㅋ
5, 감독색 강함. 대체로 소화됨. 그래도 소화 안 되는 부분 존재. 산재된 장치들이 일회용으로 소모. 잽인지 스트레이트인지 한 우물만 팜. 디테일X. 사건발단인 병이 어느새 사라짐. 감정의 골이 생기기도 전에 사라짐. 영화 내 카메라가 사라짐. 여작가 활용도 사라짐. 친절과 불친절의 엇박자. 어색하나 어쨌든 가족영화.
0, 코미디도 아니고 감동도 없고.. 뜨뜻미지근. 장진 감각 다 뒤져서리. 아시안게임도 그따구로 했구만. 왜 이런 이야기 썼는지 궁금하면 보던가. 보고나서 후회는 금지.
10, 너무 재미있게 봤습니다. 정말 좋은 기회를 주셔서 감사합니다.
0, 치욕의 인천아시안게임의 개.폐회식 장진감독 작이네 배우는 좋은데  진두지휘 장진때문에 재수없어서 안보겠음. 배우들 다음 영화 보러갈겠음요
10, 장진 감독니 작품이라는 것만으로도 기대가 큽니다*^^*대박나세요~~
1, 전형적인 한국영화
10, 인간적으로이건너무재미잇을꺼같내요ㅎㅎ
8, 시사회다녀왔어요ㅎㅎ장진감독님만의 유머가 재미있는 영화입니다!배우들이연기를 잘해서.. 재밌게잘본거같아요!엄청난스토리에 대작을 기대하신다면 당연히 실망하시겠지만ㅠㅠ영화는 영화일뿐이자나요! ! 충분히 마음편히즐길수있는 그런영화라 생각됩니다!가족과함께보길 추천합니다♥
10, 시사회 보고 왔습니다. 저는 기꺼이 10점 쏩니다.
7, 코믹스러움과 눈물... 그리고 다소 내용상의 억지스러움도 있기는 하나 그냥 시간 가는줄 모르고 보기엔 좋을듯 합니다
10, 무당색히가 목사님앞에서 너무 깝쳐 - 그래두 목사님 앞에서 공손해라  이 자슥아
8, 하이힐에 이어 장진 감독은 우리 사회의 어떤 정형화된 틀이나 편견에 대해 재고해 보고자 노력하는 것 같아 응원을 보내고 싶어요~~^^물론 아주 제 개인적인 생각일 수도 있겠지만요~
2, 감독이.....장진이라....망할듯!!
2, 시사회 다녀왔어요영화보는 내내 힘들었음.  장진감독이라 큰 기대는 안했는데 이건 너무 심하잖아
8, 장진식 유머가 한가득. 김성균님이 많은 분량의 코미디를 담당하지만 장진사단의 조연들의 유머가 이영화를 보는 내내 펼쳐집니다. 특히 강성진 님을 반드시 찾으세요. 빵 터집니다. 유쾌함과 따뜻한 감동이 있는 영화입니다.
10, 놓치고 싶지않는 영화 
10, 두 배우가 너무 좋아서 꼭 보러갈거에요~~♡
10, 온가족이 보러갑니당~~^^
10, 오랜만에 재미난 코미디 영화네요..두 배우 기대 됩니다.
10, 놓치지 않을꺼에요~
10, 김성균도 괜찮은데 요즘은 조진웅이 확실하지~
10, 두 배우님들의 연기가 정말 기대되요!! 좋아해요!
10, 기대대요...무지 재미있을것 같네요.
10, 조진웅은 너무 목사님같다
10, 조진웅 김성균의 활약이 기대되는군요
8, 기대됩니다!:)
10, 굳
10, 기대 만땅~^^
0, 안봐도 비디오. 흥행 x
10, 기대만땅
9, 완죤기대되네요.^^
