7, 명계남씨 연기 잘 하시네요 ~ 좀 짠 한 여운이 남는 영화인듯 ~
7, 스토리의 완성성은 높은데 채민서가 좀 아쉽네요.
10, ㅎㅎㅎㅎㅎ
6, 3류영화인데...나름 지루하지는않음...볼만함...채민서 가슴 수술이겠지만...나름 만족
10, 참 좋은 영화네요 구성도 좋고 가족애를 부각시키면서 풍자도 있고 재미있게 봤습니다. 좀 아쉬운건 에로물같은 베드신은 빼면 차라리 더 낫지 않았나 싶네요 정말 잘 만든 영화에 흙탕물이 튀어버려 작품의 가치가 빠져버린 느낌 그래서 관객수가 너무 적어 제가 다 속상하네요
5, 채민서 포텐 한번 터지는 영화 한편만 딱 만나면 될 듯 한데... 매력 있다...
8, 막장으로 갈줄 알았더니..ㅋㅋㅋ...기대 안하고 본건데 나름 괜찬았네요..
10, 3류 영화인줄 알았는데..생각도 하게 되고 감동도 있다. 허름한 3000원짜리 함박집에 손님이 없어 허기만 달래려다.. 잘 구운 고등어 한 손에 감동한 느낌이다.
10, 채민서 진짜 갖고싶더라!!
10, 밑에 있는 평가처럼 황혼 재혼 문제와 황금만능주의 세태를 잘 풍자했다고 생각합니다! 그리고 채민서의 배드신은 덤이고요!^^;;
10, 생각없이 봤는데 간만에 보는 스토리있고 볼만한 영화..
5, 단순한 애로물인줄 알았는데 황혼재혼과 늙고 돈많은 남자를 찾는 황금만능주의 세태를 풍자하고 진정한 사랑과 새로운 가족의 의미까지 유쾌하고 가볍게 다룬 가족영화 같았다.명계남과 채민서의 호흡도 의외로 잘맞는데.ㅋ
9, 내용도 좋고 재미있네요.한번은  보고 셩각 해볼수 있는 내용이네요.
10, 의외로 좋네요. 명계남이 암 진단받고 나와 걷는 나뭇길이 어딘지 궁금해요. 마치 뚜벅뚜벅 걸어가는 인생을 상징해주는 듯 합니다. 뜻밖의 영화... 며느리 연기도 재밌고 좋았어요.
10, 베드씬만 빼고 걸렸으면 대박...
6, 황당한 소재를 주연배우들이 어거지로 끌어올림. 에로틱속에 코믹이 돋보임
10, 역시 명배우님이 나오는 영화는 달라요.....살짝 그림만 보려다가......다 본 영화.........찡하네요.....추천합니다...
9, 나름 볼만합니다. 추천... 출연자 모두 연기도 훌륭합니다.
10, 채민서씨... 연기 잘하는 연기자네요~ 코믹영화였지만.. 웬지 노년의 삶을 다시 돌아보게 만드는 영화였습니다. 저희 부모님도.. 부모님이기전에.. 남자와 여자라는 사실.... 잊지 말아야겠네요.
9, 채민서...의외로  멋찜
8, 그냥 노출이 좀 있는 영화인줄 알고 봤는데.. 노출영화로만 생각하고 봤던 내 자신이 부끄러워지는 영화입니다.. 가슴 뭉클했고  왠만한 인기배우들 출연시켜 홍보에 열을 올리던 영화보다 더 작품성 있고 좋았습니다. 좋은영화 한편 봤습니다.
10, 잘만들었네요
3, 명품배우들의 출연만으로 싸구려 에로 영화가 흐뭇한 황혼 로맨스가 되었네.
8, 에로 가족애 그리고 순애보를 한 영화에서 보고 싶다면 추천
8, 재밌게 봤습니다 채민서님 매력있네요 그리고 손자 일등했는데 어떻게 됐을까요 했을까요? 궁금함과 아쉬움이 남네요
10, 그냥 야하다고 해서 본건데 눈에서 먼저 물이 나왔다.
9, 그저 그런 애로영화인줄... 알고 보니 진짜 사랑이야기.. 한계고  경계도 없는.. 따땃하게 봤다
10, 나도 늙어서 명계남이고 싶다
8, 평범한 비급코믹에로로 생각하고 봤지만 그동안 에로영화에서 보지못했던 순수함을 느꼈다 킬링용으로 괜찮음
9, 에로라고 생각하고 본 영화가 가족물일 줄이야. 꽤 괜찮은 가족물.
8, 똥품잡는 상업영화보다 훨씬 좋구만.. 에로를 넘어선 작품성 채민서는 나날이 연기 물이 올라간다..
8, 예고편 보니 코믹할거 같아요 색즉시공처럼 웃기면 좋을텐데...채민서도 보고싶고 화이팅!
