7, 3류같은 2류
5, 비슷한 일본영화가 잇는데 제목이 기억이 ... 재미나 스토리는 일본영화가 더재밋슴! 진짜 로봇이엿고 마지막이 좀 슬프긴한데..그 일본영화를 따라한거 갇군!
7, 독특한 에로티시즘이 신선했다. 다만 흐지부지하게 끝난 결말
10, 대단
9, 신선하고 재미있네요
6, 나름대로 재밌게 봤던 영화인것 같음.
7, 반전이 진리다 ㅋㅋㅋㅋㅋ
10, 봤는데 재밌드라  뻔한 한국 영화의 전형적인 레퍼토리에 질린다면 가끔 한국감독이 제작한 이런 신선한 소재의 장르의 영화를 보는것을 추천함~
9, 좋아좋아...
10, 음..  괜찮아요. 허접한거 보단 백배 괜찮아요.
10, 키시아이노 하앜
5, 만약 av배우 키시 아이노가 아니고 그 배역을 국내 에로배우가 했으면 흔하디 흔한 싸구려av가 됐을듯 . . .그냥 전형적인 저예산 av 영화이지만 배우하나로 그나마 조금 나은
8, 이정도면.. 수작이지. ㅎㅎㅎ
3, 어떤 경로든 일본 AV가 결합되면 국산 에로도 한층 품격이 높아지는구나..
10, 키시아이노 작품 안본지 오래됐네 ㅎㅎ
