10, 재밌으면서도 생각하게 만드는 영화 이감독 한국의 우디알렌이 될것같네요
10, 우리나라에 좋은 영화인들이 많다. 날개짓을 할 수 있게 힘냅시다.
10, rnt
9, 우리들의 현실 이야기...이루어지기 전까지 아무것도 쥐어진게 없는 젊은 군상들의 이야기...
8, 웰메이드...충무로의 현실을 유쾌하게  진지하게 잘 뽑았다.
9, 재밌어요 공감도 많이 가고 ㅋ
9, 수수한 내용..재밋네요
1, --애들 장난하는 수준이네 평정보고 다운받았는데 내 취양은 절대아님 시시
8, 재밌었어요~~
10, 진짜 유쾌하게 웃겼습니다. 보고나서 서로에게 힘내요!!
8, 병헌씨기 힘낼 수 있도록~~~ㅎ 주제가 자연스럽게 드러나는 것도 괜찮았음!!!
10, 완전 재미있었어요^^ 계속 웃었던것 같아요 유쾌하고 즐거운 영화였어요 감독님 반했어요
7, 스피디한 전개가 흥미를 줄곧 유지하는군
10, 최고다청춘들이 보면 좋을영화
10, 빠이팅
9, 단언컨데...얘기냐
10, 웃는게 웃는게아냐....  많은생각을 하게하네요..  참 잘만들어진 영화 오랜만에 보네요....
9, 괜찬네요..
10, 곱씹을수록 재밌는 영화
7, 재밌긴 한데  <슈퍼스타>랑 쫌  비슷하다.  사실 느낌은 마이 비슷하다. 두 영화가 좀 더 대중적으로 널리 알려졌다면 분명 비교가 됐을듯.  그나저나 여기 출연정보에 여자 PD로 나온 최다연은 왜 등록이 안됐나연?
8, 나도 힘내자!!~아자!!~
1, 쓰레기
9, 간만에 정말 재밌는 인디영화!!! 인디특유의 거침없는 돌직구와 찌질해서 더 통쾌한 유머  재기발랄한 연출!  별점 10은 신빙성 없어보이니 9 드립니다 ㅎ
9, 무엇보다 감독의 유머센스가 보통이 아닙니다. 그렇다고 마냥 웃기기만 한 것도 아니고 나름대로 현실을 적나라하게 보여주기도 하고요...
8, 기대 안하고 그냥  보러갔는데..재밌네요.. 한국영화는 보통 진부한 소재가 대부분인데.. 이 영화 그런대로 참 괜찮네요..
10, 일단 웃깁니다. 하지만 꿈을 찾아가는 젊은이(?)의 녹녹지 않는 삶과 현실이 짠하기도 하고  가혹한 현실이 그들의 열정을 꺾지 않는 사회가 되었으면 좋겠습니다.
10, 반갑고 애잔한 우리 시대의 독립영화
10, 어디서 이병헌을 사칭해?
9, 저예산 영화의 모든 편견을 바꿔놓은 작품! 재미는 기본이고 의미있는 내용에 다양한 실험정신까지 정말 속이 꽉 찬 영화라고 할 수 있다. 게다가 이것도 배부른데 단편 영화까지 엄청난 디저트를 먹을 준비를 해야 한다!
8, 킬링타임용으로 낄낄대며 보길 원하는 친구와  먼가 꽉차는 영화로 가슴을 적시고 싶은 친구가 같이 봐도 두가지 목적을 이룰 수 있는 신기한 영화! 써니를 감독보다는 각색땜에 봤다는 등의  깨알같은 재미도 찾아보기를... 실제 이병헌감독이 써니를 각색했다는... 결론은 웰메이드 독립영화!!!
10, 힘내세요 병헌씨라 쓰고... 인생은 계속 되어야 한다고 말한다. 이 영화 참 좋다. 삶이 활력이 필요하신분께 적극 추천합니다.
10, 중독성강하다^~
10, 오늘 보고온1인 추천합니다^^
8, 독립영화가 관객을 웃길줄이야! 그냥 웃기기만 한것은 아니고 병헌씨의 꿈을 향해 달려가는 처절함과 고달픔이 우리의 현실을 보는것 같았음!
10, 재밌네요! 뭔가 공감가면서도 짠한ㅋㅋ 힘내라고십점
10, 넘 젬나요.......ㅋ ㅋ ㅋ ㅋ
10, 보고싶은데 상영하는데가없네 ㅠ
7, 찌질한 병헌씨와 그의 친구들이 우리 시대 수많은 청춘들에게 보내는 웃음의 위로. 독립영화의 폭을 넓히는 재미있는 코미디 영화
9, 진짜 재밌게 봤어요~ 상영관은 적어도 흥행되시길!
10, 정말 봐야됨   이런배우들이 떠야되는데ㅋ잼나게 봤어요^^
10, 이 시대를 살아가면서 꿈을 현실로 이루어낸 그 장본인! 바로 그 만의 구성과 웃음포인트가 담겨있는 영화-!! 블록버스터보다  더 현실적이고 더 재밌는 영화!!! 독립영화의 편견을 깨고자 하는 분은 꼭! 한번 봐야하는 그런 영화=)
9, 이 시대 아픈 청춘들의 이야기를 가감없이 보여준 공감 100배의 생존기~~
8, 액자식 구조에 페이크다큐까지... 독립영화도 재미있게  버라이어티하게 만드는게 충분히 가능하다는 것을 보여주는 작품입니다. 영화 속 단편도 놓치지 마시길... 무엇하나 버릴것  놓칠것이 안보이네요!
10, 굳!굳!
8, 인디포럼2013에서 보게되었는데 감독 내공이 인디 수준은 넘어섰고 연극짬밥 좀 먹은 배우들의 연기력도 돋보이는... 이런 배우들  감독이 빛을 보지 못 한다면 한국영화의 비극이다
10, 완전 대박 재미있음 ㅋㅋㅋㅋ
9, 시사회 본후기. 진짜 재미있음 추천! ( 솔직히 10점은 구니스 이후 없음^^; )
10, 이번 전주국제영화제 최고 기대작이에요 힘내세요 병헌씨!
