3, 여자주인공 한채유씨 92년생이시던데 여러모로 많이 수고하셨네여..
3, 찍느라 고생하셨습니다.
9, 사쿠라가 좋아요^^
3, 아싸리 그래도 청춘학당인지 뭔지보단 났다..ㅋㅋ어차피 C급
0, 하도 안보여줘서 70년대 애로인줄 알았다.젖보여주는게 다임 ㅠㅠㅠㅠㅠ 은교같은 영화도 거시기 털이라도 보여주는데 너무하는거아냐?????
3, 옛날 뽕이나 변강쇠 같은 전통적인 해악의 미는 사라지고 왠지 이질적인 잡탕만 남은 애로영화..
9, 고전적 해학과 현대적 위트를 잘 버무린 애로수작. 배우들 연기도 나무랄데 없다. 즐겁게 감상했어요~
2, 방자전의 진정한 애로영화버전
9, 나쁘지 않더라.
7, 나름 고전의 해학적인 면이 있어서 그럭저럭 볼만은 했음.하지만 케이블TV의 성인컨텐츠 제작 용도라고 생각되는 것이 조금...
2, 에로영화치고 나름 연기에 신경씀. 2점
1, 해학과 유머가 담긴 에로영화의 고전'옹녀'의 제목만  빌려와서 떡만 치다가 끝나는군
10, 야한 영화ㅋ
2, 신유주는 여기 왜 나왔을까... 무슨 일이 있었던 것일까...
1, 딸 잡을 준비만 하다가 끝난 영화.
7, 어설프게 욕망   사랑 이야기하는 영화보다는 이 영화가 더 나을지도..
8, 난 알바 아니다....성인영화치곤 볼만하다.
0, 알바세리드 이거 스토리쉣 여배우쉣 야한거? 요즘드라마보다못해 삼류애로영화보다 더 쉣임다 뭐 개인취향이지만 시간남아도는사람아님 안보길바람
10, 정말 재미있었어요. 컬링타임영화 코미디영화로 볼만했음. 여자 주인공 연기가 약간 미흡했지만 그래도 시나리오가 좋았고 오랜만에 제대로 된 성인영화 만났습니다. 참고로 기생 명월이가 스님 유혹할 때가 압권이었음.
10, 진짜 간만에 볼만한 성인물 하나 나왔네... 한동안 식상한 작품뿐이었는데  오랫만에 재밌게 봤네...
10, 오랜만에 물건 하나 나왔네. 여배우 몸매 죽이고  영화도 재밌네
9, 농염항 연기 기대
