4, 헐;; 이거 멍미;; 하루때문에 봤는데  노잼
9, 스토리는 괜찮았다 여배우 연기력이 아숩다
1, 개쓰레기  에로배우들데리고 제작비줄이려는 내용없는 개그지같은 발가락영화  찍은감독 연출  능력이 대단히 쓰레기네요~
10, 잼께 봐써여
2, 젊은 엄마 영화 시리즈에 똥칠은 하는 망작...ㄷㄷ
9, 이하루와 소윤 보는 것으로 만족....
3, 이게 왜 젊은엄마2일까?;;;;
5, 실망...
10, 젊은엄마2좋은싶어요
0, 볼 가치없음.
10, 에로영화중에 일케 잼있는 영화는 처음봄..엣지오브투마로우 보는줄 알았음.. 먼가..메세지도 있고..떡영화 중 최고가 될 것 같음..감독 대박..
9, 정말 재밌었다.그런데  왜 이게 젊은엄마의 속편인거지
9, 장르에 충실하고  몰입감 좋다  남들 평가를 존중하는 스타일이지만... 에로영화가 이정도면 상급이지 도대체 뭘 원하는거지
5, 떡영화를 작품성 논하는 맨밑에 댓글단  니가 더 웃기다. 그냥 웃고 넘어가면 될일이지.. 떡영화가 무슨 칸영화제급인줄 아니?
0, 떡영화인가요
8, 나름 재밌네.. 개그 포인트도 있고 ㅎㅎ
7, 젊은엄마1보다 더야하네~어떻게 섹하는장면이 기회만생기면 줄기차게 나오냐?? ㅋㅋㅋㅋㅋㅋㅋ 아뭏든 아는 장면 원하는 분이면 볼만한 영화~섹스가 정말 줄기차게 이어짐 ㅋㅋㅋㅋㅋㅋㅋ
3, b급 에로 영화 중에선 나름 괜찮다..스토리가 무슨 상관이랴~적절한 떡씬만이 평가될 뿐
6, 에로배우 다!!!!!!!!
6, 에로배우 이하루가 나온다니..
7, 잠깐만... 이하루가 나온다고?
