8, 80분짜리 뮤직비디오
0, 내가 열혈회원이라면 맞춤법  말투  예의... 이런 거 신경 좀 쓰겠다 ㅉㅉㅉ
3, 일본영화 같은 잔잔함속에 일본영화같진않은 가벼움.배우의 연기력 탓인가? 감독의 연출력 탓인가. 그저 그런 B급 영화인걸까 ?
5, 음.. 결국 그 정체불명의 여자와 같이 사는 건가요? 그 여자의 정체는 또 뭐지? 하여간 궁금증만 유발시키고 끝내네요.ㅋㅋ
3, 누고 그여자... ?
9, 그냥  보기에는 솔직히 지루한면이 없지않은 영화이다. 그러나 소중한 사람을 병으로  잃어본 경험이 있는 나같은 사람에게는  영화가 끝이나도  멍하니 움직일 수가 없는 영화이다
4, 적은 예산을 들여서 찍은 것 치고는 꽤나 예쁘게 예쁘게 잘 찍었다. 근데 감독이 일본 만화를 너무 많이 본 것 같다.
3, 새하얀 우유를 화분에 부으면서 멍때린 표정~~영화가 전체적으로 자루함~~많이졸림
1, 내 살다살다 이렇게 지루한 로맨스물은 첨일세...뭐 보면서 이 생각하난 들더라.....나도 길거리에서 저런 여자 하나 줏어봤음 좋겠단 생각....
4, 조금 작위적인 
10, 그리워지네요... 연인들이시라면 한번쯤 보세요
8, 사실 내용은 조금 어설프지만 잘봣어요   보는내내 남주의 마음처럼 무덤덤하게 보다가 엔딩 노래흐를때 울컥 눈물이 쏟아졋네요  사랑의 아픔을 안다면 담담함과 슬픔이 오버랩되며 가슴에 남을듯 합니다. 그리고 정경호씨만의 연기가 너무 좋아요 ^^.. 참 연기가 맛잇다!..는 .. 경호씨연기가 영화를 마니 살려주네요
10, 보고싶습니다.꼭보게습니다.화이팅!!!♡^^
10, 정경호 이번엔 어떤 연기를 할지 기대됨
10, 기대합니다'
10, 완전 기대!!!!!!  정경호와 후지이 미나!!!! 둘다 좋아하는 배우라 빨리 보고 싶네요!!!!
10, 정경호 배우님 때문에 볼 예정입니다! ♡ 정경호 배우님 화이팅!!! :)
