8, 초반에는 무슨 내용인지 정리가 안된다. 중반 넘어갈수록 영화에 빠져든다
6, 조금만 더 다듬었으면 좋았을껀데. 그런대로 볼만은했습니다.
7, 마무리가 조금은 아쉽지만 미스테리 스릴러적인 느낌이 아주 제대로 나는 영화다.
9, 후반부가 아쉬웠지만 쫄깃한 긴장감과 수려한 영상미가 돋보였던 영화. 배우들의 연기도 신선하고 인상적이었습니다
5, 살인범들끼리 죽이고 죽기 전에 서로에게 서로를 "구해줄께"라고 했던 게 인상적이다. 정의  도덕  윤리  평등  박애  평화  믿음 모든것은 그 자체로 아름답고 성스러운거지만  그걸 강요하는 이용하는 순간. 결국 괴물로 변한다.
2, 개떡 뭔내용이래? 아빠는누구? 과거는머고? 둘은또먼데?? 여주인경찰먼또라이들뿐이고ㅠㅠ
0, 간떵이가 배밖으로 나온 감독 엄청난 시나리오 네칸만화와 견줄만한 위대한 수작
3, 독립 영화에서 연쇄살인자를 소재로 다룰 생각을 하다니.참신하면서 뭔가 있어보여..하지만 3점.
8, 신인감독의 데뷔작임을 감안하면 수작인 것 같다. 좀 다듬어서 리메이크하면 훌륭한 스릴러물이 될 것 같다. 한글제목의 설득력은 좀 떨어지는 듯 하고 오히려 영문제목이 더 와닿는다.
1, 난 당췌...
6, 현실 도피와 함께 찾아온 과거 속 상처와 잔인한 기억...? 신비롭고 몽환적인 느낌의 배경음악... 차갑고 으스스한 분위기의 영상은 괜찮은데... 영화 속 설정을 웬지 이해하기가 좀...난해...
8, 미장센은 훌륭.. 아쉬움으로 남는 편집...
0, 완전 말도 안 되는 상황 이어가는 쓰레기네유. 영화가 어차피 다 허구지만 그래도 어느 정도 현실성이 조금은 있어야 보는 맛이 나는디 이건 완전 손발 오그라드는 장면들 뿐이니.
6, 초반은 지루하다가 중반부터 탄력있게 전개되는군
10, 독특하고 많은 여운이 남는 영화....
8, 연출이나 몬가 메끄럽지 않은 부족한 느낌이 들엇고 결말에 좀 이해안돼는 부분도 잇엇지만. 색감이나 음악도 으스스한 분위기를 잘 연출해줫고 내용도 괜찮다. 괜찮은 영화엿다
8, 극 전반에 흐르는 서늘하고 섬뜩한 분위기  무서웠다. 특이하고 흔하지 않은 느낌이 좋다. 고생 엄청했을 것 같은 산 속 촬영 대단. 작품 잘 봤습니다.
7, 분노의 윤리학에서 실망한 김태훈을 다시 평가하게 해 준 작품...
6, 편집이 좀 부족한듯... 영상미만큼은 좋았다
10, 정서적 긴장으로 인한 몰입이 단연 돋보입니다. 음악이 참 독특하면서 완성도가높고 인상적입니다
9, 카메라의 문제겠지만 화면의 질감이랄까 조금 아쉬운 부분. 하지만 영화보는 내내 긴장감이 들고  이국적인 설산의 모습과 괜찮은 음악과 배우들의 연기도 좋습니다. '메멘토'나 '노인을위한나라는없다'의 느낌을 받았다면 오바일까요?
9, 영화제에서 봤는데 좋더군요특히 음악에 신경을 많이 쓴거 같아요강추
10, 화이팅~~~
10, 저두 완전 기대되요^^#
10, 짱! 끝까지 긴장감을 놓지 않게 했던 영화였어요! 극장에서 개봉해서도 다시 보고 싶네요..
10, 저예산 영화답지 않은 섬세함과 긴장감 넘치는 구성으로 몰입도 높은 영화. 무섭고 슬프고 따뜻하고... 여러가지 느낌과 감동  생각거리를 던져주는 영화입니다.
10, 몰입도 최고! 많은 것을 생각하게 하는 영화네요~
10, 넘무감동적이엇다
10, 재미있을듯...
