6, 영화적 소재만 좋았구요  배우들 연기는 평균만 하신 것 같고 감독의 연출력이 아쉬웠던 영화! 저예산 영화라고 해도 좀 아니었어요.
3, 이건 머 사골도 아니고 너무 우려 먹는 내용일세~!  설마설마 했는데 그 내용이었어...  밑에두 있구만 나 초딩때 보던 장미희  얼굴없는 미녀에 김혜수  그리고 그밖에 기타 삼류 이류 영화스토리로 무지 우려지고 있는 내용일세~!  근데 중요한건 잼없어~!!
0, 에로?제목보고 볼만하겟다 했는데 볼수록 에로영화ㅋㅋ
1, 전혀 하나도 안 무서운 공포영화
4, 음.. 우연히.. 지금 ocn에서 보고있는데.. 표정연기가 중요한 주인공역할에 구지성은 무리였음.. 구지성이 조연으로 나오고 주연은 연기가 탄탄한 배우였다면.. 에로틱스릴러로 괜찮았을수도...
4, 공포  스릴러를 빙자한 어설픈 에로물!
4, ....
7, 그냥...별 기대없이 본다면 나름 볼만함....  스토리  B 등급 연출력  B 등급 연기력  B & C 등급
1, 친구 애인을 겁탈 할려다 꼭두각시 인형신세가 된 정신과 의사..ㅋ 소재는 뻔한 막장에 스릴러를 결합했는데..스토리 구성 전개 연출 연기 모두 병맛이었다.
0, ㅉㅉ..이것도 영화라고....그리고 이종수 연기 너무 못함.
5, 왠만하면 5점 밑으론 주고 싶진 않은데 우연히 케이블 틀다가 봤던 영화.호러도 아닌 스릴러도 아닌 정신과 의사가 환자를 치료하다 욕망에 사로잡혀 베드신만 나오다..갑자기 호러로 변하다 싸이코스릴러로 변한듯 하나.무의미한 베드신에 이종수씨가 아까웠던 영화..욕망의 꼭두각시 황당한 결말..어제도 또 방영했다.
1, 1980년 TBC(지금의 KBS2)에서 방영한 드라마 '형사' 의 납량특집을 리메이크한 영화. 이순재  장미희 주연. 그 당시  그 드라마에 비해서 완성도  연기력  구성  전개 전반이 떨어진다. 겉치레는 좋아졌으나 2004년 김혜수 주연의 얼굴없는미녀보다도 못하다.다 차지하고  연기자의 연기를 보고있자니 괴롭다.
1, 감독님은 섹스가 무서워요?
7, 나름 볼 만 했어요.
9, 저예산 영화치곤 재미가 있다 남자의 이기심과 욕심이 부른 결과로 그끝이 너무 충격적이다
1, 내돈돌려줘
1, 영화 만든 돈이 아깝다. 돈 쓸데가 그리 없나. 보여 주는 것도 없고 볼것고 없고.
1, 진짜 잼없다
2, 영화보고 글달기는 처음이네요........  진짜 병맛영화임 ㅋㅋㅋㅋ감독은 뭔생각으로 영화를 만든거지?? ㅋㅋ 제목을 최면으로 했으면 더 나았을듯 ㅋㅋㅋㅋㅋ여주가 예쁘고 그나마 연기도도 잘해서 이만큼 드립니다..................ㅋㅋㅋㅋㅋㅋㅋㅋㅋㅋㅋㅋㅋㅋㅋㅋㅋ
5, 배우들의 연기가 어색하네요   의미없는 베드씬과 노출을 줄이고 스릴을 살려주세요~
8, 나름 매력있는 영화...
1, ㅋㅋㅋ  각본부터 .... 연출 연기 진짜 영화와는 전혀 관계없는 내가 만들어도 이것보단 잘 만들겠다....... 감독의 의도는 아마도 이런게 진짜 코미디가 될수 있으리라 생각했을지도....
2, 두마리 토끼를 쫓다 네마리 토끼를 노친 영화! 좋을 수 있었던 각본이 연기와 연출력에서 다 까먹은 영화!
1, ㅎㅎㅎ무슨생각으로 만든건지
3, 구지성  한소영에 의한 이종수를 위한 영화ㅋㅋㅋ
0, 베드신을 제대로 보여주는 것도 아니고 여배우 몸매가 제대로 나오는 것도 아니고 차라리 케이블용 영화가 낫다
3, 불쌍한 구지성. 연기 연습이라도 좀 하구 나오지. 공포도 에로도 아니고 이건 머.
0, 이것도 영화라고 만들었냐 대충 만들어 놓고 돈이나 벌자는 심보로 영화 만들지 마라
3, 미친여자는 애초에 가까이하지 않는 게 정답  착한 척하는 보빨남에게 돌아오는 건 칼빵 뿐인 것이 인생
5, 구지성에 한소영까지 배드신은 그럭저럭인데   이왕 배드신 하는 김에 가슴 꼭지까지 노출했어야 했다.   그랬으면  흥행까지는 아니어도 성적이 좀 더 좋았을텐데.    끝까지 가지고 찍냐  섭섭하게 답답하다 증말.. ㅜㅡ    아  꼭지.. 각시들 꼭지 보고 시퐁는뎅.... ㅠㅠ    담번엔 완전 노출로 찾아오면
7, 저예산이라는 것을 감안하고 .... 7점 입니다. 여기서의 교훈은 "남의 여자를 탐하지 말라!" ==> "죽음"
1, 에로도 공포도 아닌 어정쩡한 영화!  볼것도 스토리도 없고 극장서 봤으면 돈아까워 짜증났을법하다. 이종수가 왜 이런영화를 찍었는지 오랜만에 복귀라 다급했나?
10, 재미있어요
3, 요즘 B급 영화들은 꼭 몸매 좋은 신인들 출연시켜 벗기는구만  연기 못한 여배우는 몸매라도 좋아야 볼것 아냐?! 그래서 벗긴다?!  차라리 몸매 안좋아도 좋으니 해피엔드 전도연이 처럼 사실적 성행위를 연기해 보던가! 성행위 영기도 못하면서 몸매만 보여주기식으로 영화가 끝나냐?!
10, 이종수를 위한 영화. 정말 배우할맛 나겟다.
3, 이게 어딜봐서 공포..
8, 구지성 연기가 별로임 몸매는 괜찮음. 그래도 영화보기 거슬릴정도는 아니라서 볼만햇음. 생각보단 내용이 괜찮지만 연출이 아쉬움
10, 영화 후반까지는 심리 스릴러물.. 막판은 말 그대로 공포  미녀와 공포  끔찍한 여운 3박자를 고루 갖춘 명품 공포영화. 성인 남성들에게는 정말 추천하고 싶은 최고의 영화
4, 좋은 소재.....엉망 이하의 스토리 라인....원작의 명성을 한없이 까먹은 졸작.....
7, 기대안하고 보긴했지만 그거씬하나는 끝내주던데 구지성 오~~~~~
1, 뭔 내용인줄 모르겠어~감독 정신세계가 독특한거 같음 비추!
0, 요즘 가슴 가린 베드신도 있냐?? 색계를 보고 배워라...
8, 남자라서 야한 장면 나올때마다 좋아라 하면서 봤습니다^^ 약간 공포스러웠고 전체적인 이음새는 좋았으나  신 하나하나에 내용이 좀 없는것 같아요
3, 도데체 이게 무슨내용이야?? 반전 있을줄 알았는데 그냥 그럭저럭한 영화다 ㅎㅎ 다음에는 좀 잘 만들어줘요~~ 이제까지 본 공포영화는 별루였어요...
7, 은밀한 에로적 특성으로 인해 7점 (공포 스릴러로서의 장르적 특성은 5점)
3, 아좀 잘 만들지 그랬냐 나 구지성 좋아라 하는데 이건좀 허접하잖아 화이트보다 못하노
1, 어딜봐서 공포물이냐? 딱 3류 애로영화 그 수준이다. 구지성도.. 이제 애로배우로 나가는 거냐? 영화 스토리는 그냥 멍멍이만도 못한 쓰레기 수준이고  연기도.. 참... 오글오글이다. 이따위 영화가 무슨 공포영화라는 거지. 그냥 애로정도로 보는게 딱이다.
2, 사랑과 전쟁 한회로 각색하면 딱일듯. 영화로서의 가치가 없는듯
2, 별로....월드워z가 최고!강력추천합니당!
1, 이걸 10점 주는 얘들은 알바라고 보면 된다. 4점 정도가 정확하다.
1, 무슨영환지 기억안남! 한소영은 기억남~♡
9, 흥미롭다.구지성 연기도 좋고..
9, 볼만함 공포라고 생각안하고 보면..
1, 7점 너무 높다.. 그 정도 까지 영화는 아닌거 같음. 그냥 그냥 볼만함.
1, 구지성이 너무 작정하고 가슴을 가리고 베드신을 찍으니깐진정없는 불필요한 씬으로 보여진다. 그럴 바에는 베드신을 찍지 않는게 낫다.
5, 무엇을 말할려고 하는지???
0, 젖탱이 보이는 것이 그렇게 아깝냐?  상궁으로 사극에 출연해라~~~
1, M+얼굴없는 미녀 더군요 볼것은 이종수  한소영씨의 몸매뿐 입니다. 정말 시간이 아까울수 있는 영화입니다 이 영화가 개봉을 했다는 것이 매우 놀라울뿐 입니다.
1, 여전한 몸짱.. 연전한 연기력... 발전이 없는 종수 그래도 반갑다..... 정도로 그치자..... 이정도의 정신분석학 차용으로는 보는 이들의 수준을 만족시키기 어렵다.... 이제 어중간해선 안된다.. 감독이고 각본이고 공부 좀 하자.... 아니면 차라리 더 벗겨서 에로 비디오로 가던지
1, 구지성 슴가 가리기 작전  욕실에서는 손으로 절묘하게 가림 ㅅㅅ 하는데 어쩜 그렇게 꼭 윗옷을 챙겨 입는지  여러분이 원하는건 없습니다.  귀중한 시간과 돈을 아끼세요.
2, 에휴~ 구지성은 벗다말고  에먼 애들은 벗기고  재미없음은 물론이고.
0, 무섭지도 않고  그렇다고 야하지도 않고...이게 왜 청소년관람불가인지 도통모르겠네요. 그냥 접어야할듯..구지성 연기 솔직히 기대는 하지 않았지만 이렇게 떨어질줄은 몰랐네요. 노출을 할꺼면 제대로 하던가 관람객들가지고 장난치는것도 아니고..
3, 영화자체가 관객들이 기대하는 극한의 공포보다는 영화여주인공의 최면에만 초점이 맞춰져있어 관객들에게 몹시 불편한 영화다 공포스릴러영화라기엔 부족한 부분이 많은 작품
3, 진부한 이야기와 어색한 연기  이해할 수 없는 이야기 전개까지 뭐 하나 매력적인 게 하나 없는 영화
1, 영화가 아닌 청소년관람불가에 구지성때문이라면 봐라. 별거없지만  그래도 좋다는 사람들은 분명 있을테니~~ 영화는 말 안 할란다. 공포? 스릴러? 장르적 특색도 없고  이야기도 없고 
7, 차아아~암 자슥들.! 볼만 하구만 지럴들이여..!! 비록 장르면에서 공포 스릴러가 아니라 에로틱 스릴러라고 했으면 딱 들어맞았겠구만!! 내용도 이만하면 참신했고  구지성이 누군가싶어 검색까지 해봤다.. 역시 칼질을 하고나니 한미모 하네..!! 간만의 이글아이의 눈빛연기도 괜찮았다..!!
0, 이런건 시간이 아깝다
2, 스토리가 독특한 것도 아니고 그렇다고 구지성의 노출이 있는 것도 아니고... 그렇다고 뛰어난 감동이 있는 것도 아니고..
0, 정말 평점 알바가 있군요
2, 이건...에로영화보는 느낌이랄까....한소영양의 노출에 감사~ 구지성양은 좀더 과감해줘야했음~~
7, 사랑과전쟁 업그레이드 버전정도될듯하다.구지성 몸 너무 싸맸다 레싱걸때보다 더 가린듯 그땐 팬티도 노출하드만 이번엔 에휴 각도에 따라서 인물이 너무 많이 변한다 이쁠때랑 이상할때랑
9, 영화가 너무 흐접하긴 한데 0점이 너무 많네 0점까진 아닌거 같은데 불쌍해서 9점 줘야긋다
7, 영화라기 보다는 에로틱 드라마 같은 느낌이었음...볼만 하긴 했는데  마지막이 좀 아쉬움..한소영 정말 예쁨..ㄷㄷ한소영씨 알라뷰...!!
0, 평점이 0점대가 아닐까 기대하고 왔는데 7.4라니.... 알바가 존재하긴 하는군요 ㅋㅋㅋㅋㅋㅋㅋㅋㅋㅋㅋㅋㅋㅋㅋㅋ 근데 정말 시간대 안맞아서 보는게 아니라면 볼일 없는 영화겠군요 ㅋㅋㅋㅋㅋㅋㅋㅋㅋㅋㅋㅋㅋㅋㅋㅋㅋㅋㅋㅋㅋㅋㅋㅋㅋㅋㅋㅋㅋㅋㅋㅋㅋㅋㅋㅋㅋㅋㅋㅋㅋㅋㅋㅋㅋㅋㅋㅋ
2, 구지성 이쁘네 ㅋㅋ 외모는 인정!!
1, 아 종수횽님... 횽님 팬이지만 이 영화는 도저희 못봐주겠네요...
3, 그냥... 에로영화임..  그게 다임..  ㅡㅡ
6, 결말을 빼면 얼굴없는 미녀와 스토리가 너무 비슷하다.결말을 잔인한 특수효과로 장식했으면 훨씬 더 쇼킹했을 것이다
3, 음... 야할려면 확실하게 야하던가. 쫌.... 그냥저냥
1, 대체 연기는 누가 하나 했었는데 구지 연기파도 아이돌도 아닌 모델출신을 주연으로 한건지 알것같다. 나름 호러에로물 장르를 신개척하려고 한건진 모르겠지만  호러도 에로도 아닌 망작이 되고 말았다. 웹툰보고 살짝 아쉽고 무서운2 보고 많이 실망 했었는데  이 영화를 보고나니 그 두영화는 명작과 수작으로 생각된다.
1, 참나..쌍팔년도 음향에 연기도 안되고..눈동자만 변하면 다 공포냐..
0, 이건뭐 할말이없음재미나 공포  노출 그어느하나 만족시키지못한 . .댓글알바들 정말무섭네요. . .요즘 누가 평보고 영화보는건 아니지만 안타깝습니다
3, 클리셰의 향연  B급 정서의 C급 영화  한소영짱♡
8, 시기도 잘맞춘영화같아요~~요즘같은  더위에  구웃~~~^^~전영화광인대 학수고대하던 슈퍼맨지루하고최악이었따글케유명한영화하고 돈 많이쓴 영화인대도~
0, 다운받아서 이걸보고 있는 자신이 한심하다는 생각까지 드는영화 그냥 킹오브더최악  재현배우보다 연기더 못하는듯 오글오글
0, 1점도 아깝다. 무섭지도 야하지도 재밌지도 않는다. 킬링타임으로도 부적합하다.
3, 별 많이 준 애들보면 죄다 본명임. 어디서 개인정보 얻어서 닉넴도 안만들고 댓글단 알바지.
0, 2000년도 초반의 상큼 파릇한 구지성이가 나이먹어서 이젠 몸을 파네. 그냥 아름답게 이 바닥을 뜨지. 아~ 이종수 부럽네. 영화 나온지 일주일만에 dvd 나온영화. 아~ 이종수 서서 사과 먹으면서 아래에선 구지성이가 막 빨아주고. 아 그장면이 압건이다. 미치겠다. 이종수 딱 어울린다 자식아. 유윈이다 자식아 아 부럽다.
10, 다운받아서 봤는데 정말 이건 극장에서 봐야겠더라구요..최고입니다 후회안함
8, 재미없다는사람들 이해가 안되네 긴장되고 재미만 있던데 여배우들도 둘다 너무이쁘고 사랑스럽고 연기도잘하고 스릴러공포에 정말 긴장하면서 본영화입니다 10점은 오바고 8점정도가 적당하다고 생각되네요
0, 머하자는거지?
0, 노출안했다..
1, 영화점수를 줄수가 없다 내용도 없고 야동도 아니고 이게 모야 이거도 저거도 아닌 영화
10, 이것이 나의.기대치였지만  나 혼자 죽을수 없기에  축복 가득한 영화로 만들어버리겠다!!!!!!!!!!!! 영화를 박살내는건 아이돌 발연기만이 아니라는 큰 교훈을 일깨워주는 영화라서 10점 드려요 
0, 전문가 20자평이 딱 들어맞는다 올해 최초의 멘붕 내가 봤을 때 10점주는 사람들은 너희들도 이거보고 시간버리라고 작정하고 준 듯
10, 나는 반드시 이 영화를 제 2의 클레멘타인 으로 만들고야 말겠다 ㅋㅋㅋㅋㅋㅋㅋㅋㅋㅋ
0, 길가다 본 개똥 같은 영화. 노출도 별로 없으니 되도록 안보는편이..
1, 구지성 안벗어 낚이지마라
0, 이종수만  개부러웠던 영화     떡치다 끝난 영화  노출수준이 아쉽다.
0, 진짜 알바가 있다는걸 처음 알았네 감독아 감독아 그냥 전업해라. 이걸 영화라고 만들었니? 하도 어이가 없어 처음으로 평점남긴다
5, 싸게 봤으니 별 1 구자성 몸매 별3  만드느라 고생 별 1
1, 왜 일주일만에 영화관에서 내렸는지 이유를 알겠더라..............참담한 수준.....구지성하고 한소영 예뻐서 1점준다
0, 내려받는것조차 아까운  간만에본 개쓰레기 영화.....
0, 별2개줄려고 했는데 알바때문에 0개  시간 아깝다 제작자 재산이 궁금할뿐 얼마나 돈쓸데가 없어서 이런걸 찍는지..
1, 나온지 일주일 만에 온라인 유료다운 가능하게 바꼈는지 알겠네.. 3류 비디오 수준.. 어휴.. 구지성 연기 봐라...-_-
0, 말이 필요없음..;;
5, 평점 알바라기 보단 누군가 장난을 하고 있는 듯 ㅋㅋㅋ
7, 무서운것 보다 야한 영화라고 해야할까.... 배드씬이 거의 다인듯...
6, 10점 주는 알바샌들 이름이 김갑래 김옥순 김흥숙 무슨 할아버지 할머니 이름들이야
2, 멜로인지 공포/스릴러인지 정체성을 잃고 길을 잃다... 구지성 좋아해서 2점!!! 영화만 평가 한다면 1점 이정도 완성도라면 1달안에 영화 만들어야 한다...
3, 구지성은 그래도 이해가 가는데 원기준하고  이종수의 연기는 왜...
0, 안보고 영화평다는건 처음이다ㅋㅋㅋ 평점알바 소름끼친다... 차라리 닉네임이라도 붙여서 달든지 죄다 본명으로 해놨네 저게 다 어디서가져온 개인정보일까..
0, 대박 이렇게 평점알바 많이 쓴 영화는 첨이네요 ㅋㅋㅋ
0, 지금까지 영화본것중 가장 재미 빵점 시간아깝고 돈 아깝고 정말 우라통 터져 죽는줄 알았다 내 취향은 아닌듯
0, 나눈 웹하드에서 다운받아본다 ㅋㅋㅋㅋㅋㅋㅋㅋㅋ 그것도 보다 지웠다 ㅋㅋㅋㅋㅋㅋㅋㅋㅋㅋㅋ 졸라 재미가 없다 ㅋㅋㅋㅋㅋㅋㅋㅋㅋㅋㅋ 알바들 닉넴 보소 ㅋㅋㅋㅋㅋㅋㅋㅋㅋㅋ
0, 여기가 바로 알바 천국 이군...
9, 각자. 취향 난
1, 영화 예매권이 당첨되어서 보았는데... 영화를 보고 난 후 남는게 없는 영화인 것 같아요~ 스토리도 재미가 없어서 보는 내내 하품을 했어요.  그리고 공포 영화라고 봤는데 그렇게 무서웠던 장면은 없었던 것 같아요~ 그냥 마지막에 잔인한 장면 한 번 나오는게 다였어요 돈 주고 봤으면 억울할 만한 영화 랍니다.
0, 이걸 영화라고.... 아....진짜 시간 아까워서.... 개인취양을 떠나서 뭐하나 제대로된게 없는 영화... 무섭지도 않고 놀라지도 않고 야하지도 않고....물론 재밌지도 않고....ㅠㅠ;; 기억에 남는건 이종수의 신음소리만.....  그리고 댓글 알바들 어떻게 죄다 세글자 조선족 이름들이냐     ㅋ
1, 보면석 욕나오네요 공짜로 봤으니 봤지 넘 얘기가 엉성해요
0, 알바들 때문에 갈사람도 안가겠다.. ㅋㅋㅋㅋ 마케팅의 기본이 안되있으니 영화는 안봐도 뻔한 듯
1, 평점 너무 높다 ㅋㅋ 6월 22일 토요일 CGV 둔산점서 봤는데..  야하려면 완전야하던가..무섭지도 야하지도...10점 준 사람들은 정말 알바다
0, 평점 알바가 왜 이렇게 많은건가요;;;;
0, 에로도 아니고 공포도 아니고 관객들은 끝나고 어이없는 웃음이 터졌음. 노출도 이종수 몸만 기억남
10, 아직 안봤어요~ 근데 미친듯이 재밌을거 같아요~~ 대박 대박 재밌어요~~ 꼭 봐주세요~~ 대박 재미써요~~ 팬티에 지리게 재밌어요~~
0, 구지성 노출도 없다는데 왜 봄낚인건 곽현화로 충붐하다 ㅡㅡ
8, 쓸데없이 너무 야한 영화죠. 그렇게까지 야할 필요는 없을 텐데... 포르노를 보고 있는 건지 공포 영화를 보고 있는 건지... 그러나 스토리는 꽤 신선했습니다.
1, 소재면에서는 좋았습니다. '링' 생각하고 입장하실 분들이라면 비추. 연기력 점수 분리해서 드리고 싶지만  영화 점수만 드릴게요. 이종수씨 원기준씨 연기력 감상하는 재미 있었습니다. 한소영씨 다음 작품도 기대됩니다.ㅋㅋ 구지성씨 진짜 모델같네요.*^^*
1, 한소영 상반신노출 이종수 말근육    구지성은 소프트(아쉬움)   한소영씨가 열심히 한거같아서 별 1개드림
0, 요즘 한국 영화사들은 자기들 꼴리는 시나리오로 대충 만들어서 극장에 걸고 초반에 알바 저그처럼 동원해서 여론조작 하는게 일인가 싶다. 단타로 돈 벌고 빠지기인가...한국 영화의 위기는 영화인 본인들 스스로 만들고 있다는 생각도 든다.
0, 알바들이 너무 많아서 그냥 딱 필요한 말만 할게요........... 그냥 8000원 지갑에서 꺼내서 손으로 막찢으세요... 그게 인생의 90분 낭비하는거보단 나아요. :) 부탁입니다. 절대 보시면 안됩니다. 말그대로 쓰레기입니다.
0, 이거 평점 왜이래... 아 진짜.. 19금 19금 19금 나오다가.. 반전도 없고 재미도 없고... 이거 평점 10점 준사람들은..  야구동영상 마니아들이신가?? 공포영화 보러 왔는데.. 무슨 에로영화보고 나온거 같애ㅋㅋㅋ
0, 무슨공포영화가 끝나기 10분 앞두고 그제서야살인장면이 나와요;;;이렇게 피안튀는 공포물은처음~!!그렇다고 극이 진행되면서 긴장감이 있길하나그냥 비디오 에로영화류 딱 고수준에막판 십분앞두고 살짝 피튀고 끝!!!!이걸 왜 공포영화라 사기아닌 사기로 관객을우롱하는지~
10, 여자친구랑 1+1행사로 봐도 돈아까운영화~ 분명히 애로로 만들다 뭔가 문제가 있어서 공포로 선회한듯 그런거 아님 표현할 방법이 없는 시나리오   총10명이 보다 중간에 남자 둘이 나가고 나머지 8명이 영화 끝나고 바로 빵터짐    다른분 댓글에도 빵 터졌다는대   궁금하면 보세요~~~^^
0, 왜 극장에서 돈 주고 1학년 습작 수준의 영화를 봐야하지???
0, 서프라이즈가 더재밌다 내 손목걸고 재미없다
0, 별1개도 아깝다.. 설마 진짜 이런 알바가 있나 싶었는데 여기 다 모였네요. 공포고 아니고 에로도 아니고... 뭐라 말하기 어려울정도로 어이없는 영화. 이렇게 엉망징창으로 만등기도 쉽지 않을텐데 ㅎㅎ
0, 알바들 개쩐다...
0, 최악중에최악
1, 내 인생에서 두 번째 최악 영화
0, 진짜로 무서운건 댓글 아르바이트들의 최면에 걸려  꼭두각시처럼 극장으로 향해서  자기도 모르게 8천원을 내고 표를 끊는 사람들이 있다는것이다. 특히 일요일 오후 3시경에 이 영화를 보는 분들은 더욱 섬찟할지도 모르겠다. 웬지 일요일 오후 3시가 되면 당신은 반드시 이 영화를 보게 될것이다라는 알바의 최면이랄까
2, 영화가 끝나고 사람들이 웃었다  공포 스릴러 인데 .....
0, 자타공인 호러광인데... 조조보고 지렸다..ㅋㅋ 이것도 영화라고 만든건지.. 진짜 전문가 평점 이해가 간다.. 이러니 한국공포는 쓰레기라 사람들이 말하지 .. 진짜 올해 최고의 멘붕작..
0, 처음 평점써본다 조조로도 보기 아까운 영화
0, 아ㅡㅡ지금 장난? 보는 내내 웃겨 디질뻔ㅋㅋㅋㅋㅋㅋ어이가없어섴ㅋㅋㅋㅋㅋㅋ영화끝나자마자 관객들 한거번에 웃음터짐ㅋㅋㅋㅋ
6, 호ㅓ
0, 개막장 시나리오와 정신줄 놓은 연출력 의미없는 제목까지 총체적난국이다. 혹시라도 구지성을 떠올리면서 극장을 찾는 관객이라면 오히려 이종수의 몸이 오랫동안 기억에 남을 것이다.
6, 공포도 에로도 아닌 어중간한 영화임. 하지만  구지성 예쁘게 나옴. 아쉬운 점은 노출이 별로 없어서 실망임. 쩝... 공포가 없어서 에로만 기대하고 봄... 그래도 월드워Z보다 볼게 많음...
3, 댓글 알바생들의 글이 눈에 확연합니다. 무조건 10점이네요... 이렇게 객관성이 없어서 되는지... 영화관 상영숫자가 적거나 상영시간도 아침이나 밤늦게 있는 것은 관객이 적어서 그런 겁니다.ㅎㅎ
1, 절대 보지 마세요. 진짜 로긴하기 싫었는데...더 이상의 피해자를 막기 위해...진심.
0, 에로 영화같은 스토리에 에로영화보다 못한 완성도
0, 이게 영화냐 ? 진심 최악이었다..
9, 구지성 한소영....... 뭘 더 바래? 잘봤슴
0, 공포영화를 좋아하는지라 오늘 조조로 보고 왔습니다. 그냥 할말이 없어요. 위에 전문가 평점 보이시죠? 참고하시기를....
3, 배우들의 연기는 좋았으나 스토리가 에로 영화 정도의 스토리 이다. 이종수와 두 여인의 섹스신 빼고는 볼게 없는 영화.
0, 낚시질에 당하지말자
0, 평점좀 정리하자...알바들 너무하네....
0, 김혜수 주연의 얼굴없는 미녀 리메이크인가요? 내용이 비슷한것 같은데...
2, 저도 그게궁굼하네요 개봉했나요?  혹시알바지옥.
0, 개봉도 안햇는데.......재미 있어요?
9, 여름에는 역시 공포 영화를 봐야 제맛
8, 기대 이상~~
10, 진짜 소문대로 재미있어요!
10, 대박나세요  파이팅~~^^
0, 마지막 상담과 치료가 있던날...B는 A에게 최면을 걸게되었어.. 이렇게 헤어질 수는 없다 생각했기 때문에...일방적인 짝사랑이 이루어질 수 없음을 알기에.. 매일 밤 12시... 당신은 나를 생각하고 그리워 합니다..그리고... 당신과 나는 사랑에 빠집니다.. 당신과 나는.. 매일밤 내가 5년전 시나리오 인데 비슷하네...
1, 이딴거말고 이블데드 개봉안하나????
10, 기대되는데...............  대박! 대박! 대박!.........
5, 구지성 꼭지각시?
10, 기대됩니다
10, 대박나세요
10, 제가 성인이였다면 꼭 볼것입니다!
10, 19금 공포라!!!
10, 올 여름 기대되는 공포영화
1, 구지성ㅋㅋㅋㅋㅋㅋㅋㅋ ㅆㅂ 안봐도 똥이넼ㅋㅋㅋㅋㅋㅋㅋㅋㅋㅋ 화끈하게 벗어나 줘라
10, 공포영화 너무좋아 ㅎㅎ 소재 특이한 공포영화라서 10점!
10, 기대 된다 여름엔 역시 공포 ㅋ
0, 똥이 하나 더 추가되었을 뿐
5, 이거 옜날 형사드라마 만년형사 김세윤이나온거 그거랑 내용비슷한데?
9, 보고싶어요!!! ^^
10, 언제 개봉하나요? 기대되는 영화입니다.
8, 구지성 기대된다 ㅎ
1, 솔직히 B급이지..배우들도 전부 인지도낮고........
1, 우아아 구지성이다 존ㅇㅖ..................................
