0, 이게 한국 공포 영화에 한계다는 ㅋ
1, 완전 더럽고 재미없다 아까운 내시간
6, .
7, 1편도 재밌었는데 2편도 재밌네요 깊게 생각안하고 봤는데 등장인물들했던 다른 연기까지 생각하며 몰입해서 봤어요 뜬금없이 소리만 지르다 끝나지 않고 웃기도 했다 무서워도 했다. .... 개인적으로나랑 맞는 시리즈네요 3편도 기대....근데 여러모로 좀  더럽네요
2, 코메디 영화겠지?
8, 고경표가 하드캐리한 탈출 하나만 살아남았음
7, '존내논'  '444' 빼곤 나머진 쓰레기. 이세영이나 김지원이라는 배우 분장은 맘에 드는데.
8, 오히려 이번 편이 더 재미 있네요. ^&^
8, 전형적인 공포물~재밌게 봄~
2, 이게 공포영화????
0, 최악이다 영화관에서는 조금 무서웠는데 집에서는별로 안무서움
7, 고경표 부분만 잠깐 봤는데 웃기던데 ㅋㅋㅋ 이런 영화 좋다
3, 발전없는 공포... 따라가자 일본 공포
0, 공포영화를 봤는데 왜 공포영화인지 모르겠음
0, 대학 과제전
8, 옴니버스식이고  1편과 3편이 완성도가 있음. 2편은 스토리가 평이함. 3편은 코믹공포임. 코믹공포 좋아하는 사람들은 꼭 보삼. 3편 정말 재밌음. 1 2 3편 모두 전체적으로 훌륭함.
5, 무서운 이야기? 노노노..우스운 이야기..
9, 그렇게 무서웠는진모르겠고... 잔인했달까... 이거 좀 아까운듯 1은 재밌게봣는데.
0, 이게 공포영화냐. 코미디 영화냐
5, 김슬기 연기 너무 오바해서 장난 같고 짜증났다. SNL 밖에서는 너무 이상해. 4편 정범식의 '탈출'은 스타일이 독특하고 좋았다. 웃겨도 공포스러울 수 있는 것. 생사가 걸린 남의 상황에 장난처럼 반응하는 아이들. 정범식 감독이 [기담] [무서운 이야기(2012) 해와 달] 만큼의 포스로 계속 공포물 만들면 좋겠다.
0, 제발 부탁인데 각본 못쓰겠으면 놀래키는 성의라도 보여라..관객이 우습나보지??내용은 막장에 배우는 발연기하고 어쩌라고ㅋㅋ이 영화는 제목부터 잘못됐음..앞에 '안'이 붙어야지..영화보면서 소름돋았는건 귀신때문이 아니라 안그래도 내용이 ㅆㄹㄱ인데 배우들 발연기가 더해졌을때 오글거려서 소름돋음
3, 이럴수가...누가 이런걸 공포라고....세번째 이야기가 영화를 완전 코메디로 민들어버렸다...보고나서 짜증만.
8, 탈 출~~~~
7, 별남 그리고 즐거움
2, 이건 뭐 애들 장난도 아니고  일본 공포물 시리즈 허접하게  베낀것도 아니고  총체적 시망작품  그나마 김지원 이뻐서 예의상 2점 줬다
2, 공포 영화가 코미디가 되어버렸다.
7, 전편은 본적없고 OC엔 채널로 처음봤는데 옛날에 스티븐스필버그의 환상특급의 느낌나는 작품이였다
10, 보고싶다
6, 솔직히 사후세계로의 초대(사고) 부분은 좋았다. 무섭다기보다는 사후세계를 표현하는 방식이 마음에 들었고 참신했다. 첫번째 이야기도 괜찮았던것 같은데 마지막 세번째 이야기가 모든 걸 망쳤다. 진짜 누가 쓴건지 모르겠는데 무슨 코미디 영화를 무서운이야기에 집어넣냐. 감독 최대의 실수다 ㅡㅡ
8, 소름. 전편도 무서웠는데 이것도 소름끼침.
8, 잘봤습니다 ㅎㅎ
10, 공포에 상상력을 더한 최고의 영화~! 공포 영화 마니아지만 이런 다양한 스토리의 공포 영화 정말 좋습니다. 1편과 또 다른 재미의 2편. 앞으로 쭉~ 계속 이어지기를~!!!
7, 예고편이 무서워서 봤는데 첫번째이야기는 재미가없네요ㅠㅠㅠㅠㅠㅠ두번째이야기는 좀 재미있고 3번째 이야기가 제일 재미있습니다.
9, 너무 무서워요;; 이거 예고편도 무서워요;ㅜㅜ
1, 2편은 왜 이러징 ㅡ.ㅡ 1편 추천! 2편은 꽝이네요.
6, 코믹을 조금 섞으려다 공포는 거의 없어지다싶이 되었다.
0, 확 퇴엑
5, 탈출에 나오는 남자 진짜 화면 뿌실뻔했다...... ㅅㅂ 존나 찌질이같에 장난하나 공포를 코믹으로 만드네 웃기지도 않는 코믹
0, 할말이 없다
1, 前作이 훨씬낫다. 역시 1탄을 넘어서는 속편은 없다는 말을 여실히 증명하는 구만...
5, 역겨운이야기2
6, 절벽편은 짜증나고 자동차 사고편은 약간 오싹하고 그나마 고경표 나오는 탈출편은 무섭진 않아도 B급스럽고 흥미로웠어요~
3, 그냥그냥 합니다..
3, 와...진짜재미없다...주위사람이 무서워 죽는줄 알았다고 해서 봤는데 무서운게 아니라 지루해 죽는줄알았다...감독도 참....이렇게 만들고 스크린에 내보이고 싶었을까...ㅠㅠ
2, 이겈ㅋㅋ 디지털 티비로 다운받아서 가족끼리 봣는데 졸라 무서운얘긴줄알고 이불꽁꽁싸매고 덜덜떨면서 봣는데 이런C급영화는 처음보네욬ㅋㅋㅋㅋㅋ c급영화 재밋게 봣어욬ㅋㅋㅋ저 중학생인데 저도 시나리오 정도는 쓸수 있을꺼 같네욬ㅋㅋㅋㅋ
2, 너무 무서워서 영화를보다가 한숨푹잣네요
8, 1편도 그렇고 이번 편도 세번째 옴니버스 작품이 대박이네요^^ 세번째꺼 없었음 6점이나 7점 정도? 고경표 김지원 두 사람 연기도 아주 좋고  무엇보다 매우 신선해서 총점 8점을 드립니당.
2, 이런 출연진들로 어떡해 이딴 병맛같은 영화를 만들수 있는지.. 이것도 나름 감독 능력임-_-
5, ㅋㅋㅋㅋㅋㅋㅋㅋㅋㅋ 이거 코미디 영화야.. 3번째꺼 졸라 웃겼엉~
0, 무섭네
6, 뻔함에서 나오는 뻔뻔함이 더 무섭더라... 탈출은 ㅋㅋ 병맛으로 공포보다는 코믹으로
4, 본듯한 얘기들 탈출은 너무했다
0, 이 영화제목이 왜 "무서운이야기" 일까? 이 제목만든 사람 도대체 무슨생각으로 .........
0, 머리털나고 이런 개쓰래기같은영화는 처음이다
6, 우리나라 장르 참 암담하다. 그나마 탈출이 좀 볼만하네.
7, 난 탈출 넘 잼났는데... 감독누군가 봤더니 기담만든사람...같은 감독아닌거 처럼 스타일은 많이 다르지만 탈출이 젤 볼만하고 새로웠는데 쓰레기래... 나의 취향이 그렇게 독특하다 생각한적 없는데 여기 댓글보고 진지하게 고민되네
3, 이건 뭐 전체적으로 너무 어둡게 해놓고 잘 보이지도 않게 해서 돈 적게 들이면서 그냥 효과음 갑자기 더럽게 크게 틀면서 놀래키는 아주 수준 낮은 공포영화네요.  연기도 더럽게 못하고 상식적으로 말이 안되는게 한두가지가 아니고 수십가지임.  끝까지 볼려다가 도저히 못 보겠네요. 시간낭비하기 싫으면 보지마세요.
0, 진짜 욕나오는 영화  특히 세번째 스토리는 정말 밑도 끝도 없는 개짜증유발 스토리 저런 쓰레기 작품도 영화 시나리오 쓰는 작가라고 어깨 으쓱 올라갈테지ㅗ
1, 개같은좆나무섭지도않은데  티브이에나오네 누굴원망해야되니
4, 무서운 이야기가 이렇게 무섭지 않다니!
6, '탈출'이 가장 색다른 맛이 있는 작품. 나머진..
10, 신선한 맛이 있다. 좋았음.
1, 나머지는 그렇다 치고 세번째 탈출은 참 할말을 잃게 만드는 내용... 포비아에 있던 에피소드 처럼 호러에 유머를 섞으려고 한거 같은데 기본적으로 너무 유치함. 각종 인터넷 용어들의 남발도 거슬리고. 나머지 에피소드는 짧은 시간에 말하고 싶은걸 효과적으로 담아내지 못함. 한마디로 부실함.
2, 아... 집에서 돈내고 봤는데 정말 3번째는 어이가 없어서 헛헛한 웃음만 나왔다.  극장가서 보려고 했는데 그랬으면 더 화났을듯
9, 오싹하네 혼자서는 보기가 ㅎㄷㄷ여름엔 공포
0, 장밀 쓰레기영화..차라리1편이 낫다..우리나라 공포영화발전은 어제쯤 될려나...그래도 기억에 남는공포영화는 가위..분홍신..기담 정도?ㅋ가위는 정말 무섭게 본듯...아 화이트도 잼나게봤음!
6, 3가지 이야기 다 쓰렉이지만 그나마 재활용 쓰레기는 3번째 이야기 탈출 정도 랄까
2, 초딩인 동생도 안무섭다고 함. 1은 노현희 땜에 볼만 했는데 2는 영..... 무서운 이야기면 무섭게 만들어줘야지
4, 첫번째 볼만.. 두번째 평범.. 세번째 쓰레기..
4, 대체 어디서 무서워 해야하는건지 알수 없었다. 나름 태국 포비아시리즈 같은 공포물이 나올거라 기대했었건만 결과물은 SNL 코믹호러특집물. 무섭지 않은건 둘째치고 섬뜩하고 으스스한 장면보다 웃긴장면이 더 많아서 당황스러웠다. 기대가 커서 그만큼 실망도 컸다.
2, 1편이 훨 나음...세번째는 더러운 이야기에 나와야 될듯
4, 첫번째는 패스... 두세번째는 스릴 긴장감 전혀 못느꼈던 지루한 사고 조난 원맨쇼 마지막 정말 골때리던 엽기 코미디 ㅋㅋㅋ 쥔공 이름 때문에 푸하하 ㅋㅋㅋ
7, 세번째 병신 진짜 웃겨.. 가슴을 조여오는 섬뜩함도 있고^^
6, 무서운 이야기가 아닌 다른 제목을 짓지... 1편에 비해 너무나 안 무서워진 이야기는 더운 여름 더 덥게 했다.  하지만 마지막 탈출은 한국의 B급 호러물을 제대로 만든것 같아 좋았다. 무서우 이야기3는 전격 B급 호러물로 만드는 것이 어떨까   기대가 컷은게 실망이 크다!! 탈출평만 아니였으면 평균 떨어졌을 듯..
5, 그래도 1편 보다는 더 유니크한 듯... 일본 기묘한 이야기 생각도 나고.. 영화가 아니라 드라마로 간간히 만들어주면 더 좋겠다.
3, b급스럽게 만들려고 노력했지만 결과물은 d급인듯.20대 여배우들의 빈곤을 다시 한번 느꼈고
6, 첫편은 짜증만 나고 둘째편은 패러디거..세째편은 나름 흥미롭다.
3, 어처구니가 없어서 말도 안나오네요.보는내내 황당 그자체!!! 진짜 돈이 아깝고시간이 아깝네요.무슨 영화가 코믹도 아니고티비에서 하는 공포 드라마가 훨씬 낮겠다
3, 무섭다긴 보단 웃긴이야기 이게나을듯....
6, 온통 까맣기만 해서 ~ 내용에 집중도 안되고 아무것도 안보임 ~
0, 푸핫 한국공포영화중에 짱쓰레기 이게뭐여 시나리오누가쓴거여이게뭐가무서워 정신병자의상상이구만막섞어놨어지멋대로 내가미쳤지이걸끝까지혹시나하고 다보다니
9, 불량식품맛이랄까? 이거뭥미..하면서 계속 몰입하는 나.  난 불량식품 좋아행~
5, 별로 안 무서움 -_-;;
7, 무섭기보단 그냥그런 조합 예상이 뻔히 되는...단 탈출은 코믹요소와 반전을 두루갖춘 신선한 스토리 연기한 고경표? 정말 압권 실제로 그런 캐릭터가 아닐까 의심마저 들게함 당신때문에 잼났네요~~쭉 지켜볼겨~~누나가 ㅋㅋ
10, 차라리 이런식으로 단편 여러개 나눠서 짧게짧게 긴장감주는것도 흥미진진하고 몰입도도 좋고... 여튼 기대치보다는 낮았지만 재미있게 잘 봤어요
4, 공포영화보고 기분 더러운건 처음....절벽 그나마 인기 공포웹툰을 원작으로 했기때문에 볼만한데....나머지 두개는 진짜 배우가 아깝다 아까워....나 웬만하면 이런말안하는데 도대체 무슨 생각으로 영화만들었는지 모르겠다~
0, 3번째 이야기가 그중에 가장무섭다 생각하던중에 12시탈출하는데 귀신이 시게지손으로돌려~!! 이거 개그콘서트야?? 참다참다 증말 한심해서 빵점줌 ~~~~~!!
7, 세번째 이야기 정말 흥미롭게 봤습니다! 공포  판타지  유머가 섞인  독특한 장르네요. 블랙코미디와는 또다른 느낌인데...어떤 장르라 표현을 하나요.. 감독님 다음 작품 기대합니다!
0, 와진짜 이게 뭐죠?1재미나게봐서 2도기대하고 봤는데.....정말 너무재미없어서 웃음이나네요...
4, 애인하고 정말로 할 일 없을 때 보면 조금은 도움이 될까?
1, 너무재미없고 실망이많이크다
0, 와 역대급 망작이다... 갈수록 개그물인지 분간이 안가네
4, 첫번째 에피소드는 웹툰 절벽귀 두번째 에피소드는 어디선가 무지하게 많이들어 본 듯한 이야기 세번째 에피소드는 코믹 ㅋㅋㅋ 그나마 세번째 코믹이 볼만하네요. 무섭지 않은 무서운 이야기...
2, 휴~기대했는데......잼없다--
4, 아 이걸 돈주고 다운 받았네 ...ㅅㅂ
4, 어이없는 이야기로 제목 고치는게 더 어울릴듯
0, 와 진짜.. 뭐이런영화를.. 좋은감독 핫한배우들 모아다가 뭐한건지.. 에피소드 세개중에 그나마 첫번째것이 그나마 볼만하고 두번째 것은 무섭지도 않은 걍 뭐 그냥 스토리? 세번째는 걍 완전 싸이코 코믹 영화임ㅡㅡ 진짜 이 영화만든 이유가 뭔지 심히 궁금하네 ..아 놔....배우들은 이작품 왜선택한거야..
3, 아 무섭지도 않고 지루하고.. 특히 연기들 정말 어색하네요 시트콤도아니고  
0, 간만에 얼척없는 쓰레기를 봤다....
2, 어떻게 이게 7.4점이얔ㅋㅋㅋㅋㅋㅋ 정확하게 딱 얘기할게. 김관장대김관장대김관장  흡혈형사나도열이랑 딱 같은급이다ㅋㅋㅋ 아니 주인공 이름이 병신이 뭐야. 고병신이. 대사가 '병신아 병신짓하지마 알았지 병신아?' 이게 뭔.... 랩임?? 라임맞추게?? 간만에 레슬링선수 서찬호(맞나?)선수를 본게 가장 감명깊었음.
8, 잘 만든 미드 같다.
4, 어떻게든 무섭긴 해야겠고...
6, 탈출이 그나마 젤 낫네 겁나  웃겨  병신아 ㅋㅋㅋ 다른건 다 재미가 없어.
1, 정말이지 최악이다...무서운 이야기가 아니고 유치한 이야기다...
0, 감독아 영화 만들지 마라  최악이다   카악  퉤퉤
7, 킬링타임용으로 적당한 영화..맨마지막 이야기는 상상력이 풍부하고 소재가 독특한듯?ㅋㅋ
0, 중학생 용 공포 영화다
7, 진흙 속에서 진주를 찾다!
5, 영화냐~~~~~~~~~~~~~이게 영화냐구~~~~~~~~~~~~~~~
4, 15세 관람가로 낮아진 등급만큼 사라져버린 공포.. ^^;;
0, 어..저기.. 남의 의견 뭐라할 자격은 없지만요 밑에 어떤분이 블랙코메디라고 하셨는뎈ㅋㅋㅋㅋㅋㅋㅋㅋㅋㅋㅋㅋㅋㅋㅋㅋㅋㅋ그냥 너무 웃겨서 무섭네욬ㅋㅋㅋㅋㅋㅋㅋ아이고 무서워서 땀나요 그냥 제 의견인데.. 도대체 무슨 생각으로 9점 10점 높은 점수를 주시는지 잘모르겠어요  저 무서운이야기1 극장에서 되게 재밌
6, 와...이 평점이 은위보다 더 높네요..제가 무서운 이야기2를 봤는데 솔직히 전혀 무섭지 않은..오히려 마지막 이야기는 코미디 영화에 가까운 수준이었어요..그리고 앞에 있던 두 스토리는 그냥 무섭지도 웃기지도 않은 그저그런 내용..영화를 만들거면 차라리 마지막 이야기만 따서 코미디 영화를 만드는 것도 좋았을 듯/
9, 마음에 들었어요. 절벽귀는 무섭고  탈출은 재미있더라고요. 귀신만 주구장창 나오는 공포영화가 질릴 때도 되었는데... 앞으로도 계속 시리즈 나왔으면 좋겠네요.
10, 대박 무서워서 잠못자쓰여 ㅠㅠ;;;  침대랑 절벽이랑 어떻게여 ㅠㅠ 힝..ㅠㅠㅠㅠㅠ
8, 공포라면 무조건 까고 보는 인간들때문에.. 에휴.. 이정도면 공포영화로서 1점짜리는 아니다. 미흡한 에피도 있긴했지만.. 한국공포영화의 미래가 밝아보여서 난 만족한다..
10, 강추!
10, 재밌게 봤습니다...
7, 무서운이야기보다 기담.. 엄마귀신... ㅅㅂ 개쩔어줬는데.. 아쉽네요..
1, 정말 이것도 영화라고     내돈 돌리도.....
8, 공포영화이라고 하기에는 조금 어설픔... 그래서 한국 영화 공포 치고 스토리는 괜찮았어요^^ 이걸 쓰레기 영화라고 말하는 사람... 걸리면 내 손에 죽는다
1, 이런...쓰레기.. 나 원래 웬만하면 영화 욕 잘 안하는데.. 진짜 쓰레기였음. 인터넷으로 다운로드받은 c급 호러영화 보는줄.. .. 대충만든것같기도하고 약먹고 영화만든것같기도하고..암튼 멘붕... 무서운장면하나도없고... 1이 훨낳았다진심
6, 무서운이야기.. 진짜무서워
1, 제목 그대로 무서운 이야기입니다.나 봤으니까ㅠ다른사람들이 볼까봐 겁나는 무서운이야기.고등학생이 제작해도 이것보단 잘할듯ㅋ뻔한스토리에 어설픈연기 무서움이 느껴지는 타이밍보다 초지일관으로 지루함과 졸림!전설의고향이 백배잼있음ㅋ
8, 같이간사람은 돈아깝다고욕하던데 전 앞에두편은 무서웠고세번째는 무섭고 웃겼어요 블랙코메디ㅋㅋㅋ
10, 더 무서워져 돌아온 2편!! 만족합니다~강추드려요~~!!!
3, 너무 뻔한 안무서운 이야기였다. 볼거리도 상상할 거리도 없는 유치한 중고딩들의 인터넷 괴담수준...
3, 전편은 청소년관람불가라서 못봤는데 이번에는 보게되었는데 기대에 한참믿치지못한다. 내용전개 흐름은 괜찮은데  <444>는 대체뭐임?? 절벽귀도 별로고 또한개도별로고 그나마  기담감독이 만든 탈출이 제일 코믹스럽고? 엘레베이터귀신  고경표의 탱탱하고 뽀얀 엉덩이만  기억에남는다~ 문상보고봐서 다행이지
6, 이게 공포영환지 코디미영환지..첫번째 두번째 에피소드는 무섭게 만들려고 하긴 한거 같은데 엉성한 스토리에 허접한 촬영기법 보기 민망한 연기력 때문에 코미디 영환줄 알았다. 그나마 대놓고 웃기려고 만든 세번째 스토리정도나 볼만했고 나머지는 어이없어서 웃음만나옴. 영화관에서 내가 이걸 왜보고 있는건가 했다
0, 돈 아까움  입에서 욕나옴  이걸 영화라고 만든건지!!!
0, 재미없다 돈아까움ㅡㅡ 1이훨씬무섭다
10, 앞에 에피소드는 진짜 어깨에 담 올정도로 무서웠는데  맨 마지막은 무서우면서도 재밌어서 기분좋게 본 영화! 이런 공포영화가 앞으로도 나와야 합니다~~
1, 기존의 공포이야기보다 더 유치한 1탄보다도 못한...배우들이 아까운영화..이상한평점들때문에 3점주려다 1점줍니다
1, 아니 이놈들이 진짜.... 무서운거 보도 몬했나
10, 대박 !!!! 대애박 !!! 영화속에서 김지원이 외치던 대사 ㅋㅋㅋ 돋아돋아 완전돋아!! 솔직히 배우들이 다들 어리고 경험에 비해 더하지도 덜하지도 않은 연기 보여준듯 !! 진짜 안허접한 한국 공포영화 오랜만임
7, 조금 더 기괴한  '이야기 속으로'(tv) 정도...
8, 나쁘지 않게 봤어요. 탈출 같은 경우는 소재가 신선해서 흥미롭게 봤구요. 절벽같은 경우는 후반 갈수록 너무 뻔해지지 않았나 싶네요 그외에 부분에서는 나머지 이야기들중 제이 재미있었어요.. 즉흥여행 같은 경우는..... 너무 내용을 꼬아놨다고 해야되나.. 무섭다고 느껴지지 보다는.. 조금 이상하다는 느낌이 강했어요
10, 개인적으로 귀신영화를 잘 못봐서 보는내내 무서워하면서 봤음.. 마지막편에선 고경표씨 연기때문에 빵터졌고 ㅋㅋㅋㅋ 재밌었음
9, 탈출 이야기 너무 재밌음..ㅋㅋ 뭔가 더럽고 웃기면서 좀 무섭고 신선함.. 그 외의 이야기는 그냥 그랬지만..ㅋㅋ
6, 3편중에 처음건 그래도 볼만했는데..그다음은 에스에프...만화
10, 난 재밌었는데 ㅋㅋㅋ 신선하고 연기들도 다들 좋앗고 돈이 아깝지는 않았음
1, 안무서운이야기2
9, 공포영화가 더이상 얼마나 무서워야 한다고 생각들 하는건지 전 재미있게 봤어요
0, 좋은 배우들 캐스팅 해놓고 뭐하자는 짓이야 공포영화맞냐고 진심으로 돈 아까운 올해 최고 쓰레기 영화
0, 개쓰레기 평점10점줬던 알바생한테 낚인1인   ㅅㅂ ㅅㅂ ㅅㅂ
1, 짜증나 돈주고봤어.ㅠ
8, ㅋㅋㅋㅋ진짜대박이다 ㅋㅋㅋ 일편 해와달보고 완전기대하면서 갔는디 이렇게 뒤통수를치실줄이야  정말무서운심리 공포보려다가  완전 웃고나왔어요 ㅋㅋㅋㅋ 예상밖이지만 돈아깝지는않은 유쾌했습니다~ㅋㅋ
10, 완전재밌구만 평점들이 왜 짜지? 공포영화 매니아로서 아주 훌륭한 작품~~기발하고 스토리가 지루하지않아 좋았음
0, 사이비집단에서 만든영화 맞죠?  정범식감독 정말 패고싶다
5, 1편 공포영화치고 참 잼나게봐서 2편 아무생각안하고 나오자 마자봤는데  완전 실팡..........ㅜㅜ 이러지마삼
2, 요즘의 젊은 영화인들은 새로운 호러무비를 창조하지도 못하고 또 그렇다고 고전을 그대로 답습하지도 못한 채 올드무비와 애니사이의 아주 애매모호한 공간에서 살고 있는듯 싶다.
8, 이정도면 나쁘지 않아단 1편보다는 별로다
2, 마지막시리즈덕에 웃긴했지만  헛웃음  ㅎㅎ
9, 원래 한국영화는 극장가서는 잘 안보는데 공포영화는 좋아해서 이 영화를 보게되었네요. 공포영화팬이어서 그런지 예상대로 재밌게 보았습니다. 특히 첫번째와 세번째는 다른 해외공포영화에서는 다루지 않았던 신선한 이야기라서 재미있었습니다.
7, 고경표 덕에 많이 웃었음 ㅋㅋ 시사회라 봤지만 우선 돈주고 봤으면 솔직히 안볼 그런 영화...;;
2, 진짜 개쓰레기...하나도 안무섭고 진짜 병맛이에요 엄청 돈 아까움 그나마 절벽귀때문에2점 준다
8, 8점 주는게 적다완 영화. 연출을 참 잘한거 같아 맘이 들고. 영화관이 너무 추워서 너무 으스스하게 밧음. 앞에 세 스토리는 깜짝깜짝 놀라고 으스스한대.마지막 탈출은 무서우면서코믹한 불랙 코메디 스탈. 절벽귀웹툰 안보고 이영화밧음 더 재밋게 밧을탠대하는 아쉬움이 남는거빼고 스토리 연출 만족.
2, 이게 영화냐?
8, 이 영화에 불만인 자들은 그닥 무섭지 않아서다. 그렇다해서 재미가 없는건 아니다. 몰입도가 높고 스토리에 빠져들게 하는 힘이 있다. 이 시리즈는 한국사회의 항간에 떠도는 괴담들을 차용한다. 그래서 웬지 내국인보다 외국인들이 이 시리즈에 더 흥미를 느낄듯하다. 가장 한국적인 것이 가장 세계적이다. 절벽이 압권.
0, 아나 진짜 1보고 진짜 재밋어서 친구들 다끌고 2보러갓는데 내가 미안해서 할말이 다없더라..진짜 돈주고 보라는 영화맞긴함? 아진짜 대박 진짜실망..
5, 완전 기대했는데  ㅡㅡ무지도 않고  그래고 탈출 건 잼있었음 ㅋㅋㅋ  절벽도 괜찮고 그리무섭진.... 돈주고 보기는쫌.....
1, 졸다가 끝내 시간도 채우지 못하고 나와버린 영화는 처음이다...
0, 정말 어이없어서 할말 없는 영화  보다 나가는 사람들 많고  난 졸았고  정말 왜 이런 영화가 나온건지 제작비가 모자랐나 암튼 이영화 ㅋㅋㅋ 감독들 멘탈 참으로 황당함 유치하고 병신같은 영화
9, 아~ 진짜 웃기면서 무섭기 쉽지 않은데.. 3번째 에피소드 대박이었다. 엄마 귀신 보면서 진격의 거인 생각났다. ㅋㅋㅋ . 무섭고 이런거 떠나서 잘만들었다.
8, 4가지 에피소드입니다. 4번째가 가장 억지스럽다고 해야할까요? 무서운 이야기 1편의 김지원을 생각하면  2편의 이야기 전개는 그리 자연스럽진 않습니다. 신인배우들의 대량 출연이 이영화의 장점이라 생각되면서 약점이라 할수 있겠습니다. 외국영화와 비교하자면 A~Z라는 옴니버스 영화와 비슷합니다. 재미는 개인차겠죠
0, 진자 잼없다
9, 아이디어가 독특했다. 생각보다 재밌게 본 영화.
10, 탈출 진짜 기담감독답다!!! 괴기스럽고 유머감도있고 무서웠음
6, 공포 영화를 싫어해서 돈 내고 본 적 없는데 이번에는 다른 영화를 예매하려다 실수로 이 영화를 보게 됐습니다. 인터넷에서 떠돌아 다니는 괴담들을 모아 놓은 느낌의 영화였습니다. 저로서는  충분히 무서워하며 본 영화입니다. 하지만 영화를 잘못 선택한 제 손가락이 더 무섭습니다.
2, 어찌 이딴걸 영화라고 내놓을 수 있는지...300원 주고 다운 받기도 아깝다. 정말.
6, 공포를 못 보는 사람들도 즐길 수 있는 이야기. 대신 공포 마니아들에게는 조금 아쉬운 영화가 된듯? 공포보다는 오컬트 영화의 냄새가.
10, 공포영화의 매력에 빠졌어요ㅠㅠ이 영화 때문에 앞으로 공포영화 챙겨볼듯!!근데 밤마다 너무 무섭기는 해요ㅋㅋㅋ
10, 에피소드 중에 탈출진심대박ㅋㅋㅋ작가가 진심 천재인듯
9, 맨날 나오는 공포영화들은 마무리도 허접하고그랬는데 무서운이야기는 깔끔 한것 같네요
10, 공포영화치고 이렇게 퀄리티 높은건 정말 간만인듯??
9, 한국 공포영화 하면 무서운이야기 부터 떠올릴 것 같다
9, 절벽귀부터 대박이엇음
8, 아직도 생각나요ㅠㅠㅠㅠㅠㅠㅠㅠ 엘베귀신 ㅠㅠㅠㅠㅠㅠ
10, 최근에  본 영화중에 이렇게 몰입해서 본 공포영화는 오랜만인듯
10, 영화 잘만들었더라ㅋㅋ솔직히 공포영화는 잘 보는 편이 아닌데 감독들의 명성은 역시나~ 라고 생각함
8, 유치할줄알았는데 하나도 안유치허넹ㅋㅋㅋㅋㅋㅋㅋ
10, 무서운 영화는 딱 질색인데 친구가 너무 보고싶다고해서 같이 가서 봤거든요 근데 스토리가 무섭기만 한게 아니라 흥미진진해서 그런지 의외로 괜찮았어용ㅋ
10, 공포영화면 확실히 무섭게 해주는게 원리 아닌가싶다! 그런 점에서 이영화는 정말 잘 만들어진 듯 싶음!!!
9, 내놓으라 하는 배우들은 아니어도 뜨고 있는 배우들이라 그런지 더욱 관심이 가고 집중도도 좋았습니다
8, 솔직히 이정도면 잘만든 공포영화아닌가싶음
10, 근래 본 공포영화중에는 솔직히 제일 낫다
10, 완전 ㅠ ㅠ 고경표 대박ㅋㅋㅋㅋㅋㅋ제일 인상 깊었다 처음 보는 소재의 공포영화
10, 남녀커플 데이트 영화로 이 영화 제격일듯ㅋㅋㅋ
10, 재밌었어요! 저는 워낙 무서운 영화를 잘봐서 굉장히 흥미진진하게 봄
9, 헐 저도 보는내내 땀이 나서 죽을뻔ㅠㅠ여름에 이 영화 보면 더위가 확 가심
10, 러닝 타임 내내 화면에 몰입해서 봤다ㅠㅠㅠ진짜 눈을 뗄 수 없게 만든 영화
9, 내가 생각한 것 이상으로 구성도 탄탄하고 연기도 좋고 그래서 관객입장에서 편하게 봤습니다!!
8, 여름하면 무서운 이야기를 앞으로 빼놓고 얘기할 수 없을듯ㅋㅋ
10, 오랜만에 제대로 된 공포영화보고싶으시면 이 영화 보세요
10, 역시 무서움ㅠㅠ진짜무서울꺼라 생각하긴 했었는데 그 이상으로 무서웠어요
10, 여름을 항상 기다리거든요 공포영화보려구>.<작년에 너무 재밌게 봣던 무서운이야기가 또 개봉해서 완전 좋아요
9, 역시 공포영화는 확실히 호불호가 갈리는 장르인듯 싶음 내남친은 시시하다는데 난 진짜 무서웟다 bb
10, 나는 완전 재미있었음 ㅋ
0, 알바들 판치네 진짜. . 왠만한 영화 다 재밌게 보는편이고 진짜 졸작이라도 긍정적으로 생각하는 나인데 이 영화는 진짜 아니다. 특히 3번째 다른세계 가는 그 편 시작하는 순간부터 계속 ㅆ;ㅃ  ㅆ;ㅃ 하면서 봤다. 진짜 보지마세요 여러분 알바한테 속지말고 ㅡㅡ
3, 서운한 이야기
10, 나름 재밌던걸 ?
0, 왠만함 댓글 안쓰는데 ....너므너므 실망한 영화다 내용두 없고  세번째 이야기는 어이가읍고  웃음 만 나온다..ㅋㅋ 탈출....ㅋㅋㅋ 내가 탈출하고 싶더라  ㅜㅜ
1, 돈 아까우니까 절대보지마세요 진짜 이딴 쓰레기영화 사람들이 보다가 왜 나가버렸는지 알것같아요 이건 제작비도 아깝네요
6, 솔직히 말하자면 하나는 웹툰에서 본 내용이라 별로 안무서웠고 심지어 고경표나오는 얘기는 영화관에 있는 사람들이 다 웃었어요. 보면서 대체 이게 무슨장르인가 생각했어요......... 그런데 개인적으로 그냥 귀신은 무섭게 생겼고 내가 그 상황이라면 무서울거 같긴 했어요.
3, 3이 다 망쳤음.
1, 쓰레기
0, 개쓰레기영화.
8, 진짜 새로운 인거 같다. . !  용산cgv에서 무대인사 봤는데 탈출팀 봤음 . . .고경표 잘생기고 김지원 이쁨 그리고 탈출재밌음.  글구 새로운 공포라 조은데 왜 영화의 영자도 모르는 것들이 ㅈㄹ이야. . .
5, 에피 3 <탈출>만 기억난다! 전체적으로는 실망스럽습니다. 괜찮게 봤던 1편에 비하면 더더욱이요. 일단 '15세 관람가'로 팍 등급을 내리면서  유치해지고 안 무서워진 점이 크구요. 성인관객들이 즐길만한 공포는 그다지 없습니다.
0, 수입료로 알바많이 쓰시나본데요 절대 평점이 8점이 나올 수 없는 영화... 양심이 있으면 이걸 9000원받고 상영하면 안됐지. 예고편부터 재미가 없는데 무서운 이야기 1편 보고 그래도 볼만은 하겠거니 하고 본 내가 등신. 끝나고 죄없는 티켓 판매기 부수고싶었어요. 내 살다살다 영화평점주려고 로그인하기는 처음.
10, 진짜 웃다 죽을뻔함 ㅋㅋㅋㅋㅋ 완전 골떄리는 영화  특히3번째이야기
1, 여기알바장난아니네요.제가은위랑무2두개다본사람으로써말하는데은위보세요.이렇게최악인공포영화처음봤습니다.성준이랑이수혁나온다길래은위는다음날로미루고무2를먼저가서봤습니다.근데사운드만크고어색한cg에무섭지도않습니다.차라리고경표나오는호러코미디이게제일나은데워낙나머지들이쓰레기라차라리코미디가나아요
1, 3번째에피는 코믹이냐?공포라고 관객불러모아놓고 코미디를보여주네이건 관객을 우롱하는 처사다
0, 쓰레기영화
10, 생각보다 재미있었어요ㅠㅠ 한마디로 말이 필요 없었던 영화
10, 요즘 극장에 걸린 영화는 많아도 볼만한 영화가 없는데 이 영화는 굿굿ㅋㅋㅋㅋ마음에 들엇음
8, 무서운 이야기도 무서운데 2는 얼마나 더 무서워졌을지..ㅠㅠㅠ 나도 빨리 보고싶다
9, 어제 밤에 보고왔는데 사람이 은근 많던데 ㅎㅎ극장안에 사람들이 다 하나가 되서 벌벌떨다온듯ㅋㅋㅋ
10, 친한친구랑 둘이 의지해서 끝까지 보고 왔다능 -_- 보는 내내 둘다 깜짝 깜짝 놀래갖고 ㅋ
10, 예고편보고 꽂혀서 봤는데 영화 완전 재미있었어요!!ㅋㅋㅋㅋ 오랜만에 공포영화스러운 공포영화 본듯 싶어요
10, 개봉전부터 포스터보자마자 봐야겠다싶어서 봤는데 역시 무서움ㅠㅠ
9, 캐스팅 정말 잘한듯 대체적으로 무난한것 같아요 여름에 한번 정도 보기 적당함
10, 대체적으로 모든 면에서 만족 스러웠다. 배우 스토리 긴장감 등등
10, 쩔어요.. 설마 공포영화를 집에서 다운 받아보실 생각은 아니죠..?
10, 솔직히 재미 없다고 하는건 뻥인듯..ㅡㅡㅋㅋ 울엄마두 무섭대던데
9, 너무좋아 ㅠㅠㅠ 성준 진짜 잘생김ㅋㅋㅋㅋㅋㅋㅋㅋㅋ절벽속에서는 좀 나뿌지만ㅋㅋㅋㅋ
9, 첫번째 공포영화 스타트를 잘끊은듯
10, 내년에 나올 무서운이야기 시리즈가 벌서부터 기대된다
10, 공포를 제대로 느끼고 싶다면 꼭 보세욤
9, 작년에 이어 기대를 저버리지 않은 영화!!
10, ㅠㅠㅠㅠ소름 쫙 ..ㅠ ㅠ 이거때문에 잠못잔지 몇일째인지모르겠어요 bb
10, 말이 필요없어요 ㅋㅋㅋㅋ 여름에 잠시나마 시원함을 느끼고 싶으시다면 바로 고고
8, 괴물같은 영화 ㅎㅎㅎㅎ 은근 또 보고 싶어진다
10, 파급력이 상당한 것 같아요 무서운이야기1때는 이정도로 호응이 있진 않았는데
10, 굉장히 만족스러운 영화였다. 한국에서 이정도 공포영화가 나올줄이야
10, 볼만함 남자분들은 여친이랑 보면 좋을듯 ㅎ?
10, 공포 영화 좋아하는 편이라서 기대하고 봤는데 사실 공포영화는 잘만들기 어려워서..ㅋㅋ 그래도 우리나라 공포영화치곤 진짜 잘만듬
10, 무더운 여름에 서늘하고 유머스러운 무서운이야기 보는것도 좋을것 같아용
10, 친구들이나 연인들끼리 보기좋은 영화
10, 탈출ㅋㅋㅋㅋ무서운데 겁나 웃김
10, 하나의 소재로만 구성된 공포ㅕㅇ화는 지루한감이 없지않아있는데 4개의 스토리로 짤게짤께이어지니 되게 좋았던거같아요
5, 장난하냐 이거 첫번쨰 이야기 네이버웹툰 절벽귀에 세번쨰이야기..뭐냐..코믹영화인줄
7, 이번엔 실험작이라고 할수 있네요.특히 3편이.근데 두번째 이야기는 별루네요.교통사고 당해서 겪는 공포는 설정과 구성이 그다지 마음에 안 들고 첫번째 실종이야기도 한번쯤 들어본 괴담에 cg로 시각효과만을 강조한듯.3편은 완전 코믹인데 실험정신이 강해 보이는 작품.한마디로 1편보다 떨이진다고 볼수 있어요.
2, 한마디로 이 영화를 요약할수 있다  "안 무서운 이야기"
7, 기대 안해서 봐서 근지 은근히 무섭기는 했다...무서운이야기중에 탈출이 코믹한 연기해서 웃겨따앙. ....하하하하하~~~~~
10, 재미없다해서기대안했는데 은근무섭고 재밌었음 ㅎㅎㅎㅎ
0, 잘 보다 마지막에 짜증.....저만 그런건가요...?
5, 내가이상한가 별로던데 난무서운게 조아서 이거 본건데 걍 이름 병신가지고 웃기려고만한듯;;;난 무서운이야기여서 엄청무섭길 바랫는데 중간에 잣음 ㅋㅋㅋㅋㅋㅋㅋㅋㅋㅋㅋㅋㅋㅋㅋㅋ
10, 남자친구랑 봤는데 저보다 남친이 더 무서워 하네요ㅋㅋ아 무서운데 재밌었어요
10, 우습게 볼만한 영화가 아니네요!! 가볍게 볼만한 영화가 아닙니다
10, 보는내내 손에 땀이 줄줄나서 ㅋㅋㅋ혼났어요... 진짜 무서운 영화ㅠㅠㅠ
9, 이수혁과 성준의 비쥬얼때문에 놀라고 절벽귀 에피소드 때문에 또놀라고 ㅠㅠ
10, 영화도 좋은데 배우들도 좋아서 그런가 다 마음에 들어요
10, 기대하고 봤는데도 무서워서 죽을뻔ㅋㅋㅋ공포영화의 끝을 보여주는 영화인듯
10, 시사회 갔다온 친구가 추천해줘서 봤는데 진짜 무서워요..ㅠㅠㅠ
10, 안그래도 더운데 이 영화 통해서 제대로 더위날리고왔습니다ㅋㅋ등꼴이 오싹
10, 무섭다고 말을 듣고 봤음에도 불구하고 정말 무서웠어요ㅠㅠㅠ
10, 저는 공포영화를 몇년만에 봤는데 이 영화 보길 잘한것같아요...진짜 무서웠습니다
10, 무서운 영화를 잘봐서 그런가 가벼운 마음으로 봤는데 제대로 큰코다쳤네요.ㅠㅠ
10, 저 이거1 보고 2도 나왔음 좋겠다 생각했는데 진짜 나왔네요 ㅋㅋㅋ
10, 짧게 말해서 강추하고 싶은 영화!!! 잘만들어진 영화라 더더욱 추천하고싶어요
10, 쓰잘데기 없이 귀신만 나오는 공포영화들과는 다르다
9, 공포영화라고 우습게 봤다가 큰일났네요..저 요즘 밤에 잠을 못잡니다ㅠㅠ
10, 무섭기도 하면서 스토리도 흥미진진해서 그런가 흥행할 영화인듯
10, 올해 처음 본 공포영화 !! 영화 컨셉도 좋고 소재도 좋고 뭐 하나 단점이 없는 공포영화인것같아요!
7, 느무느무무서웠다! 근데3편은  대개  웃겼음엘리베이터 혼자탔는데 생각나서 무서움
10, 1편을 좀 너무나도 생각없이 째지게 본지라 2편도 기대됨
7, 무서운이야기 1편 나름 재밌게봤는데 2편도봐야하나? 아 무섭다
9, 무서워서.....보다나왔네요.... 사람들이 재밌다길래....ㅠㅠ 무서워도 참고봐야지했는데....도저히 안되겠더라구요 남자친구한테 미안하네요 ㅋㅋㅋㅋㅋㅋㅋ 남친이 재밋다고하길래 평점좋게드립니다
9, 병신이 신선해서 점수 많이줬다.ㅋㅋㅋ 첫번째는 그래픽티가 많이나서 몰입이 좀 안됐고 두번째는 그냥저냥 흔한 스토리..근데 사이코메트리 하는 여자애 이쁘길래 누군가 했는데 이세영이였다니;;;기대 안하고 가서 보면 괜춘한듯 ㅎㅎ 3편도 기대합니다아아아!!ㅋㅋ
1, 내가 진짜..병신때문에 1점이라도 준다 시발
10, 지금까지 본 한국 호러중 최고였듬
10, 보는 내내 무서워서 혼났네요ㅠ  간만에 제대로 된 공포영화 본 것 같아요!!
0, 알바들 죽고싶냐.
5, 영화 준매니아분 팁하나...평점이 10과 0을 오가며 무지 재밌다  허접의 극치다 하는 영화는 100% 허접입니다..10점은 100% 알바 입니다....선수분들 다 아시는 이야기니 이유 생략 ^^
8, 죽빵소금과삼다수
8, 이거보고 느낀점 "음 전편보다 낳다" 하지만 2편 빼고 나머지 스토리들는영 공감이 안가네 하지만 보만 했다는점
6, 탈출최고!!!!!!!!!!!!!나머지는 막장+식상한무서운게딱좋아용영화ㅠㅠ 탈출 진짜 최고임 감독이 약빨고 만든게 분명함ㅠㅠㅠㅠㅠㅠㅠㅠㅠㅠㅠ고경표짱!!!!!!!!!!!!!!!!!!!!!!!!!!!!탈출감독님 존경스러워요 빨리 또 병신미넘치는 상업장편영화 찍어주세요!!!
0, 내가 왠만하면 로그인 안하는데ㅋㅋㅋㅋㅋ스토리가 하 진짜ㅋㅋㅋㅋㅋ내가 댓글쓸라고 로그인 한적 처음이다............이거 보지 마세요 평점 10점다 알바들임ㅋㅋㅋㅋㅋㅋ와 무섭다 알바 풀었어 돈이 아까운 영화고 다운로드해서 보기도 시간 아까운 영화임.
10, 1편만큼 재미있네요~절벽  무서워요!!
0, 여기알바푼거확실함~~다운로드감도 절대안됨!최악시나리오~어의황당함ㅋㅋ
0, 무서운 이야기 1편을 봤었고 2가 나왔길래 상당히 기대하면 서 영화관으로 향했는데 어쩜 내용이 이렇게 코믹한지 공포영환지 뭔지 이도저도 아닌 내용 돈아깝고 어이없어 헛웃음만 나왔음 이거 재밌다고 하는 사람들 싹~ 다~ 알바임!!
7, 3가지 에피소드가 나온다. 솔직히 1편보다 퀄러티가 떨어지지만 마지막 "탈출" 편은 환타지 컬트 코믹장르의 기발함 때문에 7점 준다.
1, ㅋㅋㅋㅋㄱㅋㅋㅋㄱㅋ 내돈 ㅋㅋㅋㅋ왜 장르가 공포죠? 코미디 아닌가요?공포영화보러갔는데 개그물 보고왔네무섭고 진지한 분위기는 오래 가지도않고그나마도 억지스럽게 공포분위기 이어가는 분위기
10, 제 친구는 재미 없을 것 같다더니 보는 내내 소리지르고 잡아댕겨서 짜증나서 혼났네ㅋㅋㅋㅋㅋㅋㅋㅋ
9, 1편보단 덜무서우나  병신때문에 9점날림 ㅡ진정고병신ㅋㅋ ㅋ
1, 이걸 영화라 만들었나~?진짜 돈아깝다--
10, ㅋㅋㅋ아직도 잊을수 없던게 " 단  남자는 안돼 "ㅋㅋㅋㅋㅋㅋㅋㅋㅋㅋㅋㅋㅋ뿜음ㅋㅋ아 고 병 신ㅋㅋㅋㅋㅋㅋㅋㅋㅋㅋㅋㅋㅋㅋㅋㅋㅋㅋㅋ 그리고 이영화 안본 분들 괜히 평점 0점 주지말고 보고오삼ㅋㅋㅋ 존 나 웃김ㅋㅋ 무섭지않은건 둘째치고 탈출 진리 탈출ㅋㅋㅋㅋ 엘레베이터 여자 진짜 웃겨ㅋㅋㅋㅋㅋㅋㅋㅋㅋㅋㅋ
8, 1보단 확실히 안무서움 내용도 유치하고 근데그래도무서웠음재미도있었고ㅋㅋ
10, 솔직히 난 재밌었음~ 색다로워서 좋았음! 이번이 1보다는 좀더 나아서 다행이였음ㅎㅎ 특히 사고랑 탈출이 난 너무 좋던데ㅎㅎ
2, 진짜 1을 넘재밌게봐서 영화시작전에 긴장하고봤는데  완전 유치뽕짝  별로임 돈아까움
10, 다른이야기들은별론데 탈출이재미있음 웃기고무섭고 근데마지막에너무 아쉬움 ㅠㅠ  그렇게까지개고생했는데 여자만이라니....
10, 영화 줄거리만보고 이 영화다 싶어서 봤는데 이정도까지 무서울 줄ㅡㅡㅋㅋ
10, 소리 지르면서 본듯ㅋㅋㅋ진짜 무서워서ㅜㅜ아직도 소름이 끼친다...
9, 영화 속에 또다른 이야기를 적절하게 그리고 탄탄하게 잘 풀어나간듯
9, 무서운게 뭔지 제대로 느꼈어요ㅠㅠ 기대이상으로 무서워서 혼날뻔
10, 워낙 무서운걸 못봐서 겁을 잔뜩먹고 봤는데 무섭지만 알찼음ㅋㅋㅋㅋㅋㅋ
0, 평점 10점준사람들 영화평점매긴거봐라 어째 무서운이야기2만 본사람들뿐이냐
10, 이 영화는 평점을 안쓸수가 없겠더라.. 진짜 무서워서 그런가 꼭 보길 강추함
9, 동생하고 봤습니다 !둘이 밤에 무서워서 같이 못잤어요ㅋㅋㅋ
10, 시사회로 봐서 본지가 2주는 된거같은데 아직도….ㅎㅎ
10, 기대했던 만큼의 가치를 보여주는 영화였던 것 같음
10, 시리즈물을 워낙 좋아해서 그런가 이 영화도 보길 잘했다는 생각이 든다
10, 절벽귀에 이수혁이랑 성준도 멋있고 나오는 배우들도 다 연기도 잘하고 굿뜨
10, 혹시나 내년에 또 나올까 했는데 진짜 나왔네요!!! 친구랑 보러가기로 약속했는데 빨리 주말이 됬으면 ㅋ_ㅋ
10, 역시 저를 실망시키지 않네요ㅋㅋㅋㅋㅋㅋ
9, 굿.. 배우들 연기가 모두 맘에듬 444에피소드는 조금만 더 보완했음 좋았을걸
10, 공포영화를 좋아해서 그런가 이 영화도 너무 재미있으면서 무서워서 죽을뻔ㅠ.ㅠ
10, 오랜만에 제대로 건질만한 공포 영화가 하나 나온듯ㅋㅋ
10, 무서운데 재밌당ㅎㅎ 특히 마지막 고경표나오는거는 대박!!웃긴데 무섭기도하고 색다른 느낌이었어!!
10, 보는내내 깜짝깜짝 놀라느라 힘들었네요….
10, 영화도 좋은데 배우들도 좋아서 그런가 빨리 보고 싶은 마음뿐 +_+
10, 아 ㅋㅋㅋ 남치니랑 볼껄 ㅠㅠㅠ 이런건 심야에 봐줘야 대박이었을듯 ㅋㅋㅋ
10, 시사회 갔다온 친구가 추천해줘서 봤는데 진짜 무서워요..ㅠㅠㅠ
10, 흥미진진하고 4개의 에피소드 전개가 너무 좋았습니다
10, 상상 그 이상을 보여주는 영화였던 것 같다
10, 미치겠네요ㅠㅠ영화 본 날 이후로 밤마다 자기전에 자꾸 생각남 ㅜ.ㅜ 히잉
10, 무서운게 뭔지를 제대로 느끼게 해주는 영화…진짜 방심하시면 큰일납니다
10, 워낙 무서운걸 못봐서 겁먹고 봤는데도 무서웠어요..진짜 무서움의 끝을 보여주는듯ㅋㅋ
10, 이 영화는 꼭 접해보시길 권유하는 바입니다ㅜㅜ
10, 이수혁 팬이라서 봤는데 이번 영화에서도 멋있었지만 분장했을땐 나도 깜놀…
10, 동생하고 봤는데 무서워서 죽을뻔했어요ㅋㅋ밤에 잠 어떻게 자지..?
10, 기대를 안해서 그런지 놀라는 장면들도 많고 은근 소름도 끼치고..
10, 공포스러움이라는게 뭔지 제대로 느낄 수 있었던 시간
10, 마지막 이야기 참신하고 재밌었다ㅋㅋㅋ
7, 역시 1이 젤 낫다.. 2는... 그냥 코미디 'ㅂ' 탈출은 깜짝깜짝놀라고 좀 뻔한 이야기 .. 사고는 이거뭐임? ㅋㅋㅋ 탈출은 고경표가 넘 웃겼다
10, 겁나재밌었음ㅋㅋㅋ친구들이랑보다 다들빵터지고ㅋㅋㅋ 재밌게볼만한 영화. 공포와 코믹이적절히섞인!
0, 무서운 이야기 1편 재밌었는데.. 역시 뭐든지 2편으로 넘어가면 대부분 쓰레기가 되는구나. 이 영화는 그 중에서도 최고의 쓰레기다
0, 1편 생각하고 보지 말길. 아니 아예 보지 말길. 무서운 이야기라는 제목부터 잘못됐다
0, 절벽 - 배우 연기 존나 어색. 웹툰 절벽귀 옮겨놨는데 진심 노잼  사고 - 역시 뻔하디 뻔한 이야기  탈출 - 개그는 시발 니네 개그프로에나 가서 해라. 장난까냐? 444- 이건 뭐 말할 건덕지도 없다. 한마디로 총체적 난국. 쓰레기 같은 영화
0, 아 진짜 1점도 싫다.......하아.....
9, 나 어제 롯데시네마에서 보고 왔당 ~ 알바아님 나는 1때보다 더 재미있던데 0점주는 분들이 너무 박하네
10, 재미있엉 ㅋㅋㅋ
6, 무섭긴  뭐가 무섭냐?  탈출하나 엄청 웃겼고 나머진 뭐냐 정말??
10, 떠오르는 스타들의 총집합인것같은데요?ㅋㅋㅋㅋㅋㅋ 개인적으로 성준 팬인디ㅋㅋㅋㅋㅋ
10, 오랜만에 영화 잘고른듯싶네요ㅎㅎ 올여름 첫 공포영화 이 영화로 시작해보시길
9, 보는내내 긴장의 끈을 놓을수가 없다.  탈출에피소드는 공포라기보단 코믹.  오랜만에 엔딩스크린 올라가는게 아쉬웠던 영화다.
8, 재밌게봤는뎈ㅋㅋ공포영화치고이정도면만족함 옴니버스식이라지루함도덜하고생각없이즐기기에좋음
8, 이 정도면 괜찮지 시간 때우기 딱 좋음 적절한 공포와 유머!  몰입도는 극강인듯
10, 그냥 생각없이 소리 바락바락 지르고 오기 좋은 영화
0, 이런 개 18 이것도 공포영화냐? 알바 엄청 썼네. 방금 롯데시네마에서 봤는데 와 욕밖에 안나와. 절벽 볼만했다 두번째부터 슬슬 공포는 없고 지루해지더만 세번째 제목도 생각안나. 그 병신 선생 나와서 좃이랑 뻑킹만 찾다 영화끝나고 마지맛 허무개그로 끝. 1편보다 재미없을거 같음 만들지말든가. 감독들 다 잤냐??
10, 머리 중추신경 건드리는 팥빙수같은 짜릿한영화
2, 나 방금 보고온사람이다.. 냉정하게 평가한다.. 보는내내 돈보다도 시간이 아깝단 생각이 드는건 처음이더라.. 10점주는 인간들은 뭐냐.. 무서운이야기1에서는 택배기사라도 남는게 있었지..이건뭐 장난하냐..재미와 공포 두가지를 노린것같은데.. 재미 공포 두가지다 망친케이스
0, 지금 보고왔는데 정말 실망했습니다.무섭지도 재밌지도 않은 그냥 4차원 영화네요.내인생 최악의 동영상!
3, 무서운 이야기? NO 우스운 이야기
10, 진짜 탈출 하나 건졌음. 나머지는 진짜 재미없더군요  탈출 때문에 별 5개!!!
10, 개인적으로 정범식 감독이 만든 탈출에 10점 만점 준다 이런 한국영화 처음
10, 고경표 다시 봤다 ㅋㅋ 공포라기보다는 판타지호러? 여튼 의외로 잼있음
10, 무서버~
10, 마지막 탈출 이야기 오싹하고 재밌네~ㅋ 짱~~
0, 이걸 공포영화라고 만들다니 김성호  김휘  정범식  민규동감독들 전작보고 알아봤어야 했는데...앞으로 영화 하지마라
9, 공포영화를 좋아하는 편이라서 낼 보러갈까 생각중인데 >.<
10, 나오는 배우들이 하나같이 다 훈남에 훈녀라서 보는내내 좋았습니다ㅎㅎ
10, 시리즈물다운 공포를 제대로 보여주는 영화!! 다들 이 영화로 올 여름을 열어보세요ㅋㅋ
10, 고경표의 재발견! 팬될거같음
10, 보는내내 식은땀이 나서 죽을뻔ㅋㅋㅋ그만큼 관객들을 빠지게 만들어주는 영화인듯
9, 백진희 왤케이뻐요ㅠㅠㅠㅠ생각보다 연기도잘하드라구요
10, 여자들이 보기 무서울꺼라 생각했는데 무섭긴해도 그만큼의 재미를 보장해주네요
10, 옴니버스식의 영화도 좋아하는데 거기에 공포영화라니!!
10, 시시한 공포영화들과는 다름 ㅎㅎ
9, 오전에 할일이 없어서 극장 갔다가 사람들이 하도 무섭다길래 기대하고 봤는데 낮인데도 뭔가 오싹햇음..
10, 4가지의 다른 형식으로 풀어나간 영화라서 더 마음에 들음 빨리 보고푸당
10, 공포영화들은 정말 값어치를 못하는 경우가 많은데 무서운이야기1을 작년에 접하고 엄청 만족 스러웠거든요 이번에도 기대되네요
10, 이수혁은 뭘 어떻게 해도 멋있네요ㅜㅜ보면서 눈에서 하트가 뿅뿅. 근데 너무 무서워서 웃으면서 볼 수 없었던 영화..ㅋㅋㅋ
5, 전편 재밌게봐서 기대 했는ㄷ데;;;솔직히실망임ㅇㅅㅇ그리고 마지막 뜬금포;;;;
1, 아~ 진짜 여기 알바 많구나~ 이게 뭐가 무섭다고! 억지고 사운드랑 깜놀~ 장면 넣어서 놀래키는 영화지!
4, 오늘 조조로 목동cgv에서 보고왔는데 무서운이야기1팬으로서 이번은 좀 실망 긴장감이 떨어짐 판타지류 공포좋아하면 보시구요 사실적 공포를 좋아하시면 비추천
5, 응? 왜 10점 천지지? 난 무섭지도 재밌지도 않았는데....그렇다고 수준을 이야기할 영화는 더더욱 아니고....
10, 최고 이수혁이랑 성준 연기 진짜잘한다 절벽귀 웹툰도 봤는데 나는 영화로 먼저봐서 그런지 영화가 더 잼나더라
10, ㅠㅠ 진짜 재밌어요 ㅋㅋㅋㅋ 제친구는 공포영화 무서워해서 무섭다던데 저는 흥미진진!! 다만 잠자기전에 자꾸 생각나긴함ㅋㅋㅋㅋ
4, 저는 솔직히 기대한것보다 별로였네요..;; 저만 그랬던건가요? 무서운게 있었다고 하면 조금 있었던게 사실이지만  사운드와 중간 놀라는 컷들이 너무 많고 과했습니다.
10, 완전 재밌어요~~~~!!!!!
10, 시사회보니 짱재미있다
4, 직접 시사회 가서 보고 온사람인데... 평점이 다들 과하네요. 배우들이 무대인사라도 안왔으면 정말 화가 났을 영화입니다. 무엇보다 이영화가 공포스러운 건  공포영화가 공포스럽지 않다는 사실.
10, 1편도 엄청 무서워서 꿈에 나오고 그랬는데...2편!!!!
10, 친구가 시사회 보고 왔는데 무서워 죽는줄 알았대서 나도 보러갈껌미
10, 예고편이나 영화정보 봐도 캐스팅에  감독들에 빵빵하다! 간만에 한국 공포영화네~
0, 더럽게 재미없는 게 속편까지 나오네. 1편은 잔인한 장면만 나열해서 갈수록 피로하던데. 물론 재미도 없었다.
6, 마지막에 아빠 꿈틀이만 사왔어도
9, 무섭 울거같네기대되.
10, 짱이에요!!!!!!!!!!!!!!!!!!!!!!!!!!!!!!!!!!!!!!!!!!!!!!!!ㅋㅋㅋㅋㅋㅋㅋㅋㅋㅋㅋㅋ 444는 조금 아쉽긴 했지만 나머지 3개는 진짜 흥미진진!!!
10, 근래 본 공포영화 중에 가장 괜찮았습니다. 특히 탈출이라는 에피소드는 정말 상상 이상의 스토리였어요
9, 볼만하네요 올해 첫 스타트를 잘 끊은듯
10, 작년에 무서운 이야기1보고 올해 또 안나오나 했더니 정말 나와서 깜짝 놀랬어요 ㅋㅋㅋㅋ 친구덕에 시사회로 봤는데 시간가는줄 모르고 볼정도로 몰입해서 봤네요
10, 이거로구나! 쾌감공포!! 또보고싶긔 ㅋㅋㅋㅋㅋㅋㅋㅋㅋㅋㅋ
10, 배우가 좋아서 봤는데  이야기가 진짜 무서우면서 재미지다. 잘 만든 공포
10, 옴니버스 형식의 무서운 이야기 앞으로 시리즈가 계속 되길 바란다 너무너무 재밋음
10, 아 탈출은 좀 충격적으로 재밌었다;;; 무서우면서 동시에 재밌을(웃길) 수도 있다는 사실이 충격적이었다. 탈출때문에라도 볼만하다!
10, 아 이수혁 존잘 영화 기대함 ㅠ^ㅠ
7, 무섭고 웃기는 이야기~ 고경표의 재발견!!
8, ㅋㅋㅋ 어제 시사회가서 보고 왔는데 세번째 이야기 탈출 고경표씨 나온 거 진짜 대박 재밌었어요 절벽이나 백진희씨 나온 이야기는 조금.. 아쉬웠지만 탈출은 완전 짱!!
9, 기대되네요!
6, 조금 진부한듯 했지만 뒤로갈수록 신선한 시도를 한거같아서 좋았습니다.
7, 내용은 좀 아쉬운데 탈출 너무 잼있었어요~~~ㅋㅋㅋ 고경표 짱!!!!!!!!!!!!!!!!
8, 오래간만에 즐거웠고요 그리고 영화가 끝이 조금 아쉬운것 같가요
8, 공포영화 좋아하는데 잼나게 봤어요^^
6, 무섭지도 않고 지루해요....
5, 잘 봤습니다.
8, 무서운 걸 잘 못 보는편인데 너무 무서워서 제대로 보지도 못한것 같아요..ㅋㅋㅋ 근데 고경표 고병신 짱이였어요!!!^^* 배우들도 직접 보고 매우 좋았어용~^^*
6, 무섭지도. 않고. 지루해요.  고경표가. 젤. 웃겼음
4, 음....그냥 그럽니다~개인적으로 무서운장면 없음~ㅋ고경표씨나올때 보고 빵 터짐ㅋㅋㅋ갠적으로 이부분이최고!!ㅋㅋ
7, 전체적으로 가장 많은 비중과 시간을 차지하는 탈출 이야기 빼고는 전부다 그냥 그랬습니다 하지만 탈출 이야기 하나 만으로도 이 영화는 볼만 하다 생각이 듭니다 어쩜 그렇게 유쾌하고 재미나며 괴기 스럽게 만들었는지 참 놀랍네요
10, 배우분들 실제로 보기는 처음인데 너무좋았구요 영화도 전편이랑 비슷하게 이어나가면서 좀더 변화된 모습이 진짜재밌었어요 고경표씨가 나오는 편 코믹스럽기도했지만 새로운소재인것같아서 충격이었고 너무재밌었어요 나중에 개봉하면 한번더보려구요~! 몰입도잘되고 배우분들 연기도 잘하시구 흥행하길바라요~^^
10, 너무 잘보고 왔습니다~고경표씨 연기진짜ㅋㅋㅋㅋㅋ대박웃겼어요!시즌1때보다 유쾌하고 재밌게 봤네요~흥행하시길 바랄게요!
10, 김슬기랑 고경표!!!!! 완전 보고 싶엉ㅠㅠㅠ
10, 신인배우들 탄탄하게 잘하는 배우들에  감독도 쩔고..ㄷㄷㄷ 남친이랑 보러가야지~
10, 오랜만에 극장가서 보고 싶은 공포영화닷~~!!! 짱짱이고만!
4, 절벽은 웹툰으로 봤던 거라(웹툰도 그닥;;) 웬만한 각색이 아니면 없는 것보다 못할 것이다... 공포로서는 역시 스스로 만들어낸 공포가 최고이다(해와 달) 근데... 예고편봤는데 배우들 연기 어색해;;; 1때는 배우들 연기 최고였는데... 연출은 만점주고 싶었다
10, 대...박
5, 한국판 환상특급인가요???
9, 나도 이거 보고 싶다. 빨리 개봉됬으면 좋겠다.  여름이면 이 영화가 딱 좋다!!!!!!!^^
10, 넘기대되네용ㅋ
10, 활발한 활동을 펼치고 있는 두 모델 배우들의 첫 공포영화! 기대됩니다:)
10, 기대되는 배우들의 향연~
10, 슬기양이 귀친으로 나오는건가? 아님 귀신보고 찰진욕 해줬으면 좋겠다 ^^
5, 재밌네요~~!!
10, 빨리보고싶어
10, 이수혁연기하는 거 너무 좋다. 앤 그냥 매혹적이라서.아.ㅠㅠ
10, 대박대박 빨리나왔으면  제목만봐도 소름이 돋았어요!!
10, 에효나도이영화볼까말가생각중이에요.일단체험을해보는거예요.난슬기팬까페회원이니까.이번여름에 장난아닐듯에효.이를어쩌나
10, 핫한 배우들에 더욱 무서운 스토리가 기대되네요!
9, 슬기랑 메직키드마수리의 인선이 맞지? 작년에도 봤는데 올해도 봐야겠당.
10, 무서운이야기 작년에 봣었는데 또 기대중~~~ 꼭봐야징~
9, 오~ 좀 무서울거 같아요!!
9, 한국 공포영화 너무 좋은데! 고경표까진 이해해도 김슬기;;; 이건 뭐..집중 못할거 같음!
9, 한국영화 역사상 최고의 호러물 씨리즈
10, 성준이랑 이수혁 나오네요~ 정말 기대되요><
10, 1편 재밌게 봤는데 2도 기대된다  개봉이 언제임?
