3, 엽기적인 소재는 좋으나 여주인공의 너무 허접한 연기와 연출의 허접함이 너무 심각하다
0, 개쓰레기 영화...보고나서 그 허접함에  너무 화가나...일부러 검색해서 평점 깍으려고 로그인까지 했다...조또 재미없어..에로영화에 무슨 얼어죽을 스릴러냐..그냥 쎅이나 질퍽하게 했음 욕이나 덜먹지..욕나와
1, 사랑에 대한 무서운 집착... 지독함이 만들어낸 잔혹한 행동... 약간 허접한 내용 전개에 변태스런 원맨쇼지만 좀 섬뜩... 발연기 여쥔공...
1, 무슨 이야기를 하고싶은걸까? 이 영화를 찍은 이유가 뭘까?
0, 영화가 머이래;
0, 하나 같이 똑같은 개쓰레기 한국의 독립영화. 개나 소나 감독질한다고 설치니...
0, 끝까지 다보는  사람은 대단하다평점 장난치지 마세요
10, 아름다운 이별은  없다
9, 보고싶은데  다운니  아직.....
10, 줄거리가 탄탄하고 시사하는 바가 있을듯 하네요.. 애인이랑 함께 보고 싶네요...
10, 빨리 보고 싶네요
10, 전작부터 계속 보게되네요
10, 제목이 주는 느낌과 스토리가 아주 재밌을것 같아요
10, 좋은 작품 기대 할께요 ~~~~~~~
