5, 연기 편집 모두 수준미달.. 특수효과는 그냥 하위권으로 봐줄만한 정도.. 그래도 시도함에 의미를 둘수 있다.
10, 좀비로변한 하은설씨가 박서빈형덕분에 정신차려서 얼굴만질때 같이살아 학교나갈수있었는데 그때군인형이 총쏘는바람에 하은설씨죽는장면 진짜슬펐어요 역시 배우하은설씨 연기 잘하십니다 하은설씨사랑해요 앞으로도 영화 드라마많이나와주세요 백서빈형님도 연기진짜 쩌심^^ 역시백윤식선생님과 백도빈형의동생이시네요
7, 구제역으로 인해 억울하게 죽은 모든 소와돼지들의 죽음을 추모하며 이영화를 바칩니다!
10, 전 좀비 매니아데 역시 한국 스타일이네요 전 이렇게 생각 합니다. 미국은 미국 스타일 일본은 일봄 스타일 중국은 중국 스타일 다 각 각 있어요 좀비몰에서 당연 미국이데 우리나라만의 스타일 입니다. 연기도 좀비 연기도 다 최고였고요 특히 비명소리 완전 대박이에요 스릴도 있어요 저 만점을 드리고 싶네요^^
1, 쓰래기영화네...모든면에서...글고 일단 싸가지없는애들이 주인공이니 별로 응원이안가네 국회의원딸뇬이없으면 학생편일건데 그뇬때문에 별로 동정이안간다 그냥조내팼으면좋겠다는생각뿐....한국영화나드라마는 꼭 저런케릭터를 넣네 저런애들도 보호해야된다 이런거냐 ㅎㅎ 난 저런애현실에서 절대안도와줄건뎅 ㅎㅎ
10, 나만 당할순없지
10, 좀비 영화 에는 좀약하지만 여배우 펜이여서 십점줌
5, 아니 제가 이 원작 웹툰'지금 우리 학교는'봤던 사람으로서 너무빡도네요 내용이아예바뀌고 분장도 엉망 스토리전개도 엉망 진심웹툰과는 똑같은게 장소가 학교라는거말고뭐가있죠? 감독이며누구든지 고생안했을사람은없을거라예상되긴한데 정말 밉습니다ㅠㅠ
3, 그냥 웃지요.. 여주인공 이 나름 귀엽게 생겨서 3점줌
5, 언제부터인가 우리영화는 메세지에 대한 중압감에...빠져있는듯하다.. 비급무비는 비급다워야 함에...아쉬움이...
2, 딱 좀비출현 전까지만 봐줄만함. 지도교사 선생님 화이팅~!!
2, 뭘까 이건......
0, 하나도 안무섭고  저 예산이지만     우뢰매 보는 것 같다...특수분장이 정말 아니다    ㅋㅋㅋ
6, 그나마 공포는 아니었지만 재미있었던 내용이었어요^^
2, 아....
3, 사회적 메시지의 중압감이 B급 취향을 말아먹은 격
0, 올해 최악의 영화..영구와홍콩할매귀신을 보는게 나을듯.이런 영화를 왜만들고 왜투자를할까????
1, 좀비  풍자  공포  고어 스토리 등 모든 것을 재미없게 만든 영화 그냥 보지말자 ;;;
2, 안봐도 쓰레기 라고 광고하는데 뭘... 한국영화는 함부러 볼게 못됀다
7, 제대로 만든 B급영화다. 못만든 블록버스터보다는 이 편이 반갑다. 외딴 장소  관객의 죄책감을 덜기위한 불량한 인물들  혼신적인 예산절감이 돋보이는 장면 등 B급영화의 기본적인 코드를 그대로 따랐으면서도 구제역같은 한국적인 상황을 잘 버무려 웰메이드 B급영화를 만들었다. 하지만 양심적으로 제목을 좀비스쿨보다는 돼지의 난이나 광돈스쿨로 했어야 아닌가..?
4, 사회 풍자&비판은 반기지만 이 시츄레이션은 참... 사랑  비전  철없음 다 넣으려니 맛이 없네
6, 일단 한국에서 좀비영화를 만들겠다는 그 패기에 5점... 기대를 아예 안하고 봐서 그런지 생각보다는 재밌었다 +1점....
10, 교장  교감  지도교사 존나 웃겼다. 좀비 잡겠다고 예초기 들고 나갈때도 졸 웃겼다. 고어씬에 좀 더 돈을 들이고 코미디가 좀 더 강화됐다면 어땠을까 싶다. 감독의 다음 시도를 응원하고 싶네.
3, 애시당초 비급호러무비를 표방한 작품. 기대없이 본다면 그럭저럭. 하지만 내 주위 사람들에게 추천하고 싶진 않은 영화. 없는 예산으로 고생했을 스탭들을 생각하니 마음만 아프다.
3, 생매장 당한 돼지들을 추모하는 영화...
8, 아이디클릭-관람후697편관전10편-(알바아니라는증거임ㅎ) 미국 좀비영화 순준까지 맟춘 영화~ 볼만함니다 ㅎㅎㅎㅎㅎㅎㅎ 강력추천까지는 아니지만 미국 좀비영화 좋아한다면 이영화를 보아도 만족할듯~~~~~~~~~~~~!!
6, 흥행이 될 거라 생각하고 이 영화를 만든 건지 의문이 들지만... 10점 주신 분들은 대부분 혼자 보기 억울하다 이건가? ㅋ
10, 평점 높게 주겠음...
10, 하은설 연기 쩌넹~
10, 완전 꿀잼인데 이런영화 b급이라 욕하는 새기들땜시 영화의 다양성이 줄어드는거다
0, 역시 한국공포 영화는  쓰레기 쯧쯧.
10, 차태현~~~굿
0, 진짜 쓰레기영화 애들 욕하는게 반
1, 한국사람은 이런거 만들지 마라 그냥 조폭영화나 만들어라 그나마 그게 낮다
10, ㅣㅇ점 드릴께요 .  이 좋은 영화를 나만볼순 없자나요..   가치봐야지  ㅎㅎㅎ  히ㅣ하하  하하하 ㅜㅜㅜㅜ  그래야 덜 억울할꺼같아 ..
10, 식스센스이후로 이런 반전은 처음입니다. 여러분이 한번도 상상하지 못한 공포를 맛보게 될것입니다
3, 장르를 코믹 공포로했더라면... 평점을 많이줬을것같다ㅋㅋ 정말 많이 웃고본영화라서! 공포에 로맨스도있고....하하하..... 액션은 여주인공분이 최고인듯!? 혼자서 7킬은하신거같아요
1, 인간적으로 예고만이라도 재밌게 만들지 그랬어 ㅡㅡ
6, 무섭기도 하다가 웃기기도 하고 음 ~~~
2, 이런 영화를 왜 만들었는지 이해가 안감.
2, 높아진 좀비영화의 눈높이를 감안하고 저예산영화라는 점을 감안해도  수준이하의 이야기전개는 답이 없다!
0, 우선  스토리텔링에 있어서 많은 부족함이 보였습니다.배우들과의 커뮤니케이션에서 화면 충돌이 생기는 대조적인 Shot들이 많았고  또한 컨텐츠적인 면에서도 감성과 창의력 상상력이 전혀 동반되지 않은 느낌이 강렬했습니다. 옥의티도 찾아볼수있었습니다. 결론적으로 이 영화는 망한것같습니다.여자들도피식웃는영화..
2, 영화관에서 돈을 주고 볼 영화는 아닌듯..
0, ㅋㅋ..
0, 수고했다.
10, 모든 스텝과 배우들에게 만점을드립니다.
10, 한국판 좀비..좀비 발생계기!!  좀비 퇴치 과정!!  연기자들의 열연...표정.몸짓..하나하나 놓치기 아까운 장면~들이 많아요  부담없이 보셔두 좋을거에요
4, 코미디아니야  별로무섭지도않을것같은데
3, 공포영화가 아니라 코미디 영화라고 바꿔야 할 것 같아요. 시사회에서 사람들이 무서워하기보다는 다들 기막혀하며 웃더라고요.
3, 공포를 기대하고 간다면 백퍼센트로 후회할 영화입니다. 공포스럽기는 커녕 어이없을만큼 유치한 대사들과 결말에 헛웃음만 나왔습니다. 깜짝 놀랄 정도도 아니에요. 그냥 헛웃음만 나오는 영화였습니다.
4, 분명 공포물인데 코믹요소가 너무 많아 정작 무섭게 느껴야 할 장면도 웃음이 .. 웬지 안쓰러워서 슬픈영화
5, 좀비와 학교의 만남.. 발상은 좋았으나  너무 일차원적으로 풀었다. 아쉽다.
0, 정말 최악입니다. B급영화도 안되는...시사회 중간에 나와버렸습니다.
3, 어제 시사회로 봤는데 기대한 만큼 실망이었어요~~ 배우들의 연기 좀 어색한 장면들이 많고 그래도 가끔씩은 웃음이 터지는 장면도 있어서요
10, 조낸궁금하네밀라요보비치수준의 국산 좀비영화 드뎌등장?ㅎㅎ
10, 1000만이 볼영화 꼭 성공해서 좀비영화도 1000만가능한 날이 왔으면 하네요. 메세지  sf  감동  웃음  로맨스 한편에 전부 녹아있는 무섭지 않은 공포 좀비영화 꼭꼭 대박나세요.
3, 견뎌보려 했는데 참을 수 없어 도중에 나왔습니다. 좀비스쿨이라는 소재 좋았고  좀비 퀄리티도 나쁘지 않았고!  메세지를 주려는 의도도 알겠으나 요정컴미같은 연기력(유초딩용 TV드라마..)과 구성.. 결국 도중에 나왔습니다-;
0, 시사회 보다 나왔습니다 아래 글 올린분들 정말로 보고 댓글 단건가요?? 아래글에 낚여서 볼러간 죄가 크내요
9, 메시지의 강렬함이 다소 독이 된 듯한 작품. 그럼에도 불구하고. 우리나라에서 시도된 첫 좀비물이라는 점에서 다양성에 대한 존중을 표한다. 앞으로 우리나라의 좀비물에 첫 발딛음으로써  충분히 가치 있는 작품...^^
8, 판타스틱영화제에서 봤는데  저 공포호러좀비물 싫어하는데  끝까지 봤습니다. 솔직히 어이없고 황당유치한데  감독이 일부러 집어넣은 것들이라는 생각이 드네요. B급의 모든것이 담겨있습니다. 파이널데스티네이션따위보단 훨 잼입니다. 마지막 3호선 버터플라이의 크랜베리스 커버는 이 영화의 백미. 최고입니다.
10, 엄청 궁금.예고편은 존잼.
10, 기대됨
10, 신선한거 찾는다면 이영화 추천
10, 좀비영화의 진수 어떻게 이렇게 리얼액션과 코믹을잘 어우러지게 버무렸는지 모르겠내요. 공포땐 피떡칠이 과도하리만큼 섬칫 하지만 웃길땐 무지 웃깁니다아마 전체90분중 20분드라마 40분코믹 30분은 미국(서양)좀비보다  자극적이면서도 강합니다 보는데 크게 어색하지도 않으며 무지 재밌었내요 집에 가다가도혼자 빵
10, 진지한 좀비영화에 대항하는 새로운 시도의 한국형 좀비영화!!
10, 재밌어요! 대한민국 최초의 좀비영화! 개봉 하기도 전에 부천영화제에서 봤는데요  몰입감 하나는 끝내주네요! 시원하게 영화 한편 땡기죠. 추천추천!
