8, 루이스의 '나니아' 영상화는  애니메이션으로 갔어야했다. 원작의 신비로움이 실종된 영화! <나니아 연대기>는  영양과 독이 함께 머무는 세계! 민주주의와 정의감과 상상력을 배양시킴과 동시에  아슬란으로 은유한 야훼와 예수의 신앙을 자연스럽게 세뇌시키기 때문! 이슬람을 혐오하게 만드는 극중 칼로만족이 그 예증~!
7, 어렸을때꽤나재밌게보고서다시봤는데그때의콩깍지가씌어있지않아서그런가별로
5, 전쟁이 끝나고 학교 교육도 많이 바뀌었다. 전쟁 이전의 교육은 종교와 철학과 역사같은 인간의 근본적인 것들을 가르쳤다면 이후의 교육은 철저히 학습 능력과 생산성 중심으로 변했다. 그 결과는 상상력과 창의력과 천진난만한 동심과 순진함보다는 비판적이고 적대적이고 이기적이며 거짓말에 능한 아이들이 많아졌다.
10, 암울한 현실과는 다른 세상을 살고 싶은데 간접적으로 충족시켜주는 영화다.
9, ᆞ
9, 참 재미있어요...언제봐도... 재미가 있다보니 씨리즈로 보게되네요..굿~~
5, 묘하게 지루하고
2, 돈을 엄청 들여서 만들었을 것 같은데 재미는 한개도 없다.
10, 소설 원작자인 씨에스 루이스님은 크리스천이시자 지성과 영성이 인간계를 뛰어 넘으신 분임. 그분의 영혼이 집대성된 소설이 나니아 연대기. 영화 잘 만들었음.
4, 아름다운 동화이미지 이면에 숨겨진 고정된 가치의 고착화.은연중에 드러나 백지같은 어린이를 대상으로 하기에 그 상황이 더 안쓰럽다.
7, 이제 나는 어른인가 보다
10, 진짜 재미있어요
10, 보고싶다....
6, 아이들을 위한 판타지.
7, 다 큰 어른들은 어른이란 사실을 망각하고 봐야 나니아의 세계에 입장할 수 있습니다.
8, 판타지 영화의 신비주의 속에 진정한 삶의 원동력이 숨어 있다
10, 어렸을때 무섭게 본기억이 난다
0, 재미없었다 We Are Family Team WAF
10, 인상적이다^^
10, 이렇게 오래됐나 이영화가...기겄해야 5년쯤 됀것같은데....시리즈 다 못봤지만 첫편은 정말 너무 재미있게 잘봤는데...기독교적 내용이 들어있지..
7, 보고 나서 옷장을 열면 시무룩해진다
10, 제일 인상깊게 남았던 영화중에 한 편. 어린이가 봐도 좋고 어른이 봐도 좋은  동화 이상의 이야기.
10, 해리포터에 버금가는 7편에 명작소설을 영화로만든  최고의 판타지영화!!!!!
10, 모두가 꼭 봤으면 하고 생각되는 작품입니다. 모두가 이 작품이 내재한 그 속뜻을 이해하지는 못하겠지만...그래도 선한 영향력이 있을리라 기대합니다.
10, 감동적임  보고  또 봤음.. 너무나 재미있는 영화입니다.
6, 너무 초딩용임
9, 루시 왜 이렇게 귀엽냐..개인적으로는 반지의 제왕보다 훨씬 낫다..피터 졸 잘 생김..ㅋ 남자가 봐도 얼짱..
8, 반지의 제왕 청소년용 버전 같은 느낌이지만 재미난 캐릭터들을 보는 재미가 크네요~
9, 역시 디즈니의 판타지. 4세부터 볼수있는 가족영화
7, 상당히 매력적인 옷장속의 판타지.
7, 그다지 재밌었던게 없었고  그다지 나빳던게 없었다...
10, 감동폭발하는 사실과 판타지의경계를 다룬 영화
9, 잼 있을 것 갔음[보지 않음]
10, 탐누스역을 제임스 맥어보이가 했다는걸 이제야 알았네
8, 생각보다 좋았다
8, 8.5 정도 주고 싶은데  그런 점수는 없네요. 뭔가 대박 재밌을 듯 하면서 뭔가 빠진 느낌입니다.
9, 화려하고 멋진 그래픽과 아름다운 영상미가 느껴졌고 캐릭터들도 정말 귀여웠다. 풋풋한 모험의 시작을 알리는 첫 번째 이야기. 반지의 제왕 시리즈가 떠오르기도 했다.
6, 실패한 캐스팅을 하면 얼마나 작품이 추락할 수 있는지 보여주는 작품..한명한명이 정말 매력없다. 훌륭한 작품임에도 불구하고 캐스팅에서 점수 다 깎아먹는다.
10, 많은걸 느끼게 해주는 영화
10, 내가 제일 좋아하는 영화이자 책!!!!! 1위로 좋아한다네~~
9, 너무 재밌게 잘  봤어요
10, 나니아 연대기 3 시리즈 영화는 내가 모든 영화들중 3번째로 좋아하는 영화~!!!!!
6, 잘 재밌게 뵜음.
10, 피터 잘새겼다♡
10, 나니아 연대기 1 2 3편 모두 보시길. 후회 안합니다. 판타지 영화이지만 왠지 현실감 있는 느낌. 최고!
0, 나니아 연대기 책을 읽는게 더 좋겠다
0, 돈낭비~!!!!!!!!!!!!!!!!!!!!!!!!!!!!!!!!!!!!!!!!!!
10, 재밌다!! 루시가 내 동생 삼고 싶다ㅋㅋㅋ
9, 나니아연대기엔 기독교적 상징이 녹아있습니다 사자는 예수그리스도이며 둘째 남자아이로 등장하는 아이를 데려오기 위해 자신의 죽음을 선택 그러나 다시 부활
5, 초딩용....
10, 아 잼나.
2, 도대체 이게 뭐야...평점 왜 이렇게 높냐
10, 난 판타지물을 너무 좋아하는듯  완전 빠져들어봤다!
10, 완전 대박 나도 나니아에 가고 싶당!!!!!!!!!!!!!!!!!!!!!!!!!!!!!!!!!!!!!!!!!!!!!!!!!!!GREAT!!!!!!!!!!!
8, 재밌는데 평점이 왜이렇게 낮지?ㅠ
9, 원서부터 사놓고  끝내 다 읽지않고  중간에 영화를 먼저 봐버렸네요. 판타지장르를 좋아해서 재밌게 봤습니다.
10, 우왁 재밌어 미칠거 같애~~!!!!!!!!!!! 완전완전완전 다시봐도 재밌는 나니아~~  책도 5번은 더 읽어야쥥ㅋㅋㅋㅋㅋㅋㅋㅋ 난 나니아를 사랑하는 한 소녀♥ 앞으로도 더욱더 싸랑해 줄게여~~~!!! 나니아여 영원하라!!!!!!
10, 베리굿 스토리도 스토리지만 그래픽에 완전 감탄했다. 더구나 2005년 작이라는 사실에 놀랄 따름이다. 우린 언제 이런 고품질 영화를 만들어 낼까 하는 부러움이 앞선다. 오늘 중으로 나니아 연대기2- 캐스피언 왕자(2008)도 볼 것이다. 기대된다는 무흣한 마음으로...^^
10, 완전 재미만점 어른들과 아이들이 같이 보면 좋을 환타지 동화.
10, 아직 안 봤는데 다들 재밌데요.나중에 꼭 보고 싶습니다.
9, 동심의 세계로 돌아간 듯한 느낌입니다. 재미있는 동화책을 본 느낌이랄까요~ 아주 재밌게 봤습니다...
6, 동화같은 이야기네요ㅋㅋ그런데 쫌지루하네요ㅋ
10, 정말 정말 재미있었고 엄청난 판타지를 본것 같습니다!!
10, 한 편의 동화를 본 것 같아요
10, 너무너무재밌어요
10, 최고의 클래식 무비!! 크리스천이면 쵝오! 비크리스천이면 시시 "사자가 사자가 아님"
10, 아하~ 나도 염소인간한테 반했당^^ 그 따뜻한 눈빛~ 하아......
10, 오홋
10, 옷장을 통해 새로운 세계로 간다는 멋진 판타지 영화!
8, 반지의 제왕이랑 비교하면 안되는데 자꾸 비교하게 된다. 그 나름대로의 매력은 있었다. 정말 동화같고 예쁜 판타지 영화.
7, 충분히 볼만하던데 ㅎ 약간 유치하긴하지만 루시넘귀엽다 ㅎ
10, 평점이 너무 낮게 나온듯하다. 정말 내가 격하게 아끼는 판타지영화다.. 개인적으로 해리포터보다 좋아한다.
7, 신화가 영화로 재창조되었다.
8, 생각했던 것보다 많은 볼거리. '반지의 제왕'처럼 화려하고 스펙터클한 영상은 없지만 보다 친근하고 동화적이다.
8, 어릴 때 보던 판타지 만화들이 생각난다
8, 책에서 본 거랑 조금은 차이가 나지만 그래도 괜찮은 영화였다. 아이들보기 딱 좋은..
10, 재미있어요~ 이 영화 추천하고 싶어요
9, 아주 재미있는 영화
10, 다시보고 또봐도 너무 재밌습니다ㅠ_ㅠ
7, 반지의 제왕이나 해리포터와는 또 다른 감성의 판타지 특히 동심의 세계가 잘 표현된 것 같다.
9, 줄거리가 부담감이 없고 아이들 의 꿈을 일깨워 주는 영화 같네요...
8, 어딘가 허전하지만... 원작이 조금 엄숙한 분위기라서 어쩔 수 없는 영화...;;; 하지만 아슬란 부활 때 대박.
10, ..난이걸 그렇게 재밌게봤음..
10, 이런글잘안올리는데 넘 잼있네여   극장가서보지못한것이 후회   추천입니다  반지의제왕이후 첫감동~~~
8, 전쟁신에서 감탄사밖에... 특히 독수리사자 너무멋잇게 나옴
9, 재밌었다오!
7, 상상의 세계를 가장 잘 구현한 영화가 아니었을까
7, 05년에 왕의남자랑 이거둘중에 어느걸볼까하다가 결국 이걸봣는데 연출이랑 스토리 다좋았지만 좀 유아틱했던게 흠이었다
10, 이영환 완전 워크래프트와 똑같다.
7, 마녀같은 성격의 소녀가 옷장 속에서 사자 가죽을 덮고 꾼 최고의 꿈.
8, 밑에 분 책보다 나은거 같던데요 원서로 보신건가요. 번역본은 읽다보면 내가 동화책을 읽고있다는 기분이 크게 드는데다 번역투의 글들은.. 정말 아닙니다.
8, 조금 유치스런면이 아쉽지만 볼만하네요
10, 이영화보고옷장에들어가보기도했던...ㅋㅋ   정말저런세계가있었음좋겠다
10, 최고의 판타지영화
10, good
10, 10점 만점에 10점`
10, 굿!
10, 반지의제왕이 나니아연대기 따라한거임. 작가인가? 그둘이 친구라고 들었음
7, 어린시절 옷장안에 들어가고 싶어했던 호기심이 생각난다. 하지만 스토리도 별거없고  결말도 허접하고  맘에 안드는 둘째아이 수잔..
10, 꽤 재미있니요.10점
6, 반지의 제왕이 참 멋진 환타지 영화였다는 것을 생각나게 한다
8, 볼만했던 영화
9, 나름 시나리오도 좋고...가족과도 보기에 좋음.  추천합니다.
7, 어쩔수 없이 반지의 제왕이랑 비교하면서 보게된다.
10, 매력적인 영화  애들이 보기에 조음.
9, 기대에 못미친 영화
10, 7~8점이 적당하지만 1점짜리영화라고는 볼 수없으므로 10점
10, 반지의제왕만큼 큰 스케일은 아니지만 아이들 4명의 개성과 용기를 볼 수 있어 아름다운 영화. 반지의 제왕과는 다른 매력을 찾아볼 수 있는 매혹적인 영화.
0, 지금 TV에서 하는거 보고 하도 짜증나서 평점주러 왔다. 4명의 아이들이 사람 환장하게 만드는구나. 아유 자증나.
7, 판타지영화는 역시 내 취향이 아니다
10, 정말 재밌게 봤어요.
5, 반지의 제왕에 비하면 CG도 많이 모자르고 아역배우들도 연기가 썩 좋지는 않더군요. 사자왕 연기가 가장 좋았던 것 같아요
8, 영화 참 좋았는데 희한하게 평점이 낮네... 반지의 제왕 해리포터 나오기 전에 나왔더라면 최고였을텐데...그 영화들땜에 관객수준이 높아져서 그런가? ㅋ 하지만 나니아만의 무언가가 있음
10, 1편 보고 2편 곧장 영화관에 가서 봤는데...취향마다 다르겠지만 전 정말 재미있게 봤어요.
10, 이영화는 꼭봐야하는영화인거 같아요..많은의미와 액션들을 짧은시간에 잘담으신것같아요.. 책도 꼭봐서..이해를 도와야할것같아요  어린 용사들이 인상깊은 캐릭터를 담고있구요
4, 2편도 나오길래 머지? 1편부터 봐볼까하는 생각에 봤다. 도저히 끝까지 볼수 없었다.. 보통 왠만해서 영화중간에 끝지 않는데.. 스프드 레이서도 돈아까워서 끝까지 참고봤다.  아무튼 이래적인 일이다..
3, 뭥미-0- 보는 동안 지루했음... 재밌다는 사람들도 많지만 제 취향은 아님..
7, 흑.. 극장가서봤는데 너무 기대하고 봐서 실망도 컸던... 집에서OCN에서 해주는거 봤을때는 볼만하던데
8, 나는 아직 못봤는데... 비디오빌려다가 보면 돈아까울까여..
10, 왤케 낮게 주지? 솔직히 원작보다는 아니지만 원작이 워낙 뛰어나서.. 그리고 솔직히.. 한국에는 언제 저런 아역들 나올라나??
5, 큰 스토리는 짜임새 있었으나 영화에서 그 세부적으로 들어가보면 지루해진다. 유아도 안볼 전쟁장면이 아니라 싸움신  또 편집은 누가 했는지 정말 궁금해진다. 책을 읽은자는 절대 보지말것~!
6, 또 하나의 유치한 판타지물일 것 같다는 생각이...
5, fffffffff
3, 본지 3년됫는뎅.. - .- 지금와서 평점중 ㅋㅋ  망작이다 ㄱ- ... 내가 왜돈주고봣을까 .. -_-
6, 영화 너무 지루하게 만들었다..-_-;; 뭐가 이렇게 약해
10, 아직안보신분은 황금나침반 본 후에 보면 감동좔좔일듯. 큭큭
0, 역시 책이 났구나  ㅉㅉ
10, 정말 재미있었음 ㅜㅜ!!!!
9, 제가봤던거는컴퓨터그래픽이조금티났지만..진짜진짜대박최고재미이씀!
7, 배경이 아름다워서 7점 솔직히 전쟁과 끝마무리가 좀 흐지부지라서 실망.. 마녀도 너무쉽게 죽고 긴장감도 생각했던것보단 별로...앞부분의 장면에 취중할게아니라 뒷부분좀 신경쓰지.....그래도 분위기만큼은좋아요
10, 조따잼쎠
10, 진짜 재미있었어요 ㅋ 책으로는 벌써 다 읽어버렸다는 ㅋㅋㅋ
10, 정말 재미있었어요^^
10, 극장에서 받는데 정말 재미있다
10, 좨미있었는뎅...
10, Don't see the just movie  chatch the point.
10, 가족과함께라면 good....
8, 어린 반지의 제왕이라고 해야하나? 아니면 어린이용 반지의제왕이라고 해야하나? 정말 좋았다.
10, 방금보고 왔는데 잼있어여~ㅋㅋ
10, 아주 감동적이고 재미있게 잘 봤어요^^
10, 정말재밌다^^
10, 영화를 학교에서 보았는데 너무 재미있어요 저도그 평화로운 나니아에 가 보앗으면 좋을것 같아요 적극 추천입니다 최고!!!!!!!!!!!!!!!!!!!!!!!!!!!!!!!!!!!!
9, 왠지모르게 재미있네요
10, ㅎㅎ
7, 재밌네.
4, 뭔가가 어색하기도 하거니와  동물의 왕국을 보는 듯한... 살짝 많이 유치했어요. 그치만  정말 스케줄이나 작품성은 좋았던.
10, CS루이스는 어떻게 60년전에 이런 내용을 상상 했었을까? 정말 대단한 사람이다... 그의 인생도 존경스럽지만.. ^^
8, 해리포터 반지의제왕이 재미있게봐서 나니아연대기봤는데 재미있었다  새로운시도 좋네요
10, 반지의 제왕 이후로 다른 판타지영화를 봐도 기대에 못미쳤지만 이 영화는 기대이상입니다 판타지영화의 모든것을 보여준 영화 추천합니다
3, 으헙헙  책은 재미있던데.. 영화는 왜 이런건지..&lt;이봐.    연기자에서 좀 잘못 고른듯. 그리고 마녀가 좀... 루시로 나온 애도 너무 나이가 어려요.
10, 저는 어제 필리핀에서 귀국했어요 ^^* 지금 필리핀에서도 이 영화가 상영중이랍니다.. 여름날에 나니아.. 좀 색다른 분위기에서 영화를 관람한듯 하네요 ^^* 너무 재미있었어요 ^^* 한국에서 다시 한번 볼 생각입니다~ 아직 안보셨다면 꼭 보셨으면 하네요 ^^*
9, 정말 재밌어요 별로 기대를 안하고 봤는데 완전 재밌음~ 근데 좀 아쉬운게 있다면 12세라서 그런지 전쟁 장면이 좀 허접하다고 할까..? 암튼 그래도 재밌었어요 강추에요~
10, 정말 재밌게 잘봤어요^^
9, 재밌네여~ 루시 페벤시가 넘 귀여워요~ 왕하고 왕비가 되었을 때  수잔 루시 에드먼드 피터가 멋지고 이뿌네요.+
10, 오우..저번에 봤는데 초등학교때 책으로 읽었던게 개봉해서 놀랬어요. 마녀가 너무 빨리 죽어서 아쉽
7, 흥미진진합니다. 흥미진진!!!!!!
10, 왕의 남자 대신에 본 영화여서 기대 안했는데  정말 재밌었어요 2시간동안 눈을 뗄 수가 없었어요 처음에는 좀 지루했지만..ㅋ
10, 별로 기대 안했는데  대박임~ 진짜잼있네요  특히 전쟁부분  좀 짧아서 아쉽긴했지만  스릴있고 잼씀  글고 4형제 모험도 잼있구 ㅋㅋ
10, 저는기대안하고봤는데정말대만족입니다. 글고 전 킹콩 보고나서 바로 이걸 봤는데 나니아가 훨씬 재밌더라구요! 사자가예수님을얘기하는거라구요?!몰랐는데 ㅡㅡ;
9, 멋졌습니다. 너무너무 좋았어요 ^^
10, 배경을 알고 보는 분들은 많이 울더라구요~ 저도 넘 감동적이라 울었죠~사자가 예수님을 얘기하는 것이라
7, 아이들 영화로 딱이에요~ 볼거리가 참 많죠^^너무 많은 것을 보여주려 했던것이 팍팍 느껴져요
10, 나이 상관없이 봐도 괜찮을 영화예요..지루하지도 않고 스토리도 괜찮은 것 같더라고요..
9, 아이들이 연기못한다고 느낀적없었어요.눈밭이 이쁘게 표현된것 같았구요.아이들이 참 귀엽더군요.재밌었어요!
10, 좋아요!!!
7, 유치하다고들 하셔서 걱정했었는데.. 아이들 보는 영화에는 제격인듯 합니다 ㅎㅎ 약간 보면서 아동틱한장면이 좀 나오더라구요 그래두 스케일두크구 스릴두 약간 잇구 재밌었어요 ^^
6, 뭐가 더 나올줄 알았는데.. 끝나 버렸네..;; 2탄이 나오려나.. ??
10, 나니아 연대기를 집에서 다운받아서 보았습니다. 기대는 별로 안했어요   왕의 남자에 빠져있어서    그런데 의외로 재미는 있습니다. 정말 연기력은 별로였던것 같지만 재미는 있었어요.. 한번쯤 보는것도 좋을듯 합니다.
10, 거의 ... 정말.. 안 봐도 질릴영화&gt;&lt;
8, 재밌어요 ㅎㅎㅎ 스케일도 크고 멋지구.........
8, 애들보는 영화로 좋아요 볼거리는 정말 많아서 투자가 확실한 영화였다고 팍팍 느껴집니다. 근데 넘 낳은것을 보여주려 했을까요? 꼬맹이들에게 잼난영화!
9, 저의 기대도 굉장히 높았는데.. 솔직히 연기력은 좀 떨어지는 거 같은데 정말 후회도 안하고 오히려 또 보고 싶은 영화에요 ㅋㅋ 동생(초2)이랑 같이 봤는데 동생들도 굉장히 재밌어했어요 ~ 기대 이상이였어요 ㅋㅋ
9, 재밋게 봐씁니다 스케일도 크구 사자도 멋지궁^^
9, 기대를 안하고 봤는데 재미있었습니다. 정말 볼만한 영화예요
9, 기독교적 배경지식이 있어야 제대로 이해할수 있는 영화
8, 정말 기대 이상 이었어요. 기대로 안했는데 꽤재미있었어요.
9, 벼르고 벼르던 영화였는데 이제 봤네요..기대했던것 만큼은 아니지만  비쥬얼이나 재미면에선 좋았어요. 하지만.. '반지의 제왕'같은 성인용 판타지라 하기엔 2% 부족한 느낌입니다. 원작에 충실하게 맞추어 영화를 만들었더군요. 영화색을 확실히 했더라면 조금더 좋았지 않나해요. 아이들용이라기엔 과하고..어른용이라기엔 조금부족한..그런느낌의 영화였습니다.. 주인공들이 아이들과 청소년이라서 그런한계를 가질수도 있다고 생각되네요.. 음..하지만 전체적으론 좋은영화였습니다. 비쥬얼도 최고구요.. 시간과 돈 아깝다는 생각은 안들어요..
1, 보지마세요-_-돈아까워죽겠다
10, 너무 스릴감이 있네여
10, 완전 재밌었던영화. 그 스릴감하며...................
10, 괜찮은 점수예요 ^ ^
10, 최고!!
1, 정말 지루했던 영화.. 영국판을 먼저 봤기 때문일 수도 있지만 이건 정말 너무한 영화다. 앞으로 계속 나온다고 하던데 다시는 안봐도 되는 영화..
10, 나니아 연대기 정말 좋은 영화였습니다. 정말재미있었구요. 나니아연대기는 그냥 겉으로 드러난 내용보다 훨많은 것을 내표하고 있는 정말 훌륭한 영화라고 말하고 싶습니다. 개봉하자마자 봣는데 이제야 평점 올리네요.!!
1, 정말 A+ 준사람들.. 제정신 아닙니다.. 미쳤군요.. 이런영화에 그런 후한 점수를 주다니..
10, 오늘 봤는데 정말 재미있고 저 영화에 주인공이 되어보고 싶은 생각이 드네요^^ 정말 10만원을 내고 봐도 아깝지 않을 영화!
10, 보길 잘했다는 생각을 했죠ㅡㅋㅋ
3, 계속 보면서 코웃음 나왔습니다. 절대 어린이용 영화..!! 너무 유치해서 민망하기까지 했음
1, 이 영화 완전 초등학생용인 것 같음.
10, 멋있어여 시간낭비 즐
9, 제가보기에는 연기력이쪼금
10, 완벽 그자체엿고    목소리연기도 죽여줬어요
10, 재미있었는데...연기력이좀부족한것같아요./.. 어린애들이라그런지쫌티가나네요...
5, 전체관람가에 유념하시길.영상미는 정말 짱입니다.근데 괴물은 너무 반지삘 어린아이들이보기엔 최고!
1, 재밋다고 하는말 믿지마시길.. 나만 돈아깝게 본거 남도같이 돈낭비하자는 생각들
10, 원래 책으로도 너무 좋아했었는데 영화도 정말 스케일도 크게 멋잇게 만들어서 감동받앗어요ㅠ또보고 싶은 영화^^
10, 정말 재미있어여
2, 기대를 넘 많이하고  본 탓인지.. 실망이 컷습니다.. 초반에 지루한 면도 없지 않아있고..  관람평 보니깐 다른 분들은 재미있게 본거 같은데 .. 전 정말 실망 많이 했습니다..ㅠ 그래도 영상은 아름답더 군요..~
3, 기대한것 보다 조금 실망스런. ..저는 지루하기도 한  
10, 아이들과같이봤어요.감동~감동~ 가슴이 따뜻해짐을 느껴요~
10, 마지막이 조금 허무하지만 재이 있내요..
7, 잼있던데요.ㅋ
4, 어느 대목에서 재미를 느껴야 하는지~~~
10, 정말 재미있었어요. 지금까지 본 영화중에 제일 짱! 다음에 '나니아 연대기'같은 영화가 또 나왔으면 좋겟네요. ^^
4, 제가 보기엔 좀 지루했어요!
10, 해리포터와 불의잔.. 킹콩.. 보려다가 실패해서 나니아 연대기보니까 꽤 재미있더라구요. ^-^
10, 누나들이 에드먼드 닮았다고 해서 봤는디... 안닮았던데 -0- 어쨌든 참 재미있었어요^^
10, 친구 때문에 안볼려다가 결국 봤는데요 처음엔 지루 한건줄 알았지만 갈수록 흥미 진진 ? 해져서 너무 재밌었어요
9, 예전에 책을 읽어서 조금 재미가 없었지만 책을 안보고 읽으면 더 좋을 것 같아요...  재미있었습니다..
7, 기대도 안하고 본거지만   가끔은 이런 유치한영화도 나쁘진 않더군요
10, 재미있었어요~ 처음에는 사람들이 별루라구 해서 안보려다가 친구가 보구싶다구해서 봤는데 정말 괜찮았어여요~ 짧은시간안에 많은 이야기를 담으려구 하다보니까 조금 어눌했던 부분이 있긴했는데 그래두 잼있었습니다~ 볼만해요~
7, 생각에는 못미치고 CG티가 납니다.연기력은 아이들은 막내빼고 별로 
10,   
10, 정말재밌었어요!!!  해리포터보다더감동적이고!! 정말좋아요&gt;_&lt;♡
10, 그래도 생각 보다는 재밌고    스릴있어요!!
10, 정말 재밌어요!! 개봉일에 봤는데   책읽고 봐야 더 재밌습니다^^ 정말 추천하는 영화ㅋㅋㅋ
10, 영화를 봤는데요!!넘 재미있어요!!+ㅁ+이번에 나온 해리포터와 불의잔보다 더 재미잇어..-ㅁ-!!불의잔은 재미 없던데요..ㅇ_ㅇ 끝이 허무하고..ㅇ_ㅇ 불의잔을 볼 사람은 차라리 나니아 연대기 보는게 좋을듯!!
9, 친구들이 보고싶다고해서 봤는데 너무재밋어요 흥미진진하고 가족간의 소중함을 다시한번 느낄수있었고 가족이랑 보면 좋은 영화 같아요 근데 마지막에 쪼끔 허무함이    ㅎㅎ
10, 재미있는데...싸우다가 하다만것 같은 느낌이.....그리고 중간에 깜짝깜짝 놀라는장면이 있으니까 너무 놀라지마세요..........
9, 참; 12월 마지막 날에; 친척동생들 끌고; 어이없이 봤습니다// 저는 책으로 먼저 다 읽었기 때문에 책만한 영화없다고 기대안하고 갔거든요; 근데  좋습니다! 책의 내용을 아주 세세하게 잘 살려내셨더라구요  연기도 좋고  재미도 있고  무엇보다도 비주얼이 죽음이죠~;; 재미가 비뿔인 점은; 마지막이 너무 쉬리릭 끝난 점이랄까?; 하지만  돈 아깝지 않은 영화입니다.
10, 와...진짜 완전재밌음. 돈주고또보라면 또볼수있을만큼!!! 진짜 너무재밌어요. 최고!! 반지의제왕? 해리포터? 다 버려 &gt;&lt;
10, 영화만 봤는데 괜찮아서 원작 읽고 또 보려고 생각중
10, 오랜만에 잘본영화입니다. 재미 없다고 하시는 분들은 아마 원작을 안읽으셔서 그런거 같고 이 영화는 원작을 읽은 사람들을 위한 영화랄까요;; 책 한번 꼭읽어보세요//
5, 기대는 안하고 봤지만 온가족이 같이보기에는 재미있는 판타지 영화!
9, 애들이보면 시비걸데없이 재밌을거같지만.. 아무래도 어른들이 보기엔 너무나도 판타지라 내용이 유치할수도.. 하지만 시간가는줄 모르고봤습니다.ㅎㅎ 피터도 정말 멋있었구요
4, 대작을 졸작으로 만든영화
10, 피터 너무 멋잇엇어요 ㅋㅋ 정말 기대 안하고 봣는데 너무 좋앗어요
6, 그냥 볼만했어요.. 기대를 너무 많이 했었는지 조금 아쉬운 면도 있었지만..
6, 반지의 제왕의 어린이편 정도? 뒷심이 부족한듯 ; 조금 허무했어요. 끝이 ~
10, 정말 좋은 영화예요!!! 또 보고 싶네요. 그리고 연기가 정말 리얼함
10, 조아요.. 돈주고 봐두아깝지안아요..!!
5, 연기력부족..과장스럽기도 하고..유아틱 하기도한... 재미없다고해서..하고 보니 그나마 볼만했던영화....
10, 정말 내용면에서나 재미면에서나 꼭 봐야할 영화!
10, 툼누스가 제일 멋잇었어요&gt;_&lt;의리청년툼누스 !!! 짜앙 ~~~사랑해요 ㅎㅎ
10, 진짜 .. 재밋게봣어요 ^^
10, 제가판타지를잘안보는편인데 친구때문에보게됐는데진짜팝콘먹으려고눈을밑으로보내기가아깝더라구요.정말재미있었어요!짱짱!하얀마녀가진짜기억에남던데요^^?보셔도절대후회하지않으실거에요!진짜돈하나도안아깝고!최고최고!결투신도죽여요!ㅋㅋㅋㅋ
9, 잼있어요 눈꽃설원두 멋있구여 음악두 좋았어요'
9, 1분 1초가 아까웠던 정말 재밌는 영화였습니다. 지루하지않고 재미있구요.. 뭐 애들영화다 그러는데 어른은 꼭 어른처럼 행동해야 하나요?? 그런 편견은 화성가서 하시구요. 아무튼 돈아깝지 않은 영화였는데 보는내내 반지의 제왕 압축편을 보는듯한 생각이었습니다. 왕의귀환도 아니고 사자의 귀환--ㅋ
9, 이 영화 생각보다  잼 잇습니다 
9, 굿굿- ㅎㅎ
8, 엄청 기대하고 봐서 그런지 생각보다는 살짝 지루한 면도 있긴 했지만 그래도 나름대로 재미있었습니다. 소설로도 보고 싶다는 생각이 들었어요
10, 결코 슬프지 않은 이야긴데 눈물이 주르륵 소리없이 흐를 만큼  좋았다.
10, 방금보고 왓는데  정말 재미있구요~~!!! 기대는 별로 안햇는데  생각보다 무지 재미있어요. 진짜 꼭보세요.
6, 너무기대를 하고봐서 그런가요?! 여태까지 본 영화중 제일재미없었습니다.흐름도빠르고... 상상력만큼은 최고~
10, 너무 재밌게 잘 봤어요. 교훈도 있고  여운도 있고. 좀 아쉬운게 있어서.. 초등학교 저학년들도 봤으면 좋겠는데  더빙이 안 나왔나요~?
1, 책을 읽지 않고 봐서인지 모르겠지만 해피포터 시리즈보다 못하다고 생각합니다. 그 돈을 들여서 그래픽을 그렇게 밖에 못하는지... 배경과 인물이 따로 보이더군요.. 아이들 연기도 어색하고 툭 튀어나오는 상황들...극장 불이 켜지기도 전에  사람들이 나가기 시작하던 광경이...참... 어째서 잼있다는 평이 있는지 이해가 잘 안가네요...
10, 정말 훌륭한 것같아요 원작 보신분들도 재미있으실 것같아요
10, 대박
10, ㅎㅎ 되게 재밌던걸요? 그날밤... 그영화 생각하느라  감동적이어서 잠을 못이루었다는 =ㅁ=;; 되게 재밌었어요.. 아슬란 죽는거 슬펐고  마녀 연기 되게 잘하더라 ㅎㅎ~그리고 전쟁에서 이길때 좋았고  왕이되서 아슬란이 떠날때랑  전쟁에서 이겼을때 좀 허무 (?) 했어요.
4, 허망하긴해도 지루하진 않았어요.엉성한게 어이없지만요.
10, 전 기대를 안하고 봐서인지 너무 재밌었어요~ 영화 보고나서 제가 동심의 세계로 돌아간듯한느낌 ㅋ
10, 정말 재밌어요. 누나랑 같이 봤는데 엄청 재밌더라고요
9, 재밌더만ㅡㅡ
7, 아이들과 볼 영화로 별 기대없었는데 생각외로 감동도 있고 어릴적 상상력을 유발시키는 그런 볼만한 영화라 생각되네요~겨울방학 아이들과 함께 꼭보세요!!^^
1, 최악의 영화.. 스토리 전개가 말이 안됨. 짜임새 엉성하고 일 벌여놓고 나중에 이러저러했다고 억지로 때려맞추는 영화. 짜증나서 뛰쳐나오고 싶었음. 이 영화 보겠다는 사람 도시락 싸들고 말리고 싶은 심정임. 어울리지 않는 장엄하려고 하는 음악으로 억지 감정을 이끌어내려고 하지만 그 역시 거부감만 일으킴..
10, 이 영화의 원작자인 C.S. Lewis의 원래 의도가 어린이들에게 기독교의 '복음' (Good News) 메세지를 전하고자 했던 것  다들 아시죠? 성경의 인물들을 알레고리칼하게 등장인물들에 접목 시켰죠. 에드먼드의 배신의 죄값을 대신 치른 사자 아슬란은 두말할 나위 없이  세상의 죄를 지고 대신 죽으셨다 다시 사신 예수 그리스도를 나타내고요  마녀는 물론 사단 (the Devil)을 표현하고 있죠. 4남매중 맏이인 피터는 예수의 수제자인 피터 (베드로)고요. 아슬란의 죽음과 부활을 목격한 두 자매는 막달라 마리아와 성모 마리아를 연상케 하죠? 얼어붙은 나니아 왕국은 죄중에 빠져 있는 혼돈된 이 세상을 의미하고요. 어때요? 영화를 이해하시는데  조금이나마 도움이 되셨기를 바랍니다. 이 영화 강강강추~ 입니다.
1, 솔직히 걍 그저그렇던데...
6, 기대했던 것 보다 영      재미없었음..그 내용이 그 내용이지   뭐  그냥 책으로 보는 걸로 만족 연기도 뭐 별로구 작품성도 영  처음에는 재밌게 전개 됬는데  점점 지루하게 느껴졌구  뭔가 부족함  
9, 반지의 제왕과 비슷 할 거라 생각했는데 재미있네요.속편이 기대되는 작품이예요..ㅋㅋ가끔 깜짝 놀라게 하는것만 빼면  ㅋㅋ
4, 반지의제왕이더낳다
10, 최고
7, 대체적으로 잼있게 봤습니다 반지의제왕같이 대작은 아니죠 그만큼 돈을 들인 영화가 아니니까요 1년에 한편씩 나올 예정이라고 하던데 우리나라에서 만든 작품들보단 훨씬 잼났어요 중간중간 지루하긴했지만
9, 영화는 아류작 처럼 보일지 모르지만 소설은 반지의 제왕이 영향을 받았던 만큼 위대한 작품입니다. 이번 나니아 연대기 영화는 전체 관람이라는 것을 감안할수 밖에 없었던 것 같습니다. 그냥 웅장한 스케일이나 그런 것을 기대했던 분들은 실망했겠지만 저자 C.S. 루이스가 저술한 의도를 알고 영화를 보셨던 분들은 큰 감동을 받았으리라 봅니다.
1, 해리포터나 반지의 제왕의 아류작이라고 봐도 무색하지 않습니다. 다만 유아적인 순진함을 많이 가지고 계시다면 재밌게 볼수도 있겠죠. 허나 초등학생이나 중고등생이 아니라면 재미없다고 하는 사람들이 대부분이 아닐까 한다는... 그리고 어색한 부분이라고 해야하나 앞뒤가 안맞는 부분들이 아주 거슬렸습니다. 해리포터의 주인공은 마술 능력이라도 있고  반지의 제왕의 주인공은 반지와 그 반지를 보호하려는 능력있는 자들에 의해서 어려움을 헤쳐나간다지만  어찌 나니아 연대기의 주인공들은 느닷없이 누군가 전해준 무기(적과 싸우기엔 한없이 부족해 보이는...)로 연습을 몇일했다고 대단한 힘을 가진 여왕과 그리 맞써 싸울수 있다니 헛 웃음이 나더군요. 성인이라면 보지 않는게 극장비를 아끼는 지름길입니다.
10, 해리포터랑 반지의제왕보다 더 잼있게 봤어요  스토리를 모르고 봐서 그런가?? 하튼  정말 후회하지 않았음  넘 잼있어요 ㅠ
3, 전반적으로 내용이 너무 지루했음다. CG도 특별히 뛰어나다는 생각도 못했고 간간히 어색한 곳도 있었구요. 아슬란이 멋있긴했지만 스토리가 너무 엉성한게 너무 많이 생략한 듯한 느낌!!
9, 재밌던데요?
8, 그럭저럭 볼만한 영화였습니다~ 어린아이들이 주인공이라 화려한 액션은 기대하지 안아야 할것같구요~^^;; 가벼운 맘으로 환타지세계에 빠져있다 왔습니다~
10, 재밌어요&gt; _&lt;;; 원츄~
1, 정말 지루했어요.;; 뭐가 한 번 터져야 하는데..클라이 막스가 없더라구요. 그냥 밋밋해요.예고편이 훨씬 잼있어요..
9, 친구들이 보자고 해서 봤는데;; 참 상상의 나래를 잘 펼친 작품이라는 생각이 들었습니다. 약간 말이 안되는 부분과 역시 판타지라는 부분들이 있었지만 볼만한 영화였습니다^^!
5, 그냥 그렇던데...아이들을 위한 영화
10, 올해 최고의 영화!!
10, 여기나오는 여왕 괭장히 재수없고 지맘대로임...ㅋㅋ  에드먼드  수잔  루시... 첫째가 기억이 안나네요..ㅋㅋ 나니아 세계 꼭 가보고 싶기도 하고... 정말 재미있었어요.
7, 반지의 제왕 이후로 왠만한 환타지는 시시했는데 생각보다는 재미있었어요. 어릴 때 오즈의 마법사를 봤던 기분이 생각나더라구요. 유아적이고 뜬금없는 면도 있지만  동화같은 이야기고 그래픽처리도 아주 잘 된 것 같아요. 개인적으로 해리포터보다 훨씬 낫던데요? 막내가 너무 귀엽네요. 성인역 배우도 헤르미온느 삘나게 예쁘고. 두 오빠도 용됐더이다. ^^
6, 재미있던데요^^;;
3, 마녀때문에 연기 봐줬다. 솔직히 전 개인적으로 비주얼 말고는 볼게 없더군요.
1, 보고 어이없음.. 산타는 왜 나오고 사자는 왜죽삼~ 대단하다는 분들 이해 안감.. 다들 나올때 잼없다고 하며 나오든데  아이들 보면 좋아할런지.. 나이 좀 있는 사람은 No
10, 정말 재밋어요 ~ㅋㅋㅋㅋㅋ 돈주고 본게 후회 안되는 ㅋㅋㅋ
10, 진짜재밌었어요&gt;_&lt;
10, 오늘봤는데 재밌었어요 ㅋㅋㅋ
10, 방금보고왔는데  정말후회없습니다~
8, 책으로 먼저 봐서.책보다는 재미가 덜했지만...그래도..괜찮았아요.
10, 나니아 연대기 또보고 싶네요~
10, 다른영화에뒤지지는않고잘찍은것같슴 ㅋㅋㅋ 재미있음 ~
10, 누가 막 이영화 가족적이다 못해 졸릴지경이라고 했는데 진짜 아님. 나는 가족영화도 충분히 다른 분야에 뒤지지 않게 재밌었던거 같음.
1, 15세 이상은 절대 보지 마시길. 그냥 애들이 좋아 할 영화네요.
1, 진짜 재미없음
10, 재미잇었습니다......
10, 너무너무 재미있었어요~~~
7, 애들이 보기에 좋겠고 무기가 멋있더군요 이제껏 사실적인 영화만 봤더니 질려서 한번 봐 보앗는데 재밌었어요
1, .... 애들이나 보라고 하는것이
3, 애들보기 좋은영화 반지의 제왕의 반도 못따라가는 영화  
3, 아이들(초딩)을 겨냥한 영화..영화보는 내내 초딩들의 목소리가 여기저기서 들리고 왔다 갔다..^^ 싸움도 피하나 나지않지만 피와 욕설이 난무한 영화보다는 나은듯 심음.외국은 아이들 영화에 돈을 막 쓰니 부럽당..
1, 영화 감상평 남길려고 로그인 한 영화. 절대 보지 마셈. 내용 진짜 어이 없음. 끝이 젤 황당함. 이걸보고 블럭버스터니 그러는 사람은 영화 이게 첨인 모양. 이것도 총 5부작으로 만들어진다네요. 전투씬은 잼있다? 전투 제대로 붙나 싶었는데 후퇴 시킴. 그리고 죽은 사자가 살아나서 마녀죽임. 이게 이영화의 내용임.
4, 어른이 보기엔 돈아깝지만~ 애들이 보기에는 좋은영화 같애요 ㅋㅋ 라이온킹같은            ?
5, 스토리는 나름대로 괜찮아요... 근데 영화는 영... ㅡ;ㅡ 너무 책내용 그대로를 살린듯한 느낌.. 글고 너무 유아용 영화같음
10, 재미 있고 그래픽도 쓸만하지만 연기가 영 ~ 하지만 재미있으니까 꼭보세요
1, 그냥 그렇네요..
10, A+!!!!!!!!!
10, 역시 기대를 져버리지않았음. 정말 재미있었어요.  그리고 기독교적영화인 이상 전쟁씬 같은 경우 거룩할 수밖에 없는데 사람들은 반지의제왕같은 다른 판타지영화와 비교하며 유치하다고들 하더군요ㅡㅡ; 나니아세계도 너무 아름답고.. 2시간 남짓한 시간동안 정말 한장면 한장면 놓칠수가 없더군요   다음편이 너무 기대됩니다!!
10, CS루이스의 원작도 읽고 싶어요 편안한 맘으로 잘 봤습니당~ 친구 말로는 원작읽고 보면 훨씬 재미있고 감동적이래요~ 보고나서 행복해지는 영화였어요~~~
1, 영구와 땡칠이가 개인적으로 더 잼있다고 생각 합니다. 설마 이영화를 보고 잼있다는 평을 쓸 사람이 있을줄은 몰랐습니다. 스토리와 영화 구성과 스케일에 크기를 보시는 분은 절대 보지 마시길... 그리고 어린 아이와 같은 마음과 머리가 백옥같은 분은 보시길 권장 합니다..아~~~왕에 남자 볼껄...돈버렸음.....ㅠ.ㅠ
10, 관람 전에는 재미가 없을 것 같았는데   한 번 보고 나니깐 정말 재미 있네요~! 아슬란이 죽을때 울뻔 했어요~ 개인적으로 고양이과 애(?)들을 좋아하거든요~
1, 어린이 영화라는걸 확실히 알고 보셔야해요... 넘 지루했습니다...
10, 완전재밌었음[!]ㅋ.난판타지안좋아하는데판타지물중에이게젤재밌었음ㅎㅎ 애들연기력우와!!!대단해요~~~~~~
9, 아이들의 표정연기가 인상적... 얼마나 기대를 했기에 재미가 없었을까?
9, 반지의 제왕보다는 조금 떨어지지만 2편이 더 기대되는 영화  상영시간이 좀 더 길면 좋겠다는 아쉬움이 남는 작품..
5, 극적인 긴장감은 떨어졌으나 눈은 즐거웠소..
9, 전 참 좋았어요  . 나이스~ 물론 디즈니표니까 반지의 제왕을 기대하진 않았습니다.. 하지만 환상적이라 너무 좋았답니다.. 따뜻하고 부드럽고 신비롭고.. 사실 반지의 제왕은 무시무시 했죠..ㅋㅋ 스팩타클맨에선 좀 떨어질리 몰라도 비쥬얼적인 면에선 최고입니다.. 그리고 수많은 종족들의 표현// 정말 제가 상상하던 그대로의모습들에 너무 감탄했어요.. 특히 우리의 염소청년...완전 귀여웠습니다..ㅋㅋ 아슬란은 까아 목소리 죽습니다.. 그리고 마녀도 너무 멋있었습니다..마지막에 아슬란의 갈기로 몸에 치장하고 백곰이 끄는 마차에 타고있는 모습은 정말 카리스마 최고였어요 .. 루시역맡은 아이도 넘 귀여웠구요.. 어떻게 자랄지 기대됩니다!! 아 또보고 싶어요..ㅡㅜ 전 정말 판타지가 넘 좋아요.. 낼은 해리포터4탄 다시보러 갑니다..ㅋㅋ 주말에 나니아 한번 더 볼까 생각중..ㅋㅋ
4, 예고편에 푹빠져서 꼭 봐야지 했는데....생각보다 조금.. 그래요. 반지의 제왕에 비교 대상은 절대 아니라고 보는데요. 아마... 초딩..중딩...아이들이 있는 가족들은 같이 보면 좋을듯 해요
8, 제가 판타지 영화를 좋아해서 반지의 제왕 해리포터를 꼭꼭 챙겨보는사람인데요 나니아 연대기..재밌게 본거 같아요..반지의제왕과 해리포터를 섞어놓은듯 분위기구요 다만 관람층을 아이들에게 맞춘거 같아요..그게쫌 어른이 보기에 재미없게 느꼈을수도 있지만 그래도 아이들의 동심에 많은 상상력을 품게 해주는거 같아요..최근 해리포터 불의잔이 A+ 이였다면 나니아 이번편은 A- // 그래도 다음 2편은 더욱더 멋진 작품일거라 기대해봅니다.
9, 의미를 알고봐야 참재미를 느낄 수 있는 영화인 거 같아요^-^영화보고나서 원작을 다 읽어보리라 결심했습니다!
10, 원작을 먼저 읽어야 영화가 더 재밌을거라고 생각합니다. 반지의 제왕이랑 비교하면서 욕하시는 분들 있는데  졸작이라곤 할수 없습니다. (帝天大聖 世界征服님)  그리고 이게 4번째 해리포터 영화보다 훨씬더 원작의 내용을 잘 담았을 뿐더러 그래픽도 훨씬더 리얼 했습니다.
9, 'ㅁ' 끝나도 계속앉아있으면 대사 몇마디 더 나온다는'ㅁ'...
10, 강력추천 - 보고 있노라면 나도 언젠가는 신비의 세상에 살수 있을것 같은 생각이 들어요.  재미 있읍니다.
8, 먼가 부족한듯 잼낫어요 그냥 기대하지말고 보면 딱임 !!!그.끝나고 불켜질때까지 앉아있는 센스
9, 좋은 영화에여 편하게 볼 수 있는 재미도 있고~
10, 원작을 얼마나 반영할까 우려했는데  제사 생각하기에 아주 충실히 담아내려고 애를 썼네여. 특히 작가의 세계관을 반영하는 중요한 대사들은 모두 살린것 같습니다.
9, 내용이 너무 엉성 - - 너무 뜬금없는 장면.....
10, 오늘 봤는데 정말 재미있었어요~^^ 동물이 말을 한다던가..싸우는 부분은 정말 멋있었어요~!!
1, 제 생각엔 예전에 우리가 봤던..영구시리즈 우뢰매 시리즈  와 다를바 없다고 생각합니다.초등학생들이 보기에 딱 맞는 수준이고 반지의 제왕 같은 느낌일꺼라 생각하면 큰 오산입니다.
7, 환타스틱한 영화를 기대하고 봤는데 생각보다 약해요~애들은 좋아할듯... 주인공들이 애들인데 아무리 마녀가 악해도 칼들고 죽이고 그런건 좋지 않더라구요.정의의 이름으로 너희들을 용서하지 않겠다.!!이런게 더 낳을것 같네요. 어린것들이 의연히 칼들고 전장으로 가는게...애들보기 부적절한거같고..그렇다고 어른들이 보기엔 점 그렇고....반지의 제왕이 눈을 너무 높여놔서 왠만한거 눈에도 안 차네여..
10, 우와 오늘 봤는데요 엄청 재밌더만요~! ㅋㅋ 팝콘도 안씹고 화면에 집중했다는 ㅋㅋㅋ 암튼 정말 재밌었어요 ㅋㅋ
10, 진짜 재밌어요!!ㅎㅎㅎ
2, 참내 어이가 없네... 누가 누굴보고 알바래? 레이브 당신 계속 중복투표하며 글 남기는데 열받소이다. 관객도 소비자요. 여론몰이 하려다 오히려 안티 효과만 증폭될수 있소.
9, 기대는 별로 안해는데... 생각보다 재미있었다... ..
9, 정말 원작을 잘 살려서 만든 영화인듯...
4, 기대하고 봤는데...첨부터 심상치 않더니 결국 그느낌 그대로 끝이더군요~ 반지의 제왕을 흉내내다 만 듯한 느낌..
2, 보다가 잤다
10, 케스피언 왕자는 좀 더 성인 관객을 배려하는 작품이 돼길 바랍니다. 그리고..비버 부부 참 귀엽더군요.
2, 솔직히 별루...--; 한마디로...예고편만 좋은 영화!!!!!!!!!!!!! 간혹나오는 어설픈 스토리와 합성!! 무기는 한번만 쓰라고 만들어졌다!!ㅋㅋㅋㅋㅋㅋ~
10, 배우들연기도그럭저럭하고  배우들이미지하고 극중열할하고 다어울리고  끝에좀허무한것같지만정말재밌었던영화  나도한번쯤들어가서 툼누스를만나보고싶단생각을 계속하게만들었던영화
2, 오랫만에 재미있는 판타지보나 했는데.. 정말 엉성하게 만들어졌습니다. 우리나라 다른 영화들이 훨배 좋아보일정도로. 잘 보면 주인공들이 하는일이 없습니다. 마녀가 싸우는 행동은 정말 우아한 춤을 추는 듯해보이고 말하자면 싸움이 장난같이 보입니다. 남자애가 다쳤을때 어이없어서 웃음이 나오는 .. 또 여자들은 하는일이 없습니다. 내용에 복선도 없고 아이들이 봐도 이해가 안될정도로..돈주고보면후회!
1, 별로 광고가 없어 더 신비한 매력에 기대하고 봤는데 이게 무슨 일입니까? 카드 포인트로 공짜로 봤는데도 아깝더군요..내 시간이랑 포인트랑.. 일년에 한번씩 6편 더 만든다는데 제작자분 돈 아끼시지요.. 이것도 별로 못벌것 같은데..애들 연기가 그나마 나았고 스토리나 화면은 별로..합성인게 넘 표가나요...우리 사랑할까요 만큼이나 승질나는 영화 ㅡ ㅡ;;
10, 음.... 머랄까요?? 막 ..가슴이 두근!두근!하는거 있잖아요... 정말  끝날때 까지 두근 거렸어요.. 팝콘 먹는거 까지. 잊어먹고./.ㅋ 그냥 멍해져 있었지 머예요!! 음... 저는 개인 적으루. 해리 포터 팬인데요.. 거의 맞먹는다라구 하면.. 죄송한걸까요?? 여튼. 정말 최곱니다. 비주얼이 뭔지 몰라. 아무거나 했지만.요./ 재미있어여.^^
10, 진짜 처음으로 가족들이랑 본 영화였는데 아주 만족 !! 사자 한걸음 한걸음에 감탄하고 .. 근데 자매들의 전투 부분이나 그런데서 좀 .. ;
1, 반징 ㅣ 제왕..어린이 버전  --''(솔직히 실망)
3, 의자를 몇 번 들썩이게 좀 지루하네요 가족영화로써는 볼만은 한거같습니다  그렇게 재미없는건 아니지만 그렇게 인상깊지는 않군요 마지막 전투신은 볼 만 합니다 왕의 남자.태풍.킹콩도 다 봤는데 왕의남자가 최고였고 태풍도 괜찮고 킹콩도 괜찮았습니다 나니아연대기 이것만 상대적으로 최악은 아니지만 영화를 구지 선택한다면  왕의남자.태풍.킹콩중에 하나를 선택하세요. 후회는 없을겁니다 그리고 프리머스극장이라고 들어보셨나요? cgv만 자주 갔다가 부천프리머스에 가봤는데요 그렇게 넓고 편안한 의자는 첨 봤습니다 세상에 얼마나 넓으면 앉은자세에서 안에 사람 들어갈때 발 안 빼줘도 지나갑니다^^ 한 번 가보세요 화면웅장하고 좋더라구요 잠실에 키노극장생각하면 아직도 짜증이...
1, 남친이 책을 재미나게 봤다고 해서 영화를 봤는데...실망 실망이였습니다. 그냥 헛 웃음만 나오네요...기대하지 마세요...
1, 요긴 네이버보다 더하네 알바들 물러가라~~ 띠바 그렇게 돈벌면 좋아 으아 짱난다. 알바땜시 영화 고르기 힘드네 또 당했다
10, 책이 영화보다 훨씬 좋지만.. 다음 이야기는 더욱 흥미진진.. 정말 순수한 판타지입니다. 책 읽어보시라고.. 말씀드리고 싶네요.
8, 책을 먼저 읽어본 사람으로서 책과 아주 비슷하게 만든 것 같네요. '사자와 마녀  그리고 옷장'은 나니아 시리즈의 2권으로서 1권의 내용까지 안다면 영화를 관람하는데 더 잘 이해되지 않을까 싶네요. 너무 나쁘게만 평하는 사람들  안타깝습니다..
10, 아이들과 함께 관람을 했는데 상상력이 재미있게 발휘되어 정말 멋졌어요!! 나니아에 꼭 가고 싶네요
5, 앞에는 정말 기대많이하게 하다가 끝에 넘넘 유치해져가는..;;;정말 아쉽다
5, 그냥 그래요...극장가서 돈주고 보긴 아까운듯-_-
10, 사람을 괸히 상상의 나라에 빠지게 하는 그런것 같아요..우주전쟁다음으로 재미있게 봤어요
2, 진짜  지루하고 재미 없었다 나만 그런게 아니고 극장안 사람들의 한숨소리들 시간이 왜이리긴지 완전 아이들 영화 꼭 나홀로 집에 같애 잼 없다
9, 전쟁이 좀 허무하게 끝나버렸지만  정말 거대한 장관!! 그리고 특수분장이 너무 멋있었어요! 보세요 진짜 재밋게 봤어요! 웃음을 자아내는 부분도 있구요-!아무튼 좋아요!!
10, 꼭 보세요~ 상상력이 기대 이상입니다. 와우.
9, 재밋\써요~~
9, 카리스마 짱!! 마녀역할의 배우 너무 멋져요!!^%^ 올만에 흥미진진한 영화를 골랐습니다 ㅎㅎ
9, 정말 독특한 소재였다. 영화로 이렇게 방대한 판타지를 만들수 있다는게 신기할 따름. 속편이 엄청 기대된다!!
10, 정말 보고 깜짝 놀랐습니다. 대단한 영화라는 생각이 마구 들더라구요! 와우!
9, '사자 마녀 그리고 옷장'이라는 제목이 쏙 들어오네요.ㅎㅎ 꼬마 루씨는 너무 똘망똘망하고 연기도 아주 잘하네요. 구여버라~ 책을 꼭 읽어보고 싶다~
10, 반드시 스크린을 통해서  그중에서도 디지털 상영관에서 꼭 보세요~ 화면에서 눈을 뗄 수가 없습니다. 강추!원츄!
10, 너무나 멋진 아슬란의 모습에 반해버리다!! 어흑  킹콩에 반하고  이번엔 사자에 반하고...ㅠㅠ
1, 넘 재미없어여.. 기대를 너무해서 그런가.. 초반부는 졸리고.. 뒷부분은 반지의제왕 따라할려다 실패한 그런영화인거 같아여.. 왕의 남자 보세요.. 100배는 더 재미있어요.. 왕의남자 강력추천이요.. 같은 돈내고 보는거면 왕의 남자보세요
10, 상상속의 그 모든것을 스크린을 통해 만나는 재미와 감동~!
10, 정말 재미있고 관람료가 아깝지 않은 볼만한 영화 입니다.
7, 학교에서 개봉하기전날에 보여줬던영화인데     처음에는 진짜 장난하는줄알았어요- _ -   너무유치하길래ㅡ   근데 후반부에서는 진짜 웅장하고 멋있었어요!!  아슬란진짜멋잇엇구요  전쟁에서 이길래 지대乃
7, 언제나 영화는 평이 갈라짐..그러나..일단 보고나서 내가 결정해야 진짜 평이겠죠..이영화는 한마디로 '력셔리한 동화책' 을 읽은느낌이죠. CG하난 끝내줍니다. 아이들은 영화내내 난리가 나더군요. 색안경을 끼고보니 잼잇겠나.. 즐겁기만 하더구먼..
8, 나름대로 괜찮은 영화.....아무 생각없이 말그대로 순수함이 묻어나는 영화 시간가는줄 몰랐음^^;;
3, 어린이들만 보세요..뻔한스토리와..당신이 생각할수있는 범위안에서의 상상.ㅠ;;괜히 금요일밤 시간만 낭비했습니다. 아동 비디오물입니다..
9, 왜 재미없다고 그러는지 모르겠음 ㅡㅡ ㅋㅋㅋㅋ
8, 볼만함니다 . 판타지 영화 좋아하시는 분은 봐도 후회는 안할듯.. 저는 재밌게 봤음 근데 좀 반전이 있긴있는데 너무 허무한... 재밌습니다
9, 개인적인 차이가 있지만 재미있게 본 영화.
1, 더빙판 절대로 잴대로 절대로 보면안됩니다. 애들목소리 2시간동안 괴로웠음.
10, 정말 재밌게 봤어요...먼저 옷장너머세계란것이 흥미로웠구요... 가족간의 사랑을 느끼게 해주어서 더 좋았어요..정말 재밌었습니다.
6, 기대했던 것보단 별루...스토리가 넘 약하단 생각이 드네요 너무 기대하면 실망합니다
9, 지루하다더니..전 영화 처음부터 끝까지 시간가는지 모르고 재밌게 봤답니다. 동화같은 영화! 좋아요 좋아!
6, 가족이랑 봤는데요  예고편이 참 잘 만들어진 것 같다는 기분이...... 기대하고 봤는데 지루하고 역시 전체관람가인만큼(?) 유치한 면이 보이더군요. 여러분들도 너무 기대하지마시길. ^^ (아이들에게는 참 괜찮은 것 같음)
8, 난  정말 지루한것 없이 처음부터 끝까지 재밌게 봤던 영화... 동화속에 빠져보고 싶은 사람은 꼭 한번 보시길...
4, 너무 기대하지 않는것이 좋을듯  반지의 제왕따라하다 만것 같고  해리포터 약간 뽕짝시켜놓은거 같아요   음  그냥 심심해서 할일없음 한번 보시고요; 애들이 주연이니깐 어떨지는 짐작이 가시죠?
1, 판타지를 좋아하시는 분은 절대로 봐서는 안되는 영화 입니다!!!예고편에 속으면 안되요 여러분!!!!!!!!!!!! 사자  정말 황당합니다
3, 가족적인 영화는 좋아하는 편이에요^^ 그런데...나니아는 너무 가족적인 나머지 나중에 지루하기까지 하네요; 그래도 연기면에서나 작품성은 뛰어난 영화라고 생각합니다. ^^ 그래도 왜 왕의남자가 재밌다 뛰어나다 하는지 잘 알겠네요....한국영화만한 외국영화 없다더니.^^
1, 저는 왕의남자볼려다 나니아 봤습니다. 솔직히 기대 이상은 못미쳐서 아쉬웠죠. 스토리 면에서나 모든 면에서 약간 흠이 보였습니다. 유치하단 생각까지 들 정도로 그냥 유지한 재미? 랄까....어린이를 위한 영화입니다. 가족끼리 무난하게 보기엔 좋을 것 같아요^-^
5, 정말 이렇게 재미없는 영화는 처음이다...반지의 제왕과 해리포터의 시발점이 된 책이라고 해서 기대하고 본영화. 아아...그 지루한 스토리 전개며- 컴퓨터그래픽이 다 티가 났다....60년대 영화도 아니고 큰 스캐일가진영화가 뒤에 산처리배경이 컴퓨터그래픽이 다 티가나서 친구와 웃어버렸다 정말 재미없고 지루했다 ............왕의남자나 볼걸..
3, 지루한감이 너무 강해요
10, 잼없다 별루다 허접이다 소문무성한 나니아를 드뎌 극장서 본결과 모두 알바 소행(?)스토리탄탄 영상 뛰어났고 음향 음악까지 화면속을 빠져들것 같은 초대형 블럭퍼스트!! 절대 극장서 보시길..사자역의 아슬람 넘넘 귀여워여..약간느려지긴 하나 킹콩 초반에 비한다면 그나마 양호 간간히 볼거리 제공해 전 대만족..마녀 카스리스마 넘넘 강추에여^^* 가족용으론 올해 최고작!!
7, 이러면 안되는 거지만..다운받아서 먼저 봤다. 약간 지루했다. 사운드가 안되서 지루한거라 생각했다. 그래서 극장가서 봤다. 그치만 역시 아니였다. 반지의 제왕팀이 만든영화라고 해서 기대를 가지고 본다면 분명 실망할 영화이다. 아이들이 칼들고 전쟁하는게 전쟁놀이같다는 생각이 든다. 그리고 마지막은..쫌 황당하다~~
10, 오늘 친구들이랑 보러 갔는데 너무 재미있었어요!
6, 아이들에겐 정말 좋은 영화가 될듯 하다. 상상력과 재미가 혼재하지만 성인인 난.. 재미와 지루함이 함께했다. 최근들어 내 돈 내고 본 영화였는데.. ㅜ.ㅜ 왕의 남자를 보고싶었으나 친구가 본 바람에 서로 의견 조율해서 안 본 영화 본다는 것이 나니아 연대기였으니.. 흠.. 후속편이 나온다면 난 돈내고 볼까?
1, 난 재미없었는데    영화보고 나우는데 볼만했다는 사람은 있어도 재밌었어 하는 사람은 없었음; 나는 많이재미없었어요 뭘보긴 봤는데 내용전개 대충대충 인것같고  애들보면 될것같음-_-;
7, 환타지 영화 별로 안 좋아했는데...나니아 연대기에선 교훈적인 메세지가 보여서 좋았어요. 아이들에게 막연히나마 어떻게 살아야 할 것인가를 가르쳐 줄 수 있을 것 같거든요.
10, 기대도 많이 했는데요 보니까 너무 재미있네요 책으로도 한번 접해 봐야 겠습니다. 그런데 저는 피터가 가장 마음에 드는 캐릭터예요(-_-;;)
7, 원작이 어린이 소설이란걸 모르고 봤나...원작에 충실한 영화라서 그저 어린이 눈높이에 맞춘건데...유치하다고 하긴...도대체 가족영화에서 뭘 기대한건지...그만하면 가족끼리 보기에 딱 좋더구만....
10, 아직 보지는 못했지만   일요일날 볼꺼예요 ! 친구들과 같이 가는데 이런 댓글이 올려져 있으니까 나니아 연대기가 왠지 재미있을것 같네요~! 낼 꼭 보러 가야쥥☆
10, 아이들 연기도 좋았고 스토리가 간단하면서도 흥미를 끄는것이 정말 재미있었구요 해리포터 이후로 상상을 맘껏펼치고 짧은 시간동안 즐거웠습니다  윌리엄 모슬리 넘 멋쪄요 ^^
1, 단 한마디로 EBS에서 가끔 나오는 아동용 판타지 같았습니다. 무척 기대했는데 너무 재미없어서 짜증이 날지경.. 배우들의 연기보다는 너무 허술한 스토리구조에 너무 어이없었음..반지의 제왕에 비교한다는 것 자체가 말도 안되는 영화.. 너무 짜증나서 영화관앞에 보지마세요..라고 벽보붙이고 싶던 영화입니다..ㅡㅡ;;
10, 기대처럼 정말 재미있는 영화 였습니다.제가 봤을 때는 엄청 최고인 영화임..
10, 와! 진짜이영화 스케일이크고 정말재미있던작품이였습니다.ㅎ! 진짜최고최고.ㅎ! 연기도정말잘됬고스케일이크고 웅장하다보니까.ㅎ 막보면설레이는감정들을 느낄수있었어요.ㅎ정말이영화 강추!!
10, 저는 놀라운 환타지로 넘 재미있었습니다. 그리고 너무 퍼펙트했어여. 지루하지도 않고요
1, 정말 최악! 얼마나 구성이 늘어지던지!! 지겨워죽는줄 알았씁니다. 해리포터  킹콩에 비견하지 못합니다. 진짜 지겹고 구성또한 황당!!사자가 마녀 목한번 물어뜯고 &quot;전쟁은 끝났다&quot;유치찬란 뽕짝!그에비해 왕의남자는 최고! 킹콩도 좋고  파랑주의보역시 개판 ㅡㅡ;
7, 재밌을것같고 스토리도 좋고 예고를 보고 엄청 기대를 하고 본영화입니다 기대가컸어서그런지 생각보단 실망이였지만. 스토리의 짜임새등  배우들의 연기력은 해리포터와 불의잔보단 훨씬 재밌다고생각합니다 생각보단 아니지만 조금 지루함도있지만 재밌었습니다. 후회하실분도 계시겠지만 저는 후회안합니다
4, 겨울 마녀 끝장 멋있었다. 나머지는 일곱살난 아들이 좋아하더라...
2, 제 개인적으로는 스토리가 넘 단순해서 잼 없었어여....딱 초등학생들에게 맞는 스토리...
1, 정말 별루야
3, 글쎄..............애들있는 집이면 볼만 하구요...중고생부터는 좀 유치하다고 할것 같구 대학생이면 보고나서 후회하지 않을까요?...
7, 역시 영화마다 개인차.. 하지만 반지의제왕을 연상시키는 영화-반지의제왕만큼의 재미는 있는. 하지만 그이상은 아닌.
10, 밑에 미친거 아닌가;; 개인차는 있겠지만  개쓰레기 영화라니 풋? 알바? 재밌엇음
1, 올해내가본 개쓰레기영화중 하나..........
8, 재밌습니다 ㅋㅋ 밑에 분들 뭐가 판타지야라고 하시는데요 ㅋㅋ 진짜 재밌습니다 ㅋㅋ 판타지 죽입니다. ㅋ 아쉬운점이있다면 약간 그래픽티가 나더군요 ㅋㅋ 그래도 재밌게 보고왔습니다~ㅋ
7, 오늘 보고왔는데요.. 해리포터스타일의 어린이용 판타지라고나 할까..돈아깝진 않았는데 썩 개운한맛도 없었던;;스케일이 방대하고 배경음악이 정말 좋더라구요.ㅎㅎ영화보다 OST가 더 탐남.
1, 뭐가 세계 3대 판타지야? 재미 하나도 없더만... 이렇게 지루한 영화는 정말 오랜만이었당
1, 뭐냐...  마지막에 4명이 왕이되는 설정은
10, 정말 최고다!!!!!!!!!!!!!!!!!!!!! 방금전에 보고왔는데 정말 최고다. 정말최고다 이말 밖에 할수없다!!!  기대를 그다지 하지 않고 봤는데 최고였다!! 후회되지 않는 영화
1, 전체 스토리의 연결도 엉성하고  주인공들의 역할도 별로 없고   괜찮은 부분이 있기도 했지만 전체적으론  별로....친구랑 보고 넘 화났어여...저와 같이 본 친구도 그랬어여 ..보다 그냥 나간 사람도 있고...
9, 나의 주관적인 기준으로 봤을때는 해리포터 보다 더 재미 있었다 .  물론 약간의 어린이 틱한 부분이 좀 ..
9, 개봉날 봤습니다.키옹버금갈 만큼 재밌었구여.막내 루시에 연기도한 볼만하구요 얼마나 귀여운지 보면볼수록 예쁘더군요. 돈 아깝지 않으니까 편안하게 감상하세여.
9, 사람들이 왜이러지 나는 진짜 재밌던데 끝에 쫌 허무한거 빼고 ㅋ
10, 해리포터나 반지의 제왕보다 훨씬 재밌다.
4, 어른들 관람불과.
10, 잼있어요 ㅋ 좀 유치하긴 하지만 ..ㅋㅋ 하여튼 잼있음 ㅋ
1, 정말 내가 근래들어 본 영화중에 최악이었다. 내가좋아하는 배우인 틸다만 빼고 정말이지 유치하기 이를데가 없다. 정말딱 아이들이 보는 영화이다. 키덜트들빼구...
9, 이번에 나온 '해리포터와 불의 잔' 보다 100배 훨씬 낫다....앤드류 애덤슨감독이 원작과 다르게 '가족중심'으로 다루었다고 하는데  괜찮은 작품이라고 생각함....
9, 볼 만해요.. 너무 큰 기대는 금물! 이건 동화책을 만든거라고용..
9, 재미있게 봤는데.. 뭔가 좀 엉성하게 짜맞추어진 느낌은 있었지만  사전에 아무런 내용을 모르고 봐서 그런지 잘 보고 왔다....
1, 두시간보았는데  네시간 본줄 알았다 정말 지루해서 친구는 코골고 잤다 나는 텔레토비 보는줄 알았다.
1, 지금 막 보고왔는데요~ 정말 너무하네요!!! 이영화 한달기다렸는데 후회 막심하네요... 전 그다지 추천하고 싶지않아요
1, 심하다 싶은정도로..지루해....너무 뻔히 보여서리..
8, 한편의 동화를 읽은 느낄이랄까...아슬란의 연기 쵝오!ㅋㅋ
1, 예고편에 완전 속음...........
8, 나른대로 재미있었지만 역시 해리포터와 반지의 제왕을 능가하지 못하는 구나라는 생각이 들었어요. 절대 지루한 영화는 아니였구요. 좀 먼각 많이 빠진 느낌이 드는 영화였어요. 봐도 후회는 하지 않을 영화 같습니다.
1, 근래 관람한 영화중 최악-_-
1, 이따위 영화를 5부작으로 만들겠다고? 쯔쯔쯔....꿈도크네....이런 영화를 감히 반지의 제왕에다 갖다대다니...쯔쯔쯔...불쌍하네...
2, 둘째랑 셋쨰 정말 성격짜증나더군요 -_- 이런류의 영화의 주인공이라고할수없는 성격 나는 내용보다 성격들이 너무 짜증났음
3, 내용그저그렇네요.어느정도 생각있이 영화보면 알것입니다.도대체 왜화살을 받았나 했더니 한번은 쏘더구만요 ㅋㅋ
5, CG효과나 동물들은 정말 신기할정도로 잘 만들었지만.. 내용이 너무 유치해서 재미는 없게 봣습니다.. 그냥 그렇내요; 작품성과 효과를 따지시는분이라면 추천... 재미를 추구하신다면 비추...
9, 오늘 개봉일 날 조조 보고 점심 먹고 킹콩보았습니다. 굳이 비교하자면 킹콩의 압승입니다. 전체관람가인 나니아는 기사처럼 '소박한' 판타지입니다. 내년 이맘때 또 2편이 나오겠지만  1편에서 조금은 아쉬운 면이 많았습니다. 전투신에서 아이들의 정서를 염려해서인지 '소박하게' 싸우더라구요. 물론 CG는 대단했습니다만... 10점만점에 7점주고 싶네요. 킹콩은 9점정도요...
1, 15세이상 관람불가
7, 반지보단 부족하지만  눈으로 덮힌 나니아 보는 재미와 가족에 대한 사랑이 담겨있어서 얘들이 조아할꺼같네요..^^ 가족영화로 조을듯... 참고로 어둠의 세계 통해 보신분들은 영국판보지말고 확실한 미국판 보시길...ㅡㅡ;
1, 기대를 하고 본영화는 그만큼 시망도 있더라구요~~차라리 아무 기대하지않고 본다면 오히려 볼만할수도 있겠죠..ㅠㅠ
10, 맞아연기짱이고 동물들이진짜로 말하는것갔아어요
4, 초등학생들이 보기엔 정말 좋아요~ 사실 저는 실망 했어여ㅡㅡ
10, 나니아 연대기 재미잇어요
5, 처음에 별로 기대를 안하고 봐서 그런지 재미있었어요 ^^ 형제애와 감동을 느낄수 있었던 오랜만에 본 좋은 판타지 영화 ^^
10, 사자가 나와서 꼭 보러갈려구해요. 아이가 사자를 좋아하거든요. 근데... 시간 마추기가 힘드네요. 이제 4살이 되는데 얼마나 개구쟁인쥐~ ^^
1, 좋은것 같진 않고요...9살 이하 아동 영화랄까?..
10, 6살 아이랑 볼여구 하는데 영화가 길어서 아이가 힘들지는 않을연지... 답글 부탁드려요..
6, 그냥.. 환타지 영화니깐 해리포터를 생각하면서 봤는데 생각보다 너무 재미있었어요~ 주인공들 표정도 리얼하고 나오는 동물들도 너무 웃기고 재미있고~ 정말 괜찮아요~ 보는 내내 즐거웠어요^^
8, 본사람들마다 재밌다고 하시길래.ㅋㅋㅋ 한번쯤보고는 싶지만.ㅋㅋㅋ 아쉽게도..ㅋㅋ
8, 재미없단 말듣고 가서 그런지 잼있게 봤어요...가족영화라고 생각하고 가시면 나름대로 재미있을 것 같아요 ㅋㅋ
10, 한 마디만 하겠습니다. 이 영화 망친 거라고 하시는 분들이 영화 만들어 보세요. 진짜 그따위로 말씀하지 마시지요. 그 영화의 조연이니 연기니 다 중요하지요. 하지만 제일 큰 거는 그 속에 들어가 있는 진짜 핵심입니다. 괜히 모르고서 그따위 얘기 하지 말라고요. 그렇게들 잘났으면 한 번 해보라고요. 요즘 영화에 너무 물들여 있는 사람이야말로 정신차려야 합니다. 아유 유치해  하는 분들도 마찬가지 입니다. 당신들이 만들어보십시오. 못만들면서 괜히 남 비판하지 맙시다. 아마 또 제 말에 토를 다실 분이 있으리라 생각합니다만은 그 전에 보시기나 하세요. 그러기 전에 자신의 경솔했던 말과 행동을 생각해서 알.아.서. 뉘우치시기 바랍니다. 망친 영화니 유치하다느니 돈이 아깝다느니 그런 얘기는 집에서 혼자 마음속으로만 하시라고요. 이걸 만드느라 온정신을 투자했던 사람들을 욕되게 하는 사람이야말로 아직 진정한 사람이 아닌것입니다.
7, 보고나서 넘 실망했어요 왕의남자가 더 좋을듯 싶네요 ^^
10, 몇시간 후면 볼겁니다.ㅎ 보고 나서 관람점수를 올리죠.ㅎ
10, 맞아요. 이 영화 꼭 볼건데.. 책좀 읽으신분들은 '사자와 마녀' 이 책 다 읽으셨을껄요?? 정말 기대되네요.  동심의 세계에 빠져보는 것도 좋을듯!!
8, 잘은 모르겠지만 님들 말이 좋다는 사람두 있고 안좋다는 사람두 있어서ㅠ.ㅜ 하지만 책은 너무 재밌는데 꼭 보고 싶군요 ㅋㅋ 기회가 된다면..호주에 있는 동생은 무지 재미없다고(호주이미전에개봉)하지만 디브이디 본 반애들이 재밌다그래서....
1, 원작에 못미치는듯   스케일도 예상외로 작고..
1, 별로 뭐 갠적인 의견임당.....스토리가....
9, 그러니깐 집에서 봤는데요~  아슬란 되게 멋잇네요....... 전쟁장면이 생각보다 시간이짧고  허술하지만 재밌었구요  마지막에 나니아에서 사는 4명의 남매 너무 부러워요. ㅜ 나도 그렇게 살아보고 싶어라........공부도안하고.
9, 전 C.S.루이스와 J.R.R.톨킨의 광팬이다 보니.. 영화가 어쨌고를 떠나서 꼭 봐야하는 ㅋㅋㅋㅋㅋㅋ
10, 여기서 어둠의 경로로 받아서 보고 그래픽 허접하네 어쩌네 하는 골빈새키들 그건 1988년에 제작된 우뢰매 수준의 영화다. 이번에 개봉하는 나니아와는 비교 자체가 불가능 하다. 아직 개봉도 하지 않은 영화 갖고 모르면 말을 좀 하지 말든가..
6, -_ - 잼있으면 영화관가서 한번더볼맘으로 집에서 먼저 봤지만  그다지;; 스토리가 없군요;; 그래픽??도 좀 실망스럽고 판타지 어드벤쳐는 아닌듯 ;;;;
10, 기대점수 진짜 짱이엇는대 전 봣습니다!! 진짜 대박 안보면완전후회..진짜재밋엇어요 보는내내 계속흥미진진!
1, 허접한 그래픽 허접한 배우캐스팅/연기력 반지의제왕을 능가할지도모른다는 개소리 즐즐즐~
1, 내용이 별로 없고 재미 없어여... 스토리가 없어여... 액션도 아니고 환타지 쪼매들어간 재미 없는 영화
7, 보고싶어요 ㅋㅋ 그냥 보고싶어요. 티비로 틀어주면 너무나 고맙게 볼 정도로 ㅋㅋㅋ
10, 재밌겠다^^
1, 이영화처럼 유치한 영화는 나참 어이가 없어서리 오픈워터하고 같구만
10, 주인공이 틸다 스윈튼이다... 실제로 그런 문이 존재한다면 어떻게 될까? 화면 가득 설원의 풍경과 대자연이 주는 기쁨도 만끽하자..
9, 정말 기대됩니다. 환타지 세계로~~~
10, 잼나게보았음 외국영화는 집에서보는 센스 ㅋㅋ 피디박스 클럽박스 쿨디스크등 검색하면 바로바로 나옴~ 잼나요 ㅋㅋ 추천
10, 꼭 보게쓰
1, 어처구니 없는 영화 아이들이 보기에 좋은 영화 나중에는 괴물이 만화로 나와요..... 칼로 만화 괴물 죽이고 ㅋㅋㅋㅋ.....넘해
8, 방금 어둠의세계를 통해 나니아를 봤는데요... 결말은 언제나 그렇듯 해피엔딩이더군요...그래도 꽤 재밌게 봤습니다;; 동화같은 느낌이 들면서도 그렇게 유치하지않구요;;그런데 산타클로스가 나온건 쫌..^^;
9, ㅎ   기대되요~ ><
9, 이거 기대되요 ㅋㅋㅋ
8, 기대는 하고 있지만  원작이 원작인지라... (유명한 책입니다만  반지의 제왕은 대 서사시이고 나니아는 200페이지의 아동용 동화입니다.) 입소문처럼 반지의 아성을 뒤집을 수 있을지는...
5, 근데 이거 앞부분 쪼끔 봤는데 유치하던데...-_-어쨌든 기대해보겠소..뒷부분을!
10, 책으로도 보았고  영화 예고편도 멋있고 좋아서 보고싶네요..^^
10, 정말 보고싶어요 ~ 예고편을 보니까 아 딱 보고싶다는 느낌이!
10, 정말보구싶은데   언제개봉하남?
6, 기대됩니다;ㅁ ;!그치만 왠지 좋아하는 타입이 아니라 약간;;<-
9, 아직 안봐서 잘 모르겠지만 이 영화 왠지 기대되는;ㅁ;♡
10, c.s lewis의 명작 나니아 연대기 가 영화로 나와서 너무 기뻐여~!!영화가 책 읽은 분들 모두 감탄하실꺼에여 ㅋ 전 개인적으로 예고편이 너무 재미없게 나온거 가튼데 해리포터처럼 아역배우를 밀고 나가지 않는  영화 자체로 멋진 영화
1, 제가 짐 미국에 살아서 이 영화를 방금보고 왔습니다... 만약에 아이들과 같이 가실 거라면... 강추입니다..  하지만..  친구들끼리 연인끼리는 가지 말라고 추천합니다... 이 영화는 동화입니다... 솔직히 예고편에서 보면 그래픽이 좋습니다... 반지의 제왕처럼 특수분장과 그래픽은 좋은데  이야기는 차차 보다보면 화가 날겁니다.. 그리고 어떤사람은 돈이 아깝다는 느낌을 줄 수 있습니다..
7, 난 그래도 꽤 재밌게봤는데~! 처음부터 동물들이 말하는걸 알고있어서 기대 안하고 봤다는ㅋㅋ 기대하지말고보면재밌어는영화~
10, 밑에 있는 허니 알바임
10, 개인적으로 환타지나 SF물을 좋아해서 굉장히 재미있을것 같아요~ 기대됩니다!!
1, 미국에서 봤거든요. 같이 간 친구는 코 골면서 자고.. 유치한 영화....기대 이하
10, 이거 어릴때 책으로 진짜 재밌게 봤는데 영화 정말 기대중!!
1, 지난 일요일에 런던에서 봤거든요.. 근데 생각 맘큼 잼있지 않았음  조금 유치하고.. 해리포터가 훨 잼있었다는 생각...
10, 예전에 책 읽고 나서 나도 울집 안방에 있는 큰 옷장 안에 들어가 봤었는데~ㅋㅋㅋ
9, 나니아 연대기 꼭 볼터입니다. 시험 끝나고 해리포터 킹콩 나니아 이 세 영화는 꼭 보기로 결심먹은지 오래지요~ 비주얼적으로 꽤 기대중~.
10, 말로만 듣던 C.S루이스의 나니아연대기가 영화로 나오다니. C.S루이스라면 현대 기독교사상가중에 한명인데. 암튼 기대가됩니다!!
1, 정말..정말로 기대하고 보지 마세요......너무 기대하고 보면 처참해요...--;;;허허....반지수준이라....반지수준이라......반지랑 비교할 부류는 절대 아니죠....
6, -_- 괜찮나요? ... 반지 수준까지는 안되나?-_-;; 유치한가요?;
1, 확실히 예고편보다 못한 영화입니다.
10, 개인적으로 넘넘 좋아하는 C.S 루이스이기 때문에 기대가 많이 되네요. ^^ 예고편만 잠깐 봤는데도 원작에 충실하게 영화화 한 것 같아서 더 기대가 돼요.
1, 저도 무지무지 기대하던 영환데... 금요일에 개봉하자마자 봤는데..재미 없던데요... 해리포터나 반지의 제왕만 못하던데여....PG는 재미없어요...
10, 책 읽을 때 웃음이 계속 나오 더라구요 암튼 영화도 잘 나왔으면 좋겠네요
10, 보고싶다..
10, 꼭 보고 싶어요~ 여기 충남인데.. 언제 내려올지...
6, 내용이 재밌을것 같고 해리포터처럼 시리즈로 나와 기대된다. 해리포터와는 또 다른 재미가 있길 바라며..
9, 올겨울 판타지 영화중 가장 기대되는 작품~
1, 우리나라 용가리가 망했듯 망할 영화.
10, 마지막이 슬프지요... 약간 종교적이고 철학적인... 이미 너희들은 기차안에서 죽었었던다. 나디아에서 일어났던일들은...
10, 책은안봤지만해리포터보러갔다포스터와예고편을봤는데요 반지의제왕만큼고풍스럽고해리포터만큼환타지스러울것같네요^^ 완전기대!
10, 나니아 연대기를 지금 책으로 읽고 있습니다. 7장으로 이루어져 있는것중 2장이라고 하는데 정말 기대 ! >ㅇ< 됩니당 ㅋ 그래서 꼭 보고 싶구요 . 아슬란님 멋져요 >ㅇ< ♡
10, 나니아 책으로 읽었었는데 사자  마녀 그리고 옷장이 제일 재밌었어요. 그래서 기대가 무척 큼. 12월에는 왜이렇게 볼 영화가 많은건지 원  
10, 이거 보면 해리포터와 불의잔도 볼태닷!!
10, 너무너무 기다려 지는 영화입니다!! 예고편 부터 방대하고 진짜 흥미진진할꺼같은....윽!! 좀 일찍 개봉하지..늦어서 아쉬워요!! ㅜ.ㅜ;;
10, 짱이다! 이건 필견이다!
10, 반드시 볼테야
10, 정말보고싶당
10, 죽든 살든  꼭 볼거야
10, 개봉날까지..ㅋㅋ  꼭볼테다
10, 얼마나 기다렸는데요.. 꼭 봐야죠..
9, 개봉날 보러갈테다 -_-
7, 책으로 시리즈 처음부터 끝까지 나온거 다 읽었는데요^^ 눈을 뗄 수 없는 탄탄한 스토리에요. 제 집에 있는 책은 나니아 이야기 은의자뿐인데요 은의자~그것도 참 재미있어요~
10, 꼭보고싶습니다^^;
10, 어린시절 동화에서 읽고 상상의 나래를 폈던 기억이 어렴풋하네요. 영화로 볼 수 있다니~!! 기대 됩니다.
10, 오늘 영화관서 예고편 보여주는데 매우 기대 됩니다~
8, 틸다스윈튼이 나온다구여?우와~몰랐었는데...역쉬 환타스틱한 영화에 그녀만큼 어울리는 사람이 있을까요? 십년두 전에 봤던 올란도 이후 그녀의 중성적이며  천사같은 (콘스탄틴) 이미지는 정말 누구도 따라갈 수 없을꺼에요! 이번엔 여왕인거 같은데...같은 여자지만 넘 멋있당!!! 영화도 멋있었으면 좋겠어요~그림형제보다는 낫겠죠?
9, 내가 보고싶은 4대 판타지(나니아연대기 해리포터와불의잔 킹콩 그림형제) 이다. 많은 비평가들이 찬사를 예고한 영화라는데 궁금하다
10, 어렸을때(14년이나 되었네...)..초등학교 4학년때 선물로 받은 책이었어요!! 읽고 진짜 잠 도 못잘정도로 숨가쁘고 재미있었는데!! 맙소사!! 영화로 한다니!! 너무 감동입니다!!  꼭 보세요!   꼭 볼겁니다^^*
10, 너무나 재미있을꺼 같아요~  기대됩니다ㅠㅠ
10, 반제의 제왕을 쓴 톨킨의 절친한 친구 C.S 루이스의 책 판타지의 거장 톨킨의 부러움을 산 책 7권의 시리즈 중에 두번째 시리즈인 사자 마녀 그리고 옷장! 반지의 제왕의 아성을 누를 수 있을 것인가!  이거 영화 잘 되면 7편 전부 영화로 나오는건가? 그러면 좋으련만~
10, 어랄라랐!!개인적으로 가장 재미있게 본 판타지소설이 영화로 만들어진다니... 꼭 바야게씀 ㅋㅋ 다른분들도 한번책 읽어보시는게..
10, 일단요즘판타지에굶주렸는데끌리구요...반지원정대 제작팀이 만들었다니 그것만으로도 점수를 주고싶어요..반지의 제왕 정말 재밌게 봤거든요...스케일도 크고 스토리도 좋고...무엇보다 유명한 원작을 기초로 만드는거니까 스토리에대해 기대해도 되지 않을까해요..
6, 물고기처럼 생긴 인간이 뛰어오른다던가 사자  마녀  그리고 다른 세계와 연결된다는 옷장의 얘기는  판타지를 좋아하는내게 충분히 흥미를끌만했지만 그 장면 이외에 것들은 해리포터  반지의 제왕의 것을 따라 비슷하게 판타지 틱스럽다는 느낌을 들게 해서 진부한 느낌이었다
10, 기대해볼만한 영화.. 5년전만해도 소설을 영화화할 기술이 부족해서 만들수 없었다던  다양하고 풍부한 상상력으로 등장하는 캐릭터들.. 옷장속에 있는 길.. 탄탄한 스토리.. 대박예감 입니다...^^
10, 존경하고 사랑하는 C.S루이스의 작품......아~~빨리보고프다~
10, 책 너무 재밌었는데. 기대됩니다 ㅋㅋ
10, 반지의 제왕 제작진들이 만든거라니까.. 퀄리티 하나는 보장되겠군..  아  틸다 스윈튼씨 콘슨탄틴에서 반했는데~ ㅎㅎ 아싸~!!
10, 이거 나니아 책으로 읽었었는데     너무너무 보고싶어요 !  /ㅅ/ 기대됩니다. ㅎ
10, 기대된다 
10, 기대됩니다~
7, 책으로 재미있게 읽었는데  영화로?
10, 원서도 정말 재밌게 봤는데 ㅋ 꼭 실망시키지 않길...
10, 빨리12월이왓으면 조켄네요ㅋㅋㅋ
10, 제작비가 한화로 약 1500억원에 제작기간은 3년 6개월   아무튼 대단한 영화일 듯 합니다.. 디즈니에서 야심차게 준비했나봐요   진짜 보고 싶어요  
10, 우아~정말 기대된다... 책으로 읽었을때도 정말 재미있었는데.. 영화로 나오다니.... 빨리 나왔으면 좋겠다^ㅁ^ 시간되면 꼭 볼꺼야...!!
10, 책으로 보고 기대 많이 했습니다~ 꼬옥 보고싶어요~
