10, 나도 엄마인데 반성되고 미안한 엄마라는 생각에 딸에게 미안했다 미안하다 딸아
5, 내면의 성찰부족...
7, 어쩌다 ch cgv에서 해서 보고 있는데 공감가는 부분이 많네요 예전 생각도 나구...ㅠㅠ 구혜선씨가 하고싶은 이야기가 뭔지 알거 같아요
10, 딸의 엄마로서 예방접종같은 영화였습니다.
8, 재미있는 영화는 아니었다.  하지만 엄마의 사랑 집착 희생 등을 생각하게 된다. 자녀들은 자신을 다 이해해주지 못하는 부모에게 불만이 많다.  그러나 많은 시간이 흐른후 자신이 부모가 되고나면그 구속도 사랑이었음을 알게 된다. 가보지 않은 길을 가는 것은 언제나 윕지 않다.  부모의 길을 가는 것도 그렇더라.
9, 우연히 보았는데 감동있게 잘 보았습니다.
10, 구혜선 영화 세편 다 봤습니다.이젠 다음 영화도 구혜선이라는 이름 석자만 보고 믿곺봐도 되겠네요.아주 좋은 영화였습니다.
7, 가족에게 입는 상처는  더  오래간다.  잘못된 자식사랑으로 씻을수 없는 큰 상처를 입고 그것은 성인이 되어서도 트라우마가 되어 비정상인 인간을 만들어 내지 않을까 우러스럽다
5, 청소년 영화라고나 할가? 자식하게 지나치게 집착하는 엄마와 힘겨워하는 딸!~ 뭐 그정도가 전부인 영화! 남자관객은 안보는게 좋을듯..
7, 구혜선씨 영화는 처음 보는데 생각보다 괜찮습니다. 심혜진씨 연기는 '과연....'이란 말이 나올정도네요. 산이의 아역도 연기 좋고 내용도 좋네요. 결말 부분이 짧게 진행된것 같아 아쉽네요
10, 엄마 차분하게 생각해 볼 수 있었습니다. 마음을 가라앉혀주네요. 피아노 선생님 역할도 연기도 참 좋습니다. 누군가 인생의 안내자가 반드시 필요한 사춘기.. 한동안 기억에 남을 것 같습니다. 좋은 영화입니다
8, 좋은영화입니다..
10, 짐 보는중인데 잼있음
10, 혜선씨힘냇요ㅛㅛㅛㅛㅛㅛㅛㅛㅛㅛㅛㅛㅛㅛㅛㅛㅛㅛㅛㅛㅛㅛㅛ 블러드구혜선씨나와서본것인데항상힘내세여ㅕㅕㅕㅕㅕㅕㅕㅕㅕㅕㅕㅕㅕㅕㅕㅕㅕㅕㅕ
6, 자식은부모의소유가아닌독립된인격체자식들에게했던강요아닌강요들을반성하게하는계기
8, 사랑이란 이름하에 구속과 집착일뿐이다. 그나저나 심혜진 역시 연기 잘하는구나ㅋ
10, 울림을 주는 영화입니다. 아이를 가지는 엄마들과 공유하고 싶은 영화네요
9, 예상보다 더 좋은 영화였어요. 전혀 상투적이지 않은(소재가 상투적일수도 있음에도) 좋은 여성영화.
1, 으이구ᆢᆢ되지도않는영화더이상만들지말고그냥배우만하시길ᆢ
7, 영화는 딸의 입장에서 그려놓은 것 같은데 아마도 미혼의 구혜선 각본이라 그런 것 같다. 딸을 갖고 있는 부모입장이라면 다소 심하긴 하지만 엄마쪽에도 분명 공감을 할 것 같다.어머니란게 무조건 포용하고 감싸는 것만이 모정이라고 할 수 없기도 하기에...제목이 영어로 딸이란 뜻인 줄이야...
0, 억지스러운 결말이 도저히 이해가 안 되는 영화. 평점에 마이너스가 없다는 게 안타까울 뿐.
9, 아이를 키우는 엄마로서 공감이 가면서 혹시 나도 이런 엄마가 아닌가?아이의 감정보다 내가 바라는 대로 키울려고 하는 건 아닌지 하는 생각에 반성하게 되었답니다
2, 비정상적인 모습의 모성애... 배우 구혜선이 감독을 맡은 두번째 장편영화... 극단적인 스토리 전개에 보는 내내 좀 불편했던 갑갑한 성장통...
1, 이야기 자체가 흥미를 유발하지 못한채 지루하게 전개되는군
0, "클레멘타인" 때 보았던 그 전설적 고평점을 이 영화에서 또다시 보게 되는구나! 네티즌 평점을 불신하게 됐다. 평론가들이 매긴 낮은 평점을 무시했다가 돈만 깨졌네! 장담컨데  김혜선씨도 결혼해 애 낳고나서 진짜 엄마의 입장에서 자기가 만들었던 이 영화를 다시 보게 되면  정말로 무지막지하게 쪽팔릴 겁니다.
0, 엄마의 사슬로부터의 탈출한다는 이야긴데 예술도  오락적 감흥도 수렁 속에서만 허우적거리네! 가정폭력은 유전된다! 저렇게 맞고 자란 아이가 엄마가 되면 지 아이를 패는 습성 통제불능 분출돼 평생 고통 속 엄마가 되는 거 모르나? 단순히 엄마의 입장이 이해된다는 식 결말은 설득력이 없다! 어처구니 없는 작품이다!
9, 너무 피곤한 상황에서 봤는데  급 몰입하게 되는 영화  부모와 자식의 입장인 사람이라면 봐둘만한 영화.
5, 구혜선 팬이지만 이번 영화는 실망스러웠어요.  가장 큰 부분은 이야기의 자연스러움이 없는 거 같습니다. 무엇을 말할려고 하는지는 분명하지만.. 알수 없는 구멍이 느껴져요.      물론 스타일이긴 하겠지만 강렬한 임펙트가 없다면 잔잔한 디테일이 있어야 하는데  둘다를 못잡았어요.
8, 엄마와 딸의 이야기이지만 아빠이고 아들이기도 한 내게도 묵직한 울림을 준다. 묵직한 돌 하나를 쌓은 구혜선의 필모그래피가 더욱 기대된다. 누가 그녀의 본업을 규정지으려고 돌을 던지는 걸까? 구혜선의 도전을 응원한다.
4, 맹목적 신앙심과 결벽증을 가진 엄마로부터 학대당하는 아이와 동병상련의 아픔이 있는 피아노선생의 상처와 치유를 그렸는데..결국 부모이기에 용서할 수 밖에 없다는건가? 개인적인 화해와 용서로 마무리한 현실순응적인 결말이 아쉽고 구혜선 답답한 연출력의 한계도 드러난 영화..
9, 공감이 되는 만큼 가슴아픈 영화였습니다. 구혜선씨가 새롭게 느껴집니다.
7, 바램과 억압을 지극히 극 스럽게 표현한 작품.
9, 가성비 최고수준의 저예산 영화.  우리들 자신을 돌아보게하는 영화   특히 부모이거나 부모가 될 예정인 사람이라면 봐야할 영화.
10, 적은아이 까지 수능 치뤗습니다..나도 어느순간엔 이런 엄마엿을텐데..하는생각이 보면서도 문득몰입해서 봣습니다..
10, 오랜만에  보는  정영일표  수작
10, 요즘 이런부모가 많다는 사실이 슬픕니다  부모는 부모라는 이름으로  자식들 맘을  참  아프게 한다는 말  백번 공감 합니다. 무엇이 진정 자식을 위한 길인지 부모들이 반성해야 할  시점인듯 하네요   자식들의 인격   아무리 어려도 지켜줍시다 !!!
6, 현대에 살아가는 부모의 자식에 대한 기대와 사랑을 자식이 느끼는 감정과 매치되어 표현했고 어딘가엔 저런 부모가 있을수도 있겠구나 하는 생각을 갖으면서도 영화자체만으로 볼땐 현실감이 떨어지고 아직은 연출력이 부족한듯... 하지만 구혜선씨를 응원합니다..
10, 헐리우드 영화에 길들여진 분들 진심  보시지 말길.................
4, 감상으로 치장한 연출에 현실감은 현저히 떨어지고
2, 뻔한 소재를 구혜선의 허세로 빚어내 뭔가 있어보이고 그럴듯하게 포장만 한 영화
10, 아랫분 말씀대로 많은 생각을 하게 해주는 정말 좋은 영화입니다. 건강한 부모와 자식의 관계란 무엇인가..그 사이에 유교주의  병적인 집착.. 이런 것들이 끼어들면 부모와 자식모두 상처를 받고 평생 가져가는 것 같습니다. 현재의 한국 사회에 꼭 필요한 영화같습니다.
10, 다우더 정말 좋은 영화네요. 다른 분들이 쓴 영화평을 보고 다우더 보고 싶었는데 오늘 집에서 다운받아 보았어요. 이 땅의 많은 엄마와 아빠들 영화에 나오는 엄마 아빠의 모습 가지고 살고 있다고 생각해요. 산이 엄마 처럼 자식을 통해 꿈을 이루고자 집착하는 모습요. 그래도 산이 딸을 낳고 싶다고 한 대화를 통해 엄마를 용서한 것이라 생각이 되어 다행이네요.
8, 잘봤어요....지루하지도...않고.요즘세상에 저런엄마있을수있다는생각이들면서 영화' 올가미'도 생각나게하네요...아이들에게.집착하는 엄마들이 봤으면 좋겠네요.결국은 아이한테 그대루 당한다는것 알게하고 싶군요
9, 엄마! 엄마! 엄마! 하고 오열하며 울었을때 남자인 나도 눈물이 왈콱 하더라. 못된 아빠도 딸의 그릇이라던 옆집 피아노 선생님의 말이 기억에 남는다.
4, 솔직히 영화는 비주류 흉내낸 정도로 밖에 안 보이네요... 어린 산이 역을 연기해 낸 아역 배우가 너무 기특합니다.
2, 구혜선: 배우  영화 감독  영화 제작자  영화 각본가  소설가  화가  일러스트레이터  가수  작곡가  작사가 할말이 없따 !  제발 한가지라도 좀 잘하자  ㅋㅋㅋ 여성영화  남자들 보기에는 잠오는 영화
10, 좋은영화
9, 촬영현장을 직접 봤다 쓰레기들이 난무하는 한국영화계의  굿굿한 희망이 되세요
10, 보지는 않았지만  구혜선씨가 어린나이에 이런 영화 감독과 배우까지 했다는게  정물 대단하고  박수처주고 싶습니다  영화 잘되길바랍니다
5, 다우더 ㅋㅋ ㅡ .ㅡ;; 누구야  포스터 영어를 저 따위로 표기하다니...
9, 구혜선씨 작품 잘만드네요끝나고도 먹먹한 감정^^심혜진씨 엄마역활ㅡ제자신과도 비교하며 보았고연기도 좋으셨어요저같은40대이후 여성들이 공감하며 볼수있는 영화같아요
0, 최고네요
8, 잘되거라 키우는 우리 어머니... 하지만 그 사랑이 맹목적이라면... 어머니의 폭력을 경험한 딸이 본인이 어머니가 되면서 느끼는 감정과 악몽 혹은 추억을 이야기 합니다. 구혜선 감독 영화중 가장 거친 영화가 아닐까 싶군요.
10, 스크린의 샷들은 전반적으로 잔잔해요  조금씩 표현력이 적어  벽을 만들지만  그 작은 표현력에도 알아주는  친구들과 피아노 선생님 .그런 친구들과 피아노 선생님이 엄마이길 바라는 소망도 담겨 있구  시점은 어른들이 보지 못하는 면을  받아들이는 아이들 입장의  느낌으로  담았네요
10, 너무 여성적인 영화라서 제 남친은 좀 지루했다고 하더라구요. 근데 저는 정말 울면서 봤습니다. 다음번엔 너무 여성편향의 영화말고 남녀노소가 좋아할만한 이야기로 만드시면 좋을것 같아요. 개인적으로 이런 서정적인 영화를 좋아해서 정말 잘 봤습니다. 다음영화가 기대됩니다. 다음번엔 꼭 남녀노소 모두가 좋아할만한 소재로 만드시면 좋겠습니다.
10, 극단적으로 치달은 모녀관계가 좀 아쉬웠지만 저런 가정도 있겠다 싶은 생각이 들면서 몰입하고 봤습니다. 연기들도 좋았고  화면구성도 좋았지만 전반적으로 루즈한 감이 있어서 약간 아쉬웠어요. 그래서 제가 생각한 평점은 8점이지만  보지도 않고 0점 날리 씹는 악플러들보니 괘씸해서 응원점수 2점 더해 10점드려요ㅎ
10, 이 영화... 정말 좋네요. 악평들 보고 망설이다 보러갔는데 정말 좋았습니다. 감독이 구혜선씨라는 이유만으로 보지도 않고 욕하는 사람들 정말 못됐네요. 배우분들 연기도 너무 좋았고  특히 승민양 연기가 갈수록 일취월장이네요. 무언가를 생각하게 만들고 느끼게 만드는 영화입니다.
10, 평점 등이 나빠서 기대를 안했으나 정말 너무 잘 봤습니다!! 평점 낮게 준 분들은 공감코드가 적었나봐요. 저는 펑펑 울면서 봤습니다. 앞으로도 좋은 작품 부탁해요!
5, 좀 성급했다 인생달고쓴거 다격어보고 10살더먹고 만들었음 성공했을텐데...
10, 시집도 안갔으면서.. 딸도 없으면서.. 어쩌면.. 어쩌면.. 하는 생각이 많이 들었던 영화입니다. 딸을 갖은 엄마로써 또 엄마가 있는 딸의 입장으로써 많은 부분 공감이되고 생각을 하게되고.. 6살 딸아이에게 내가 지금 어떤 모습으롤 비춰지고 있을지 또한 생각하게 해준 영화입니다.
10, 전체적으로 괜찮은 영화다. 한국사회의 모녀간의 어쩌면 가족간의 불편한 진실 감정등을 잘 꼬집어 낸부분이 많은 생각을 하게 만든다. 오락영화를 기대했다면 실망할 수 있겠지만 영화로서만 보더라도 좋은영화다. 물론 10점까진 아니겠지만 단순이 구혜선이란 인물에 자격지심 때문에 0점준 애들때문에 10점 주련다.
10, 지금까지 그려졌던 따뜻한 모정이 아니라  다른 각도에서 영화를 만들었다는 점이 흥미로웠고  배우들의 연기  감독의 연출  음악 삼박자가 조화롭게 잘 그려졌다.  저예산 다양성 영화라서 서울에서 상영하는곳이 6군데 그거도 두곳은 하루에한번씩밖에 상영하지않아서 시간맞추기힘들었지만 안보면 후회할뻔했다.
0, 이거 뭐 클레멘타인 평점도 아니고 ㅋㅋ
1, 10점 준 사람들은 양심이 없네...
7, 아쉬운 영화.
10, 신방과 학생들에게 추천할만한 영화인것 같네요 작가의 의도  구성과 샷 반영되는 느낌등등 많은 도움이 되겠어요 ^^
10, 어그러진 모성에 관한 새로운 접근무엇보다 여성의감수성으로 그려낸 모성의 단면이참 인상깊었다 엄마와딸.. 그미묘한관계에 관해 다시금 생각해보게하는 ...
1, 역시 YG의 구혜선감독님 작품이라 평점이 높네요
7, 연극같은 영화라하면 어울릴까 모르겠지만...그런 느낌이다....
6, 현실감 없고 극단적인 엄마 캐릭터가 빗나간 모정으로 길러진 딸의 억압된 감정의 표출과 증오  애정의 복잡다난한 감정을 극적으로 보여주지만 뽀얐고 따뜻한 광원의 과용은 극의 어두운 감정과 어울리지 않는다.
9, 성장통에도 버거운 나이에 지나친 관심은 주고 받는자 모두 깊은 상처를 남긴다 ..
10, 전 일요일에 신촌아트레온으로 다우더 보러가요~친구랑 같이요. 기대중임^^
9, 영화 잘 봤네요..평범한 모녀관계가 아니나 공감가는 부분도 많았고 나 자신도 자식을 소유물로 생각하지 않았나 하는 반성도 해 보았네요...
9, 영화보고 한참을 일어날수 없었다 어릴때 나의 모습인듯...그리고 부모님이 너무 보고 싶었다^^
10, 모녀간의 갈등을 심리적으로 잘 풀어낸 영화네요 주변에 여성분들에게 추천하고싶은 영화네요 아무래도 남자들보다 더 느끼는 부분이 있지 않을까 생각됩니다. 영화보는데 옆자리 여자분들이 울어서 살짝 당황 ㅎㅎ
6, 모녀간의 갈등은 현재나 과거나 똑같다 이모든게 인간의 불안감속에 있는 내면의 모습이다
10, 복숭아 나무에서 부터 공포적 이야기가 시작이 돼  다우더에선 더 실감 나는 사회적 공포를 볼수 있는 영화가 아닌가 생각이 된다. 보고 싶은 영화이고 뵙고 싶은 감독님이시다. 010-2472-6402에 연락 해주셨으면 좋겠다.넷티즌 들이여  악플은 이제 그만 하라.
9, 부모사랑의 이중성
1, 어휴 여기 조작 평점들 좀 봐 ㅠㅜ
10, 세상의 모든 엄마와 딸에게 보여주고 싶은 영화
10, 구혜선님 이뻐요...기대되는 영화네요...화이팅 어긋난 모정...영화관에서 상영되는거죠...??
10, 기대됩니다.
10, 또 감독 코스프레 시작이네...
4, 차라리 도러라고 했으면 이해하는데 다우더는 뭔지... 다우터도 아니고. 투박한 발음이라는 것도 설득력 없고... 비틀린 교육을 뜻한다고 하는데... 나의 어머닌 도러라고 발음하시던데요. 뜻없이 할거면 어설픈 영어보다 한국어로 차라리 생각해 봤으면 좋았을거같아요. 이력에 있어뵈는 세련된 제목을 원하셔서 그런가?
10, 영화를 계기로 엄마와 딸  부모와 자식의 관계속에 있는 '나'라는 존재의 모습은 어떠한지 돌아볼 수 있을 것 같아서 기대됩니다.
10, 기대되네요..개봉날을 기다리고 있어요
10, 제가 좋아하는 여배우 심혜진  구혜선 두분이 주연하신 작품이네요 환전 기대중~!!! 재미있다고 입소문 탔던데...빨리 개봉해라~ 얍얍
0, 8회만에 촬영을 끝냈다는데  기대하기란?
10, 이 다우더 라는 여화 너무나도 기대가 되고 상영이 되면 꼭 보러 가고 싶어요 혼자서라도 꼭 보러 갈께요 어머니의 따뜻하고 가슴으로 감동 받을 듯한 다우더 영화 꼭 보러 가야 겠네요 꼭 대박 나셨으면 좋겠습니다~ 다우더 홧팅!! 다우더 사랑합니다~
10, 다우더라는영화!일반적으로딸과엄마는친구처럼다정하게지내는모습이그려지는데 이영화는다른시각으로다가가는것같네!기대가되네!구혜선감독이이런영화를찍다니 제작자도엄청고심을했을듯!암튼기대하게만드네요.
10, 구혜선의 자전적인 부분이 들어가서 인지 솔직하고 밀도가 있었다. 그렇게 딸은 어머니가 된다. 어른이 되는것은 상처를 주는 존재가 되는 것일까? 영화내내 아팠다!
6, 구혜선의 감독으로서의 가능성에 조금더 기대를 하고 관람했지만 드라마 수준이라 다소 실망을 했네요.
10, 영화제서 봤습니다. 별 생각없이 보러 갔다가 여운을 느끼며 집에 왔습니다. 완성도도 좋구 관객들 반응도 뜨거웠습니다. 대박날거 같아요~~~~
10, 몰입하게 만드는 좋은 영화였습니다. 아역배우분의 연기도 좋았고 여성감독 특유의 감성이 묻어나는.....
10, 중2 딸과 함께 봤는데  천만관객 부럽지 않은 좋은 영화 였다고 생각하고 나는 어떤 부모인지 나 자신에게 되물어 보는 계기가 됐던 영화였습니다.
10, 부산영화제에서 관람어머니와 딸의 이야기좋은 여성영화네요~~
10, 영화제에서 봤습니다.생각을 많이하게 하는 영화네요.
10, 부산영화제서 봤습니다..부모님과 꼭봐야할 작품이네요.
9, 영화 봤습니다. 겪지 못하면 느끼지 못하려나? 대박영화입니다. 손수건 준비 ㄱㄱㄱ
10, 엄마와 딸이 함께 보면  감동이 두배~~
10, 개봉 기대합니다 뒤틀린 모녀의 심리표현을 어떻게 했을지 궁금하네요
10, 항상  응원하고  있습니다.  화이팅!!!
0, 소리나게 읽으면 다우더가 아니고 다우터가 맞는데요? 그리고 단어를 소리나는대로 읽는것과 왜곡된 교육과 사랑을 뒤틀리게 표현하는건 아무런 상관관계가 없습니다. 밑에 분들 억지부리지 마세요. 그리고 다우던지 뭔지 이 영화를 이렇게 찬양하며 옹호하는데는 뭔가 이유가 있다고 생각되네요. 적당히 쉴드치세요.
6, 실제 심혜진 과 너무 안어울린다.
8, daughter 를 다우더로 읽는 게 맞나? 국제영화제 초청되었다면서.. 국제적 망신 받기 전에 제목을 한글로 바꾸던지..80년대도 아니고 영어 제목 영화를 이 수준으로 읽는다는 건..참 영화의 품격을 떨어뜨린다. '딸'이라고 하면 안되나...
10, 언제 개봉하나요???  구혜선 언니화이팅!!!
10, 그녀의 최근 눈빛 연기는 시간을 멈추게하는 마력을 지니고 있어 많이 기대되네요~
10, 이영화 언제 개봉해요? 기대되는데..개봉안하나요?
10, 구혜선화이팅 완전기대대여
10, 구혜선누나 화이팅
10, 구혜선~화이팅~~
10, 화이팅
10, 구혜선 화이팅~~~
10, 구혜선 짱~ㅎㅎ
10, 영화 다우더 화이팅~!!^^
