10, 닭 살충제 문제는  이 영화를 보면 해결방법이 보입니다
9, 이 영화를 봤을 당시와 지금의 나의 생각은 좀 다르지만 우리가 먹는 것에 대해 한번 생각하게 만드는 점은 높이 평한다.
10, kbs에서 방송중인데 많은 것들 느끼게 해주네...우리가 먹는건 고기가 아니라 희노애락을 느끼는 생명이라는걸 잊고 살아온것 같다.
10, 추천합니다.  감사합니다~~
10, 정말 좋은 다큐영화입니다. 꼭 봐야할 영화입니다.
10, '모성적따뜻함으로' 외면하고픈 진실에 편안히 다가갈 수 있게 해주는 영화
9, 먹되 알고서 먹자. 주제와 영상미에 비해 흥행에 아쉬움이 있다. 또 이런 유익한 영화를 원한다면 내려가기 전에 빨리 예매해서 보시라. 평소에 보지 못한 것들을 대신 보여주셔서 황윤 감독님 감사드리며  남편분과 아들 수고하셨습니다.
10, 육식  잡식인이라면 보고싶어하는 스펙타클한 영화. 명작은 영화관도 직접 골라보는 맛
10, 의도하지 않은 유머가 있어 심각하지만  웃음이 있는  의미있는 영화입니다.
9, 채집  수령생활에서 농경  가축 사회로 넘어왔을 때부터 인간의 모순이 시작된 것인지도 모른다. 이 영화는 고발도 아니고 주의주장 강요도 아닌  인간으로서  엄마로서  잡식동물로서의 고민이 담겨 있기에 공감이 가고 함께 고민하게 된다. 육식뿐만 아니라 우리의 식생활  생명  공장화된 우리의 삶까지 반추하게 함.
10, 구제역으로 생매장되었던 그 많던 돼지들... 그 후에 다른 돼지들은 어떻게 됐을까? 돼지고기가 아닌 돼지의 삶에 대해서  생명의 존엄함에 대해서 고민하게 됩니다.
10, 생명의 존엄함  그리고 이윤때문에 생명을 착취하는 현실... 이 두가지를 따뜻한 시선으로 접근하며 우리에게 얘기를 걸어오는 영화입니다.
10, 육식에대해 심각한 고민을 새삼해야될듯합니다.
10, 생명에 대해 많은 생각을 하게 됩니다.
10, 리얼리티  교육적 가치  감동과 재미 어느 하나 빠지지 않는다. 영화가 그저 웃고 즐기는 소비의 대상으로 전락해가는 현실에서  우리를 생각으로 이끌고 실천을 고민하게 만드는 이런 영화가 만들어지고 있음에 감사하게 된다. 10점 만점도 모자란 영화. 100점을 주고 싶다.
8, 먹방보다  삼시세끼  잘먹고 잘살기 만큼 중요한 건 동물과 인간 모두 건강해야 한다는 것. 채식주의 얘기로 착각하기 쉽지만 육식을 함에 있어 긍정적인 해결책을 보여주려는 노력이 보이는 다큐입니다.
7, 오히려 보고 난 후에 더 큰 딜레마에 빠지다!
10, 꼭 해야만 하고 만들어져야만 하는 이야기. 아마도 모두가 외면하고 싶을 이 이야기를 이렇게 완성도있게 풀어낸 감독의 연출력에 박수를. 만점을 매기고 싶다.
10, 딜레마에 빠지는 것이 불편할 수 있지만 이런 딜레마 겪어보지 않고 사는 것은 더 큰 딜레마일거라 생각됩니다. 무거운 주제를 섬세하고도 가볍고도 깊게 다룬 시대의 영화! 몰입 내내~^^
9, 에코페미니스트의 모성  생명에 대한 감수성이 고스란히 담긴 작품. 감독은 역시 멋있다
8, 시사회로 봤습니다. 지루하지 않고 흥미롭게 볼 수 있습니다. 보면서 여러 생각이 드는데 그중 인간이 지구상에서 젤 못된 것 같단 겁니다. 여러 능력이 주어진 만큼 다른 선택들을 할수도 있는데 굳이 이렇게 하면서 삽니다. 너무 많이 먹고 다른 생명들을 너무 많이 괴롭히고..착잡합니다 그려
10, 보고싶어욯
9, 구제역 살처분에 죽어간 돼지들의 기억에서 출발한 다큐는 무한한 확장을 거듭한다. 제목처럼 잡식가족들이 겪는 애환  시장경쟁에서 자유로울수없는 소규모 목장의 현실  살처분에 동원된 공무원들의 고뇌  공장제 축산으로 인한 유전자변형바이러스의 공포... 환경과 복지  인권  가족  보건의료까지 아우르는 장대함.
10, 감독님의 용기에 박수와 감사를.
8, 웃음을 잃지 않고 볼 수 있는 다큐. 남편분의 열연이 돋보였다. 채식주의를 강요하진 않아도 이해하게끔 한다.
