10, 재밌었어요
0, 합리성과 이성이라곤 찾아볼수없는  너무나 극단적인 싸이코들의 향연
6, 한집안이 이렇게도 되는군요    고 김영애씨연기에 박수를 보냅니다     
8, 영화는 전반적으루다 괜찮다.   고인 김영애님의  명복을 빌며 보니 더 슬프다..
9, 난  강심장이라서  그런가 정말  잘안들어서   재밌던데
8, 기분이 한없이 침잠되지고 싶다면 강력추천
10, 굿
5, 얼마든지 있으 수 있는 이야기이긴한데 보는 내내 불편함을 참을 수가 없다.  감독의 의도가 그런듯하지만 의도가 전달된다고 영화를 잘 만든 것은 아니다
1, 단 한번의 어둠 그리고 단 한 순간의 빠름
4, 소용돌이는 주변의 것들을 빨아 들이면서 커진다. 그것처럼 불행도 주위 사람들을 얽혀들게 한다. 가까운 것들부터 집어 삼킨다. 가지가 흔들리면 잎과 꽃도 흔들리는 법. 꽃잎은 흩어져 버리고  잎은 나뒹굴며 말라버린다. 잔잔해지면 집어삼켰던 것들이 어지럽게 널브러진 채 남아있다. 불행은 어디서부터 시작되는 걸까.
6, 감독의 연출 편집이 괜챦아서 그나마 6점은 주지만  보고나면 기분나쁘다. 병원을 멀리서 잡은 씬은 감독이 관객무시하고 한 오바스런 연출이다. 김영애 코딱지만큼 보여서 못 알아봤는데  나중에 감독인텁기사 보고서야  그 장면이 그 와중에 혼자서 치료받고 나오는 엄마를 연출한 중요한 장면이란 걸 알았으니깐.
10, 짱 재미있어요!!♥
8, 메세지가 확실한점은칭찬받아야처절한 불행은 작은실수에서 비롯된다. 그리고 기족끼리 갈구지말라는 메세지.
0, 이건 머 신종스릴러임? 감독 취향이 참으로 독특한듯. 송일국 때문에 점수주려다 차마 못주겠다 진짜;; 기분이 너무 드러워지는 싸이코패스 영화!!
0, 이거 보지 마세요쓰레기예요
0, 쓰레기
8, 와....반전 ㅠㅠ
6, 연기는 좋았지만  어수선한 스토리와 몰입감이 부족했다 .. 
10, 현기증나게 불편한... 하지만 한번쯤 볼만 한...
9, 기대 안하고 봤는데 넘 재밌게 봤어요.. 보는 내내 우울하고 마음 아프지만 잘 만든 영화인 거 같아요..
10, 관객들에게 불친절한 영화지만 감독의의도가 건명하게 들어나 있는 군더더기 별로 없는 영화.....
7, 에고... 탄식만 나오네ㅠㅠ
8, 내장쏟거나 토막시체보다.. 공포스러운듯..
7, 2014년 올해의 공포영화
7, 치매인척하는거였나??한순간의실수가 거침없는 가정을파탄시키는구나행복과 고통 백지장뒤집듯 일어나는것삶은 무섭다
8, 브라보
10, 소름끼치고 마음이 아프다. 모든 상황들 도저희 이해할 수 없지만  정말 그 입장이된다면...
7, 배우들의 소름끼치는 연기력.. 스토리도 현실적이고탄탄하지만..보는동안 관객에게 큰 불편한 마음을 주는영화보는동안 가슴이 답답하고 표현하기 힘들었음..그리고마지막장면을 보고나서..도대체 전달하고자 하는 내용이무엇인지..모르겠음 가족과는 절대 볼수없는 마음 불편한 영화
9, 이전작 <가시꽃> 이후 또 하나의 걸작을 탄생시켯군... 차기작이 기다려진다..
10, 소통의 부재에서 오는 가족 개기인의 이기심이 불러온 참극 단순한 치매환자의 얘기가 아니라 아기의 죽음 이후로 달라지는 가족 구성원의 심리적인 변화를 마주보기가 관객 입장에선 다소 불편함도 있었지만 워낙 연기력이 뛰어난 배우들이라 거부감은 없었다
8, 어떠한 상황에서든 ...어떠한 형태이든 ...거짓이 있어서는 안된다는 것인가???  마지막 장면이 아니었다면.....용서의 중요성을 그린 영환줄 알았네 ㅋ
8, 불편함의 연출의도는 나쁘지 않았지만 캐릭터의 단순해보인 이야기 가 아쉬웠고 배우들의 연기는 너무 훌륭했다.
6, 가정파탄 3단콤보에 현기증이 난다
8, 마지막이 너무 막장 분위기가 나네요. 차라리 순임이 실수든 사고였는 아이를 죽이고 나서 조금더 현실적으로 가족들간의 불화와 고충을 다뤘으면 더 나았을거라는 생각을 잠시... 순임이 아이 사망시에 행동이 이해가 안됐는데  각본의도 보고 이해함. 암튼 배우들 연기가 대단한 영화였습니다.
10, 완벽한 영화는 없겠지만 영화다운 영화였다. 영화다운 영화는 많이 없다. 그래서 별 10개.
8, 개봉관이 없어서 결국 극장에서 못 본 영화. 예술이 자본에 희생되는 전형적인 예. 이런 가치있는 영화를 묵히고 소외시켜 결국 썩히는 이 나라의 수준... 알 만하지 않은가. 이 영화를 놓치신 분들... 다운로드도 되니  수단과 방법을 가리지 말고 꼭 보시길. 이야기도 이야기지만  소름 돋는 연기가 압권.
9, 상황논리에의해 인생도 극단으로 치닫게 되는 것이 우리네 인생.... 서로간의 격화된감정을 잘다스리지 못하고 결국...김영애는 연기가 천직이고 도지원은 핏대없이 차가운연기가 제격
10, 충분히 비싼 돈 내고 볼 가치가 있는 영화다
8, 저예산 영화라고 했는데 그렇게 느껴지지않았다. 나름 이야기에 빠져들어 잘 보았고 불편한 마음이 생겨 힘들었지만 그만큼 많은 생각을 하게 하는 영화이다.
6, 차갑고도 무거운 집 안의 공기에 보는 내가 다 숨막힐지경... 도지원 그리고 중년여배우 김영애씨 소름끼치던 열연... 참 전에 영화 '밍크코트'에서 나온 한 대사가 떠오른다... '따뜻하지만 무겁기도 한...존재...가족'
10, 이 영화 평점이 왜이렇게 낮은거죠?  김영애 배우님의 소름 돋는 연기.  정말 충격적이네요  재밌는 내용이 아니지만  보는 내내 90분이 금방 지나가네요  9점정도 주고 싶지만  말도 않되게 낮은 평점에 10점 줍니다
6, 현기증을 넘어 속이 울렁거릴 정도로 치닫는 가족관계의 파탄  좀 쉴 틈이 있었으면. 김영애의 연기는 무서우리만치 대단하다!
3, 일상적인 일들 그리고 분위기 현실감을 표현하고자 한것같다. 감독이...말이지...  짜증나고 화나는 사건들...비극적 결말...뉴스만으로 충분한 내용이다. 솔직히 메세지가 없다. 배우들 연기로만 이루어진 느낌! 나 오늘 기분 더럽고싶다는 분들에겐 추천할만하다.
7, 아쉬워요~~ 멀티플렉스의 그 넓은 상영관 안에 단 두명만이 이 영화를 본다니--;; 좀더 홍보를 하시던지  발품을 팔아서라도 알리셔야 될 것 같아요~~우리 영화 지금 개봉 중이라고!!!!!!!!
7, 순전히 배우의 연기력으로 끌고 가는 영화라고 생각한다. 개인적으로 공감 되는 부분이 있어서인지 가슴이 먹먹하고 시리다. 8점을 주려고 했지만 마음이 너무 아파서 7점을 주고 싶다. 김영애  도지원 연기 깡패다 깡패!!
3, 극단의 끝을 달리는구만..과도한 막장 설정들이 난무하는 막장계의 종합선물세트.
8, 실질적으로 키를 쥐고 이야길 끌고나가는 건 꽃잎이네. 가족 해체의 원인은 치매가 아니었다. 애초에 쌓인 불신과 미움  증오는 무심이 되어버린다.
8, 마지막장면은   숨이 막히고  가슴이 먹먹해지고  맘이 시리다
10, 일상에 서서히 스며드는 질병과 학교폭력...김영애의 열연이 돋보인다
10, 오히려 평점이 낮은게 이상함. 재밌다는 말보단 잘만들었다가 더 맞는영화 리얼!
10, 영화 보고 난 후 .. 종일 여운이 .. 먹먹함이.. 정말 잘 만든 수작
0, 이건뭐....흥미유발아님 봐서는 안될 영화....개인적인 견해임돠
10, 아래 감독 싫어하는 지인들인가?ㅋㅋㅋ 같은날 몰아서 0점ㅋ감독이 불쌍해서 8주려다 10드림. 존나 힘들게 가서 보고 왔는데 무섭진않았음. 근데 막내가 살았다는둥 귀신이라는둥 그걸 이해 못해서 영화보다 지네끼리 싸우나?밥그릇이나 복선들만 딱봐도 다 나오는데..글고 어두운 영화인거 알고 봤을거면서 난리들은ㅉㅉ
10, 흥미진진하고 재미만 있는데 개인적인 트라우마에 갇혀서 무의식이 어지러운 사람들이 보면 아래분들처럼 짜증만 날꺼 같네요^^
0, 이런 영화 만들지 마세요관객들 돈뺏고 시간뺏고 기분 엿같고감독님....  이런 영화 만들지마세요
0, 감독새기 죽여버리고 싶을정도로 짜증이 난다. 시바 인생이 아무리 좃같아도 이정도는 아니니깐 영화라고 개 막장으로 하지마라
0, 보고 나면 짜증나는 영화..정말 재밌었는데 후반부 마무리가 아쉽..짜증만 나네요.
3, 후반부의 임팩트에 이르기까지 이야기 전개가 너무 갑갑하군
5, 슬ㅍㅡ다.사는게 쉬운건 아니지..동감...ㅇ하지만 저한태만은  오지마시길....
10, 독특한 소재(사건)로 주인공 4명의 감정을 절묘하게 엮어낸 영화. 상황은 점점 심각하게 흘러가지만 어느 누구도 탓할 수 없다. 일어나는 모든 일은 그저 그렇게 되어버린 것이다. 보는 내내 지루할 틈이 없다. 도중에 현기증만 나지 않는다면..
10, 보는 내내 즐겁지 않은  그리고 편하지 않은 여운... 그래도 배우들의 연기와 벗어날 수 없었던 감정이입에 10점을 주고 갑니다.
8, 저예산과 화려한 캐스팅으로... 근데 결국은 막장! 하지만 독립영화 출신 감독답게 이야기를 이끌어 나가는 힘이 강합니다. 실수로 벌어진 사건하나가 도화선이 되어 가족을 파멸로 만드는 상황이 긴장감 넘치게 펼쳐집니다.
8, 제목 그대로 보는 내내 현기증이!! 김영애 정말 무서웠다. 숨막혔네.
10, 우선 배우들의 연기에 감탄했네요~꽃잎이 더가엽게 느껴지는건 저만 그런걸까요~보는내내 지루할틈없이 긴장의 연속이었어요 괜찮은 영화본것같습니다
7, 김영애의 연기는 올 시즌 한국영화 여주인공중 최고였다고 생각된다. 소주 한잔 생각나게 만드는 이 영화가 더욱 슬픈것은 그들이 가족이기 때문일것이다.
8, 다소 현실과 동떨어진 내용이지만 보는동안 공감은 갔던..하늘이가 죽고 병원에서 영희가 고통과 슬픔에 어쩌지 못할때는 감정이입이 되어 눈물도 나고...배우들의 내면연기가 영화를 살린듯...끝부분 반전이 놀라웠다
7, 잘하려고 애쓴 흔적이 여기저기서 보이는 영화....하지만 거기까지인 영화
10, 오래간만에 영화를 몰입하면서 본적없었는데 바로 현기증이다 이 시대가 무서운 인간관계를 잘 나타내는 영화같다.
5, 가족이라는 관계가 서로에게 독이 될수도 있는 하나의 인간관계임을 보여주긴 하지만..완급조절없이 무겁게만 진행되는 그리고 매끄럽지 못한 이야기는..글쎄..가지고있는 욕심에 비해 각본가  감독으로써의 실력은 아직 부족한듯..그와중 배우들..특히 김영애님..애 많이 쓰셨습니다.
9, ( 난 하늘이가 행복하고 긍정적인 사람이 됐으면 좋겠어 .. ) 아이가 탄생했을 때의 순수한 마음은 치명적 사고를 당하자   서로 불신과 사악한 기운으로 가정이 파괴된다.  순임역의 핏기없는 소름돋는 표정이 인상적이다.
9, 보는내내 불편한 영화~~ 배우들의 연기를 통해 불편함의 이유를 찾아내고 싶어지는 영화... 내가 순임일수도.. 영희일수도.. 꽃잎일수도..  가족이라는 이유로 타인보다 더 극단적인 상황으로 치닫을수있다는 생각이... 배우들의 절제된듯한 연기가 격하게 표현되지 않으면서 충분히 관객 아니 나에겐 전달되었다.
9, 연기가 너무 기대됩니다. 김영애 도지원 송일국 김소은까지....ㅜㅜ
7, 시사회 봤습니다. 킬링타임용으로는 조금 힘든 영화지만... 계속해서 고민하게 만드는 영화입니다. 특히 가족이란 혈연관계가 얼마나 쉽게 부서질수있는지... 그리고 가족이란 관계가 그 누구보다 무섭다는 사실을 ... 아무튼 보느내내 서글펐습니다.
7, 영화 봤어요. 근데 괜찮은데... 왜 알바라고 하지... 조금은 어려울수 있지만.... 세상에 단맛을 내기위해 약간의 쓴맛이 필요하다고 생각합니다. 행복한 영화는 아니지만 계속 꼽씹을수 있는 영화라고 생각해요.
6, 김영애 연기력은 좋으나 나머진 뭐라고 말하기 힘든 .. 스토리가 어두워~
9, 전에 기대된다고 글 남겼었고 어제 언론시사 보고 왔습니다. 어두운 영화지만 시간 가는 줄 모르게 잘 봤습니다. 큰것도 아니고 3억짜리 작은 저예산영화에 알바 풀었네 어쩌네 하고 싫은 배우 나온다고 무작정 욕하고 진심 노답이네요.열심히 만들었을 감독님 및 관계자분들께 괜히 제가 다 미안해지네요.수준 좀 차립시다
1, 여긴 뭐 알바천국이네...하긴  투자비용이라도 뽑아야지?
10, 대한 민국 만세!!덕분에 송일국이 나오는 현기증에 관심이........... 잘 되시길..............응원합니다~~ 삼둥이 팬덤 생겼음좋곘네용~~^^
8, 80분의 드라마 15분의 반전과 스릴과 호러.장르 분류가 잘못된 영화. 워낙 익숙한 이야기들로 파탄을 향해 달려가는 심리 호러물.배우들의 호연이 꽤 볼만한 영화
10, 간만에 묵직하고 좋은 영화가 개봉하네요. 부산영화제에서 배우들의 연기가 소름끼친다는 소문이...
10, 송일국.김영애씨 기대되영
0, 나두 송 거시기 땜에 않볼란다 ㅋ^~^ 
0, 송1국 개누리당 국회의원 나으리님~ 0점 받으셔 ㅎㅎ
0, 송일국....ㅠㅠ 배우가 싫어서 안볼랍니다....
0, 송일국 때문에 보기 싫으네
8, 정말 기대되는 영화입니다. 인간의 본질중에 하나인 공포심을 표현하셨다니... 가족이란 가장 행복할 수 있기에 가장 비극적일 수 있는 대상인것 같습니다.
9, 기대됩니다~ 개봉하면 바로 보겠습니다~
5, 박경철의 책에 나오는 이야기가 모티브가 된 것 같은데......단순 가십거리로 다루지 않았길
10, 부산영화제에서 별 기대 안하고 봤다가 영화 상영내내 긴장과 한숨  끝나고는 타이틀이 다 올라갈때까지 자리에서 일어날 수 없었다. 간만에 대단한 영화가 나온거 같다.
10, 느끼고 싶습니다 ㅋ 감독님이 표현하고 싶으시다는것을~~~~ 원낙 연기잘하시는 배우 네분 진심 팬이라 더 기대되네여!!!
10, ㅁ언제개봉하나요?
10, 초반에 살짝 지루하지만 점점 빠져드는 반전의 매력이 있어요~꽤 볼만하고 작품성있음
9, 흥행하기에는 힘들만큼 거북하고 현기증나는 작품.아직도 곱씹어보면 현기증난다.아쉬운장면도 분명히 있지만 수작임..벌써 다음작품이 기대됨
10, 인간의 공포심임 얼마나 극단적인 선택을 할 수 있는지. 나라도 저런 상황에선 저런 선택을 할 수도 있겠다는 생각을 하게 하는 영화
10, 와~ 역시 이돈구 감독님 명품배우들의 연기까지 기대댑니다
10, 영화제의 상영 많이 기대할게요!
10, 명품배우 김영애님 때문에 기다려진다. 빨리 개봉하삼!!
10, 김소은 짱
