1, 니기미 평점이 무슨 5점 씩이나 되.쓰레기들.
3, 프랑스영화 스튜던트 서비스랑 똑같은 대사에 똑같은 내용이네요. 두개를 우연히 연달아 봤는데 깜놀 ㅋㅋ 근데 리메이크라는 말은 안 나와있는데;;
10, 오공시절 에로 영화 보는듯 노하우가 싸인걸가?의외외의 영상미가 있는 자연이 있다ᆞ하지만 생활비  벌기위해 몸팔아? 그냥 돈도벌고 좋아하는세스도 한다는 설정이 더 먹힐거
5, 이거 유럽영화에서 본거같은데... 내용이 똑같아... 다른게 있다면 유럽꺼는 그냥 에로드라마라면 이건 에로코미디...
5, 지극히 평범했던 성인영화. 다만 마지막 윤설희의 대사는 기억에 남는..
9, 타짜이후 복귀한 영화에서 까지 윤설희씨의 섹시함은 여전하네요.
1, 윤설희 찰진 떡 씬 하나 보려고 봤는데..왜 떡을 치다 말어?...도중에 똥 싸다 끊고 나온 기분이잖아.
7, 공감가는 시나리오. 잘 만들어 졌다면 괜찮았을듯. 자본과 성의 상품화  인간의 소외를 다룬 시나리오는 좋으나 좀 더 좋은 영상으로 담았으면 어땟을까? 자본에 의해 변화되는 관계를 좀 더 무게 있게 다루지 않았을까. 아마도 제작비가 모자랐을 듯한 생각이 마구 드는 영화. 시나리오를 알아봐 주는 제작사가 없었을 듯.
4, 어허.. 영화 같지도 않더니만 ........ 어느 순간부터 저 늙은이에게 공감이 가면서....   어허 속상하다
10, 재밌을거같아요 거짓말화이팅^^
