10, 평점 왜 이렇게 짜게 주시는지 이해가 안되네요! 영화보는 동안 너무 귀엽고 공감되기도 해서 잘봤어용
7, 로맨틱코미디는 조정석이 역시 잘한다. 다만  신민아가 읽다만 시의 뒷부분을 영화 후반부에 배치해서 묵직한 한방까지 날렸다면 더 좋았을듯싶다.
9, 노부부 금원식
6, 귀여운 결혼 영화.
7, 예전작은 짜장면에 코박는 것 말곤 너무 재미 없던 기억이 있는데~ 리메이크는 소소한 재미가 있네요~
7, 잘만들어진 리메이크작
10, 상영시간 내내 즐겁고 행복했습니다. 마음이 따뜻해지는영화예요..^^!
10, 조정석 남편 연기 짱
7, 밋밋하다.
2, 식상함 단편 드라마같음
8, ㅋㅋㅋ 웃으면 나오는 일단 보세요.
8, 요즘 현실에 맞춰 소소한 재미가    잘그려진 영화
7, 특별할 것은 전혀 없는데 모두 상쇄할 만큼 사랑스럽다
6, 평범한 영화. 조정석과 신민아라는 조화에 기대했으나 원작의 옴니버스스러운 에피소드 전개가 좀 어색하고  모두가 공감할 당연하고 평범한 이야기라...좀 재미가 덜 한 느낌이었다.
6, 원작 그 이상도 그 이하도 아닌.
2, 발암영화....공감이라고하는데 그다지..남자의 뭐랄까 별루인점을 부각시키는게 공감대라는거냐?ㅋㅋㅋ 저런ㅅ남자가 보통남자라고 생각지 마셈..공감충도아니고..
9, 공감가는 내용들이 많기도 하고  음악도 넘 좋아요
7, 신혼이라 무지 공감됨......완성도는 떨어지는데 나는 계속 울고있음...... 꼭 신혼부부가 봐야함...
10, 완전최고  날 보는거 같어...
8, 역시 조정석  다시 보게 된 신민아
10, 웃기고 생각이 많아지고 슬프고 씁쓸하고 결혼하기 싫어지는데 또 난 다른 결혼생활 하겠지 하고 나중엔 결혼하고 싶어질 거 같아요. 재밌는데ㅋㅋㅋ 조정석 진짜 귀엽다. 신민아도 진짜 귀엽다.
1, 남친이랑 1시간쯤 보다 벌떡 나왔음. 딱 영화소개영상 까지만 재미있음. 관계에 대해서 뭔가 말하려한거 같은데  하도 질질 끌어서 보는사람에게 아주 예측가능한 지겨움을 줌.
6, 공감부족
4, 리메이크 왜했을까? 시대도 배경도 느낌도 와닿지 않는다.
7, 부담없이 볼만한영화ㅋ 근데 영화중간에 둘이여행갈때나왔던 해안도로가 어디인가요?? 아시는분 답글좀해주세요 ㅜㅜ
9, 정말 내얘기랑 너무 비슷해서 깜놀.심지어 여자캐릭터 이름 전공 동생이름까지... 다른게 있다면 돌싱여자 동창이 아니라 5살 연상의 남편 회사 상사  그리고 정말 선을 넘어버린 남편이네요. 과거사랑에 대해 여자는 남편만보며 정리하지만 남자는 오는 여자 안막죠.그게 현실이에요.같이 있어도 외롭다는 말 공감됐어요
8, 평이 썩 좋지않아 그러려니 하고 봤는데 의외의 귀여움과 상큼함ᆢ예전것과 비교하지 말고 보면 완전 다른 영화ᆢ또다른 배우의 또 다른 매력
5, 안그럴꺼 같은 사람이 그랬으면 더 잼났을것을. 신민아 여전히 외모가 연기를 잡아먹음.
8, 옴니버스 형식으로 결혼 이후의 삶을 단계별로 그린거 같아서 즐겁게 봤습니다~ 기승전결이 분명치 않지만 확실히 전 1년차 부부인데 공감가는 부분도 있구 눈물 흘리면서 공감하면서 봤네요~^^
1, 와..진짜 이 영화른 예비부부한테 추천할 수 있나요?조정석역할 완전 열받고 애같은데..결혼막하고나서 알콩달콩은 좋은데 얼마지났다고 음란마귀가 씌이는걸 당연하게 얘기하고진짜 개쓰레기신민아는 결국 또 앵김토나와 이게 결혼생활이면 안할듯
8, 원작도 분명 봤는데 기억이 가물가물해서 그런지 원작과의 비교 없이 흠뻑 빠져들어 볼 수 있었다. 클리셰 범벅이지만  조정석  신민아의 케미가 이를 커버하고도 남는다. 달달해서 좋아!
1, 어이없게 지루함
7, 이 정도면 제법 잘 리메이크 한것 같은데..조정석의 능청스러움과 신민아의 아직은 상큼한 미소 그리고 개성넘친 조연들까지 잘 버물려져 시대에 뒤떨어지지 않은 신혼부부의 풍속도를 재밌게 그려냈다..
8, 잘 해석한 영화와 잘 베낀 영화 중 잘 베낀 영화...
8, 평범한 영화 그래서 메세지가 더 있는 영화 ! 평범하기에 우리와 가장 가까운 이야기를 담았네요. 꾸밈없는 시  럭셔리하지않고  현실적인 삶은 모두 우리 대다수의 삶이라는 점. 청춘들에게 필요한 것은 럭셔리한 성공이 아니라 현실속의 행복을 찾는 영화여서 많은 공감과 잔잔한 교훈이 남네요.
0, 이걸 끝 까지 본 내가 한심하다
9, 너무 잼있었어요. 백퍼 여자 입장 공감도 가고 남자 입장도 진짜 그럴거 같고 지루하거나 그런 점 없이 전 너무 잼있게 봤네요 그리고 영화가 군더더기 없이 너무 깔끔했어요^^
3, 공감이 간다해도 너무 흔한 상황들.. 재미는 진짜 없음.
4, 밑에 평점.. 그리고 모든 영화 평점댓글...99%로는 영화사 알바들이다! 영화 고를때 절대 참고 하지 말아야 할것이 평점댓글! 99% 영화사 직원 및 고용한 알바 및 직원 지인들!!
9, 결혼20년차인데 많이 동감돼서 많이 눈물나며 봤네요...남자주인공 얼굴이 여러 캐릭터를 표현할 수있는 가능성있어보입니다
9, 조정석  신민아  라미란만 기억하는가? 배성우도 있었다ㅋㅋㅋㅋㅋㅋㅋㅋㅋㅋㅋㅋㅋㅋㅋㅋㅋㅋㅋ
8, 재미있어요 ^^신민아 조정석 연기 좋았습니다.라미란감초연기짱이네요~~
1, 주인집아줌마만 재미있다..
2, 싱겨운. 영화재미없다
5, 졸았다
8, 미영이 같은 신부 얻고싶다ㅋ 신민아 사랑스럽다~
7, .
9, 연애하는 느낌 충만하게 받아 흐뭇했고요 ㅎㅎ 그리고 소소한 웃음이 계속 됩니다. 정말 기분좋게 본 영화예요~ 스펙타클한 내용은 아니지만 여주 너무 너무 예쁘고 상큼하고  남주처럼 애교많은 남자 너무 좋네요!!!!! 저는 추천합니다^^
7, 색감이 이쁜영화 여자들에게 추천
8, 공감과 소소함을 강조하여 아기자기한 영화
6, 신랑을 너무 못나게 그려놓은게 아닌가 싶다. 답답하기까지 ㅋㅋ 그래도 현실감있게 담담하게 잘 담은듯한 영화다
6, 신민아 이쁘다 조정석 재밌다 내용은 평범한 결혼얘기를 재밌게 풀어놓은 영화 유머 아쉽고 연기 좋았으나 전체적으로 힘들다... 개인적으로 잘봤다는 영화
6, 공감하고 재미는 별개
7, 재밌게 잘봤어요 ^^
7, 오랜 연애를 한 사람들에게 많이 공감 될 것 같아요!!
1, 1
5, 연기는 좋았으나 감독 역량이 부족
7, 배우들의 연기나 연출등이 나쁘진 않았지만 나름의 개성이나 특별함이 하나도 없네요   간만에 보는 신민아의 연기를 보는 정도~
7, 신민아 다시 봤다 조정석의 재발견 사랑스러운 영화
9, 보통 이런 로맨스영화는 웃음으로 시작해서 울음으로 끝나는 거 아니깐 영화관에서는 잘 안보는 장르인데  동료가 보자고 해서 봤다가 생각보다 재미있고 생각도 하게 만들어주는 영화라 좋았네요. 역시나 마지막쯤엔 펑펑 울었지만...ㅎㅎㅎ
3, 너무 기대했던것 같아요
7, 기대를 전혀 안해서 알콩달콩한 스토리 나름대로 볼만했음. 신민아가 참 이쁘다
7, 초반에는 재미있다가 중후반부에는 다소 지루하게 느껴졌네요. 하지만 많은 부분이 공감이 가네요.
4, 2점 주려다가 신민아가 이뻐서 4점 준다
7, 보통
8, 결혼한지 시간이 많이 지났는데도 많은 것을 깨닫게하는 작품이었습니다. 매우 현실적이면서도 따뜻한 느낌으로 결혼한 모든 사람들을 위로하는 영화인 것 같습니다. 조정석은 그리 잘 나지 못하고  허술하기 그지없는 보통의 남편들을 너무 잘 연기했구요. 신민아씨는 딱 누군가의 아내 같았습니다.
6, 뭐 몇 공감 부분은 있지만  그냥 미지근한? 원작에서는 최신실이 박중훈 따귀 때리는 등 치고 박는 장면도 있었던 것 같은데~ 그래서 좀 미지근한 느낌이 있었나?
9, 신민아에게 푹빠질만한 영화예요...잼있게 봤는데...30~40대 아저씨라면 봐야한다고 보네요..^^*
1, 원작 영화에  변을 칠한 영화
8, 담백하고 아기자기한 결혼 생활에 대한 단상. 박장대소가 아닌 잔잔한 미소를 지을 수 있는 영화. 자극적인 갈등에 지쳤을 때 한번쯤 보시길.
7, 90년작은 못봐서 차치하고.. 가슴 따뜻한 유머  훈훈한 감동  가끔씩 울컥하는 슬픔까지 고루 갖췄고 각본도 아기자기하고 짜임새있다. 그럼에도 주변 이웃에서 촬영한 듯 친근감있는 분위기에 이렇다할 악인이 등장하는 것도 아니고 임팩트 있는 내용도 없기에 TV 베스트극장용 소재라 평가절하받는 것은 좀 안타깝다.
5, 진짜 그저 그런영화임. 큰 웃음이나 큰 로맨스..큰 갈등도 없는....밋밋한 영화...
5, 싸우다가 화해하고  미워하다 사랑하고. 인생이 다 파도의 고저가 있고 맑고 흐린 날이 있다는 클리쉐. 주연과 조연들의 양념같은 유머도 예상 가능하고 결말은 더더욱 그렇다. 원작을 연상시키는 메인 음악이 그나마 위안거리. 싱그러운 진실님의 미소만 그리워지는  그저그런 리메이크의 한계.
4, 한 마디로 재미 없다. 라미란의 양념 연기 말고는 볼 게 없네. 그렇다고 신민아 조정석 연기가 별로였던 것도 아니고... 그렇다면 연출의 문제인데... 감독이 잘못했네.
8, 잔잔하게 재밌게 봤어요...
4, 예고편 보고 기대를 너무 많이 했나...예고편에서 보여준 게 거의 다임...연기들도 뭔가 몰입하기가 힘들었음
7, 조정석씨와 신민아씨의 연기. 케미 돋네요. 정말 훌륭했습니다. 다만. 좀 더 웃겨주었으면 어땠을까...? 아쉬웠습니다.
8, 달콤하게 봤습니다 ㅋ
5, 산만하지만 알콩달콩 커플들을 위한 영화
10, 와 진짜 시간가는줄 모르고봤네..ㅋㅋ
6, 이 정도면 충분히 볼 만한 리메이크 작품
6, 집에서 한가할 때 심심풀이로 볼만한...19금이 아니라서 아쉬웠음.
5, 배우들의 호흡은 박자처럼 잘 맞아떨어졌는지 몰라도 서로 사랑하고 있다는 느낌은 전혀 안드는 영화입니다. 마치 앙탈부리는 노처녀  노총각의 재롱잔치같다고나 할까  차라리 만화였으면 더 좋았겠다 라는 생각합니다.
6, 솔직히 남자 하는 꼬락서니가... 맘에 안들어서 불편했는데 나중에 화해해서 조금 풀림 사실 영화 싸우니깐 이혼하는게 아닐까 싶네여
5, 진짜 윤정희라는 배우 표정도 오그러들고 발음도 이상하고  정말 보면서 아 밥맛없다 느낄정도 윤정희 빼면 그런데로
9, 미혼이라 결혼생활은 잘 모르겠지만 결혼여부를 떠나 남녀가 싸움과 화해를 반복하는 그런게 공감됐음. 요즘 복잡하게 이야기 꼬아놓고 장난치는 영화들이 많아서 휴식차보러갔다가 괜히 더 피곤해질때도 많은데 이 영화는 편하게 잘봤음. 다 보고나서 귀엽다를 연발했음. 조정석도 귀엽고 신민아도 귀엽고 암튼 귀여운영화
9, 반전이나 화려함은 없지만 소소하게 웃고 감동할 수 있어서 오히려 더 좋았다. 원작이 워낙 명작이지만 24년전이라 시대도 다르고 연애관이나 결혼관도 많이 달라져서 비교없이 별개의 영화로봐도 좋음. 자칫하면 짜증을 유발할뻔한 캐릭터를 연출과 배우들이 사랑스럽게 잘 표현했고 특히 조정석 라미란 배성우 연기잘함
7, 볼만했어요. 배.우.조.정.석.의 새로운 발견! 연기가 굳~ 관상에서 나왔을 때와 납득이와 이번 영민이라는 캐릭터까지..각 캐릭터에 제대로 녹아든 연기였던거 같네요.
1, 엉망인 연출 & 각본에 발연기 윤정희까지... 이 영화에 출연했던 다른 연기파 배우들이 불쌍하게 느껴지는 영화.
9, 신혼때 생각도 나고  결혼생활 하면서 느끼는 부분들 많이 공감되서 눈물도 났다..  조정석 연기도 좋고.. ㅎㅎㅎ  재미있는 영화다.
0, 기대하고 봤던 나의사랑 나의신부는 개쓰레기;; 하품만땅 기대감도 없이 봤던 나의 독재자는 한국판 인생은 아름다워. 감동만땅 쓰레기 영화를 200만이나 보다니...역시 캐스팅+ 데이트용영화 ...요거두개면 이런 쓰레기도 흥행을 하는구나...한국관객은 제사보단 역시 젯밥이 우선이군 수준을 알만하다
0, 3차원적인 영화를 2차원적으로 수준을 끌어내린...심하게 수준낮은 영화 재미도 감동도...연기력도 볼 수 없는 매우 밋밋하기 그지없는... 그 매력적인 배우들도 그저 길거리를 지나치는 흔녀흔남으로 만들어버린 연출력에 씁쓸한 박수 한번 ㅎ다음번엔 더 잘할수밖에 없겠군. ㅎ
5, 결혼한 조정석이 첫사랑과 자려고했던것자치가 쓰레기 발상이다 진정사랑해서 결혼한거냐? 얼마못가 이혼함 진짜 쓰레기영화인듯 연앤들으 이딴영화보지말고 유부남녀들은 바람피면 개망한다
5, 좋게 본다면 소소하고 잔잔한 로맨스물. 다르게 본다면 조금도 다르지 않은 너무나 평이한 드라마. 평가는 각자의 몫.
4, 맨날 싸우고 영화자체도 지루하고 영화 보고 난후 짜증나기는 이영화가 처음 !
8, 재밋게 잘만들었구만.. ㅋㅋ 특히 라미란씨 !
7, 밝은 분위기 속 부부간의 애환 그리고 웃음.
6, 연애중인데 공감가는 부분이 많긴 했지만 그렇다고 특별한 영화는 아니고 소소한 재미가 있습니다
4, 현실적이라 재미가 없는건지 현실적이지 않아 깊이가 없는건지
6, 재밌다가 하품나다 재밌다가 하품나다...결론은 그냥 그런 멜로 영화다...전체적으론 지루함이 재미짐을 앞선다...
7, 연인간에 일어날수있는 일들에 대해서 잘 표현한거같네요. 한가지 이해안가는건 여자들이 왜 외롭다는말을 사랑받고싶다는 말을 헤어지자는 말로 표현할까요. 어찌보면 좀 치사한거같아요. 협박하는거같기도하고...솔직해지면 좋은데 그런거가지고 자존심싸움하는거같네요
9, 또래라서 무척 공감하면서 봤네요. 군더더기나 과잉 감정 없이 잘 만든 영화입니다. 꽤 즐겁게 봤습니다.
5, 베스트극장 보는 느낌ㅎ 그냥 별로ㅠ
5, 이건 좀 심하게 특별할게 없는 스토리에 뻔한....어휴...감동도...재미도..그닥
8, 잔잔한 감동과 코메디가 조화를 이룬 작품. 부부 연인들이 같이 보기 추천합니다.
7, 달달하네요. 공감도 많이되고  ㅋ 웃음포인트도 분명하고. 신민아는 정말 매력적인 마스크를 가졌고요. 다만 조정석을 너무 어리숙한 인물로 지정되어 남자주인공으로서의 매력을 얻을 부분이 작아서 아쉬웠음.
6, 나름 달달한 로맨슨데 원작과 비교가 된다는건 부담일듯..
4, 줄거리 잼있는데.. 아 중간중간 짜증나는 연기가 몇있네요..좀더 분발 해야할듯.신민아씨 연기는 괜찮았습니다..그런데 조정석씨는 대체 연기를 발로 하는건지 너무 오바 하고 아직 연기할려면 멀은듯하네요. 연기자는 몸에서 배서 나와야 연기라고 생각합니다.. 대본만 읽고 연기한다고 연기가 아닌거같네요.
8, 잔잔한감동
8, 스무살이 채 되기전에 봤던 영화 그땐 결혼에대한 환상도있고 잘 몰랐기에 코메디로만 봤는데30대후반이 된 지금 결혼생활12년차...눈물이 나는건..상대에게 배려와 말한마디를 어찌하는냐에 따라 결혼생활이 달라질수있단 생각이드네요.현실을 살아보니 시각도 생각도 달라지네요
5, 조정석 역할 쓰레기... 결혼하고 다른 여자랑 키스하냐 미친... 그뿐만 아니라 부인대하는 태도도 최악
3, 쓰레기 영화다. 조정석은 갑자기 부인이 병원에 가니 질질짜더니 말싸움하다가 말꼬투리잡아서 지롤하고. 그냥 계속 그런 패턴이네. 조정석의 전화통화 애드립은 좀 과하다는 느낌.
10, 뭐 얼마나 대단한 스토리를 원했는지는 모르겠지만 품절남의 입장에서 볼때 예전 생각이 새록새록해서 좋았네 신민아 역시 이뻐^^
4, 평범한 멜로드라마에 그치는군
8, 잔잔한 느낌이 있는 로맨스 영화. 공감도 가고... 박중훈 최진신의 나의사랑 나의신부를 비교하지만 않으면 이또한 좋은 영화
5, 전형적인 답정너 로맨스
5, 지나치게 달콤해...신부가 신민아인것부터 결혼을 환타지로 만들려고 아주 작정한거지..
8, 안녕하세요 잠시 스치는 인연이지만  좋은 추억을 만들고 싶네요 즉석애인만남이지만 요즘 스트레스 많이받고 힘드시죠 최고의 서비스로 만족들일게요  최고의 서비스 원하신다면 카톡u   i  y  i  1    문의  최신의 신용으로 보답하겟읍니다 신용 만족지수 300%예요
8, 다들 저렇게 사랑하는거 아닌가ㅎ
5, 베스트극장에서 볼 수 있었던 드라마 한편 본 느낌.
9, 기대이상으로 재미있게 봤어요^^신혼 생각도 나고 꿈에 대해서 돌아보기도 하고~신민아 조정석 넘넘 귀여워요 ㅋㅋㅋㅋ조연들의 감칠나는 연기도 한몫합니다!
8, 예전 박중훈 최진실 원작도 봤는데 기억이 안나요 ㅎㅎ 잘봤습니다.
7, 생각보다는 괜찮은 영화네~ 박중훈 최진실이 같이 봤으면 더 좋았을 영화.
6, 그냥 어디서 많이 본듯한 이야기들...그리고 약간의 지루함...약간 식상한듯한 신민아의 연기의 조합...기승전결 없음... 그냥 쭈욱 전개만...
10, 급작스러운 데이트 영화였는데 기대이상이였음 ㅋㅋㅋㅋ
8, 조정석 연기야 말할 것 도 없지만.. 신민아.. 기대이상이었다... 매력폭발.. 자연스럽게 물흐르듯 몰입할 수 있었다..
8, 8점이다. 돈주고 보기 아깝지 않다. 잘 만들었다. 조정석 연기 훌륭하다. 감독은 결혼후 얼마 안된 부부를 잘 연출했고  조정석의 연기는 발군이었다. 적절한 닭살과  또 적절한 현실. 에피소드를 엮어가며 스토리 상승시키는 기법도 좋았다. 현재 1만원이라  8000원으로 떨어지면 살 것이다. 그래서 8점. 걍 지를까?
3, 글쎄
8, Fun movie. Actually I just saw this movie cause of the main actress. She is gorgeous. Except that  there is a few things reminding me.
1, 보면 후회ᆞ돈 먹는 방송인들
10, 신민아가 이뻐서 십점...그런 마누라면 어디 안행복할수 있으리오~ㅎ
7, 포장지만 바뀌었을 뿐 트렌드는 제목 하고 같다
8, 재밌네요신민아 조정석 너무 귀여벙
5, 24년전 작품을 지금보고 촌스러워 어색한 것과 그냥 어색한 것에 대한 차이... 원작과 비슷하게 보여주려고 했으나 그냥 들떠있는 것 같은 느낌이 조금 아쉽... 원작에서 보여준 시적인 감성이나 말풍선 그리고 여러가지 다양하게 센스(?)돋던 설정들이 솔직히 더더 흥미롭고 故 최진실씨의 연기가 새록새록...
8, 보는 사람의 상황에 따라 영화가 달라 보이는게 맞을거다이 영화는 내 로맨스에 상관없이 매우 귀여운 영화였다ㅎ
4, 전작이 톡톡 튀는 씬이 많아 더 잼있었다...너무 평범한 신혼부부의 일상을 다큐멘터리 식으로 나열한 느낌...민아여신은 경주 출연할 때보다 나이 살이 오른 느낌 ㅜ
0, ㅎㅎㅎ... 이런거 만들어도 200만 넘게 보는구나... 캬~~
10, 공감되는 부분이 많이 있었어서 더욱 재밌게 봤습니당.^^
4, 왜 이런 내용을 구지 영화로 만들었나 하는 의문이 드는 영화. 그냥 특집 드라마로 지상파에서 방영했으면 하는 영화네요
8, 원작을 안봤기 때문인지는 모르겠으나  꽤 재밌게 봤습니다 ㅎㅎ
10, 조정석 신민아의 케미가 정말 좋았던 영화였어요.. 마지막 집주인 아줌마와 노총각 배우분의 연기도 재밌게 봤네요^^
4, 최고진실 박중훈 조정석 양민아.
5, 아무 생각없이 즐길려고 봤는데도 짜증이 났다..
9, 나의 사랑  나의 신부!  제목이 익숙해서 봤어요.
10, 재밌게봤어요
3, 기분전환겸 봤는데 지겹고 유치했어요
5, 원작을 10다초반에 봤기에 공감이 안가서 재미가 없다생각했는데.... 리메이크작은 30대가 된 지금 봐도 마찬가지....추억마저 사라지게한다
7, 전작은 안봐서 영화 내용을 전혀 몰랐어요.. 그저 알콩달콩한 얘기인 줄만 알고 보러 갔다가 깜짝 놀랐습니다. 예상보다 많이 현실적이더라구요.. 보면서 남자는 여주한테 짜증을  여주는 남주한테 짜증을 낼 수도 있어요.
9, 지루하지않고  식상하지않고  보는내내 공감하면서 잼나게 보고 한참 웃고 나왔읍니다. 정말 잼나게 봤읍니다
7, 굳이 포기하지 말아야 할걸 포기하고 살지 말자.
10, 마지막 부분은 약간 재미가 없었지만 정말 재미있어요^^
6, 전작이 워낙 강해서일까?! 따뜻하게 볼수는 있었으나 어딘가 모르게 밋밋하다.
7, 맛깔나게 리메이크 성공
9, 재미 있어요...   추천!
10, 잘보고왔슴디다 좋은영화입니다 아직 마음이  훈훈하네요
10, 현실적이고재밌는 영화
7, 그냥볼만한데  커플은추천
8, 공감가는 부분도 있고 소소한 재미가 있는 영화
6, 신민아 때문에 별두개..  반개는 영화 제작비 때문에 줍니다. 실망할거는 알고 그냥 웃으러 간건데... 웃음은 초반에 잠시 있고... 중반부터는 지루함. 단  결혼한 사람들에게 전하는 메세지가 있어 그나마 괜찮았음. 나머지 별반개가 숨어있는 메세지들이 있어서 ...
7, 걍 소소한 웃음을 주는영화..한편의 드라마 보고 나온 느낌..큰 기대는 하지말고 가시길..그래야 실망을 덜 할듯.
10, 결혼 18년차. 오늘 신랑이랑 같이 가서 봤는데 나는 보는내내 미소를 지으며 재밌게 봤는데 울신랑은 신민아 잔소리 장면에서 귀를 막더라 돈 아깝다면서.ㅋㅋㅋ 같은 영화를 보면서도 남녀가 참 다르구나..싶더라. 조정석 신민아 너무예뻤어요^^
7, 이성과 함께 가면 좋겠더군요. 왠지 모르게 여성분들은 많이 공감하실거 같기도 하고....연애와 결혼  그 사이에 있는 신혼부부의 이야기입니다. 공감과 웃음  슬픔  게다가 분노까지^^ 느낄 수 있는 영화였습니다.
10, 가족이랑 봤는데 나름 되게 재밌었어요.. 엄마는 격하게 공감했다카던뎋ㅎㅎ
7, 그냥 가볍게 보기 좋았어요~ 남자와 여자 차이에 잘 나타났고 공감도 많이 됐어용 조정석 매력적이에요~ 좋아요 ㅎㅎ신랑이랑 다시 봐야겠어요 ㅋ
8, 연애중이거나결혼 하신분들 공감백배..남자와 여자의 다른대화법을 보며계속 웃음..매순간 1초도 쉬지않고연기하는 조정석이란 배우...엄지 척~완전 빛난다는~
8, 생각보다 재밌었음  원작도 봤지만 원작 아련아련함
2, 오늘 수요일이라고 5천원에 봐서.......얼마나 다행인지....지루하고 짜증나고..... 무슨 옛날 베스트셀러 극장이라는 드라마 보는줄 알앗다....
8, 잼있음~엄마랑 봤는데 엄마는 남친이랑 둘이봤어야하는영화라고함. .잼있다구~
9, 알콩달콩한 커플의 모습을 보고싶었던 목적에 부합하는 영화였다~
10, 너무재밌었어요~ 친구랑 보러갔는데 하하웃고왔네요 감동도있구 재미두있구 현실적인공감이많이 가서 더 재밌었던것같아요~
10, 재미있어여
7, 우선 부모님이랑은 보시기엔 조금은 민망한 영화 같아요. 하지만 부부끼리 보시기엔 좋은 영화  같더라고요. 그냥 부부의 일상을 풀어놓은듯한 군더더기없는 영화인거 같습니다. 부부라면 공감하시는 부분들이 많을것 같아요 :) 근데... 전 솔로라 ㅋㅋㅋㅋ 그냥 그랬어요
9, 뻔한 영화이지만 두 배우간의 조합이 좋다.
0, 정말 재미없서요
4, 예전 영화를 두번이나 볼만큼 정말 예쁜 영화였다. 내가 좋아하는 조정석이 나온다해서 봤는데 아주 나쁘지는 않았지만 그냥 소소한 미소만 나오는 정도... 근데 신민아는 예뻤다는...
0, 이런 영화가 현재 평점 7..2라는 사실이 놀랍다. 1점이나 2점 짜리는 될듯하나 알바의 낚시질에 더이상 속는 순진한 관객이 없기를 바라며 0점처리..
2, 알바동원햇냐?  그냥 티브이 드라마로 했으면 딱이다... 이건뭐.. 뒷내용도 궁금하지도 않은데다 뻔하니...
9, 1위라서 봤는데 돈아깝지않다 아주 잘봤음
10, 시간가는줄 몰랐어요 제가 본 영화중에 제일 재밌네요 중간에 사고친 부분은 좀 그랬어요 신민아씨 조정석씨 팬이 된 영화 ~ 꼭 보세요 돈 안아까워요 ㅋㅋ 재밌음
10, 현실적인스토리가 너무 좋았다  같이 있어도 외롭다는 말 한번쯤은 공감한듯..사람마다 보고 느끼 는 감정이 다르지만 난 설렘도 가득하고 시간가는줄 모르고 재미있게봤슴
7, 재밌음. 남자와 여자가 다른 건 20년이 흘러도 절대 불변의 법칙인 듯. 현실적임. 조정석씨 좋은 배우인 듯. 강약조절을 할 줄 아는거 같았음. 신민아씨는.. 좀.. 아쉬웠음. 연기를 못했다는 건 아니고. 스타가 먼저 된 연기자들의 공통점  자기애가 많이 보였음. '나이를 더 먹어야겠구나!~'싶었음. 최진실씨가 그리웠음.
10, 현실적이고 진실성 있어서 넘 좋았습니다.  그리고 내옆에  있는 사람이  그런생각이 있겠구나 하고 시야가 넓어진 느낌...
8, 다들 저렇게 사는구나 생각하며 신랑이랑 본 영화~ 부부가 함게보면 좋아요~ 조금 현실적이여서 좋은영화~~
7, 여자와 남자의 특성을 잘 묘사한..현실을 보여주는 영화.. 다큐보는줄..
8, 팔저미드립
10, 굿굿!
1, 회사에서 단체관람 한다고 이거 본다길래 짜증났는데역시나 재미없네
1, 1 점도 아깝다ㅜㅜ돈이 너무 아깝다ㅠㅠ내용도 없고연기도 ㅠㅠ돈아까워ㅠㅠ
10, 와닿는 대사도 많고 신혼부부는 너무이쁘고 굳굳
0, 뭐냐?
0, 이런 거지같은 영화가 1위라니 조정석같이 생긴넘 존나 이유없이 패고싶은 얼굴
10, 둘이 너무너무 귀엽다. 뻔한 스토리긴 하지만 ㅎㅎ 재밌음 완전 만족!!
0, 안봐도..
0, 처음부터 잼 업어서쭉 잤음ㅡㅡ조정석이 좋아서 봤는데.처음만 웃기지..그뒤론......나이영화 무슨내용인지모름ㅠ
9, 가볍게 볼 수 있는 멜로~~ 민아씨 집들이 할때 노래 부르는거 보고 빵터짐ㅋㅋ 잼났어요~~
8, 스토리가뻔하긴하지만 귀엽네요ㅎ 권태기인커플들이보면좋을듯~
0, 중간에 일어서서 나옴 ㅠㅠ
7, 아쉽다
7, 공감가네요여자의 심리를 잘 표현한듯소소한 재미가 있는 영화네요
6, 유치하면서도 나름 귀엽기도 하고     1년정도 되는 연인들이 특히 우리 얘기같다며 공감하며 보는거 같다 ~ ㅋㅋ
6, 사랑은 소통이고 교감이라는 이야기를 귀엽게 펼쳐 놓는다. 꽤 성공적인 리메이크.
5, 이쁘려고만 하는 배우......결코 배우란 타이틀을 주고싶지 않다. 신민아보다 몇배는 깜찍하고 예뻣던 최진실이 결국 배우란 타이틀을 거머쥔건 마냥 예뻐보이고자 한걸 내려놓고 난 후였다. 신민아나 하지원류의 여자들. 배우란 타이틀이 아직까진 아깝다.
10, 공감이 많이 가서 정말 재미있게 봤어요~
5, 지겨워서 죽는줄 알았음...정석씨!!뮤지컬 합시다!!
8, 조정선 신민아 케미~~>< 조아요~
5, 요즘 영화수준에 미치지 못하는듯  실망이다 ‥  하지만 결혼을  앞둔 분들이라면  봐서 나쁠건 없을듯‥ ㅋ
10, 남편과 같이봤는데..영화가 끝나고 손 꼭 잡고 나왔습니다.별것 아닌 에피인데도 공감이되서 눈물도 나고...두 배우 생활연기도 ..어색함 없이 너무 좋았습니다..
10, 되게 현실적인 영화였음. 공감가는 부분도 많고 웃기고 울리고... 참 재밌었음
8, 조정석과 신민아의 케미가 좋았고 무엇보다 현실성있는 대사들이 귀에 들어왔다
5, 처음 20분 조금 웃다가 왜 이영화를 다시 만들었을까? 감독 찾아보고 다음부터는 피해야겠다는 생각으로 찾아보고는 멘붕.  나에게도 아내가 있었으면 좋겠다  효자동 이발사같은 영화를 만드신 분이 어쩌다가... 평점을 너무 낮게주면 알바 어쩌구할까봐 그나마....
10, 그저께나의신랑나의신부를잘봣습니다.
5, 그냥 그랬어요.
8, 재밌어요
10, 신민아가 노래부르는 장면 빼고 다 사랑스럽고 너무 공감되어 많이 웃고 많이 눈물도 났네요. 남자들은 싫어할지도 모르겠지만 오래된 연인이나 신혼부부가 보면 딱 공감할듯 싶네요. 재밌었습니다.
9, 정말 귀엽고 재미있는 영화였습니다. 실물을 보니 정말 신민아씨 예뻤고  조정석씨는 너무 잘생겼습니다.  강추합니다.
6, 걍 귀여운 영화. killing time으로 볼만한 로맨틱 코미디.
8, 기대안하고 봤는데 의외로 잼있었고 신민아 진심 사랑스러웠음^^
9, 오래된 연인이나 결혼한 사람들이라면 정말 많이 공감할 수 있는 영화입니다. 1 2년 사귀고 이 영화를 보면 예쁜 신민아만 보고 나오겠죠
6, 20년 전이나 지금이나 별다를 것 없지만 가슴을 뭉클하게 하는 건 바로 사랑 그리고 나의 신부
5, 신민아를 좋아해서 영화를 보긴 봤지만 추천해줄만큼은 아닌듯~
6, 처음 20분빼고 나머지는 억지
6, 명랑 발랄 유쾌한 영화.
10, 웃고 즐기기 너무 좋았던 영화입니다. 연인 부부 강추합니다!
9, 연인끼리보면 참 좋은 영화 보면 달달해서 그런가 기분은 좋게 만들어주는 킬링타임용? 그래도 영화보면서 모처럼 기분이 좋아지게 만들어준 영화라 평점 많이 드립니다ㅋ
10, 잘 봤습니다. 결혼한지 좀 된 사람인데 보면서 내 곁에 있는 사람에 대한 마음가짐이 새로워지네요. 공감되는 이야기에 웃기도 하고 눈물이 나기도 하고 그랬어요. 두 배우분들의 연기도 감탄사가 나올만큼 좋았습니다.
4, 신민아때문에 극장에서봣는데.. 극장에서 시간투자해 보는건 그닥썩. 두까불이의 애기같은 결혼이야기..
10, 색다른 내용은 아니지만 웃을수도 있으면서 감동도 있는 일상들을 다룬 영화인것 같아 재미있게 봤습니다~배우들도 너무 연기 잘했어요~~
10, 이런거 남긴적이 없는데... 넘잘봤어요. 남편하구 울다가 웃다가ㅠ전 임신해서 감수성이 예민했는지 신민아가 울때는 같이 통곡했어요~ 결온한부부에게 추천해요
10, 여배우캐스팅하나는진짜잘하셨고재밋었지만 솔직히 이건영화가아니라 미니시리즈드라마였으면 시청률좋았을거같습니다 그렇다고 돈낭비 시간낭비는아니였어요 재밋긴재밋었습다
4, 분명히 티비에서 한시간짜리 드라마로 만들어도 되었을 그런 내용과 연출. 예전 이명세것은 당시에 파격적이었지만 시대성으로 이것은 그냥 정말 돈+시간 낭비. 마지막까지 클리쉐. 엔딩크레딧에 욕하기는 처음.
10, 감동에 재미에 공감에 고루 갖춘영화 신민아 조정석 연기 너무 잘해요 남친이랑 본영화중 최고라고 서로 칭찬햇어요 기분좋은영화
1, 여친이랑 보지마세요 남자들은 개객끼되요 남자가봐도 어떻게 신민아같은 아내랑 사는데 그렇게 무성의한 조정석 욕이 절로나옴.. 저희ㅇ영화한편보고 사이 나빠짐 여친 결혼 해야하나 갈등중 ㅡㅡ
10, 내 가슴을 말랑말랑하고 촉촉하고 찡~~하게 만들어 준 멋진 영화~~!!  전 원작보다 더 좋은거같아요~~♡
10, 남자와 여자의 관점의 차이?  생각의 차이 등이 잘 묘사되었네요 로코 잘 안보는데 편안하게 보기 좋은 영화였어요 신민아라는 여배우의 능력을 다시 보게된  조정석의 능청스런 연기가 빛난 오랜만에 편하게 본 로코에요
9, 로코 편견갖고 계신분들이 봐도 즐겁게 볼수있는 영화. 다른 로코와 다르게 줄거리 내용도 있고 재미와 감동 다있어요 ㅎㅎㅎㅎ 배우들 케미도 좋아요 ㅎㅎ 재밌었어요 ㅎㅎ
1, 내아내의모든것의 3류 아류작. 유머도 부족하고 공감도 안가고 조정석 캐릭은 그냥 완전 짜증유발함. 결말도 설득력 부족... 올해 본 한국영화중 젤 돈아까웠음.
7, 신민아의 사랑스러움과   조정석의 연기와 센스로 그나마 살린영화.. 조정석은 진짜 훌륭한 배우인듯
7, 조정석 진짜 보물이다.
10, 조정석과 신민아  진짜 신혼부부같은 느낌이었음. 연기좋았고 넘 사랑스러워 보는 내내 즐거웠음~~
0, 보다가 나온 영화 ..아 시간아깝비
8, 약간 아쉬운 면이 있지만 이명세 감독님 말대로 애잔함이 있는 괜찮은 리메이크 로코라고 생각합니다. 신민아 조정석 모두 그만하면 연기 잘 하신 것같습니다. 그런데 그냥 웃자고 보러가면 기대에 치를 충족 못시킬 수도 있겠습니다.
5, 뻥평점 보고 갔다가 완전 개실망하고 온 영화 보지말고 나중에 티비에서 하면 보시기 바랍니다
0, 어휴..주인공이 아깝다이런 지루한 영화 첨
7, 신민아씨 연기력 내공이 느셨네요ㅎㅎ  소소한 감동이였습니다
7, 볼땐 잼있게 본거 같은데.. 나오고 나니 내용이 뭐였지??  아 저럴수 있겠구나.. 그래도 부부로 살아가면서 알콩달콩 부러웠습니다~  서로 사랑이 밑바탕 되있어서..  ^^
0, 이걸영화라고 최진실이 노하겠다   영화당장내리라 내인생본영화중에 최악이ㅣ다 ㅡ
7, 조정석이 살린영화
2, 이걸  돈주고 왜 봐
7, 좋아하는 배우가 나와 반가운 영화였으나  재미는....
6, 사랑을 시작하는 연인들이 보면 좋을듯~나이든 사람들이 보는건 비추
8, 그냥 마음을 가볍게~ 날씨 좋은 가을에 기분좋게 로코 영화 한편 보는 마음으로 보기 딱 좋은 영화.조정석과 신민아의 케미가 생각보다 꽤 좋았던 영화.
0, 언제적 얘기를 재탕이냐
5, 그냥 볼만함..
4, 영화관 가서 볼만한건 아니고 좀 기다렸다가 집에서 보면 딱 좋을 영화
10, 따뜻한영화. 결혼한 부부들에게 강력추천  웃고 공감하고 생각하고 느끼고  그리구 손잡고 나오게 하는영화
6, 초반 재밌게 시작  중간 지루함 끝 감동 넘  기대  급 실망 ㅜㅜ
5, 나쁘지 않았어요~ 신혼부부들이 격하게 공감할 이야기  2년차 접어드는 헌댁도 웃으면서 봤네요^^
9, 가슴을 뜨겁게 하는 뭔가가 있네요.생각보다 지루하지 않고 잘봤습니다. 함께 있지만 외롭다는 말에 공감하며...
3, 지루ㅠㅠ노잼ㅠㅠ
6, 지르함..
5, 그저 그래요 별 재미 없음다 일상 생활..보다 못 미침.
7, 음...웬만하면 이런건 영화말고 드라마로 만들었으면 하네요!! 진심 티켓값 아까워서...쩝! 신민아씨도 조정석씨도 좋은 배우인데...참...연기가 안타깝네요!!
3, 정말...참...어이없다...이게뭐냐
8, 연애 3년후 결혼 1년차 와이프랑 둘이 가서 잼있게 봤습니다 어찌나 공감이 가던지...중간중간 와이프가 우는데 어찌나 찔리던지
9, 가벼운 마음으로 봤는데 설렘가득한 영화였어요~ 처음으로 신민아씨 연기가 거슬리지 않은 영화였네요^^; 영화가 너무 사랑스러워서 생각보다 재미있게 봤어요~ ^^
8, 최진실 박중훈씨의 전작과 비교한다면 좀 떨어지는 영화지만 현시대와 어울리게 만든 영화였어요.
5, 정말 기대하고 갔는데 예고편의 웃음 포인트가 거의 다구요. 신랑은 중간에 졸았어요... 조정석씨 연기도 좋고 신민아씨도 너무 예쁜데 구성이 좀 조잡하다고 할까.. 잘 모르겠어요. 영화관에서 제돈 주고 보긴 좀 그럴거 같아요
3, 조정석씨가 연기를 꽤 잘한다고 생각해서 봤는데...정말 자다가 졸았어요.. 재미도 없고...특별할것도 없어서요....돈내고 보고싶지는 않은영화에요.... 뭐가 문제인지 모르겠다는 다른분 말씀이 100% 공감.....
3, 감독이 문제야? 배우가 문제야? 신민아도 연기한지 10년 넘지 않았나... 이쁘기만하고  CF의 선을 넘지 못하네.. '영민씨 나 힘들단말이야.. 흑 흑 흑..' 재미없는 영화보는 나도 힘들었습니다요. .
10, 꼬옥 보고 싶은 영화네요^^& 재미있겠네요^*^
5, 예고와 장르를 보고 재밌겠다 생각하고 관람 하였지만 전혀! 웃긴거 기대하고 보면 실망할 영화. 딱히 더 이상 길게 쓸 말은 없다. 모쏠 친구의 엔딩은 주인공 집들이 오자마자 예상했던 장면!
9, 기대하지않고보면 굉장히공감가는영화사랑하는사람과 꼭보면좋을~~
7, 볼만했다 ㅋ 신민아가 평범해 보이는 영화?   베스트극장으로 했으면 더 좋았을걸
3, 베스트 극장으로 만들었음 훨씬 좋았을 걸
10, 신민아 조정석 너무 사랑스러웠음!!ㅜㅜ
9, 잼있네요.. 신민아 연기도 마니늘고 조정석 사랑스럽게 나오네요.. 결혼한 사람들에게 공감이 마니되는 영화....
5, 이거 모쏠이나 제대로 연애 못해본 사람들 봄 진짜 잼없을듯
0, 신민아 연기 드럽게 못함
5, 암걸릴뻔
8, 스위트한 러브스토리... 웃음이 나오지만 행복이 저절로 나옵니다.
0, 보고싶은 영화가 매진돼 발길 돌리기 아쉬워 보는 영화 정도... 신민아 캐스팅 실패... 10점 알바들이 설쳐서 평점 맞추기 위해 0점 준다....내가 생각하는 평점은 5점 정도...
10, 정말 재밌게봤습니다! 울다 웃다 했네요ㅜㅠㅠ조정석배우 너무 사랑스럽게나오네요~
7, 조정석때문에 7점..조정석을 뺀 나머지는 예전 영화가 모든 면에서 나은듯..
0, 별루
10, 감정선이 끝까지 잘 깔려있어서 끝까지 인물의 감정에 잘 이입할 수 있었습니다. 에피소드별로 나눠져 있다고 하길래 보기 전에는 극 흐름을 끊을수도 있겠다고 생각했었는데 그런 거 없이 자연스레 이어져서 좋았습니다. 무엇보다도 조정석과 신민아의 화학작용과 훌륭한 생활연기가 일품이였습니다.
8, 무난한 영화! 너무 현실적이라서 영화를 보는게 아닌 현실에서 나나 내주변 결혼한 사람이야기 같았음.. 신민아 너~~무 예뻐!!
10, 웃고 있지만 눈가에 눈물이 맺히는 영화! 로맨틱 코미디라기보다는 따뜻한 사람 이야기라는 말이 더 잘 어울린다.
8, 사랑하고 싶게 만드는 영화! 둘이 너무 잘어울리고 결혼에대한 현실적인 부분도 보여주고 결말이 해피엔딩이라 좋았어요!
10, 배우들의 사랑스러운 연기..아기자기한 느낌. ㅎㅎ
10, 재미있게 잘 본 영화!
8, 기분좋게남자친구와보기로한영화..초반부터극한공감이시작되면서예비신부로써예비신랑의이성여자관계가 겁이나게되고 신민아가힘들어하는모습볼때마다 마음이아팠습니다.결국중후반부터는나를펑펑울게만드는..신민아와조정석은참좋은데아직도기분이씁쓸하네요내결혼생활은행복만있길..
10, 그냥 잔잔하면서 사랑스러운...그런영화예요 추천합니다!!
10, 사랑하는 사람과 함께보면 정말 좋을영화!!!
10, 상큼하면서도 가슴따뜻한 로코^^올가을 강추합니다~~~♡
10, 최근에 본 로코 중에 제일 재미있었다
10, 현실적이면서 사랑스러운 이야기네요~두 배우 모두 각자의 캐릭터를 잘 연기해 준거 같아요 영화 너무 재밌어요!!
9, 공감가는 장면도 많고..감정을 강요하지않아서 좋음..예전 여친과의 장면은 좀 어이없었지만.살다가 그럴때도 있겠지 싶기도했음. 배우들의 자연스런연기가 좋아서 가산점 줌. 윤정희씨 발음 좀....ㅡㅡ
8, 조정석의 연기 정말 가슴에 와 닫습니다.~^^ 저와 너무 비슷하고 공감합니다. ㅋㅋㅋ
10, 전 남자친구와 함께 손잡고 정말 보는 내내 서로 마주 웃으며 봤습니다 ^^ 너무 공감도 되고..앞으로 우리가 이룰 가정과 사랑을 생각하며.. 전 너무너무 좋았답니다 예쁘고 사랑스런 영화~결혼전 커플이 같이보면 너무너무 좋을영화 ^^
8, 연애와 결혼의 로망과 현실을 적절히 믹스한 느낌
8, 싱글은 이해하기에 조금 어려울수도 있어서 재미없다고 느낄수있지만난 결혼 8년차 아들둘있는 여자로서 이영화공감 충분히 할수있더라.재미도있고 감동도 있고.근데 첫사랑이랑 관계직전까지는 아닌듯!
7, 가벼운 느낌이 들면서도 신혼 부부의 소소한 그리고 고민 거리들을 괜찮게 담아낸 것 같습니다 신민아와 조정석의 신혼 이야기를 엿보면서 웃기도 하고 눈물도 흘렸네요 조연들의 깨알같은 연기가 많이 부족한 점은 큰 오점이었던 것 같습니다... 그 만큼 주연들이 강하지 못한 부분도 아쉬웠고요...
5, 전작에 감흥이 없네. 나름 시대적 로코를 흉내내지만 굳이 리바이벌 할 필요가 있었을까...
6, 결혼은 현실? 미친짓? 서로의 입장을 한번 더 이해하고 가끔 마음에 안 드는 모습도 사랑으로 감싸려고 한다면 극복할 수 있다는 생각이 든다. 신민아  조정석도 참 사랑스럽고~ 그런데... 다른 로맨틱코미디 영화도 많이 봐서 그런지 이 영화가 그렇게 특별하다는 생각은 들지 않았다.
4, 개그 콘서트나 웃찾사가 훨씬 재밌음.. 시간 아까움.
6, 신민아 때문에 결혼에 대한 환상이 깨지긴커녕 더 커져버렸잖아요. 캐스팅 실패..ㅠ 결혼하고 싶다.
7, 거의 상영시간 내내 상영관에는 침묵만이 흘렀고 간혹 누군가가 왜인지 갑작스럽게 웃는 소리가 들리곤 했다. 그러나 재미가 없지는 않다.
9, 평점이 너무 극단적이라 반신반의 하는 마음으로 관람 했습니다.  꼭 보셔요~ 저 처럼 현실적인 영화 선호하시는 분에게는 최고의 영화가 될거라 생각합니다.
9, 깔끔하고 어여쁘고 사랑스런 영화?...^^ 재미있었어요...나이 많은 사람에겐 추억을 회상케 해주고 결혼전의 사람들껜 꿈을 안겨주고..현재 진행형 부부에겐 사랑하는법을 가르쳐주는 영화라고 할까요?^^ 잼있었어요^----^
2, 낚임 완전 낚임ㅡㅡ같이 보자고한사람에게 미안해죽을뻔한방도 없고 감동도없고 웃음도없고니맛도 네맛도 아닌 맹탕영화보면서 인스타하고 하품하구내시간 내놔
10, 보면서 옛날 생각도 나고... 주인공들의 심리나 상황 등에 공감이 가서 좋았어요. 보기전에 리메이크의 좋은예.. 라는 기사?인지 뭔지를 봤는데 딱 맞는 말인듯해요.
5, 알콩달콩한 신혼을 그린 영화일 줄 알았는데  막장 영화였다. 이성친구와 단둘이 만나고  첫사랑을 만나고  신랑은 심지어 부랄친구라는 여자와 잠자리 직전까지 간다. 이게 현실이라면 결혼 따위는 하고 싶지 않을 만큼 스트레스 유발 영화에  재미도 없다. 뭐 그래도 마지막은 제법 아름답게 그렸더군.
4, TV로 봐도 될 영화
9, 재미있습니다~ 그냥 생각없이 기분좋게 보려면 좋은거 같아요
10, 간만에 웃고 울고 웃고했네요. 내용도 공감되고! 연기도 좋았습니다. 영화 굿!
10, 윤정희씨 오랜만에 스크린에서보니 좋았어요 . 영화내용도 괜찮았음
10, 왠지모르겠지만 보는 내내 울다 웃음. 그냥 자연스럽게 그렇게되고 마는 영화 조정석 신민아 두 배우 연기가 정말 좋다
2, 이영화 돈주고본거 진심 후회됨ㅜㅜ 진심 노잼..지루함ㅠㅠ내용전개도 이상하고..걍 신민아 여신이라고 느껴씀ㅜㅜ
9, 울다가 웃다가....원작을 못보고 봐서그런지 개인적으로 최근본영화중 가장공감가고 재밌었어요ㅋ너무울어서눈이퉁퉁.. 따뜻하고 재밌는영화
9, 간만에 웃고즐기고 생각도 좀했다  다들 연기도 괜찮았고
10, 굿~~~~
1, 평점 정확히줘라 인간들아이걸 돈주고 볼수잇는건지
0, 별로
9, 조정석!
5, 아쉽네요 조정석이라 기대했는데 영화자체가 그닥
6, 원작만은 못하더라.....다음은....마누라 죽이기...???
10, 굿
8, 시간 가는 줄 몰랐어요~
8, 정말 재밋게 봣는데요.ㅎ 조정석 넘 좋아하는뎅 역쉬♥.였고 신민아씨도 귀엽고 상콤햇다능? ㅎㅎ
7, 대부분의 리메이크 작품들처럼 역시 이 작품도 원작을 뛰어넘기에는 역부족이었던 것 같다... 웃음을 유발하기 위한 몇몇 장면도 오히려 부자연스러웠고... 그래도 큰 기대없이 보기에는 무난함...
1, 20년전 추운겨울에 보았던 영화를 추억하러 갔다가 원작을 넘어서는 리메이크는 역시 없다는걸 깨달고 나왔다. 이 재밌던 영화를 이 따위로 망쳐 놓았나....
10, ㅇㅇ
3, 진심 여긴 제대로평점올라오는거같네요조정석연기보러갔는데처음잠깐상큼하고내내지루하고 억지전개..코미디도아니고  별감동도없구요
2, 최진실 박중훈의 나의사랑나의신부 발끝에도 못미친다 수십억 버는 생계곤란 군면제자 조정석도 꼴보기 싫고
8, 평점 낮은건 솔로애들 질투인것 같고솔직히 7점이나8점 되는것 같음막 신나게 웃고 즐길수 있는 영화난 솔직히 재미있게 봤음사랑하는 연인이 있다면 한번쯤 생각하게 하는 영화인것 같습니다산다는게 서로 배려하면서 사는건데다시한번 일깨워 주었네요^^
2, 아...정말 재미없고 지루해서 죽는 줄 알았음...여기 평점보구 믿구 봤는데 완전 대 실망!! 이거볼거면 드라큘라 버세요..던 아깝지 않아요..
9, 조정석짱~~~♡ 간만에 재밌는영화~
5, 진짜기대했는데별로..어렸을때 봤을때는 되게잼난영화였는 리메이크하고 망함 ㅠ
4, 그냥 그랬음다른거 볼걸...
8, 로멘틱코메디는 항상 잼난다~~ 이장르에 반감이 없다면 추천! 무조건적인 결혼장려영화는 아니라는게 의외~ 그래도 알콩달콩 신혼생활은 충분히 잼난다. 신민아는.. 역시!
0, .
5, 영...
10, 자극적이지 않고 일상적인 이야기를 소소하고 담백하게 전하네요 신민아 조정석 연기도 좋았고요~ 근데 자극적이고 스펙타클한 이야기를 좋아하시는 분들에게는 비추에요
2, 자극적이지않은 평범한 내용만이 그나마 볼거리~남주만이 연기력으로 위안을~실망스런영화~
9, 너무 재미나네요. 기대안했다가
2, 특별할 것 없는 일상이야기. 참 재미 없네요. 돈주고 봤다면 속상했겠어요. 시간이 좀 아깝네요!!
6, 쏘쏘
1, 와 진짜 미친듯이재미없다 아주돌아버리겠다  아침드라마보는기분이다
10, 잼 있었어요 끝나는게 아쉬웠어요
0, 별로..
1, 실망이 대박!!!
2, 그닥 별로 였음. 영화보다가 중간에 뛰쳐 나가고 싶을정도로 ;;
4, 그냥 신민아가 이쁘다!!이걸로 끝!!!
1, 기대보다 못했어요~지루한 감도 있구
2, 원작보다못하고기대많이햇는데기대이하90년대에머물러잇는내용2000년대로재해석하지않음
3, 30년차 가정주부가 공감하기엔...오해도 잘하고 풀기도 금밤 잘 풀리는것이전혀 와닿지않는다하품만 잔뜩하다가 나왔다는...다만 오래된(?) 연인들이 보면생각이 좀 많을거 같아서아들보고 여친델꾸 보러가라해서지금 갔는데...갸들 이야기가 궁금하네ㅎ
1, 재미없네요..
10, 공감가는영화신민아이쁘다
10, 너무 좋은영호ㅓ
1, 내용이 뚝뚝 끊기고몇몇 웃기긴하나 ㅜㅜ원작만 못함
5, 기대치보다는 못하네요. 신민아  조정석씨 나온다고 나름 기대를 많이 했는데... 그냥 소소했습니다.
10, 자극적이지 않고 담백하면서 소소한 웃음을 주는 영화
10, 1년차 신혼으로서 많이 공감갔어요
6, 원작이 재미있어서 약간 걱정했었는데  잘 리메이크 된 것 같아요~ 신민아의 사랑스러움이 돋보이는 영화네요.
4, 제 점수는 ~??
10, 솔직히재미는없어요..그러나..마음에와닿는현실감있는영화네요..영화보고한번쯤돌아보는계기가되었습니다.옆에있는내마누라에게..혹은..내서방님에게..혹은..내애인에게..오늘한번..연애시절로돌아가데이트신청해보라는마음을준듯한영화입니다.^^
0, 보다가 지루해서 나왔다. 이렇게 재미없는 영환 처음. 0점두 아깝다
0, 이게 영화라고 내가본 영화중에  중간에 자고 나온 최초에 영화 차 라리 짜장면 한 그릇 먹고 말지 으ㅡㅡㅡㅡㅡㅡ 짜증나 ..
10, 남자친구랑 봤는데 재밌었음ㅎ현실감있어서 몰입도 좋았고ㅎ다만 윤정희는 진짜 미스 캐스팅ㅋ영화보고 하루종일 남친이랑 영화얘기했는데ㅋ영화보고 느낀점은..결혼하지 말아야겠다;;
10, 여자친구와 정말 재미있게 봤습니다. 알콩달콩 귀엽더군요~
1, 알바왜케많아? 조정석 빤스랑 라미란이랑 그 대머리친구 밖에 웃긴거없드만ㅋ 경쟁작이없어서 그나마 선전하는거지ㅋㅋㅋ 진짜 지겨운영화였음니당
3, 너무 재미 없음 하품만 나왔음..
10, 오래된 여자친구랑 헤어지고 혼자가서 봤는데...잔잔하네요..여자의 첫사랑은 첫남자친구가 아닌 지금 남자친구의 처음모습이라는 말..아직도 기억나네요
1, 재미없다 조정석 ㅅㅂ내복 내복내복내복만 생각남
1, ...음....
10, 5년연애후 결혼을 앞뒀는데 준비과정에서부터 서로 잘안다고 생각했던게 착각이었고 각자가 외로운 시간을 보내고있었다는 것을 알게 되어 더 공감이 가더라구요. 오늘은 혼자보고왔지만 우리의 이야기가 될것같아서  전 남자친구에게 같이 한번 더보러가자고 했어요^^
0, 연기어색 몰입감 떨어짐 중간에 나올려다가 남친때매 미안해서 꾹참고봄
3, 졸 잼없음.... 중반이후 좀 잔듯;;;
1, 진짜 재미없습니다!!!! 중간에 나오고 싶은거 꾹 참고 보느라    예매율 1위라는게 믿기지 않네요
4, 졸잼없다.역시 신민아는 영화계 미스터리 하는거마다.물말아드시는데도 또나오고 또나오고 막나오고 신기함!
10, 굿"~~~
4, 영화보러 꾸미고 나가지말고 그냥 집에서 티비나 볼껄 후회한 영화/ 라미란님만 기억됨  아쥬 평범함 /웃음도 / 감동도 밋밋함 ㅋ
0, 재미없다 평점주는사람들 노이해
4, 기대도 별로 없이 봤지만...중간에 나왔습니다.올해 본 영화중 최하위권 주고 싶네요.너무 지루했어요..
8, 우리 일상생활을 잘 묘사 한것 같아요
8, 현실적인커플처럼 초기엔 정말달달했다가 오래사귀면서 익숙해지는 정말공감하고 재밌었던거같아요ㅋㅋㅋ 믿고보는 조정석!!너무웃겨요ㅋㅋㅋㅋ 라미란씨도ㅋㅋㅋㅋ가볍게 웃고재밌는영화입니다!!
10, 사랑스런 영화네요~~다들 행복하세요ㅎㅎ
6, 함께였기에 느낄 수 있었던 그 감정
10, 웃다가 울다가 했네요. 기대이상입니다.
10, 신혼시절이 생각나게 해준 즐거운 영화조정석 신민아의 케미는 기대 이상
9, 아기자기하고 일상생활에 있을법한 영화 좋아하는데 재미있었어요^^ 감동도 있고 연기도 좋았고.. 주변에 있는 사람들을 다시 돌아보게 되네요ㅎㅎㅎ
7, 담백한 리메이크 ~ (두 주연배우 딱히 기대안하고....갔는데) 와이프랑 봤는데  달달 감동 괜찮았습니다^^  신민아는 거의 기대 안했는데...이런 로코에는 잘 어울리네요
4, 기대했는데너무실망이었어요 영화흐름도 계속끊기구보면서 내내 안타까운영화였네요
10, 감동적임
5, 주인아줌마 재밌어서 추가2점드립니다. 우리결혼했어요보다 재미없었음.  재밌다고 보러가자고 한 남편에게 미안했음. 역시 처녀총각이 부부를 연기한다는건 한계가 있는건지.그냥 코미디라고 하는게 더 낫지 않을지.첨단시대를 살아가는데 부부끼리는 카톡이나 소통이 없는지. 보면서 좀 답답한 느낌. 납득이 안감ㅋㅋㅋ
1, 15분만 간간한 웃음 그후는 걍 잘 잠
10, 재밌게 봤어요 조정석 연기 너무 좋아요~
4, 보면서.......잘까라는 생각이 날 정도로....그냥 와이프 쇼핑이나 따라다닐걸...괜히 혼자 본다고 우긴...후회했음..
10, 굿
10, 조미료없이 건새우 갈아 만든 영화!깔끔하고 담백해서 시간 지난 후에도 생각날 것 같아요.
4, 진짜 재미없음 에피소드마다 약간의 웃음을 주는것도 있지만... 배우들은 연기잘하고 신민아는 예쁜데 그게 다다
10, 남자들만 나오고  잔인한 영화 보는 일에 질렸다면! 지금 당장 극장으로 가서 나사나신을 예매하시면 될 것 같다!
10, 각 챕터를 정해서 주제를 엮는 방식이 마음에 든다.. 극장에서 집중을 잘 못하는 편인데 에피소드로 엮으니 생각보다 집중이 잘 되었고  주제에 맞는 이야기들이 흥미를 끈다.
10, 소소하고 특별한 사건없이 진행되는 영화이지만. 그렇기에 우리삶 가까이를 보여주고 있는 영화라서 더 좋다. 보기 편하고 더할나위 없이 안락한 느낌의 영화이다.
6, 살짝 기대하고 보긴했는데..실망.. 예고편만 보고 끝내는게 나을듯해요~ 아님 CGV채널에 나올때까지 기다리고 보는걸 추천합니다ㅠ 가벼운 맘으로 보긴했으나 너무 가벼운 영화
10, 망가져도 예쁜 신민아! 이보다 더 사랑스러울 수는 없다!
10, 연애하고 싶고 결혼하고 싶게 만드는 영화....... 인데 나는 아무도 없고..ㅋㅋㅋㅋㅋㅋㅋㅋ 그정도로 예쁘고 아기자기한 영화입니다!
10, 조정석만 보러 가셔도 정말 후회하지 않으실 겁니다.ㅋㅋㅋㅋㅋㅋㅋㅋㅋ 진짜 재밌음!
10, 결혼하기 전에 보면 공감 폭발할듯 ㅋㅋㅋ
10, 조정석 ㅠㅠㅠ 완전 귀엽고 멋있고 난리남
0, 단막극보다도 더재미없어서 돈이넘아까워 ㅠ이런걸왜만드는지  내가안보면되지ㅠ
3, 내용이 툭툭 끊어지고 지루했음.
2, 스토리도 별로 구성도 별로 연기도 별로. 리메이크라더니 새로울것도 더나아진것도 하나도 없었다고 생각한다. 그리고 두배우들 사이의 캐미도 제로. 서로 사랑한단 느낌이 영화보는 내내 느껴지지 않았다.
10, 결혼한지 한달된 신혼부부에요♥ 영화평은 태어나첨써보는데 진짜 넘 감동적이구 재밌게 봤습니다~~ 펑펑 울었다는ㅎㅎ 신혼부부님들에게 강추해요♥♥^^^^^
5, 정말 재밌는 로코를 기대했는데.. 생각보다 지루해서 실망스러웠어요..물론 배우들이야 귀엽고 사랑스럽죠.. 스토리도 무난한편이구요 근데 지루했어요..예고편과는 다른....
10, 현실적인 스토리너무좋았어요. 연인끼리보기추천추천-
1, 너무 지루하고  좋은배우데려다  왜  저랬을까스토리 완전  별루
9, 내복내복내복내복내복!!
1, 와... 진짜 간만에 지루한 영화 제대로 본 듯.. 신민아 조정석 계속 티격태격하는 소리에 짜증까지 나고 스토리는 왜이렇게 진부하고 유치한지... 옛날영화를 리메이크해서 그런지 너무 옛날 영화 보고 있는 듯한 느낌이 들어서 솔직히 돈 아까웠습니다. 같이 본 남자친구도 제가 보자고 한거여서 애써 재밌었다고...휴우
10, 생각보다 재밌어서 10점 드립니다~ 가족끼리 연인끼리 누구랑 봐도 좋을만한 영화입니다. 간만에 극장에서 정말 재밌게봤습니다. 내용도 감동적인 부분도 많아서 킬링타임용 영화라는 생각은 아닙니다~ 다같이 봅시다~ 추천~
10, 넘넘 잼났어요 신민아는 넘 이쁘고 조정석은 연기잘하구 ㅎㅎ 또보고싶음
5, 정말 조정석  신민아 연기가 맘에들어 이 점수 준다ㅠ 맘을 비우고 보는 영화ㅠㅡㅠ
7, 결혼생활 10년이 넘은 이시점에서 우연히 제목만보고 선택하게된 영화~! 간단한 코믹물일꺼라 생각하고 보기엔 생각을  많이 하게한 영화이다~!  사랑그리고 결혼을 해본사람이라면 한번쯤은 공감이 될만한 영화~!
7, 원작을 넘어서기는 여러모로 어려웠지만 우려했던 캐스팅은 기대 이상의 시너지 효과를 보여주면서 전체적으로 유쾌하고 건강했던 무난한 리메이크 작품으로 기억될것 같다!
1, 재미있다는 평이 많아서 봐야지~했는데..역시. 알바들은 복사한 수만큼 수당을 받는 건가?  왜들 이런가?
1, 이걸 왜보냐....
1, 재미없다. 우리나라 영화계 드라마로도 별로일 스타일로 이렇게 돈낭비하는거 탄식스러움.  신민아 연기못하진않고 조정석 내복 막벗는씬만 웃겼음. 원작의 유명한 자장면 장면을 너무 재미없게 처리했음.
9, 재밌어요 ! 그런데 남자주인공 똥차인듯... 저런남자 만나기 싫음
0, 신혼생활의 공감가는 요소말곤 드라마가 무엇을 말하고자 하는지 기승전결이 명확하지 않으며 갈등의 고조가 왜 생기는지 공감이 되지 않는다. 첫사랑은 왜?...결말도 그렇고 기획의도가 궁금하다. 조정석의 열연에 5점주고 싶으나 알바가 너무 많은 것 같아서 0점 준다.
3, 포인트가 넘 없다.. 드라마보는것보다도 재미없는 영화였음
9, 귀여운 영화! 가볍게 웃고 보기에 좋은 내용입니다~
9, 옛날  버전도 재밌게 봤는데 신세대 버전도  꽤 재미 있네요결혼한 부부들에게 강추합니나^^
4, 20 년전 보았던 나의 사랑 나의 신부의 재탕.. 보다가 졸고...딱히...
10, 오랫만에 볼만했던 로코영화였음. 조미료 안뿌린 잔잔한 로코영화... 전 재밌게봤어요.
5, 몇가지 공감대를 형성한것말곤 너무 많은것을 놓쳤다.
4, 아쉽지만 원작이 더 잼있었던것 같네요~
9, 0점 주시거나 1점주는분들 너무하네요. 솔찍히 이론 영화에서 진한 감동이나 교훈을 바라는거 자체가 이영화에 대한 평가를 이상하게 했다 생각합니다.잔잔한 감동도 있고 재미도 있는 최근에 본 영화중에 잘 만든 영화중 하나라고 생각합니다.실제 신혼부부에게 일어날만한 이야기 재미있게 보았습니다.
10, 러브리 신민아  어리버리 조정석. 최근에 본 영화중에서 제일 재미있었어요.
0, 재미없어요 ㅠㅠ
10, 우리 신랑이랑 보니까 함께 겪었던 이야기라웃음과 눈물이났습니다 재밌네요
10, 한 번 더보고싶을정도로 진짜 짱 재밌음
1, 밋밋하군..조조로 보고도 돈아깝긴 오랫만인 영화.ㅠ
1, 완젼 돈 아까움 알바들말에 속지마셈
6, 박중훈  최진실의 영화가 훨씬 더 재미있고  엽기적이었던듯. 이번영화는 넘 평범.... 신민아.. 연기는 언제나 그 자리에...
5, 타임킬링용으로좋아요^^시간은잘가요~감동이나내용이없다는게쫌아쉬워요~~딱5점인거같아요~~
1, 유치찬란로맨스...
10, 예비 신랑인데 공감되는 부분도 많고조정석님 연기랑 신민아님 연기가맛깔나 시간 가는줄 모르고 봤습니다재미있었어요~^^
2, 대박이란 기사보고 갔다가  대박 후회했슴 남주  찌질한 캐릭터 실망..지루.. 끝부분에 자다 나왔네요..
10, 아무기대도 아무 정보도 없이 봤습니다.. 정말.. 간만에 아무생각없이 웃고 울고 떠들고 이야기한 영화였습니다. 소소하지만 평범한 영화였습니다.. 저렇게 소소하고 평범했으면 하는 마음을 가득 안고 여운이 계속 남네요..
7, 유치하고 진부할진 몰라도 현실적인 것에선 가슴아프고 매료되어질 수 밖에 없는듯한...
10, 여자친구랑 보고왔습니다. ㅋ 여친이 엄청 좋아하네요. 저도 잼있게 봤습니다. 커플들에게 추천합니다. 가을에 딱 어울리는 영화네요.
10, 강추. 재밌습니다. 슬로우비디오가 9점이란 사람 웃기다. 밑에진짜. 내가 슬로우비디오도 보고  제보자  나의사랑 나의신분까지 다 봤는데. 나의사랑 나의신부가 가장 잼있다. 제보자도 재밌고  슬로우비디오는 그냥 그랬고. ㅋ
10, 재밌어요.ㅋ. 본래 로맨스 안좋아하는데  건축학개론이랑  나의사랑 나의신부는 볼만하네요.  0점주는놈들은 댓글테러단인가? 전부다 재밌다고 하는데. 진짜 영화보기는 봤니??
3, 조정석 코벌렁거리며 한숨쉬는듯한 호흡좀하지마라.깔끔하게 호흡정리좀 해라진짜 그닥인 영화
10, 일상스런 내용과 배우들의 조화에 즐겁게 봤습니다^^! 무엇보다 조배우님 팬이여서 개봉 전부터 기대를 했었는데 기대 이상입니다♥♥♥
10, 유쾌하면서도 잔잔한 로코영화였네요. 공감가는 내용이 많아서 전 재밌게 봤어요ㅋㅋ
7, 리메이크라기보다는 리캐스팅에 가까운 대다가 한국 로맨틱 코미디의 공식화된 플롯과 클리셰등을 답습하고 있긴 했지만  조정석씨의 능청스러운 코믹 연기 덕분에 꽤 즐겁게 관람할 수 있었던 <나의 사랑 나의 신부>였네요. ^^
3, 일상적인 이야기인 싸우면서 정든다는 말하는 영화인데재미도 감동도 그어느것도 없었음
3, Tv드라마가 더 재밌을 듯...넘 기대했나...넘 진부하고 상투적인 내용만 빼곡...
0, 감동도 없고.재미도 없고.억지억지...자연스런 흔한일이라면서 왜 억지설정으로 느껴지지? 연인들이나 미혼.기혼들 꼭 봐야할 영화는 비긴어게인과 슬로비디오다.비긴은 9점.슬로는 8.5
10, 남자친구랑 봤는데 너무 공감되는 내용이 많았던. ㅋㅋ 재밌게 잘봤습니다~ 조정석씨의 연기도 너무 잘 몰입되고 ㅋㅋㅋ
10, 원작을 보긴 했는데 너무 오래전이라 기억도 잘 나지 않고 그냥 새 영화 보는것 같았어요. 재밌더라구요. 조정석 연기 너무 좋았고 신민아씨는 사랑스러운 미영이 그 자체였습니다 ^^ 은은한 웃음. 은은한 가슴시림. 은은한 감동이 있어서 억지 웃음코드를 남발하는 영화들보다 더 좋았습니다.
6, 초반에 정말 많이 웃었는데   뒤로 갈수록 사랑의 진정성을 다루다보니  웃음기 쫙뺀 다소 지루함이 있었네요.. 연인 부부가 공감대 형성을 위해 보기엔 괜찮을 수도 있지만재미만을 추구한다면 확 와닿진 않습니다.  어쨌든 두 주연배우는 참 매력있습니다^^
8, 나름 결혼전 보기에 웃기기도 하고 조심해야 할부분도 다시 한번 알게해준 영화
10, 고등학생 딸아이와 함께봤는데~어린 딸로서는 영화의 대화내용이라던지 스토리 자체를 이해를 못 하는 부분도 있다고 하지만 제가 본 이 영화는 결혼한 여자들에게는 크게 공감가는 부분들도 많은듯 생각해요 나의 결혼생활을 엿본듯한 그런 영화~~웃음과 감동이 함께라 나도 모르게 눈물나게 만든 영화였어요
1, 배우가 아까운 영화지루하고
2, 신민아 하면 쓰레기 영화의 대명사 아닌감
10, 기대없이 봤는데 변호인 이후 젤 재밌는 영화 ㅋㅋ 결혼이나 동거 해본 경험이 없는 남녀에겐 덜 재밌을 듯 남녀가 함께 살며 알콩달콩 지지고 뽂는 재미를 완벽히 표현. 감초 배성우 너무 웃겨 ㅋ
7, 볼게 없어서 봤던 만큼. 킬링 타임용  .
8, 영화내용도 좋았지만 난 엉뚱하게 신민아 피부만 보이더라...쫀득쫀득 광채가 나는데...화장품모델이라서 그런지...피부가 장난아님..
10, 최근들어  본 영화중. . 과장도 없고 평범한 우리내 삶을 그대로  보여주면서  잔잔한 감동과  저절로 웃게 만드는 영화였습니다.  보고 나온 후 가족들이 생각났습니다. 행복함을 느끼게 해주는 영화였습니다.
3, 각자보고 판단하시길...지루했음 --^신민아나오는건 보는게 아니었는데..
10, 억지나 강요가 아닌 공감에서 오는 웃음과 눈물.  내내 웃다가 울다가  찡한데 웃음은 떠나지 않는 신기한 영화.   영화에 현실감과 설득력을 더해주는 조정석의 연기  자연스럽게 몰입되던 신민아 그리고 소비되는 조연이 아닌 연기다운 연기를 보여주는 조연진들까지.   모든게 자연스럽고 안정감있으며 사랑스럽다.
10, 보면 결혼하고 싶을거임 ㅠㅠ
8, 오리지널을 안봐도 될  새로운 취향의 신혼부부 이야기 참 달콤하다
4, 원작보다 못미치는 리메이크  박중훈 최진실보다 어울리지 않는 조정석과 신민아. 그냥 재미가 없다
10, 아이디클릭-관람후 7 0 0 편 관람전10편-(알바아니라는증거임ㅎ)유쾌하고 재미남니다 ㅎㅎㅎ 추천함니다 ㅎㅎㅎㅎㅎㅎㅎㅎㅎㅎㅎㅎㅎㅎㅎㅎㅎㅎㅎㅎ
9, 기대했던 것보다 좋아요!
8, 10/9 일  심야 마지막 타임 영화 보고 왔습니다   결혼 10년차   마눌이 중간중간 울더라구요    동감되는게 많은지 미영이 아파 병원갈때가 제일 가슴 아프더라구요   제가 그래서 인가 마눌한테 미안하게    부부끼리 옛기억 하며 부담없이 볼만 한거 같네요  
8, 유쾌한 로맨틱코미디 영화. 원작보다 더 재미있고 잘 만들어진것 같아요. 연애중이여서 그런지 공감가는 이야기가 많았다는 ㅎ 근데 신민아 노래부르는 장면은 기대 이하였네요. 이 장면만은 원작 최진실 장면이 훨씬 나은듯 해요. 마무리가 좀 급한 느낌이 있지만  캐스팅 좋았고 재미있게 봤습니다. "아~ 씨방 내복!!"ㅋ
10, 결혼 1년차 신혼부부로서 신랑과 너무 재미있게 봤습니다. 백프로 공감이라고 할순 없지만 저럴수도 있겠다~라 생각하면서 보고 나와서도 너무 재미있었다고 함께 즐거워했습니다~ 게다가 임신중이라 잔잔하고~ 너무 즐거운 시간이었어요~~
6, 그냥 명절용 영화... 극장에서 관람할만큼은 아님
3, 로맨틱코미디 좋아하는 편인데   이 영화는 정말정말 지루하고 재미없었던것 같다.. 딱히 웃기거나 감동스럽지도 않았고 야하거나 스토리가 재미있지도 않았던듯.. 최근 본 로코중 암튼 최고로 재미없었던..배우들 연기는 괜찮았지만 너무도 뻔한 흐름이랄까.. 이도저도 아닌 재미없는 드라마한편 본 느낌..
10, 로코 영화라서 웃고 즐기고 온다는 생각으로 보러갔는데  생각지도 않게 눈물이 많이 났었던... 재밌게 보고 왔네요.
4, 이해안가는부분이많았음... 그다지재미없음....
10, 빵빵 터지네요 !! 저는 재미있게 관람했네요^^
5, 원작을 본 나로서는 뭔가 아쉬움이 남네요.  최진실과 박중훈 은 정말 잘 어울렸는데 신민아 조정석 커플은 뭔가 어색하네요.  원작을 다시 한번 보고 싶네요.
7, 행복하긴 한데... 조금 심심해지는 영화. 후반은 지나친 신파...
10, 어제 보고 왔습니다~ 오랫만에 실컷 웃기도 하고. 잔잔하면서도 공감되고. 웃다가 눈물도 찔끔. 괜찮았어요~
8, 웃음이  나오는  그런 영화네요.  요즘 무거운 주제를 다룬 영화가 많이 있지만   한번쯤 웃음을 주는 영화임에  틀림없습니다.  큰 감동을 기대한다면 비추 이지만   웃으며 가볍게 볼 수 있는 영화로서는  괜찮습니다.
10, 강추!!!!
5, 그냥그럼.. 갈수록 지루 ㅜㅜ   조정석과 신민아 조합이 별로였음
10, 오랜만에 친구들과 봤는데 넘 재밌었어요! 공감가는 부분도 많고 ㅋㅋ 박중훈과 최진실이 생각나지 않을 정도로 조정석과 신민아가 잘해준 거 같아요! 조연 배우분들의 깨알 유머도 졸잼 ㅎ
10, 별로 땡기는 영화 없어서 뭐볼까하고 봤는데  너무너무너무 재밌었습니다 ㅠㅠ
10, 유쾌하고 마음이 따뜻해지는 영화입니다. 사랑해 미영! 신민아 넘 예쁘고 사랑스럽게 나오네요ㅎㅎ
10, 애인과 즐겁게 보고 왔습니다! 추천합니다. ^^
10, 두 배우의 케미가 돋보이는 영화예요. 강츄합니다!! ♥
10, ㅎㅎㅎ 중간 중간 계속 웃었네요 ㅋ 빵빵 터지는 깨알같은 재미가 있어요 ㅋㅋㅋㅋ
10, 오랜만에 유쾌하고 재밌는 영화를 봤네요. 연기 최고!!!
10, 사랑스럽고 사랑스러운 영화! 누구나 공감갈듯..연애 하고 싶다~사랑하고 싶다~ 연애세포발생영화인듯!ㅎ
10, 결혼한 신혼부부 인 저로써는 정말 공감되는것이 많았던영화입니다. 조정석씨 눈빛과 연기 너무너무좋습니다.~
10, 결혼을 앞두고 봐서 그런지 현실적~ 공감이 팍팍 되는 영화였어요. 재미와 감동이 잘 버무려져서 처음부터 끝까지 몰입해서 봤네요^^ 오랜만에 참 잘 선택했다 싶은 영화!
9, 상당히 균형잡힌 영화었어요.  웃음과 공감이 다 좋았던. 웃다가 또 생각보다 많이 울었어요. 조정석  연기 좋았고 신민아도 생각보다 좋았어요. 라미란씨랑 조연분들 ㅋㅋㅋ 귀여우심.
6, 어제 한글날이라 여친이랑봤는데.. 기대이하.. 웃음은 조금있었는데.. 큰감동이나스케일등등 그다지 .. 해적잼없다는애들은  설마 이거보고 잼있다고 평가한애들있냐? 요즘 알바들쩌는가?  잼이나 액션은 명량보다 해적을 훨씬잼있게봤는데..유해진넘웃껴ㅎㅎ감초연기ㅎㅎ  조정석.신민아 어울려ㅎㅎ근데 생각보단 6점줘요
3, 죄송합니다.cgv rvip이구요..1위여서 어제 밥먹고 누가 보여줘서 이거보자해서 갔는데 ..내아내의모든것에 견주어 3분의1도 안 재밌고 로맨틱하지도않고슬프지도않고 좀 그렇네요.4년간 보다가 중간에나가고싶었던적은이런장르류는첨이네요.디스는아니구요.그래도볼려고간거였는데잼없고조정석배역이안어울리네요콧구멍만보이고 비추천합니다
10, 재미있게 봤습니다... 추천합니다... 아~~ 신민아 너무 이뻐~~!!
10, 너무 재미짐ㅋㅋ 캐미돋음
10, 시사회로도 먼저 봤었는데  개봉하고 또 보고옴! 다시 봐도 재밌음!
10, 캐달달!!!! 휴일에 보기 딱이었음
7, 간만에 재밌는 영화네요~ ^^ 눈물나는 장면도 있고 - 꼭 대박나세요!~
10, 오랜만에 즐거운 영화 한편 봤네요
10, 가슴 따뜻해지는 영화!!! 영화보는 중간중간 나도 모르게 남편얼굴을 쳐다봤네요..좀더 잘해줘야겠다는 생각도..ㅎㅎ 결혼한지 좀되는 커플이 함께보면 더욱 좋을 영화같아요..
10, 휴일이 행복했던 이유가 된 영화  웃고 우느라 이 영화왜 벌써 끝이야 아쉬웠던ᆢ울 신랑 이거 니가 작가한테 제보했냐?할정도로 현실적대사가 공감팍팍!!  로코는 여자나 좋아하지 난 잘꺼야라던 신랑도 키드키득 웃으며 끝까지 말똥 보게만들었음 뭐  대박이지
10, 엔딩크레딧이 올라갈때면 사랑하는 사람에게 사랑한다고 말하고 싶어지는 영화!
10, 신혼 6개월인 우리 부부에게도 보이는 공통점이 많았어요~공감율 99% 영화보면서 마음에 찔린 장면도 많았구요~돌아오는 길에 아내랑 많은 이야기를 했네요~영화보고 우리 부부의 모습을 한 번 돌아보며 대화했네요~연인과 부부가 많이 봤음하는 영화네요~^^
10, 빵빵터져 웃다가... 울컥하며 눈물나게하는너무너무 사랑스럽고 따스한 영화!! 기교부리지 않는 담백하고 소소한 재미를 주는 영화가 너무 오랫만이라 많이 행복했습니다.조정석 신민아의 러블리한 케미는 올해 건진 최고의 수확!!
10, 저두 결혼한지 2년가까이 되어가는데..영화보는 내내 많이 공감했습니다..부부혹은 결혼을 앞둔 연인들에게 추천합니다^^
9, 군더더기 없이 깔끔하고 재밌네요 ㅎㅎ특히 시인 할아버지 장면 감동 ㅜㅜ
9, 현실적인 달달한 신혼부부 이야기에 몰입되어 재미있게 잘 보았습니다.
10, 너무 좋아요!!!
7, 원작과는 또다른 알콩달콩한 재미가 있었다. 원작과 비교를 하면서 보는 즐거움.
9, 굿굿^^
7, 현실적이면서 잔잔하게 볼만합니다.
7, 아이고 이 귀여운 커플을 어찌할 꼬~~  팡~~~ 터지는 클라이막스는 없다. 잔잔하고 코믹하고  코끝이 찡해지기도 하고~~ 달고  시고  쓰고  우리네 일상 모습 그대로.  그나저나 조정석은 왜이리 연기를 잘 하는거지? 신민아는 왜이리 예쁜거지? ^^
9, 아 ㅋ 리메이크 작품이였군요 원작은 제가 안봐서 모르겠고  아무튼 관람을 했는데 정말 재미있습니다 시간가는줄 모르고 봤네요 너무 과하거나 무리수를 둔 장면도 없고 정말 많이 웃을수있는 영화 그리고 달콤하고 케미폭팔 영화 로맨스 영화를 좋아하진 않지만 이건 정말 너무 잘하네요  조정석씨가 정말 연기를 잘함ㅋ
10, 재밌게 봤어용ㅎㅎ
10, 덕분에 행복한 휴일이였습니다! 맨끝자막에 고최진실감사인사자막이 나오던데  엔딩자막끝날때까지 여러분들도 엔딩곡감상하시길♡ 빨리음원이나왔으면좋겠네요 엔딩곡도대박♡ 어쩜 러닝타임이 길면서도 더 길었으면 좋겠다는생각이들었음 차라리 이대로 영원히 안 끝났으면 좋겠다는영화! 모두 또봅시다!
7, 저도 편안하게 잘 봤습니다.
10, 편안하게 웃으면서 보기좋은 로코물같아요 재밌게 봤어요
10, 저는 재미있게 봤습니다~~공감했던 부분도 많았구요~^^
9, 그냥 편안한 느낌 입니다
10, 과격하거나 억지스럽게 웃음을 강요하지 않고 큭큭대며 웃게 만드는 유모어 코드가 참 좋았다.   각 에피소드마다 가슴이 따듯했다. 능청스런 배우와 야무진 배우가 잘 어울렸다. 신민아배우에게는 이 영화가 특별한 의미가 될것 같다는 생각이 든다. 이만한 영화 드물다 싶게 좋았다.
7, 진짜 결혼하면 그럴 거 같다는 느낌이 드는 영화였습니다^^ 각 주제별로 나눠서 보여주는 것도 좋은 거 같네요~
5, 기대했던 것보다 재미 없었어요. 여주인공 연기도 별로고 너무 뚱뚱하게 나오더군요. 이야기를 너무 지루하게 풀어간 것 같아서 아쉬웠네요.
10, 오랜만에 윤정희씨나온다해서 보러갔는데 재밌네요 .
7, 원작을 기억하고 있는 나는 기대에 못 미친다 생각이 들었고 처음 접하는 아내는 재밌다고 했다.영화내내 큰 임팩트가 없어 좀 아쉽다는 생각이 든다.그냥 소소한 이야기를 생각한다면 괜찮을 듯.
9, 상큼하고 발랄한 영화 입니다. 대단한 큰 스토리 없이도 지루하지 않고 재미나게 봤습니다.
10, MSG로 가득한 공식적 로코를 벗어나 유기농 웃음과 여운을 주는 영화  그저 사랑스럽다. 결혼이란 결국 이들처럼 서로를 품어주면서 성숙해가는 과정이 아닐까?
9, 내일보는데완전기대돼요
7, 남친이나 썸남이랑 보면 결혼이 싫어지게 될듯..... 솔직히 커플이 편하게 보기 좋은 영화는 아님. 요즘 현실에 약간의 허구를 보태서 잘 풀어낸 영화. 중간에 시 이야기로 늘어지는 느낌이 아쉽다.
10, 기대됩니다~~!!
10, 배우로서 신민아 다시봄  조정석은 여전히 연기 굿. 휴일 연인과 함께하기에 좋은영화
9, 편안하게 주말 즐기기에는 딱 좋음 ㅎㅎㅎ 기대했던거보다 저 잼남 ㅎㅎ
3, 고 최진실이 생각나네요.리메이크 보다 원작이 더 보고싶은 영화.차라리 원작이 재개봉하면 더 인기 많을거 같아요
10, 눈물이 나도 모르게 뚝~신혼부부들에게 강추~
7, 신민아의 편안한 연기가 좋네요!!
8, 최진실  박중훈씨의  원작만큼  재미있을까   기대가 됩니다. 조정석  신민아씨만의  다른매력이 있겠지요
8, 어제 에나벨 보려다가 시간이 안맞아서 이거 봤는데 볼만했음 특히 오래된 연인들이나 부부들이 보면 나름 감동받을수있을것임
9, 코믹을 기대하고 영화를 본다면 내용이 심심할수도 있겠지만. 지극히 현실적이고 공감할 수 있는 내용이었어요 보통의 연애후에 결혼하고  결혼후 찾아오는 위기를 극복하고 진정한 사랑을  깨닫고 어찌보면 뻔한듯하지만 그래도 애틋하고 감동적이었어요 잘 봤어요  신민아 조정석 둘다 사랑스러움
1, 정말 재미없었네요.. 그리고.. 어린 자녀들이랑 볼 영화는 아니네요.. 내가 웬만하면 한국영화 좋아해서 잼 없다고 안하는데.. 간만에 끝나는 시간 체크한 영화네요..
9, 신민아씨 연기 정말 좋았어요~이뻐 보일려고 하는거 하나없고  화장기 거의없이 머리 질끈 묶어는데도 넘 이뻐서 보는 내내 이뿌다 소리 달고있었네요~미영에 빠진듯한 연기 잘봤습니다^^조정석씨랑 결혼하시면 안될까요? ㅎ
1, 아마도 올해 개봉된 한국영화 가운데 최악으로 인정함. 영화보면서 이렇게 지루해보기는 처음이었음.
9, 신민아.조정석 케미 진짜진짜 쵝오!!신민아 아님 절케 사랑스럽게 연기 못할듯~지극히 현실적인 영화지만 감동.재미.주연배우 케미로 절로 미소가..ㅎ 넘흐 잼나게 잘봤습니당^^
1, 보다 지쳐 잠들었다..
10, 공감되요~~~^^
1, 머냐   지금 감성하곤 맞지가 않는다.
10, 굳굳 솔직히 배우보고 봤는데 생각외로 완전재밌었네요 오랜만에 재밌고 따뜻한 영화봐서 좋았어요강추
3, 지루하구..ㅠ
10, 한편의 드라마를 본 느낌!! 기대안하고 봤는데 좋았어요  재미있게 잘 봤습니다~
10, ㅎㅎㅎ
10, 웃다 울다하며 사랑에 대해 생각해보게하는 영화너무 무겁지도 가볍지도 않은 분위기로 참 괜찮은 영화였어요^^
3, 잼 없음. 조정석씨는 연기 잘하네요
1, 천하에이렇게 재미없는영화 첨봄
7, 뻔한스토리지만 조정석연기좋았어여 ~기분좋게봤어여ㅋ
7, 음.... 별로 재미는없네요1시간50분이 너무길게느껴졌어요조정석씨 연기는 좋아요... ㅎ신민아씨는 좀...연기보단 미모만 신경쓰는...20대 초반이 보면 좀공감될려나...30대초반 아줌마가 봤을땐유치하게 왜저런데... 이런스토리임예고편이 다네요ㅜ웃기지도않아요차라리 코믹이 조금들어갔음 더 나았을껄.....
9, 로맨스코밐물로는 극추천입니다.에피소드별로 얘기를 끌고 가면서도 얘기들이 퍼즐 조각처럼 연결돼있네요.요즘 현실에 딱 맞게 리메이커한 점 높이 삽니다.너무나 생생한 현실 반영이었어요.사랑을 너무 잘 표현했더군요.조연분들 자기 캐릭터 확실하게 잡아주니 영화가 더 실감나고 빛났어요.깨알 재미가 솔~~솔~~
5, 기대를 많이 한건 아닌데 전 별루였네요~오히려 원작이 훨씬 좋았던듯~
10, 잘보았어요
8, 시대가 바뀌면 사랑도 바뀌는 줄 알았지? 천만의 말씀! 이명세 감독의 원작만큼은 아니지만 원작의 느낌을 그대로 살린 작품. 오리지날과 리메이크를 비교해봐야 하는 이유는 충분합니다. 다만 원작의 아기자기함이 없다는게 아쉽군요.
1, 지루하고 잼없어요ㅠ
10, 조정석 연기 느무 자연스럽고 좋아요!! 연인들 보면 맘 따뜻해지는영화
10, 영화 지루할 틈 없으며 조정석 신민아 케미 생각외로 좋습니다. 가볍게 볼만 한 영화 입니다.
7, 가볍게 재밌게 볼수 있는 영화입니다. 그러나 여주인공의 연기는 비추천입니다.
10, 완존 대박 배잡고 웃다가 눈에선 눈물이 줄줄 첫사랑 연애했던때  신혼때 다 생각남 건축학개론 보다 더 재미있음 조정석ㅋㅋ연기 진짜 너무 잘함 신민아도 잘하고 너무이쁨 둘이 푸들 강아지들 같음
7, 음..연인간의 로맨틱코미디를 기대햇는데 부부의 결혼생활을 보여주는 영화네요..나름 잔잔한 감동이 잇긴한데 미혼인 저에겐  특별히 막 땡기는 내용은 아니네요..
10, 영화를 보는 내내 입가에 미소가...  일상 생활 곳곳엔 맞장구를 치고싶고 사람과 사람의 관계속에선 눈시울이 촉촉해진다.좋은영화..  조정석 말처럼 건강한 영화..
10, 마음이 포근해지는 영화였어요.마음에 와닿는 대사가 많아요.
10, 누구에게 추천해도 자신있을 영화. 예쁘고 달콤하고 아리고 속상하고 포근하고 따뜻하고... 한번더 보고싶은 영화
10, 결혼생활을 너무나 리얼리티하게 그려놨어요....  깨알같은 재미와 감동~~~을 주는 작품인 것 같아요~
10, 평범한 우리의 삶을 비춰주는 소소한 상황상황들에 울고 웃으며 찡했어요 ㅠ 조정석배우는 이제 진짜 믿고보는 배우! 모든 감정들을 대단한 몰입감으로 자신의 호흡만으로 소화해내는 배우! 신민아배우도 예쁘고 귀엽게 잘 어우러지면서 예쁜 커플로 보여진거 같아요  많은 이들의 마음을 열수 있는 영화가 되길 바랍니다 ^
10, 늘 옆에 있어 잊고있던 소중한사람을 가슴에 새기게 만드네요
10, 너무 따뜻하고 행복한 영화였어요웃고있는데 눈물나는..또 보고 싶어지는 영화입니다
9, 생동스러운 인생~~
9, 간만에좋은영화봤네여  내용은뻔하지만  잔잔하면서도 담백하고 공감가는부분도 있고 재미있었어요  다시한번더보고싶네요ㅋ
5, 그냥 가벼운 마음으로 시청하세요 
8, 최진실과 박중훈의 영화가 떠오르기도하고 전혀 다른것같기도 하고 아무튼 재미있게 보았습니다.
9, 아~ 오늘 볼껀데 너무 기대가 되네요~ 재밋을것 같아요.
10, 시사회가서 보고 왔어요 조정석 너무우껴요~~~
9, 둘다 연기도 자연스럽고 잘 어울림
10, 신민아 조정석 둘이 넘  넘 잘  어울려요~~완전 예쁘고 귀여워요~~
10, 재밌다 ~~~~~
6, 어제 선개봉으로 봤는데... 미안하지만  재미없다--;
10, 기대보다 훨 훨 잼났음. 간만에 착한영화 봤다는 느낌. 조정석 내복 ㅋㅋㅋㅋㅋ
10, 진짜 둘이 케미 장난아님ㅋㅋㅋ신민아도 좋지만 조정석 하...연애하고싶...ㄷ..
10, 신민아 조정석 조합이굿
10, 기대 됩니다. !!! 화이팅!
9, 오늘 예매! 주변서 재밋다고 그러네요ㅓ아기자기영상미도좋다고..기대
9, 재밌어요
10, 알콩달콩 신혼 부부 보는 재미도 있고 신민아 조정석 뿐 아니라 조연들도 정말 재미있습니다!
10, 조정석 신민아 진심 사랑스러움.. 이름 미영이로 개명하고 와야겠음.
10, 이렇게 아기자기하고 예쁘고 귀여운 영화는 정말 오랜만이다! 올 가을에 정말 잘 어울리는 영화이다.
10, 조정석 이사람을 어찌하면 좋을까.......... 조정석연기 진짜 bb 이거 보고 조정석 완전 팬 되버렸음 ㅠㅠㅠㅠ
10, 이렇게 알콩달콩하고 웃기고 감동적인 영화 참 오랜만인듯!
10, 마음 따뜻해지는 영화 입니다. 안 보신 분들 꼭 보세요!
10, 적재적소에서 웃기고 울리는 영화네요 감독의 연출도 배우의 연기도 좋습니다. 꼭 보세요
10, 재밌습니다! 조정석 신민아 케미짱!!
9, 신혼부부 집들이에 다녀온 기분이다.^^ 24년전 동명원작 리메이크로 그 시절 배우들과 오버랩도 되고 아기자기한 생활연기에 빠져 보았다.
10, 재미있을 것 같아요  기대
10, 예고편만 봐도 재미있을것 같네요.. 마침내일 집사람 생일인데 개봉한다니 꼭 보고 싶네요..
9, 신민아 연기 완전 최고 ㅎㅎ 재미있었어요!
10, 한순간도 지루하지 않았다 ~ 정말 시사회로 보고 대박이다 생각했다 ㅋㅋ 넘넘 재밌어요 ㅋㅋ
8, 잔잔하지만 웃음과 감동이 있는 영화였어요 ~
10, 개봉만 기다리고 있는 영화~ ㅠㅠ 드디어 내일 개봉이네요
10, 완전 빵빵 터지면서 봤어요~! 개봉하면 결혼 앞둔 친구랑 보러 갈라구요 ㅋㅋㅋ
9, 힘들고 달달하고 잔잔하다
9, 어제 시사회 보고 왔습니다  꼭 추천해 주고 싶은 분류로 나누면 남자 30%  여자 70%  커플 100% 입니다  커플들에게 다시 한번 옆에 있는 사람에게 나의 인생에서 제일 소중한 사람이란걸 다시 깨닫게 해줄 수 있는 영화 입니다  코믹60% 진정성 80%인 영화 (제 개관적인 생각 입니다)
10, 꼬옥 보세요~~
9, 예상보다 더 재밌네요^^
10, 평점이 좋네요 기대 하고있는데 봐야겠당
8, 유치한 코믹 영화인줄 알았는데.. 지금 현재 사랑하는 사람들과 신혼들은 많이 공감하지 않을까 합니다.
10, 신민아 대신 수지 나오면 안되나
9, 솔직히 신민아가 나온다고 해서 기대하고 있다
9, 그저께 메가박스 센트롤에서 시사회로 보고왔습니다~^^연애4년차라 저도 와닿는 내용이였구요~^^신민아  조정석 연기조합은 기대했던거보다 훨씬 좋았습니다. 알콩달콩하면서 웃음을 주는 연기랄까요~조연인 라미란씨 씬스틸러답게 깨알재미 주셨구요~주부님들이 보신다면 감동받으실듯 한데요 이영화~^^
9, 사랑과 신혼의 진행과정과 그 의미를 코믹스럽게 잘 표현한것 같아요. 제 옆에 있는 커플은 많이 공감이 되는지.. 매 장면 장면마다 그냥~~ 빵!빵! 아주 죽더군요.
8, 원작의 줄거리  짜장면씬  엔딩나레이션  삽입곡 워싱턴스퀘어까지 다 넣으면서도 2014년의 감성을 제대로 자극하는 감독의 탁월한 역량이 단연 돋보인다. 좋은 배우 조정석과 좋아진 배우 신민아도 좋은 캐스팅이었다. 관객심리상태에 따라 공감도가 다르겠지만 평범한 일상을 이루고 싶은 이상으로 만들어냈으니 성공이다
9, 신민아에게 딱 맞는 영화네요
7, 이명세 감독의  원작  고 최진실의 상큼함은 덜하지만 사랑하는 사람들이 서로를 조금은 더 생각하게 만드는 영화. 버라리어티 하진 않지만 소소함들이 좋은 영화인듯.영화중 한 대사가 머리에 맴도는데...'첫사랑이란 처음 사랑한 사람이 아니라 지금 사랑하는 사람의 첫 모습'커플을 위한 현재 행복 자가 진단 영화~
10, 재미있고    현실성있는 그런 영화!! 오랜만에 괜핞은 영화를 보았어요... 지루하지도 않고   허왕되지도 않고   
5, 시사회에서 봐서 다행.... 비디오 용으로는 무난하나 영화관에서 보기에는 좀     오래사귄 커플이나 결혼을 앞둔 예비신혼 부부는 공감될 내용이네요.
10, 영화 강추 보면서 웃고 울고 집에가면 남편보고 사랑해00말하고 싶은영화예요~~~  술먹고 늦게 오는남편이 오늘을 밉지가 않네요 개봉하면 남편이랑 꼭보고 싶어요
7, 유쾌함임 생각보다 아쉬웠다..
10, 연기도 좋고감동깊었어요
10, 잔잔한 사랑과 재미난 이야기
8, 즐거운 영화 여자를 위한영화
10, 넘잼나요    기대이상    ~~~
8, 알콩달콩~잼나요~~
10, 추억이 새록새록....너무 재밌게봤어요
10, 감동도 있고 재미있어요^^*
10, 전반  중반부는 정말 웬만한 코믹영화보다 더 웃기는 장면이 많았습니다. 감독님께서 시나리오 보시면서 조정석 배우만 생각하셨다는 이유가 왠지 알 것 같았습니다. 후반부 오랜 연인들에게 공감되는 슬픈 내용이 또 정말 와닿았습니다.  무튼  ㅋㅋㅋㅋ 조정석 내복은 정말 지금 생각해도 웃기네요 ㅋㅋㅋㅋ
10, 신혼부부들의 발랄함을 유쾌하게 표현한 커플
8, 워낙 에피소드들이 재미나기 때문에 단순히 웃고 즐기는 코미디 영화로 보셔도 좋을 영화입니다.하지만 결혼을 하고 시간이 지나서 내 옆의 그 사람과 관계가 소원해졌다고 느껴질 때 함께 보면 너무나 좋은 영화 일거라 생각됩니다.
10, 오랜만에 끝까지 평안하고 재미나게 볼수있는 영화였네요~!그냥 흔한 우리내 이야기같으면서 또 내소중한 사람을 다시한번 생각하게하는...첫사랑정의도 넘좋구요~!진짜 올가을 마음 평안하게 해주는영화로 강추!
10, 신민아의 빛나는 미모에 유쾌하면서도 상큼한 연기  조정석의 디테일하면서도 유머넘치는 연기를 보다보면 90년 최고의 히트작 "나의 사랑 나의 신부" 원작과 비교하게 됨니다. 원작을 뛰어넘는 재미와 스토리  배우들의 탄탄한 연기 때문인지 영화가 너무 재미있고 유쾌하네요. 기분UP
10, 너무 재밌게 잘 봤어요  꽤 오랜시간 영화속의 장면들을 내 기억에 꼭꼭 담아넣고 싶은 그런 따뜻하고 기분좋은 영화네요. 대박!!!
7, 조정석 키로 우려먹는 유머가 끝나고 나면 지루함만 가득한 그저그런 영화... 신민아의 어여쁜 미소만 남네요..
10, 조정석 연기 진짜 좋아요. 그 묘한 타이밍의 대사가 너무너무 좋네요!! 가볍게 볼 수 있으면서 모두에게 공감하는 부분이 있는 영화라 좋았어요. 이런 영화가 더 많아졌으면 좋겠네요~
9, 챕터별로 나뉘어 조금 흐름이 끊기는 면이 있지만 좀 더 다양한 이야기를 담기 위한 고육지책이라고 생각됩니다. 꼭 결혼을 앞둔 커플이 아니더라도 커플들에겐 좋은 영화같아요.  유쾌한 영화니까 꼭 보세요-^^
9, 조정석 신민아. 최고의 연기입니다. 눈물/웃음/감동까지 2시간 집중한 영화는 간만이네요. 오늘처럼 추적추적 비내리는 날  항상 자신 옆에 있어주는 파트너의 소중함을 느끼게 해주는 따뜻한 이야기입니다.
9, 방금 시사회 보고나옴 착한 감독 착한 배우들이 만들어낸 선한 로맨틱코미디?  기교나 잔꾀 부리지않고 정직하게 밀고 나간다. 아기자기하고 귀엽고 웃기면서 담백한 눈물까지 흘리게 만드는 러블리한 영화ㅋㅋㅋㅋ
10, 짱이에요
10, 10점 만점에 10점요~~
9, 재밋게 잘봤어요!!! 둘의 리얼한 연기와 폭풍케미가 관전포인트였어요!
10, 신민아  조정석콤비 넘 잘 어울려요~ 짱! 좋습니다^^
10, 숨 막혀  빨리 보여줘
8, 로맨스/멜로인데 코믹느낌이 강해 보입니다. 궁금하긴 합니다. 요즘 달달한것이 필요한데 ㅋㅋ
10, 민아 여신님 기대기대 우왕굿~~~
10, 블라인드 시사 갔다왔는데 기대이상으로 재밌었어요! 개봉 후에도 보러갈 예정ㅋㅋ
10, 사랑을 위한 사랑에 의한 사랑의 영화
10, 5년연애끝에 결혼! 신혼생활 10개월차 해도그만 안해도 그만인 결혼을 너무나 사랑했기에 결혼해서 지내고 있습니다. 정말 딱 영화의 시놉같은 우리..마치 우리 이야기를 영화로 그런거 같은 예감이예요 ㅋㅋ 꼭!!봐야겠어요! 기대기대
9, 예전에 비디오로 봤던건데..벌써 리메이크라니..내 나이가...아..리메이크작은 예고편보니..상큼한것 같음.가끔 리얼 살벌하기도하지만.!이 포스터말고 신민아 조정석..같이  나거 중에..온 결혼하면 이렇게 될 줄 알았죠?라는 카피있던거..그 포스터가 웃기던데.기대됨.ㅋ
10, 완전기대중.....대박!....둘이너무 사랑스럽고!!  귀여운커플 탄생!
10, 너무 기대되네요!!!!!!! 신민아씨랑 조정석씨 너무 잘 어울려요
10, 예고편만봐도 재밌네요 언제 개봉하나요???
10, 상콤발랄해 보이는 이 커플 얼른 보고 싶네요.
10, 너무너무기대되요!!빨리개봉했으면좋겠네요 ㅎㅎ
8, 얼릉 와 이시끼야~~!!!^^
10, 최진실이 그립네요.
6, 이명세 감독의 구판  박중훈과 최진실 주연의 영화...떠오르는데..
10, 티져 보고 나니 기대감이 마구 상승 넘잼있을거 같아요
10, 간만에 로맨틱코메디 보는 것 같네요~
10, 티져만 봐도 너무 잼있을것 같아 기대되네요~
10, 9월은 왜있는거죠?!
10, 조정석님  믿고보는 배우에요
10, 서강준!!! 화이팅!!!!!!!!
10, 조정석님 연기 기대되요~~^^
8, 내 인생 베스트 영화인데  신민아가 최진실 역이라니...
10, 오우.. 조정석~~♡.♡신민아씨도 오랜만에 보겠군요~^^
10, 기대
