8, ㅇB급 영화치곤 꽤 볼만한 영화최소 킬링타임용은 넘어썼다 ㅉ ㅉ ㅉ
10, 뭔가 특별한 매력을 가진 한요준이라는 배우를 발견한 것만으로도 가치가 충분한 영화
6, 배우 비주얼은 좋은데 ㄷㄷ
2, 야한장면을 원하고 이영화보면 정말 후회한다.재목만저렇고 하나도 안야하고 야한장면도 안나옴 제목을 바꺼야할듯...........ㅠㅠㅠㅠ
6, 여배우들이 매력적이군.
4, 족보도 없는 그지발싸개같은 애로영화들과는 좀 차별화가 있긴하지만...자위용으론 내공이 좀 부족...좀 더 자극적이었음 하는 아쉬움이 남는다..
4, 뭐가 좋다는건지 모르겠다. 내 수준이 많이 떨어지는건가. 적어도 난 영화가 뭘 말하려는지 전혀 모르겠다.
6, 독특한 방식으로 엮어낸다. 오직 판타지에만 정직하게 집중하여 초현실적인 영화가 만들어진듯.
4, 고생들 했습니다... 미숙함이 많이 보입니다. 그래도 조금만 더 노력을 경주하면 일정 수준에 도달할 것으로 보입니다... 치기스러움을 조금 죽이고 나레이션으로 메시지를 전달하려는 안일함을 버려야할 것입니다... 영화는 미장센입니다
10, 나름 이런저럿 소소한 재미를 주네요
10, 영화 좋아요 간만에 좋은영화 추천
7, 이거 딸깜용으로 어떠냐?? 딸 가능하냐??
0, 돌대가리냐? 보지 않고 평점 주는 쓰레기짓 그만해라.ㅠ
