3, .
7, 약간 허술하고  부족한점이 곳곳에 보이지만  그래도 볼만한 영화.
6, 용두사미 느낌이 없지 않지만  나름 재미는 있다.
1, 보다 말았다.
9, 굿  
5, 이런 말 하면 좀 그런데... 감동 메시지를 전달하려면 좀 세련되게 연출해라  무슨 시트콤처럼 방방 뜨긴 하는데 재미있진 않고 드라마같긴 한데 진행 구동력이 부족하고. '전달할 메시지만 좋다면 영화로 만들지 말고 카톡으로 보내라'
9, 영화에 대해 잘은 모르지만  좋은 영화이고 감동적이었습니다. 상업영화같이 씨지 보테고 스케일만 큰 영화보다 훨 낫다는 생각이^^
9, 부족한점도 있긴하지만 전 정말 좋게 잼나게 잘 봤습니다.
10, 고준희 너무 예뻐요
8, 너무 현실적이다. 너무 슬퍼.
9, "이 바닥을 떠나서 성공해야만 완성되는 역전" 이라는 주제의식이 조금 아쉽지만  정말 잘 만든 좋은 영화입니다. 극장에서 보지 못 한 것이 아쉽고  나중에 감독님 뵙게 되면 싸인 받고 싶다고 생각이 들었습니다.
9, 배우들의 연기가 좋았다. 고준희는 볼수록 매력 있네!
9, 기대안하고 봤는데 재밌네요~ 잘 봤습니다~감사합니다~
5, 전주에서 영화 촬영하는 걸 잠깐 본 적이 있다. 그땐 영화에 관심 없어서 그냥 지나쳤었다. 나중에 찾아 보니 그 영화는 망했다. 다들 아는 것처럼 수 없이 많은 영화가 만들어진다. 그리고 망한다. 그래도 또 만든다. 보고 싶은 영화가 참 많다. 나를 즐겁게 해준다면 어떤 영화든 환영한다. 뭘 볼까 고민하는 나를 위해.
10, 웃음. 에로. 감동. 조금의 반전 나도 처음에는 에로 영화인줄... 스토리도 괜찮다. 다만 117분 안에 이야기를 푼것이 아쉽다. 아마 내 생각에는 감독이 전하고 싶은 느낌은 전해 졌으리라 생각한다. 이런 영화 있으면 추천좀
7, 영화 진짜 웃김. 너무 재밋게 봤음. 대놓고 웃긴부분도 많고  처음엔 "엥??"했다가 늦게 이해하고 계속 생각나서 웃을만한 장면도 많음. 아  어쩜 이렇게 웃기냐  이미도씨랑 오정세씨도 연기 진짜 엄청나다. 특히 윤계상 러브액추얼리 스케치북 고백장면 패러디 중 첫장면이 최고였음!!
10, 한국영화에서 이렇게 깔끔하고 예쁜영화를 만난다는게 흔하지 않죠. 웃음과 미소가 끊기지않는 참 멋진영화!
7, 비평적 잣데를 들이데려다 순수한 웃음선사와 그들이 주는 메세지에 2점 더준다.
7, 좋네. 따뜻한 감성이 느껴졌다. 좀 예측가능한 뻔한 부분들이 조금 아쉬웠지만. 이 정도면.
9, 재미와 감동이 있는 영화 잘 봤어요~
8, 윤계상 영화 골라봐야겠다..뜻밖의 배우!!
6, 초반에는 제법 재밋게 보았는데..평점 8.1은 좀 높은듯..  배우들도 다들 연기 잘하고 괜찮은데...  스토리 전개가 매끄럽지 못하고 조금 억지스러운 면이 있어서 보고나서 좀 아쉽다... 그래도 괜찮은 작품인듯..
7, 에로영화수준의 영화인줄 알았는데 괜히 미안해지네...괜찮은 영화다
10, 가볍게 티비로 봤는데 퍽퍽한 삶에 잔잔하고 가슴따뜻한 감등 팍팍
10, 몇일전 영화채널로 봤는데  극장에서 못본게 미안하다...
9, 그저 그런 영화인줄 알았는데 의외의 작품!
8, 웃기고 재밌고 유쾌한영화. 감독님 본인 이야기를 찍은거라지요? 현실은 더 심각하고 만만치 안았을텐데 영화로 재밌게 풀었네요.
10, 주제가흔하지않고 재밌네요
10, 정말 재밌게 봤습니다ㅋ윤계상 연기 잘하고 고준희 너무 이쁘고ㅋ오정세 최고입니다ㅋ
9, 진짜 윤계상도 고준희도 정말 아름답게 나오는 영화새벽에 보고 왠지 기분좋아지는 영화
10, 메이저가 만든 마이너 영화. 우리 모두는 주인공이다. 옛날 비디오 가게에서 허접한 애로영화인줄 알고 빌렸는데  막상 보고 나니 '클래식'을 본거 같은 느낌.... 이 영화가 그런 느낌이다... 꼭 추천~~
10, 와우~ 이렇게 잼날수가! 감동입니다!
10, 초반 이영화 보았을때 요즘 나오는 흔한 그런 야하고 그냥 그저그러다가 말고 하는 영화인줄 알고  평점 쓰레기로 주었는데 ㅠㅠ  다시 한번 끝까지 보았는데    미안합니다...  최근 본 영화중 제일 괜찮네요.  개인적으로는  가벼움 에서 부터 진지함 거기다가 유머까지 좋습니다  잘만든 영화
8, 결말의 오그라드는 대사만 빼면 참 재미있게 봤습니다.
8, 감독 본인이 겪은 일이라는걸 알고보니 좀 와닿는게 있는것 같네요. 오정세의 연기는 역시나 기가막히고 주연들의 연기도 좋았습니다. 19금 감독판으로 보니까 더재밌네요 ㅋㅋㅋ
6, 킬링타임ㅋ
8, 나쁘지 않아..
8, 영화 자체의 임팩트는 약하지만 오정세의 맹활약이 살린 작품   
9, 별로 기대 안하고봤는데 잘만든 영화네요ㅋㅋ 오정세형님은 역시 내공이 있으신지 개웃김 ㅋㅋㅋ
6, 신선하면서도 진부한
9, 드라마 좋네. ㅋㅋㅋ
9, 개 웃기네요. 감동도 있고. . 오정세 넘 웃기고. . 윤계상도 연기 잘하고.
9, 재미있었다~ 생각 없이 보면서도 나름 짜임새 있는...이런 작품도 많이 흥행했으면 좋겠다.기승전결 있고  눈물만 짜는 영화가 아니더라도....
9, 영화대사처럼 에로영환 꼴리게하면돼구 웃기는영화는 웃기면됀다~~
8, 지루하지않고 출연배우들의 연기도 괜찮고 그리 흠잡을것 없네요...여러가지(로맨스 감동 코믹)잘 조화로움
8, 기대를 안하고봐서 그런가~ 잼나게봤어요! 그냥 딱 로멘틱코메디~ 윤계상 연기 많이 나아진거같음 ㅇㅇ 진짜루~
8, 그럭저럭 재밌었슴. 윤계상-오정세 콤비가 특히 좋았슴.
7, 일단 지루하지는 않다.  나름대로 시나리오도 짜임새가 있다. 물론 천편일률적인 해피엔딩이 걸리긴 하는데 딱히 다른 결론을 낸다는 것도 어려운 이야기고
8, 오정세는 오달수의 뒤를 잇는 약방의 감초가 될 것 같다ㅋㅋㅋㅋㅋㅋ
7, 윤계상...
9, 잘 만들었네  좋은 작품입니다.
0, 4점짜리 영화가 왜 8점이나 나와 미칭샊끠들아ㅋㅋ
10, 윤계상  넘 연기 잘하구 고준희랑 잘어울렸어요.
8, 참신한 소재와 내용이 아니면 에로영화같은 임팩트라도..
4, 남주가 다른 사람이였으면 어땠을까 싶다. 오정세 조달환은 좋던데 흠....
6, 정말 이해안되는 평점이다. 아무리 잘줘도 6점 ㅎㅎㅎ
7, 적당히 귀엽고 적당히 사랑스러운
8, 수위가 조절되면서 나름 풋풋한 분위기를 만들어간 영화.웰메이드는 아니라도 보는데 있어서 크게 거리낌이 없는 멜로코미디라 할 수 있음.팝콘무비처럼 그냥 보면서 소화시킬 수 있는 영화임.
0, 완벽한 시간낭비
8, 재밌어요.해피엔딩이 좀 어색하지만 해피엔딩인 게 그래도 마음에 드네요.
7, 에로영화 연출팀의 말 못할 슬픔들은 잘 표현 한 것 같지만 고준희와 윤계상의 러브라인은 뜬금없었던 것 같아요.
5, 에로영화 만드는 감독의 자전적 영화. 전혀 에로틱하지 않지만 그렇다고 가족이 보기엔 많이 껄끄러운 영화. 막반은 예고된 감동...
8, 다 좋은데 이게 15세 관람가로 적당한건가? 하여간 윤계상과 오정세의 감초 조연연기가 더욱 빛나게 해준 영화.. 볼만함..
8, 재밌어용!!
6, 영화가 주는 의외의 발랄함에 잔잔히 터지던 웃음이  지겨운 클리셰로 끚맺음 하려는 영화의 전개방향으로 인해 어느새 조소로 바뀌어 버린다.
7, 윤계상 연기가 일품이다. 영화제 심사위원이 나라면 윤계상은 남우주연 후보로 올리고 싶다.
4, 연기도 그저 그렇고 내용도 그렇고. 이게 로코인지.. 사회고발영화인지 헛갈리기도하고...주연 조연 다 좋아하는배우긴한데 이상하게 평점이 높네.. 
9, 정말 재미있게 봤어요. 우울할때 꼭 보세요. 그냥 유치한 코미디 영화 아닙니다.
7, 조연들이 살린 영화
9, 푸근하고 좋네요. 무겁지 않으면서 진중하고 웃기기도 하고. 이런 영화는 언제나 환영이죠
10, 보통 재미없는 영화는 빠르게 보기로 보는데 생각없이 보다보니  40분째~ 재밌네요  다음 작품이 기대 됩니다 ~~~
10, 생각보다  재밌어요~ 윤계상 고준희 연기력 좋구요...오정세는 연기력 짱~그 외 조연들 감정 잘살리구 추천합니다
7, 진부하긴 했었지만. 정말 재밌었다. 게다가 대사 하나하나가 살아있어서. 영화가 끝날 때까지 지루한 줄 모르고 봤을 정도로 인상적이었다.
6, 결말부에 오정세의 대사 "ㅅㅂ 존나 오글거린다" 가 이 영화를 한마디로 정의 한다.ㅋㅋ 애로감독과 톱스타 여배우의 사랑이란 좀 억지스럽고 뻔한 설정의 스토리 전개였지만 지루하지 않은 코믹한 전개와 훈훈한 마무리로 ㅋ 영화판의 편향적 시각 그리고 독립 영화 제작자의 애환을 재밌고 가벼운 터치로 잘 그려냈다.
10, 주조연의 조화~
9, 진짜.잼잇네요 감동도 크고 잘 만드럿어요 앞으로도 박감독님 영화 기대해 봅니다 ^^
10, 재밌어요. 마지막에 눈물났어요. 마음이 따뜻한 영화입니다.
10, 울다가 웃다가재밌게 봤어요
9, 처음엔 머 이런 영화가 다 있나 했는데  잘 만들었다는 느낌  그래서 다른 사람한테도 권했어요. 잔잔하게 감동과 웃음을 열어주는 몇몇 장면.  오랜만에 좋은 영화 만났어요
7, 초반에는 조금 지루하고.. 중후반부터 코믹과 감동이 괜찮은 영화네요. 조금 오글거리고 뻔한 스토리인것도 사실이지만 그래도 가벼운 마음으로 관람하기 나쁘지않은 영화입니다
7, 후반부로 가면서 좀 감동적이네요 기억에 남는건 경부고속도로 이순신 입니다ㅋㅋ
7, 기대하지 않았기에...생각보다 괜찮았던...윤계상은 쩝  고준희는 생각보다 괜찮  [족구왕]의 안재홍이 반갑네요...찬성이 괜찮네요...볼만했습니다...
10, 그냥 최곱니다
8, 재밌네요...연기력들도 다들 좋으시고...빤한 스토리를 잔잔하게 잘 연출하신듯... 다음 작품 기대합니다.
6, 음 죄송하지만 여러모로 부족한 점이 많았어요....전 실망
10, 음~~ 정말 볼게없어서 봤는데 ... 주연 조연 다들 한몫단단히 하시네요~~ 안보신분들 한번 보세요^^ 전 아주 재밌게봤어요. 짱짱짱!!!
9, 좀 튀는 스토리가 아쉽지만 이 정도 영화가 이렇게 쉽게 잊혀지는 것이 안타깝다. 코믹과 감동 다 좋다. 꽤 좋은 영화
10, 웃으면서 볼 수 있는 영화  ㅋ
10, 재미있음
6, 영화는 영화다. 때로는 대사 한마디 대신에 감정의 표현을 택했으면 좋았을 감동코드가 아쉽다. 다른 영화들에 대한 오마주인지  부분적인 페러디 리메이크인지...감독만의 독창적인 부분으로 어필했으면 좋지 않았을까...오늘을 넘어서는 내일이 되길 응원한다.
0, 평점장난아니다. 6점겨우되는 영화를..
10, 잔잔한 재미가 있네
9, 정말 잘 봤습니다.  잔잔한 로맨틱 코메디를 좋아하는데 딱 제 취향이었네요.  윤계상! 이젠 정말 배우가 되었네요.  오정세씨 연기도 너무 좋았음.. 감독님 다음 작품도 기대하겠습니다.
10, 대사 한마디 한마디를 놓치지 않으려고 애쓰며 봤던 몇 안되는 영화 중 한편입니다... 박범수 감독 검색을 1시간째 했으며 고준희씨도 은근히 매력있습니다... 간만에 눈물도 찔끔했습니다... 오정세 씨 정말 연기 좋으세요.. 윤계상씨두요
10, 잔잔한 꿀재미
10, 여러 한국영화 다운받아서 이영화만 처음부터 끝까지 보게 되네요. 여배우 이미도의 재발견 한국의 메간 폭스
10, 단순한 코믹 영화인줄로만 알고 봤는데 내용도 있고 구성도 잘되있고 시나리오가 굳입니다. 재밌게 잘 봤습니다. 모두가 주인공인 영화 ^^
9, 잘만들었다. 캐릭터들이 순수하다.주인공들은 머 원래 잘나오니깐 제쳐두고  오정세 및 일반연기자들이 영화를 잘 이끈것 같다.
9, 생각보다 너무 재미있게봤음 근데 결말이좀 흐지부지 마무리되는 감이 있어서 아쉬었음ㅋㅋ 조연들이 주연못지않게 빛났던영화가 아닐까?
7, 차라리 19금 으로 갔다면 더 좋았을 수도 잇을듯--재미 있긴 한데 약간 아쉬움
8, 재밌는데 왜 망했지?
8, 극장에서 개봉한줄도 몰랐던 영화라서 기대도 안하고 보았는데.^^역시 대형회사들의 마케팅에 밀려 아쉽게 극장에서 빨리 철수해버린 영화중에 하나더군요.재미있게 보았습니다!!
1, 0점은 심한 것 같아서 1점 줌............
6, 에로영화산업 종사자들의 애환을 다룸. 가까운 사람에게조차 직업을 숨겨야하고 어딜가나 3류대접을 받는 등 비애가 뭉클하게 다가왔다. 현실과 다르게  유수의 영화제에서 감독/작품상을 수상하는 가슴벅찬 상상에 흐뭇해하는 것이 마치 20대때 내모습같아 감상에 젖는다. 하지만 내러티브나 각본의 조악함은 어쩔수 없다.
10, 큰 기대를 안하고 보았는데  한방 맞은 느낌이네요. 너무너무 재밌게 잘 봤습니다. 웃음  감동 다 있습니다. 액션영화에 질린 분들에게 강추.
10, 위트는 그대로 두고 조금만 더 진지했으면 훨씬 아름다웠을 영화
10, 웃음과 감동을 선사하는 젊음의 드라마. 아프니까 청춘이다.윤계상씨 연기 잘하는군요.^^
10, 너무 괜찮았던 영화!! 너무웃기고 감동있게 봤어요. 윤계상 연기 좋고 오정세 너무 웃겨요. 강추입니다.
10, 재미있게 잘 봤습니다. 요즘 나온 한국영화 중 수작이네요. 마이너를 극복 못한 아쉬움이 왜 나에게 드는걸까요?
10, 좋은 영화 잘 봤습니다.
10, 재미있네 참 재미있게 잘봤다..............
10, 이건 젊은이들의 꿈을위해 달려가는 영화이다 브라보~~
10, 귀에 울리는 멘트 작렬 & 간만에 다음 장면이 궁금했던 수준급 영화
10, 호화 캐스팅 유명메이커 제작사 보다 이렇게 솔찍하고 시사 있는 영화가 좋내요. 평점 잘 안남기는데 로긴해서 평점남겨봅니다. 이런건 많이많이 알려야해요. 개봉관도 잘 없지만 좋은 영화입니다.
10, 방금 봤는데 정말 재미나고 감동적이고 그러네요 ㅎ소리내서 웃기도하고 ㅎ
5, 홀대받고 천시받는 영화인들의 애환을 담는 줄 알았지만 결국은 식상한 로맨스로 종결되는 이야기
10, 평점이 좋아서 봤는데 생각보다 재밌네요. 감동도있고..윤계상 연기도좋고 오정세 대사가 웃기네요. 상영관이 없어서 흥행이 아쉽네요
10, 뭔가 기대하지 않고 봤는데 이 영화 "왠지 시원해~~" 이게 무슨 느낌인지는 모르겠지만
10, 재미있고 감동있게 봤어요. 따뜻하고 잔잔한 감동을 주는 영화인것 같아요.
6, 레드카펫은 상업영화인가  독립영화인가? 연출이 아쉽다.
9, 계상오빠땜에 봤는데 내용두 괜찮쿠 잼나게봤어요 에로영화는봐본적는없지만에로영화찍는사람들이 많이무시를받는구나 알수있었어요
10, 10
8, 뻔한 스토리지만 배우들연기좋았고 특히 오정세캐스팅은 이 영화의 신의한수인듯..
2, 고준희 땜에 꾹 참고 봤다  오정세 연기도 좋았음  좌파 윤계상 선생때문에 많이 불편하네   한국 영화판이 좌파라서 많이 불편하신 분을 왜 캐스팅했냐?
9, 영화관에선 빨리 내렸는데 영화는 괜찮네 역시 . .오정세야 .. 오정세가 다 살림 . . .  아쉬운건 엔딩이에 뜬금없이 . .사랑고백이라니 . .엔딩이 너무 진부함 . .
9, 꿈꾸는 영화라 좋았다 ㅋㅋ 가볍게 볼 수 있으면서 즐거웠다 관객에게 부담없는 감동을 주는 좋은영화라 생각함
9, 재밌었어요. 감독님 자기 얘기가 잘 나온것 같네요.
7, 마지막까지 가벼운 코미디가 좋았다.
5, 뻔한 결말로 가기 위한 억지스런 상황설정.작품이라고 하기보단 배우들의 생계수단
6, 아티스트 봉만대의 15금 버전
10, 뻔하고 유치하고..오글거림~그런데 잼있다..뭔가 요즘 이런 영화 드물어서~~ㅋㅋ
8, 상투적이다 하지만 재밌다 원래 상투적인게 재밌는 법이다  간단히 스토리만 체크하려다 전부 다 봐버렸다 확실히 재밌다
8, ㅋㅋ
9, 시간죽이기용일줄알았는데 생각보다 괜찮네요... 오랜만에 울고 웃으며 봤음
9, 생각보다 재미있음. 특히 에로영화 촬영씬에서 어르고 달래는 거 ㅋㅋ 야하지 않고 웃긴 영화 코드  다만  고준희가 오해하고 떠나는 부분에서 너무 개연성이 부족한 느낌 (약간 허탈 허무)
10, 재미있음. 간간히 나오는 유머코드도 좋고 배우들 연기들도 좋고~  보는 내내 미소지으며 봤네요
7, 혹평이 많아서 기대없이 봤는데  의외로 재밌다. 왠만한 거장 감독의 비싼 캐스팅 작품보다 낫다. 영상  영화  연출 바닥에서 일해본 경험때문에 더 와닿거나 판타지 스럽게 느껴졌는지도 모르겠다.
10, 너무 재밌고 감동적이어서 눈물 흘렀어요. 박범수 감독님의 실제 이야기라고 했는데 이영화 잘됐으면 좋겠는데..ㅠㅠ 상영관이 없네요.  최고에요!!
6, 시간죽이기용 으로는 괜찮군
10, 생각보다 재밌음. 배우분들 연기도 잘하고..강추!!
7, 잔잔한 재미는 있음.
10, 재미있다 정말!!!!
9, 통속적인부분도있었지만 최근본 한국영화중 가장재밌었습니다 영화관에서 보려고하니 상영시간대가 별로없어서 보기힘들었다는게 아쉽네요 배우분들 특히 오정세씨 찬성씨 코믹연기최고
10, 연기좋고  은근  웃기고  재미있던데요
10, 기분좋게 본 영화. 재미도있고 감동도있고 왜 흥행이 안됐는지...상영관이ㅠㅠ 배우분들 연기도 좋다
4, 예고편만도 못한.....
9, 모든 배우들 진짜 잘하더라.. 내내 웃으면서 잘봤음... 고준희씨 역시 예쁨..딸기역 아가씨도 예쁨..
7, 상황이나 전개 등  영화 여러곳에서 식상함이 흠뻑 배여 있지만 괜찮은.... '우리의 꿈은 정우 너야.'라는 대사의 여운이 참....
8, 혼자 빼꼽빠지게 웃었습니다통속적인 해피엔딩이지만 코메디요소가 중간중간에있었고 에로영화만 찍지만 꿈을 잃지않고 꿈을 이뤄가는 스토리가 좋았습니다이런영화가 왜 흥행에 실패했는지 이해안감
10, 편견을 깨는    신선하고   재밌다.  즐거운 영화
5, 정말 씨벌꺼 상식적으로 저런 년은 처음부터 쫓아내야지 지멋대로인 성격은 남녀노소를 불문하고 고쳐지지않음
10, 좋은영화네요. 흥행했으면 좋았을텐데 아쉽네요.
10, 이런 장르는 없었음..패러디도 뛰어나고.3번보고 3번 울어ㅆ습니다.....최고..감독 작가..둘다 천재  모든 장르를 아루으면서  하물며 에로영화 감독님 이하 배우분들..  흥행 상관없이 제발....잘돌바주세요. 우리나라 영화요
10, 와우~오랜만에 웃었어요 배우들도 좋았고요..화이팅~~^^
5, 상업영화로 편입을 욕망함으로서 스스로 비하하는 자가당착. 오글거림의 수위만 낮췄더라면 좋았을듯. 하지만 전달하려는 주제는 충분히 의미있다.
10, 오래간만에 재미있는 영화봤네요. 재밌고 감동도 주는영화. 영화덕분에 오늘 기분업!!
7, 15세 이상보다 19금으로 만들었으면 더..... 결말이야 머~.
10, 스토리 생각보다 탄탄하고 재밌다. 오정세와 윤계상은 당연하고 의외로 찬성까지 모든 배우들 연기 좋았다.
10, 황찬성 잘생기고 연기도 잘한다~~
10, 주연 조연 연기가 정말 좋고 영화내용도 좋습니다. 재미있게 봤어요
10, 재밌게 봤으니까... 미친척 10점 줘 봅니다~! ... 아니... 10 점 드립니다~^^;
10, 간만에 재미나게 영화봤다...^^
7, 뻔하지만 재밌다. 순간순간 재치있는 대사들이 재미를 더 한다...
10, 재미도 있고 감동도 있고 소재가 흔하지 않아서 좋았어요ㅎㅎ
9, 가볍고 재밌는데 흥행이 안 됐네
9, 평점이 괜찮아서 봤는데 볼만하네여
9, 재밌는데 흥행이 아쉽네.. 잘봤음~ 앞으로는 더욱 흥행되길~
10, 조아  아주 조아~ 이런 게 저예산영화가 가야 할 방향이야. 패션왕보다 딱 250배 조아~
10, 생각보다 재밌음. 야한영화인줄 알았는데..완전 빵터지다가 울어버렸네요. 감동있게 잘봤음. 올해영화중에 최고!!
7, 예상된 전개...그래도 훈훈한 결말 재미있게 봤습니다.
10, 기대 안했는데 너무 좋아요. 영화 제작 현실을 잘 표현했네요.
10, 특별히 재밌을꺼라고 생각안하고 밨는데..점점 빠져드는 영화.. 윤계상. 오정세 황찬성.. 연기 너무 재밌었어요.. 고준희도 매력적으로 나오고.. 끝이 너무 행복한 영화네요.. 정말 재밌었습니다..
8, 촬영이 미흡한점이 있긴 하지만  마음이 따뜻해지는 영화
10, 기대안하고 봤는데 웃다가 울다가.. 재미와 감동도있다. 나의사랑 나의신부보다 재밌음.
9, 재밌는데??대박까지는 아니지만.. 보고나면 기분이 좋아지는 영화
9, 올해 한국 코미디영화중에 제일 웃겼다. 단지 스텝이 약해서 촬영이 부족해 보인다. 조명이나 음악... 좀더 좋은 스텝을 만났더라면 더 좋은 작품과 흥행이 됐을텐데.
3, 편견은 옳지않아.. 근대 연기는 해야할꺼아냐?
3, 알바왜이리 많냐; 고준희 뒤에 누가 있는지 정말 궁금하다
0, 제발...
4, 19금 소재를 15금에 억지로 끼워맞추느라 애썼다.....차라리 색즉시공처럼 화끈하게 갔더라면 이렇게 소리소문 없이 뭍히진 않았을텐데....에로 영화소재를 애들 보라고 만든 것 자체가 넌센스지.
8, 큰 웃음을 주는 장면들은 많지 않았지만 생각보다 재미있었고 감동도 있는 영화... 초반에는 약간 지루하기도 했지만 중반부 넘어가면서 몰입해서 봤음...이 정도로 홀대 받을 만한 작품이 아님에도 불구하고 인터스텔라 때문에 피해를 보는 게 안타까울 뿐...
8, 오정세가 아니였다면 19금 유머를 이렇게 맛깔나게 살릴 수 있었을까?? 정말 신의 한수 캐스팅이라는 생각이 든다. 윤계상과 고준희가 사랑에 빠지게 되고  그 사랑을 지키기 위해 고군분투하는 스토리 얼개가 다소 짜임새가 느슨하다는 단점이 있지만...그냥 빵빵 터지는 재미는 100% 보장이다.
6, 풉.....알바 무쟈게 들어왔나 보다...
10, 이런 수작이 개봉관 부족으로 뭍히는게 영화속 내용과 많이 닮은듯 해서 씁쓸하네요 못보신분들 꼭 한번씩 보세요 최소 500만관객몰이를 해도 이상하지 않을 정도인듯합니다이런 영화가 흥해야 우리 영화시장의 다양성 차원에서 바람직하다 봅니다
4, 노잼
10, 하나같이 연기들이 자연스럽고 재미와 감동이 있었어요! 감독님 실화라고 생각하면서 보니 더 공감이 가더군요.. 마지막 장면 좋았어요ㅠㅠ상영관이 더 확대됐으면 했는데 너무 적은듯요!
0, 평점이 왜 8.2냐?? 장난치나?? 0.1111 이다..보다가 시간이 아까워서 나왔다..ㅠㅠ
10, 그냥 웃기 편한 영화~ 해적 재밌게보신분이라면 추천
10, 실컷 웃고!감동도 있고! 배우들 연기도 좋고!무엇보다 마음에 와닿던 대사들이 오래 기억에 남네요~~
10, 영화 진짜 재밌게 잘봤어요^^ 웃다가 울다가.유쾌한 웃음도 있지만 잔잔한 가슴울림도 있는 영화라 좋았어요~~
10, 재미있고 감동적이였어요
0, 배우도 그닥 스토리도 그닥... 감독님께서는 나름 좋은 시도였지만 보는 내내 시간이 아까웠어요 특히 마지막 대사는...
10, 재밌고 감동있게 봤어요. 이영화 보는 관람객마다 재밌다고 하더군요. 근데 상영관이 적어서.. 시간이 안맞아서 볼수가 없다네요ㅠㅠ
2, 정말 재미없고.. 배우들 미숙하고ㅓ.. 제작비 아끼려고 애쓴흔적.. 돈이 아깝다...
10, 정말재밌었어요 울기도하고 웃기도 하고 너무 재밌게봤어요 배우님들도 너무 연기를 잘하시고 너무 재밌게봤어요ㅋㅋ
8, 소재는 괜찮았으나 재미와 감동이 조금 약한듯하네요
10, 정말 잼있게 봤습니다...그냥 시간나서 가장빠른거 기대안하고 봤는데...  정말 따뜻하게 봤습니다.
10, 윤계상 얼굴이 벡터맨김성수씨  얼굴이 언뜻언뜻 나오더라구요 ㅋ 재미있었어요!!  재미없다는분들 코믹장르에서 이정도 코믹이재미없으면 도대체 뭐가 재미있다는건지 원..
8, 재미게봤어여 감동도 살짝ㅎ
10, 요즘 한국영화에서 보기드물게 따뜻하고 재미있는 영화. 융계상 오정세 연기 좋네요. 웃다 울다 나왔어요 ㅎ연인 가족 같이 보면 더 좋을..
9, 전혀 기대안했는데  완전 재미났음! 조연들의 연기가 짱!
9, 전혀 기대안하고 봤는데 괜찮네요. 초반엔 별로인데 중반이후 아주 재밌어요. 윤계상  오정세 연기가 정말 좋습니다.
8, 볼거리 충만한 영화 ㅎ황찬성  고준희가 캐리하고 서지수 등이 받쳐줍니다.재미  감동  모두를 잡다보니 깊이감은 좀 얕은거 같네요 ㅎ그래도 즐겁고 슬픈 영화 볼만합니다!
8, 나름 괜찮네 나쁘지않음
5, 평점보고 봤다가 망했음 그나마 50프로할인가에 봐서..시나리오 너무 잼없고..영화가잼없으면 주연배우 얼굴보는 재미라도 있든가 이것도 저것도 없는 영화..
9, 10점은못주지만 .  꽤 괜찮은듯  처음에는 윤계상 연기좀어색하고 억지웃음조금유발하는듯 했으나 시간이갈수록  집중이되고 연기도 자연스럽고 내용도좋고 자연스런 웃음유발도 좋고 감동도조금있고 꽤괞찮다고  생각하며 극장나왔습니다  극중  윤계상  부모님 참 좋습니다  ㅋ
0, 돈주고 보기 너무 아까운 영화. 코믹도 19금도 맬로도 아님.
10, 재밌고 순수한 영화!
7, 딱히 큰 고민없이 웃고싶은 영화 보고 싶으면 이영화 추천!
6, 그냥  볼만함
10, 완전재미있어요!
9, 은근 재미있는 영화 기분까지 좋아지는 영화이다
9, 오정세를위한영화
10, 시간가는줄 모르고 재밌게 봤어요^^ 생각보다 더 재밌네요ㅋㅋ
5, 예고편은 오정세 위주의 포복절도 코메디인척 하지만  실제는 윤계상 위주의 로맨스....코믹요소는 예고편이 전부..... 속았다...
10, 굳
8, 영화 괜찮더라. 유괘하고 감동적이고 나를 되돌아보게 만드는 영화다
7, 사랑할때 버리지 말아야 할 것 들
3, 다 알반가?아님 빠순이힘인가?   그냥 인터넷다운용
10, 잼있었음~ 윤계상 괜찮네요.  기대없이 봤다가 한참 웃고 나옴.
0, 정말 알바들 많은거 같아요...뭐하나 제대로 된게 없는 영화입니다~끝까지 앉아 있는 시간이 아까워 나와버린1인입니다
7, 홍보한다고 나와서 너무 썰을 풀었음. 그래서 조금 지루했음. 그리고 이 좋은 소재로 이거밖에?? 라는 생각. 정말 아쉽다... 그래도 할인 다~ 받고 보면 볼만함. ^^
9, 기대안했는데 전 너무 재미있었어요울다 웃다 울다 웃다 오랜만에 스트레스가 풀렸어요ㅋ
0, 여기도 알바풀어놨네.. 극혐
8, 전반적으로 자연스럽고 부드러운 전개에 주인공 하나 하나 연기력 훌륭  뻔한소재를 재미있게 풀어냈다...굿
0, 이건 정말 애로비디오 종사자들에 대한 폭력적이고 잔인한 영화다. 애로영화 감독 했다는 사람이 애로영화 자체를 아예 이렇게 하급문화를 취급한다는 것 자체가 이 감독이 얼마나 비주류에 잔혹하고 주류에 후빨하려는 욕망이 강한지 보여준다. 이런 감독놈이 뜨면 건방져지고 결국 작품도 망하게 된다.
9, 재미있게 봤어요~~생각없이 단순하게 볼수있는!그러면서도..난 눈물도 흘렸다는!!윤계상의 착한모습에 반하고..오정세씨는 항상 실망시키지 않고!!다른 에로배우들의 애환도 짠하게 느낄수 있는..나름 감동이 있어요!!쨋든..꼬이는거 없고...시원하게..쭈욱 흘러가는 스토리도 완전 맘에 들어요!
10, 계상오빠 짱짱!! 배우들 연기도 자연스럽고~~ 웃기도하고 울게도 만드는 영화~~ 넘 감동적이였어요~~^^♡
10, 너무 너무 재미있고 좋았어요 정말 강추합니다!
9, 예상외로 빅재미에... 소소한 눈물포인트~ ! 기대이상이였습니다!
9, 재미있어요. 오정세 윤계상 연기 좋네요. 이미도씨두요~~
9, 영화보는내내 빵빵 웃었네요^^ 이야기가 감동도 있고^^ 재미도있고^^배우들도 연기잘해서 재밌었어요
2, 배우자들 어슬픈 연기ᆢ중간에나올뻔한영화진짜 잼없음
9, 웃기고눈물나고가슴찡하고 ..
7, 전성기여 다시 오라!
7, 웃기고 짠하고 감동적이었어요. 남들이 알아주지 않아도 우직하게 꿈을 좇아온 감독님이 존경스럽습니다. 경험이 녹아진 스토리로 알고 있는데 여배우와의 로맨스도 진짜 경험담인지요? 그런데 왜 제겐 영화 같은 로맨스가 없을까요? 그래서 이런 스토리를 영화 같다고 하는 거겠죠. ㅠㅠ
5, 오정세때문에 5점
7, 19금으로 만들었으면 보다 더 폭넒은 이야기가 나왔을텐데! 라는 아쉬움도 있지만  지금의 작품 역시 기대 이상의 완성도를 보여주고 있는데 감독과 오정세의 힘이 컸다!
8, 난 재밋게봣음ㅋㅋ윤계상 연기굿!!!
7, 에로 영화를 찍든 공포 영화를 찍든 좋은 사람들과  맘 맞는 사람들과 함께라면 그게 바로 최고의 영화 작업! ㅎㅎ...15세 관람가답게 훈훈하게 흐르는군..에로 영화 촬영장인데도 끈적함보다는 오히려 상쾌한 기분이 드는건 그들의 때묻지 않은 열정? 중간중간 깨알재미들..오정세 짱!!ㅋㅋ^^7.4
7, 재미는 있었음 ㅎㅎ 감독님 화이팅
4, 어디서 웃어야 될지 모르겠더라.. 아무리 영화라지만 개연성도 너무 떨어지고.. 몰입 안되서 죽는줄
10, 중간중간 빵빵터지게 웃기고  또 꿈을항한 감동도있고..참 좋네요!!
10, 정말 짱 잼 영화 인 거 같아요! 웃음에 감동에!! 두마리 토끼를 잡을 수 있는 영화였습니다!
10, 넘 멋져요감독님홧팅
7, 감독의 진솔하고도  진정성 있는 마음을 느낄수 있는 영화였다. 그리고 오랜만에 극장에서 많이 웃고 왔어요 ^^ 오정세씨 연기가 좋네요.
9, 연기들이 자연스럽고 별 내용이 없는 듯하면서 편안하고 웃으면서 볼 수 있는 영화였어요..남자 분들이 빵빵 터지던데~~^^..혼자 보러가서 까깔 웃으며 본 아짐입니다~...
10, 재미 감동 ~~ 두시간이 넘 빨리 지나갔네요. 오랜만에 재밌게 봤어요~~
10, 지루할 틈이 없는 영화  웃음과 감동을 둘 다 잡았다!
10, 오정세가 씬스틸러!
9, 정말 재미있네요...
4, 흠.. 너~무 뻔하고.. 스토리에 억지로 시간을 맞춘느낌... 순간순간 재미는 있었지만.. 감동은 없었던... 기대 안하고 봤지만...그래도 돈이 아까웠던...
10, 에로를 우습게 보지마라.. 넌 누구에게 단 한번이라도 꼴리게 해 본적이 있는가!!
8, 기대안하고봣는데 의외로 빵빵 터지고 개연성도 괜찮음
10, 생각보다  잼난데?
10, 올해 여러 영화를 봤지만 재미와 스토리 면에서 최고라고 본다. 배우 고준희에 대한 관심이 없었는데 영화를 보고 팬이 되었다.
10, 재미있게 잘봤습니다
10, 그냥 코믹물로 가볍게 볼만하겠지했는데....열심히 살고싶은 희망을 주는 영화였어요정우의 대사중에 사람들의 편견어린말보다정말 그렇게될까봐 두려웠다는 식의 대사가있는데현재의 제삶에 ...가장와닿더라구요가볍지만은 않은 따뜻함...정말재밌었어요
10, 완전 웃겨요ㅋㅋㅋㅋㅋㅋㅋㅋ근데 마지막에 눈물 찔끔ㅠㅠ 감독님 실제 얘기라서 더 재밌고 감동적이었던거같아요~
3, 정말 초딩수준영화  넘 유치하고 재미없다는 ㅠ
10, 재밌어요~ 초반에 잔잔한듯 하지만 빵빵 터집니다~ ㅋㅋㅋ
9, 중간 중간 빵빵터지는 대사들이재미도 있구 감동도 있구 감동이 이건 감동이야이렇게 무겁게 다가오지 않는데 찡하다영화 정말 재밌게 보았네요
10, 웃다가 배 찢어질 뻔 ㅋㅋㅋㅋㅋㅋㅋㅋㅋㅋ
10, 와 진짜 보는내내 웃고왔네여ㅋㅋㅋ 잼나요ㅋㅋ
10, 재미있고 감동도있고 오정세씨를 다시보게되는 영화였어요! 재미있었어요!!
9, 고준희 넘 이쁘고 연기 잘해서 1점 더 줌^^*
9, 왠만하면 안다는데...장르는 다르지만 명량보다 훨 재미있게 봣다.
8, 볼만함~ 7점보다는 갠춘하니까 8점
9, 첨엔 좀 지루하다 싶었는데 뒤로 가면 갈수록 유쾌해지는 영화입니다.  기대안했는데 기분좋아지는 영화예요  다만 첨에 지루한 부분을 좀 디테일하게 개연성을 가져가면 더 좋았을것을 이라는 아쉬움도 남음
9, 기대했던것보다 훨씬 유쾌하고 감동적이였던영화. 러브라인에 개연성이 좀 떨어져서 아쉽긴 했지만  영화가 끝나고 난 뒤의 기분좋은 여운으로 충분히 매꿔졌음:)
10, 부모님과 함께 봐도 괜찮은 영화인듯 해요. 감동도 있고 재미도 있고^^ 웃고 울리는 영화네요^^
10, 기분안좋을때 보면 좋은 유쾌한영화네요!
9, 생각보다 재밌네 ;;;; 별 기대안했는데... ;;;
9, 원래 이런거 안쓰는데 너무 영화 잘 만들어서요 진짜 웃고 감동적이고 여운이 좀 남는 영화였어요 윤계상형님 연기 너무 잘하시네요ㅜㅜ 감동이에요 아버지 통장받으실때 울뻔..
10, 토요일 심야영화봤는데~ 정말 굿이예요~ 처음에는 내내웃다가 마지막은 뭉클했었용~~또보고싶은 영화입니당^^
8, 웃기다가 마지막에는 뭉글하니 감동을 주는 그런 영화였어요. 특별한 내용이 아닌 일상생활에서 일어날 수 있는 그런 주제라 공감이 많이 가고  어렵지 않은 주제라 좋았습니다~
3, 색끈  화끈 이런거 기대하고 관람했지만  전혀 그렇지 않은 야하지 않은 영화. 오정세의 존재감 .
10, 재미도 있고 감동도 있고 나를 돌아보게끔 하는 영화였어요
10, 웃음과꿈에대한생각을하게하는유쾌한영화 추천합니다^^
7, 원래 다른거 볼려다가 시간이 안맞아서 못보고 이거봤는데 생각보다 괜찮았어요~작품성 이런거 따지지말고 가볍게 보기 좋은것같아요~많이 웃고 나왔어요~^^
10, 재미있어요~ 추천!!
10, 재미도있고 감동도 있고.. 저는 만족!
9, 기대안하고  봤는데 너무  재밌게 봤어요!!! ㄱ낄낄대다가 나름 진정성이 느껴지기도하고 좋았어요   화이팅 하시길!       ! 
5, 초등학교 6학년부터 중 2정도에 맞는 수준의 영화. 좋은 소재를 이렇게까지 낮은 수준으로 밖에 못 만드나 안타까웠다.
7, 재밌고 에로 감독의 아픔도 느끼게 합니다.다만 소품이 다소 빈약하다 했더니 적은 자본으로 찍었나봐요?  사관과 간호사의 남주가  매력이 약하다는 생각  '나' 만이 아닌 대중의 욕구를 얼마나 담아내시느냐가 감독의 다음 작품 질을 결정할듯~
10, 정말 재미감동 있는 영화였어요
10, 올만에  따뜻한  잼있는영화봄  ㅋㅋ
10, 올가을 소개팅 있으신분 이영화 선택하시면 ㅋ 잘 될꺼에요 ㅋ 끝나고 쿠폰 드리고 ..너무 재밌게 웃었어요 ㅋ 억지 감동도 없고 ㅋ
6, 초반엔 뭐야!! 했다가  중반으로는 웃기다~하다가  결말쯤엔 감동도 스멀스멀~ㅎㅎ 근데  엔딩이 기억이 안남. 한국판 노팅힐 느낌~ 신인감독티가 전체적으로 많이 묻어남. 여기저기서 따온 그림에  얼기설기 엮은 낯익은듯한 이야기에. 생소한 소재가 뻔한 얘기를 살림. 그래도 입봉작치고는 잘 만들었음. 볼만해요~ㅎㅋ
10, 늦은 상영 시간이라 고민 끝에 봤는데 동행한 50대 아줌마 넷 모두를 만족시킨 영화였어요. 윤계상이 그렇게 멋진 배우인지 처음 알았네요. 대학로 CGV 상영시간이 너무 하네요...
10, 오랜만에 주말에 엄마랑 데이트로 택한 영화!2주전쯤 tv영화소개 프로그램에서 보고재밌을 것 같아서 예매~ 보기 전엔 넘 민망하지않을까 걱정했는데  조금은 야하긴 했지만 유쾌했다. 생각지도 못했던 부모님이야기까지 담고있어서훌쩍거리며 보기도하고  소소한 연애 내용이 현실적인부분들이많아 공감 good!
5, 박범수 감독님의 실제 경험을 바탕으로 한 진정성에는 아낌 없는 박수를 보내지만  에로영화 촬영 현장에서 벌어지는 에피소드들을 중심으로 한 초반부를 제외하고는 흔하디 흔한 청춘 로맨스물의 전형을 그대로 답습하고 있는 것에 그치고 있는 점이 너무나 아쉽더라구요. ^^;;
10, 짱잼짱잼 느므좋아^^
4, 너무 섹시해요
9, 에피소드 짱.. ^______^경부고속도로 이순신...??김유신....???
9, 감독의 이야기를 그려서 그런지 더욱 디테일하고 재미있네요~배우들의 자연스러운 연기도 좋구요!!!
9, 그냥 봤는데 재밌었어요!! 최근 로맨틱 코미디 중에 젤 많이 웃은듯 ^^
10, 너무나도 재미있는 영화입니다^^ 웃다가배아플정도로 재미있는 영화입니다^^
10, 웃음  감동  큰 기대없이 봐서 그런지 나름 만족스러운 영화였습니다.
10, 가볍게 즐기기에 좋습니다.
9, 방금 아내랑 함께 보고 옴. 진부한 듯 진부하지 않은 흐뭇한 웃음과 나름의 감동이 있었던 괜찮은 영화임. 아내도 만족함.
1, 꼭봐라 두번봐라. 나만당할수없지^^ 심야로 봤는데 미친 잠이나 쳐잘껄^^
10, 정말 오랜만에 배꼽 빠지는줄ㅎㅎ 배우분들도 연기 다 잘하시고ㅋ 주연 배우들 케미 돋고ㅋㅋ 완전 감동인 영화!! 또 보러갈까 합니다ㅠ
10, 레드카펫이라는 제목에 맞게 상영된 영화인것 같구요배우들의 연기력이 매우 돋보이고 재밌었어요!!표정 말투 행동 하나하나가 우우스꽝스럽기도 하고진지하면서 감동을 주기도 하고 행복한 미소를 짓게 하기도 했구요~ 너무 재미있게 봤습니다~^^영화관이 정말 웃음바다가 됬었어요~♡
10, 잔잔하게 잼있는영화..
10, 회사 동료와 같이 봤는데 다들 재미있다고 하네요.영화관에서 이렇게 웃은건 처음이네요
10, 꿈을찾아 걸어나가고 있는 당신이라면  레드카펫 보면서 많이 공감할거에요..강추합니다
6, 조조로 보시면 돈 아깝지 않을정도...
9, 간만에 힐링되는 영화였습니다...진심추천요
10, 기대 없이가서 봤는데 보는내내 웃고 즐겼네요-
8, 보고나서 기분 좋아지는 영화!!....였습니다...^)^
10, 감동있고 완전 재밌었는데~ㅋㅋ 웃기고 ! ㅋㅋㅋ
6, 댓글알바에 속았다ㅜㅜ지금 보고있는데 아~~~~~재미없다
10, 짱~!!!!완전 웃다가 울다가!!!!
10, 울다가 웃다가 즐겁고 유쾌한영화입니다!!!영화보는 내내 즐거웠습니다!!
9, 재밌고 감동도있고 진짜 영화 잘되셨으면 좋겠습니다! ^^
10, 정말 재밌었고 오랜만에 밝은 모습 볼 수 있어 더욱더 좋았고 또 슬프기도 했네요. 그만큼 감동을 준 영화입니다
8, 간만에 빵터지는 한국영화를 본듯한 ㅋㅋㅋ 유쾌해지고 기분 좋아지는 영화였음 감독님 자신의 이야기라 더더욱 실감남
10, 가볍게볼수있어서좋고~평일점심타임에가서봐서근지...딱7명이서본영화~이7명이극장떠나갈듯웃겨준영화~ㅋㅋㅋ스트레스날리고왔어요~~정우감독처럼상업영화만찍는감독들도있겠죠??
10, 오정세 황찬성 코믹 연기 짱이에요~!!
7, 어제 회사 동료들이랑 관람 했는데정말 웃겼어요.중간에 잠시 진지해지다 말아서 다행이구요 생각없이 웃을수 있는 영화였어요.
10, 웃고 우느라 시간이 어떻게 지나간지도 모르게 열심히 본 영화..
10, 재밋던뎈ㅋㅋ올만에 진정성느껴졋던 영호ㅏ
8, 에로보다 로맨스가 와닿는 영화!!순수한 열정이 느껴지는 영화
10, 기대보다 잼나여~~★
5, 댓글 알바 쩐다 ㅋㅋㅋㅋㅋ 이렇게 댓글 알바티나게 달리는거 첨봄 ㅋㅋ
9, 장면 전환이 뜬금 없을때가 있긴한데 그것 빼곤 재밌었어요 생각없이 보고싶거나 할일없을땐 두세번봐도 웃길듯ㅋ 웃기긴 진짜 올해들어서 최고 웃겼던듯ㅋ
10, 정말재밌게봤어요ㅎㅎㅎ보는내내 웃음이 나고 감동도받고!!!더흥했으면좋겠습니다ㅎㅎ
7, 누구나 자기인생만의 <레드카펫>의 기회가 있을겁니다.  박범수 감독님에게는 이 영화 <레드카펫>이 그러한 기회가 되길 바라며...  극장입봉작이라 초반 다소 아쉬운 점도 보이긴하지만   극장을 나올때는 훈훈한 마음으로 나올 수 있는  괜찮은 19금? 15세 관람가 에로맨스 영화 <레드카펫>이었습니다.
9, 오~~굳굳! 러브스토리보다는 꿈을 꾸고..그걸 천천히 이뤄나가는과정을 보여준.. 오정세씨..찬성씨 연기에 계속 웃다가  윤계상씨가 절 감동시켰네요~ㅠㅠ청춘에게 따뜻한 메세지를 전달해준 ..마지막 대사가 아직도ㅠㅠㅠ
8, 친구와 약속 시간때문에 차선으로 택한 영화. 가수출신 배우가 주연이라서 으레 그런저런 영화겠지 예상했지만 에상외로 윤계상씨의 연기가 안정되고 오정세를 비롯한 조연배우들의 개성있는 연기 좋았다. 코믹영화이지만 삶의 진정성과 성공의 의미  가족애 등도 느껴지는 영화. 중간중간 복근육이 아프도록 재미있음
10, 너무재밌게 봤어요!!!초반부터 웃기시작해서 마지막까지 웃음이 계속되네요ㅋㅋㅋ보길잘했다는 생각이네요!배우분들도 너무멋졌어여!!!!ㅋㅋ
8, 재밌어요~ 기대 안했었는데 유쾌한 영화에요!!! 많이 웃다 나왔어요!!
10, 정말 보시면 후회안하실 영화입니다^^ 울다웃다울다웃다ㅋㅋㅋ최고의영화입니다ㅋㅋㅋ
10, 솔직히 기대안했는데 대박.... 꿀잼
10, 재미있고 가족적인 감도 사랑도 있고 ...
10, 생각보다 너무 괜찮았던 영화!!  너무 웃기고 감동도 있고~ 생각없이 보기 딱 좋음^^
8, 윤계상의 웃음과 진지함의 몰입고준희의 색다른 연기변신오정세의 코믹함과 조연 중 최고조달환의 능글스럽게 웃김황찬성(2PM) 막내다운 모습이 그대로영화에도 반영할듯한 일꾼 같음
10, 재미와 감동이 있는 영화.두번봐도 좋은 영화.꼭 한번 봐보세요~
10, 기대이상. !! 울다웃다. . . . . 뻔하지만 밝은영화ㅋㅋ퇴근후 힘든몸으로 봤는데. . 즐겁게봤네요ㅋㅋ
8, 에로영화로 호기심 자극 but 로맨틱 코미디~ 조연들이 빛났던(특히 오정세 배우 애드립) 많은 웃음과 감동도 주는 볼만하 내용임
8, 시종일관 많이 웃었네요ㅋㅋㅋㅋ 편하게 볼수 있는 오락영화입니다
9, 요즘 영화 볼거 없던데... 가볍게 볼 수 있는 영화인듯ㅋ 돈값은 하는 수준? 나름 괜츈
5, 알바들이 장난이 아닌것같은데;;너무티나요 그르지마요ㅋ
10, 예고편보고는 별 기대를 안했는데  속이 다 시원할 정도로 웃었네요. 최근에 본 영화중에 가장 실속있는 영화였던 것 같아요. 남자 주인공 윤계상씨도 연기 정말 잘하더라구요. 오정세씨는 말할 것도 없구요. 진짜 계속 웃기고 감동이 있어서 너무 좋았습니다.
7, 오늘보고왔음..고준희는 정말 연기하고 있구나...싶을정도로자연스럽지못하고 뭔가 어색하다가 광고촬영같은장면 나올때만 자연스럽더라..윤계상은 그냥그냥..오정세는 정말..최고..내용은 뭔가 허술한거같으면서도 재밌고 웃기고..감동적인부분도 있고..개인적인 생각으론 비긴어게인 패러딘가?  싶은 장면도 있고.
10, 완전 대박 웃기는 영화 나왔네요  ㅎㅎㅎ아직도 웃겨서 배아픔 ㅎ
9, 진짜  골때리게웃기고  감동도잇네여...이런 코메디영화는  간만에  나왓어용~~~ㅋㅋ진짜  기대이상
10, 개꿀잼  오정새빵빵터지넼ㅋㅋㅋㅋㅋㅋㅋㅋㅋ
10, 로맨스 + 코미디 적절하게 섞인 영화 무난무난
6, 솔까..오정세 아니면 볼 거 없다. 오정세의뻔뻔한 자연스러움 덕에 웃다 나올 수 있었음
10, 오늘 영화관가서 봤는데 재밌는데 댓글 왜 이럼? 오정세가 진짜 대박이닷!
0, ㅋㅋㅋ댓글 진짜 다 알바아니에요?ㅋㅋㅋㅋㅋ진짜 태어나서 이렇게 재미없는 영화는 첨인데감동도 없고 내용도 없고ㅡㅡ 고준희 연기 겁나못하고ㅋㅋㅋㅋ 돈주고 보지마세요
10, 레드카펫 너무 재밌어요!!!! 최고^^
10, 너므 잼나고 좋았어요ㅋㅋㅋ기대한만큼 ~~~
8, 웃고 울 수 있는 영화! 배우들의 능청스러운 연기는 정말 최고인듯ㅋㅋㅋㅋㅋ 야한 영화는 아니지만 부모님과 보기엔 초큼 민망...ㅋㅋㅋㅋ 꿈과 현실에 대해 고민하는 청년들에게 해결책을 주진 못해도 위로해줄수 있는 영화라고 생각해요.
10, 재밌었어요  너무웃겨서 울기도하고 ㅎㅎ  감동적인부분에선 울기도하고 ...  그렇게 야하지않아요 ㅋ
10, 웃을일 없던 일상에 치여살다가 117분 동안 오랜만에 한없이 웃다가 또 영화가 살살 상처를 어루만져주면서 괜찮다..포기하지말고 당당하게 걸어나가라고 해서 펑펑 울었습니다. 재미는 물론 감동까지! 정말 최고입니다!
10, 굿 재미있어용
3, 역시 발연기 꿀땡보질하던 연예병사 윤계상고평점은 알바가 아니라 박진영의 외노자 그룹 상품이었던  god빠순들 ㅋㅋ
10, 방금영화보고 .기슴따뜻하고 용기를 주는영화 .세상은 불공평한 것 같아도 진실된마음으로 최선을 다하면 좋은 끝이있다는 믿음으로 앞으로전진전진... 정말 한번보세요 저는 토요일날 또보러갑니다.
10, 개봉하자마자 가서 봤는데 웃음과 감동이 함께 있어요^^ 웃음과 감동이 적절하게 섞여있어서 좋았어요.
10, 오늘 보고 왔는데 기대 이상의 웃음포인트가 많은 영화!!명대사도 많아요!
0, 알바땜에
0, 믿지 못 하겠네요 별점이 웃겨
1, 재미없겠다...
9, 즐거우면서도 마음 따뜻해지는 영화입니당
10, 너무재미잇고 감동적인영화입니다~친구들과 유쾌하게볼수잇는 영화엿어요~~~
10, 유쾌하고 가슴 따뜻한 우리들의 성장 이야기
8, 재밌게 봤습니다.가볍게 웃으면서 보기 좋은 영화입니다.재미도 있고.. 약간의 감동도 잘 만든 영화라고 생각합니다.
8, 그냥 웃기기만한 킬링타임용인줄 알았는데 나름 감동도주는 영화네요~ 웃픈 영화라고나 할까..
10, 배우들 하나하나 정말 매력있어서 영화가 전체적으로 좋았습니다~ 재미도 있고 눈물도 있고 정말 웃다 울다 ~ 잘 봤습니다 ~~~~
10, 처음엔 웃기다  나중에 눈물나게하는 좋은영화
2, 알바들  시간당얼마씩쳐받는거지?
9, 웃음 포인트가 많은 영화임에도 불구하고 내 자신에 대해서 진지하게 생각하게 만든 영화. 오랜만에 정말 영화다운 영화 본 느낌^^
10, 끼야아아~~@@ 윤계상 너무좋아!!ㅠ
10, 계상이 오빠는 이제 정말 배우가 되었군요.. 넘 재밌게 잘 보고 옴!!!
10, 캐릭터 설정 진짜 잘한듯ㅋㅋㅋ 연기도 잘하고 웃기고 짱
10, 역시 고준희 !! 잼나네요 ㅋ
10, ㅎㅎ 영화 재미나여. ㅋㅋㅋ보는내내 즐겁게 봤네요
10, 계상이형과 고준희 케미 캬
10, 시간가는 줄 모르고 재미나게 봤어요~~ 배우들간의 합이 좋았으며 누구하나 빠질 게 없는 영화인 것 같아요~~ 유쾌한 웃음이 나오는 영화!
10, 가볍게 볼수있는 영화지만 내용은 가볍지 않은! 배우분들 연기 너무 좋았어요!!
10, 히히 또 봐야징~!!
10, 잼나게 봤어요~ 빵빵 터지네요~ 뒤에는 감동도 있어서 친구랑 즐겁게 본거 같아요
5, 여기가 바로 알바천국 ㅋㅋ
8, 기대보다 재밌었음 윤계상 존멋
5, 현재 알바 36명 돌파인 듯
10, 가볍게 웃을수있고  또울수있는영화입니다^^~~~
9, 가볍게 웃으며 보기 시작해서 어느 순간 코끝이 찡해졌다.
10, 완전 웃김 ㅋㅋ 짱 ㅋㅋ
10, 아.. 오정셐ㅋㅋㅋㅋㅋㅋㅋㅋㅋㅋㅋㅋㅋㅋ 재미쪙!! ㅎㅎㅎ
9, 재미있어요~ 역시 대세 고준희 ㅋㅋ
10, 조연배우들 캐미가 남다름 오정세 조달환 성지루 ㅋㅋ 빼꼽터진다
10, ㅋㅋㅋㅋㅋㅋㅋㅋ웃김 보는내내 빵빵터짐 황찬성 귀여워 ㅋㅋ 마지막엔 은근 감동도 있고 가볍게 보기 딱이었어요
10, 시간가는줄모르고 웃다가 나왔음 ㅋㅋㅋㅋㅋ배우마다 매력포텐 터짐 ㅋㅋㅋㅋ
10, 재밌어요! 웃겨요 ㅋㅋㅋㅋ 오정세 정말 능청스러운 역할에 딱ㅋㅋ에로 영화 촬영할 때 웃겨 죽는줄 ㅋㅋㅋㅋㅋ
10, 영화보구 오정세 씨 팬됐습니다. 주연배우로도 손색없는 연기에 박수보내고 싶어요. 앞으로도 오정세 씨 출연 영화라면 연기는 믿고 보겠습니다!
10, 기대하고있습니다 오늘보러가요~
10, 정말 재밌게 봤습니다 ~~~~
10, 시사회 갔다왔어요배우분들 연기 멋지구 유쾌하게 감동도있고가을날에  볼만한 영화더라구요 ^^
9, 잼있었어요.ㅎㅎ
9, 매력적인 배우들이 꿈과 사랑의 갈등을 잘 표현하였다.
0, 망한다에 손목아지 건다
10, 꿀잼! 감독님 자전적 이야기에 감정이입하면 찡하기도하고... 좋은 영화!
10, 티비에 나오는거보니까.. 재밌을듯.. 흐흐
10, 웃음 코드라 감동코드까지 오랜만에 감정 이입해서 봤네요 ㅋㅋ
10, 믿고보는 오정세!! 겁나 웃김ㅋㅋㅋㅋㅋㅋㅋㅋㅋ
9, 솔직히 기대 이상!!
10, 이거 정말 잼있네요~ ㅋㅋ 강추입니다~
0, 왜 이리 영화사 기획사 직원들 댓글이 많아? 오정세씨 짱? 감독님의 고충? 레드카펫 화이팅? 좀 잘 생각해서 쓰지. 위에서 쓰란다고 성의 없이 쓰고.
10, 시사회로 봤는데 겁나 웃김ㅋㅋㅋ
9, 시사회당첨돼서 보고옴. 기대안했는데 생각외로 재미있었음. 신나게 웃다가 마지막엔 살짝 감동도 받은...  오정세라는 배우를 알게되어서 좋았음
9, 생각보다 진짜 재미있었음. 웃음  감동  눈물  설렘 다 있었던 영화. 기대 안하고 봤는데 엄청 웃었음. 에로영화 감독이 주인공라고해서 뭐 기대하시는 분들이라면 걍 딴데가시길..
8, 추천이요~~
0, 개수작같은 알바천지들의 댓글놀이. 믿고보는 배우는 어디에?
10, 감동과 재미 둘다 잡을수있는 뜻밖에 만나 수작
10, 조달환 화이팅
10, 시사회에서 봤는데 예상외로 빈틈 없이 웃기고 재밌었습니다. 마지막에는 뭔가 뭉클해지는 행복감도 느껴지는 영화에요. 많은 분들이 보셨으면 좋겠습니다. 레드카펫 화이팅!!
9, 최극 본 영화중 최고!!시간 가는줄 모르고... 윤계상씨 매력있네요!! 오정세씨도!!ㅎㅎ
10, 잼날거같다
8, 어제 시사회 다녀왔는데 정말 솔직하게 괜찮았어요 포스터만 보고 판단하지 마시고 영화 보면 기대이상이란거 알수있을거에요 !! 감독님이 실제 겪은 고충이 영화에 잘 나타나있어서 정말 좋았어요!
0, 이런영화 그만나와
10, 시사회 보고 왔어요'오정세'씨가 영화전•후반을 쥐락펴락 하네요~'오정세'씨 짱!!!!! ★★★★★
10, 오늘 시사회에서 간만에 빵!!!!터짐!!!!  따뜻하면서 야한 영화!!
5, 딱 20분까지만.
10, 오정세씨 연기 너~~무 기대되고... 고준희씨 진짜 이쁘신거 같아요!! 게다가 배우들의 케미~~!! 기대됩니다~~!! ^^
10, 재밌을것같아서 기대되요~~~~ㅋㅋㅋ
10, 흥하길
10, 잼있을듯ㅋ빨리개봉하면좋겠다ㅋ
10, 윤계상 고준희 7년만에 다시호흡~ 레드카펫에서의  로코가 완전완전기대됩니다^^
10, 세상에... 촬영은 작년 11월 중순에 종료됐는데 이제 개봉??? 그사이 뭔일 있었쑤?
10, 이거 19금 영화 아니에여
0, 망할것 같다.망해라.
10, .
0, 내용은 19금 타령인데 15세 관람가네 ㅋㅋㅋㅋㅋ 이런게 사기아닌가?
10, 믿고보는 오정세! 덤으로 고준희 ㅋㅋ
10, 티저만 봐도 진짜 재밌는데....ㅇ ㅏ..빨리 23일 왔으믄 좋겠네요. 박범수감독님 기대하고있습니다용
10, 꼭 보고 싶어요! 개봉날을 기다리는 팬입니다. 계상 오빠 화이팅
10, 개봉이 기다려집니다.. 배우 윤계상 반갑습니다..
10, 윤계상씨 기대하고 있습니다
0, 이 영화는 감독님이 자신만의 추억으로 남길려나봐...
10, 기대해볼게요
10, 재미있을거 같네요
10, ㅎ 재밌겠다. 찬성이 귀여워
10, 윤계상 화이팅!!!
