2, 사랑에 관한 다섯가지 동화라는데..다섯이야기가 연결고리가 있는 것도 아니고 사랑의 절절함이나 연민 안타까움이 묻어 나는 것도 아니고 감독의 인맥 자랑과 뮤비수준의 영상습작 같았다.
1, 뮤직비디오 모음이냐..-_-
2, 김규리 나오는 마지막 만 봐줄만하고 나머지는 대학교 졸업작품 수준...김민준은 언제 연기가 될려나? 징징거리다 끝남
10, 잔잔한 감동. 편안한 감정이 좋아요
5, 시작 에피소드는 나름 괜찮았음. 하지만  나머지는 별로.... 에피소드가 중구난방으로 나열되어 있어서 영화의 큰 주제가 무엇인지 전혀 모르겠음.
10, ^^♡
0, 가짜 김규리(김민선)만 별로
