10, 유튜브에서 우연하게 본 영화. 딴건 둘째치고 여배우가 너무 매력적이었음. 개인적으로 약간 통통한 스타일 여자를 좋아하는데 내가 가장 섹시하다고 생각하는 몸매를 가지고 있고 얼굴도 적당한 볼살에...너무 이뻤음. 개취지만 주인공 여자 얼굴 몸매 최고였음. 한번만 만나보고싶다...
0, 평소같았음 아무리 오크녀라도 적절한 떡씬만 있어도 1점 정돈 줬을텐데...인간 중독을 보고 난 후 봤더니 눈알이 썩고 불알이 오그라드는 현상이 일어나더라.
0, 에휴 쓰레기. 여자 턱살 추한거랑 뱃살 덜렁거리던 거 밖에 기억 안남.
1, 무슨영화가 처음부터 끝까지 붕가붕가 밖에 없다  더이상 많은걸 바라지 말자 ^^
0, 뭐가 최고냐 개봉관도 없는 영화 개봉중이래 ㅋㅋ
10, 최고~
9, 재미있을것같아요 'ㅅ'
1, 이딴게 영화라고 ..
10, 완전한사육의 완결판인듯! ㅎㅎ
