6, 해피엔딩으로 끝내면 좀 좋았을까 싶다 아픈 사람에게 희망적이어서 좋았으나 마지막 교통사고는 충격이다
0, 이영아 연기 드럽게 못하네
6, 차라리 TV 다큐멘터리  보는게 나았을 듯.
2, 감동도없고몰입도안되고 나름 슬픈멜로 찍은것같은데 슬프지도 않고.. 진부한 스토리에 70년대풍 신파극
0, 다섯번째 멜로영화 라면서요;;참 굳이 이렇게까지 할 필요가?
8, 해피엔딩으로 끝내주시지 ㅜㅜ
10, 즐감했습니다  진실한 인연  요즘 보기드문 사랑입니다  끝까지 사랑을 함께 하지못함이 아쉽군요
9, 뻔한 신파지만....그래서 더 감성을 자극했다.
10, 다 좋아..다 맘에 들어..근데 왜 결말이ㅠㅠㅠㅠㅠㅠ
5, 뻔한 신파..하지만 이런류의 영화도 필요로 하는 관객도 있다..
10, 분석 한답시고 보면 유치하지만 그냥 보면 꽤 좋은 영화. 뻔한 병마 스토리로 고통 당하는 사람들을 절제 강요하고 꾸미지 않아 괜찮았다. 박해진 이영아는 이미지 자체가 맑아서 연기 잘 맞고 특히 마지막 ost 흐를 때의 그 감동은 느껴 본 사람만 알겠지.
0, 마크 라이델의 마지막 연인을 마지막의 비극적 서사를 그래도 차용하고도 이정도의 영화 밖에 안되다니... 서울예술대의 한계인듯
10, 오랜만에 감동적인 영화
3, 희귀병에 걸려 골수이식을 받아야만 하는 여쥔공... 감독님의 전작들을 믿고 감상했던 영화인데... 너무 뻔하게 전개되던 스토리가 진부하고 식상하게  쭉...이어가다가 헉 첫장면이...○○○이었어...
4, 뻔한 신파 영화란 생각에 기대를 안했는데...배우들의 잔잔하고 애틋한 연기에 마음이 녹아들어가다가.....엔딩이 뭐임?????? 뒷통수 제대로 후려치네..
5, 연기를 잘하긴하는데 오글거리잖아 내가 솔로이긴하다만  멜로영화는 이런식으로하면안되 순수함과 정직함에서 나오는 간절함을 끌어내란말이야 감독님~~~~~~~~~~ 아 영화판으로 투입해???나 투이합니까
5, 전반적으로 아쉬운..
10, 스토리전계도 초반에는 깜짝깍짝했지만..흠흠..전계도괜찮고..그냥..너무아픈사람들끼리많나서 .. 아프다..아주많이..재밌게봤네요!눈물쥬룩쥬룩ㅠㅠ...
10, 눈을 사랑하는 여자와 바다를 사랑하는 남자의 치명적인 사랑 이야기
8, 김정권 감독의 다섯번째 멜로영화 '설해'  가슴이 아려오는 슬픈영화 ..
5, 사나이 심금을 울리는 진한 사랑을 느낄수 있었던진한 감동을 주는 스토리였네요오래도록 기억에 남는 사랑일듯 하네요
10, 사랑이 무엇인지 알려주는 영화... 정말 이야기는 내 기대 이상으로 탄탄 하다. 마음으로 사랑을 하고 그 마음을 내 사랑하는 이들에게 전해주고 싶게 만드는 영화.. 추천 합니다. 올해 맬로 영화는 설해로 시작 하세요~
10, 너무 감정이입되서 본 영화이구요 영화 보게 되서 너무 행복했습니다 정말 해진오빠 멋있고 섹시했어요 ㅎ
2, 슬픈 영화인데도 몰입을 방해하는 오글거리는 대사와 여주인공의 오버연기에 마치60년대 멜로 영화같은 느낌을 받았다 제목이 주는 참신함에 이끌려 보러갔다가 눈물대신 헛웃음만  지으며 나오다.
8, 음악과 영상이 너무 좋았어요2프로 부족한건 제가 정통멜로를 안좋아해서ㅠ좋아한다면 정말정말 재미있을 영화!
10, 박해진이라는 배우 보려고본영화내용 그렇게나쁘지는않았어요 이런류의 내용좋아하는편이라 제개인적의견입니다.
1, 정말 이렇게 짜증났던 영화 간만인거 같네요..ㅡㅡ
10, 영상과 음악이 돋보이는 아름다운 영화 
10, 강성자극 팍팍? 반전도...  여심을 자극하는 영화에요
1, 완전 백혈병 뻔한 스토리라서 관객들이 보다가 나가거나 주연 눈물씬에 폭소까지... 안습 ㅠㅠ
10, 눈물나게하는 멜로 영화 오랜만에 봅니다...
10, 영상과 음악이 조화롭네요..오랜만에 보는 감성멜로에요
10, 슬프고 애잔하고 눈물이 콸콸..
10, 박해진 영화 첫 주연작이니 만큼 많이 노력한게 보이네요
10, 박해진을 큰 스크린에서 보다니...!!ㅜㅜ 완전 기대기대
10, 박해진 역시 연기력 폭발이네요!! 이영아씨는 이제 얼굴만 봐도 눈물이 날듯ㅠㅠㅠ 감성 멜로 최고입니다!
0, 맙소사
10, .
10, 박해진를 스크린에서 보는것만으로 쌩유~~~^^기대기대
10, 박해진 좋아요 너무너무 보고 싶습니다~
10, 기대되는 영화네요. 사랑영화
10, 요즘과 같이 정이 매마르고 각박한 세상에 이와 같이 사랑으로 아름다운 영화가 상영된다니 참으로 기대됩니다
0, 이제 2015년인데  백혈병 - . -  80년대 신파극 수준임
10, 보고 싶은 영화예요 ㅎㅎ
9, 너무너무 기대되는 영화입니다 잔잔한 가슴속에 스며드는 생각하면서 볼수있는 영화입니다
2, 난 바보라는 영화가 많이 생각나는데 이 영화에서는 이영아씨의 연기가 기대된다.
10, 달달하네요 ㅎㅎㅎ
10, .
10, 믿고보는 박해진!!
10, 완전기대~^^♡♡♡ 아름다운 이야기가 되기를...
8, 희귀병 골수이형성증후군에 대해서 다룬영화라고 알고있습니다. 영화가 전하는 진심을 기대해 봅니다.
0, 난 싫어요
10, 좋아요
10, 박해진씨 첫 영화 너무 기대됩니다~ 수트입은 모습도^^
