8, 볼만한 영화네요 여느삼류잡탕영화와는 비교가 안되네요
10, 우연히 봤는데 끌린 영화~~~
10, 후회않할영화  더잘될수있었을영화
7, 섹스에 생명이 있다. 몰입도 2/2영상미 1/2내용구성 2/3시사점 2/3
7, 아무 생각없이 봤다가 끝까지 본영화^^ㅋㅋㅋ 아..진짜 개구라인데...그럴수~도 있겠다 라는 생각이 드는 영화^^ㅋㅋㅋ 아~ 진짜^^ㅋㅋㅋ 남편이 알고보니 과거의 환자^^ㅋㅋㅋ 숨은 반전..ㅋㅋ 아놔^^ㅋㅋ
8, 나도 숙희같은 여자 있었어면 좋겠다..
5, 신의 은총은 무엇인가. 선하고 순결한 것만이 신의 은총일까. 과연 그녀는 신의 은총을 받은 걸까. 아니면 몸을 더럽힌 죄인일뿐일까. 그것은 인간의 선한 행동인가. 아니면 타락한 인간의 욕망일뿐일까. 그리고 그는 지옥에서 구원받은 걸까. 지옥으로 떨어진 걸까. 선을 행하려는 그녀의 선한 기도를 신은 들어주실까?
10, 두 번 보았습니다.. 또 보고 싶게 만드는 매력이 있는 영화인 것 같습니다.
8, 영화 '미저리'의 병원 간호사(?) 버젼급 이랄까~~- 환자가 치료를 받는건지  해 주는건지~~~ 암튼  쵝오~
7, 섹스와 테라피 심리적인 요소들이 잘 어울려진거 같다
7, 재밌는데ㅋㅋ
10, 지성 < 모성
7, 재미있게 보았습니다
7, 뇌졸증이 섹스로 치료된다는 그런 픽션. 남여배우 연기가 돋보임.
5, 영화가 정말 난해하네요.. 딱히 이런장르다 라는말을 못할내용인것같아요.. 배우들 연기는 다좋았지만스토리가 정말 난해해서 큰 흥미를 느끼진 못했습니다
10, 인간은 생각하는 동물일 뿐이고. 신이 만드셨다면 그렇게 만드신 것뿐이고.
4, 포르노(혹은 애로영화)도 아닌 것이  그렇다고 예술영화도 아니고 짜릿하지도 않고  아름답지도 않고  멋인지도 않은 모든 게 낯설고 그냥 아닌 영화
2, 반죽 덜 된 잡다한 상투성.
6, 상대방을 서로 존중하는 마음을 가지며 희망을 찾아가다... 조금 거북해도 아이가 어떻게 행동하느냐에 따라서  천사와 그 반대의 모습을 보이기도 하는 엄마들처럼... 당황스럽고 안쓰럽거나 조금 코믹하거나 ㅋㅋㅋ
10, 논란이 되는 장면으로 평점이 최저에서 최고?   그냥 영화다   재밌게 봤으니 난 만점이다
10, 천박함도 인간의 본성인가
2, 채민서는 의젖하기만 한게 아니고 얼굴도 뜯어고쳤나보네. 연기를 뜯어고칠 생각은 없었나? 영화 거지같다.
6, 발성이 덜된 연기지만 뭔가 날것의 작가주의랄까.... 완성도 면에선 3할이 뜯겨져 버린 안타까움만...
10, 내가 그녀를 통해 구원을 받았는데 어찌 그녀를 비방할 수 있겠는가?
9, 그녀의 치료방식이 때론 강압적이기도 하고 보통 사람의 상식에서 보면 이해할수 없겠지만.. 영화를 보다보면 묘하게 다 수긍이 가더라.누가 그녀를 욕할수 있을까..? 누가 그녀의 치료 방식을 비웃을 수 있을까..? 자길 낫게해준 생명의 은인인데...생각보다 괜찮은 영화였다
5, 은유와 표현이 너무 직선적이라 반감되는 숙희 캐릭터
10, 기대없이 봤는데 스토리도 있고재밌게 봤습니다.
10, 성(聖)녀와 성(性)녀는 한끗 차이....
7, 헬렌헌트 주연의 외국영화 세션: 이 남자가 사랑하는 법 2012년작  표절판 영화 !  숙희와 세션: 이 남자가 사랑하는 법 을  비교해서 보면 더 재미 있을듯 ...
1, 내 지금껏 국내외 수많은 영화를 봐왔지만 실제 어린아기앞에서 담배피는 장면은 처음본다 그것도 두번씩이나.. 그아기는 고아인가? 아기의 주위사람들은 아무항의 없었나?  꼭 그럴필요까지있었는지 감독에게 묻고싶다..  그것만빼면 좋은영화라 생각된다.
7, 숙희는 진정한 성녀일세 섹스로 둔화된 온몸의 감각을 자극시켜 마비를 치유하는 골때리는 영화
9, 에로 영화인가 했삼 그런데 뭐가 성수러운 그녀의 치료에      아직 보는중 노래도 좋던데 누가 불러나요 ?
8, 뇌출혈 전문 간병인의 특별한 재활 그녀는 성聖녀였다
9, 볼만했다
1, 미저리도 성형한세수대야들이 나와야하는 게다가 번듯한 직업에 ᆞᆞ인물 설정은 애들 수준이고 그냥 소꼽놀이  ᆞᆞ
10, 아주 골때리는 영화... 잼남니다...ㅋㅋ 진짜.
7, 미저리같은 숙희. 근데 귀여워..ㅋㅋ 한번 빠지면 헤어나올 수 없는 싱크홀같은 마성의 그녀..감독이 약 빨았나 싶을 정도로 장르도 모르고 보다가 정말 빵 터지면서 본 영화
8, 몰입도는 상당히 있는 영화 하지만 먼가 부족함....채민서의 역은 대단히 좋음..
10, 이 세상 모든 위선자들의 빤쓰까지 홀딱 까내린 재기발랄하고 통쾌한 영화! 기대 안하고 봤다가 다 보고나서 감독이 누군지 찿아보게 된다.
7, 흥미롭게 봤다.채민서도 매력있고.하지만 끝까지 풀리지 않는 의문.극중 숙희는 창녀인가 성모마리아인가.
8, 재미지긴...하다.... 지루하진 않았다...ㅋㅋㅋ 첨엔 미저리 인줄 알았는데.....ㅋㅋ
9, 일반적인 종교보다 훨씬... 물리적인... '믿음'이 가는 힐링영화네요... 숙희라는 이름이... 마리아 만큼이나 성스럽게 느껴집니다...^^;
8, 굉장히 독특하게 재미짐.
7, 은근히 재밌다
10, 한번보면 계속보게됨 좋은영화임
8, 내용은 형편없지만 끝까지 보게만드는 영화  채민서 너무 오랜만에 보는듯한.. 왜 안나오지..
2, 채민서의 연기 말고는 볼께없다
0, 이런 그지같은영화는 첨봄.. 멜로도 아니구 코미디도 아니구 애로도 아니구.. 델리모션에 떠서 시간이나 죽일까 봤는데 그시간이 아까움.. 차라리 음악이나 들을껄.. 돈주고 본넘들은 오죽하겠냐 영화비에 버린시간에...
9, ㅋㅋ 쎄다. 프라이드 강한 엘리트를 나락까지 몰아가는 강의실씬 압권이네요. 그런데  정말 치료에 효과가 있는지는 검증이 필요한....
8, 투박함이 더 잘어울린 예술영화 였다.
8, 뻔하고 가볍게 느껴질수 있는 소재를 색다르고 재미있게 만들었네요  아닌척하고 억누르고 있어도 숨어있는 본능은 이성을 앞선다.  배우들 연기 잘했습니다. 감독의 다음작품 기대가 됩니다.
9, 영화 괜찮네요.처음에는 자칫 오래전의 비디오판격 성격이 강하다고 생각했지만 영화를 볼수록 빠져들게하는 영화입니다.재미있게 봤구요.인지도있는 유명배우 출연의 어설픈영화보다 훨~~~씬 나은 추천영화입니다.
9, 생각없이 가볍게 본건데 넘 재밌었어요 한시도 지루함 없이 봤어와 채민서란 배우 처음인데 은근 매력있어요
2, 남자의 휠체어 연기가 감동이 아니라 코미디로 다가온다 ㅋㅋㅋㅋㅋㅋㅋㅋㅋㅋ
9, 우와~~생각보다 정말 재미있게 봄...코미디가 장르인가...ㅎㅎㅎ
8, 자극  그리고 본능  이것의 인간의 중추이고 사고이다. 양지은 감독의 다음 작품이 매우 기대된다. 아직까지는 너무 어지럽다. 걷어내기가 필요하지 않은가 싶다. 남성성과 여성성에 대한 근본적 대립과 육아의 문제까지 녹아들기에는 용기가 작은 듯한 느낌이 많이 든다. 더 깊은 천착의 다음 작품 기다려 본다.
10, 채민서씨 채식주의자에서도 연기 감명깊게 봤었는데 숙희에서 더 성숙된 연기 잘봤습니다. 저예산 영화같지않게 스토리도 탄탄하고 아주 재밌었어요~ 상영관이 좀 많이 늘어서 많은분들이 보셨음 좋겠네요. 대박기원!!! 채민서씨도 화이팅!!
9, 스토리도 있고 연기자분들도 잘하시네요정말 잘봤어요 추천드려요 단 성인분들만...
10, 음                                                                                                                                                                                                                평점 10점 만점일세...............................함 봐라.
10, 채민서..잘몰랐었는데..보석같은배우네요..순박한 눈빛이 순간 무척사랑스러웠어요..
9, 숙희야~~~멋있네...괜찮아요 보세요
8, 너무 치우친 캐릭터  말도 않될 것 같은 상황들..... 무엇을 이야기 하고 싶을까? 싸구려 영화인 줄 알았는데 알맹이가 있다라 고 할까? 생각보다 좋았다. 싸구려와 순수함?
10, 우연히 보게 된건데 채민서씨 다시 봤어요. 이상한 영화일 줄 알았는데 채민서씨가 숙희 역활을 너무 잘 소화해내심. 조한철씨 연기도 좋구요~ 스토리가 생각보다 탄탄하네요.
8, 다양한 캐릭터와 자극적인 소재. 아리송하다.
9, 이성과 감정  정신과 육체의 차이를 극명하게 보여주며 그 사이에서 타협할 것을 과제로 제시한 멋진 작품이다.
2, 자극적인 영화들 속에서 피어난 한줄기 꽃 같은 영화
10, ㅋ 영화가 웃긴다
9, 전주영화제에서 봤는데 재밌었음!ㅎㅎ
10, 기대하고 있어요♥♥
