2, 무슨 내용인지 하나도 모르겠어요. 너무 지루함..
3, 이영화 대체 왜 만든건가요....
2, 남주연기  최악
1, 남주여주 연기 왜이리 못하지... 스토리도 재미 없고...
5, 갑자기 튀어나와서 흐름깨는 배드신과 남자주인공의 요상한설정만아니었음 괞찮았을수도 있는영화
5, 영화 속 내용과 상관없이 계속 보고있자니... 머리만 긴 미르같은 고은아... 남매지만 정말 많이 닮긴 닮았네... 19禁 장면 아니면 드라마 스페셜 소재같기도...
2, 지루한 영화...야한장면을 기대하고 보는거라면 추천하지 않음....
2, 고은아 연기 는 좋은데 감독이 한심하다. 감독에게 욕하고 싶다. 감독 그만해라.
4, 굳이 섹스가 필요했나?? 소재는 신선한데 회도 아니고 무침도 조림도 국거리도 아닌 괴랄한 영화가 되버림.
0, 크다
4, 뭐지??
8, 노출에만 언급이 많이 되어있지만 사실 내용을 보면서 현실타협하지 않는 외곬수의 번뇌를 얘기하는 것 같아 나름 감정이입이 많이 된 느낌이었음.그래도 마지막에 웃는 모습을 보게 되어 다행이었음
3, 고은아의 밀도있는 연기에도 불구하고 이야기 전개의 지루함은 어쩔수 없군
1, ...
2, 젊은화가가 마주하는 현실에 여주인공은 고민과 번민을 녹여낸 우수에어린 표정이 나와야하는데 계속 울상이다...스토리 연기 연출 모두 울상 ㅠㅠ 이게 이 영화의 수준정도. 처음에 별두개 준게 너무 맘에 걸려서 다시 올리게 만드는 영화 ㅋ 삭제
9, 나는 잼있게 봤다. 고은아 박재정 연기도 볼만 하다
3, 그냥그런 지루한것같음ㅜ무슨 고은아 담배만그리피는지 담배영화같ㅏㅜ무슨영화가 대사도그리없어ㅋ
0, 어설퍼도 우리는 뭔가 기대치를 가지고 논하거나 미리 포장할 수는 있다. 그러나 이 영화에 대해 단 한줄이라도 우호적인 글을 쓴다면 스스로 부끄러워해야 할 것이다. 내 가족이어도 난 그렇게 말할 수 없다
1, 몬 내용이 기승전결이 없네ㅋㅋ몰보라구 하는지  몰겠네
3, 싸구려 에로영화의 범람 속에 이 정도 와꾸를 가진 여배우의 노출을 보는건 흔치 않다
0, 살다살다 이런 영화를 다 보네요..ㅎㅎ..연출 연기 각본 모두 다 쓰레기...참 기가 막힌다..내가 영화보고 0점 주기는 첨이다..고생한 스텝을 생각해서 아무리 잼 없어도 1점은 줬었는데..이건 도저히 참을 수 가 없다..
5, 영화가 끝날때까지 ...여배우 코만 봤음....
5, 딱 그저 그랬다.. 뭐라고 집중이 안되는..
5, 이 정도 노출이면 노출을 할 필요가 없었는데... 매우 지루한 로맨스 영화.
1, 영화가 아닌 tv드라마나 뮤비같다. 오글거리는 대사와 나레이션은 최악이고  뻔한 인물들이 뻔한 연기를 보여주며 뻔한 장면들이 어지럽게 이어붙여져있다.
10, 헐.. 이영화가 5점대라니.. 노출을 기대해서 실망하는 평점인거같은데.. 나름 신선한 로멘스라고 생각한다. 상처를가진 남녀들이 상처를 푸는과정이랄까.  베드신도 깔끔하고 아름다웠고. 노출없는 로멘스영화라고 맘먹고 보면 아주 괜찮은 작품인다.. 7점이상인데.. 5점대라 이점수준다.
2, 헐
3, 고은아 아침부터 일어나더니 담배 벅벅피고나서 더러운 권력자들에게 옷이라도 벗으라는고냐??어러면서 관객들 점차 졸리게만듬 중간나오는베드씬도 잘안보여줌~로멘스멜로라그런지 남자들이보면 재미없을듯 ㅠㅠ
7, 코 한번만 더하자 !!
10, 은아찡~
2, 본격 몸매 영화
8, 고은아.... 몸매 하나는 이쁘다...
10, ㅇ
0, 주연배우들 보아하니 끝났군. 이걸 누구한테 보라는거임? 연기력이 안되믄 이쁘기라도 하늗가. 호감이라도 있던가
8, 기대 안하고 봤었는데 생각보다 재밌게 봤음
7, 예감님의 말이 맞을까요~^^ 저예산 영화 만들어보고 얘기하는게 맞는겁니다~
10, 명대사 : 내 생각(생각~생각~) 그냥 고은아..
10, 난 당신 마음을 느낄수 있어요
3, 그냥 예고편이 영화 전체를 본듯한데..더 볼 내용이 있을까?
3, 연기가 ㅜㅜ 이건 뭐 삼류소설보다 못한 벗으려면 확실히 벗든지 아니면 감성을 적시는 포인트가 있어야 하는데 고은아는 얼굴도 주연으로는 아니지 거기에 남주연도 케스팅부터가 미스
10, 고은아
5, 슴 나옴?
1, 발과 발이 만나 옷을 벗다..고은아 몸매에 1점..나머진...후우...
0, 시사회갔었다 니들 뭐냐 이게  영화냐? 아니 연기자냐?둘이 아주 쌩...시간 아깝다
1, 흠...
1, 발호세ㅋ
8, ㅇㅇ
1, 잼없음
10, 박재정 믿는다
1, 어떻게해... 진짜 재미없어 보임. 스토리도 힘없고. 연기는 둘 다 발연기. 여배우.. 재기하려고 애썼는데...
9, 엄청 기대됨
10, 노력파 박재정
10, 그냥 고은아 노출 10점
5, 옆면노출나옵니다박재정하모니카불때 빵터짐ㅋㅋㅋㅋㅋㅋㅋㅋㅋ시사회갔다왓는데 음 고은아 실물 이쁨 영화가 말하고 싶은 게 뭔지 모르겟음말투가 오타쿠가틈왜죠? 날 왜 도와준거죠? (화남)ㅋㅋㅋㅋㅋㅋㅋㅋㅋㅋㅋㅋㅋ
10, 고은아 정면노출 나오나요?하우두유두 나오면 볼려고
5, 아니 그래서 노출씬 있어?없어?
2, 도대체의 영화의 주제가 뭔지....너무 루즈~~~하고 지루했다
9, 기본점수 5점  저예산 가산점 1점  고은아 연기 1점  박재정 연기 -1점  아름다운 영상미 1점  잔잔한 연주곡 1점  스토리의 개연성 -2점  고은아 베드씬 3점.. 총점 9
1, 시사회를 보면서 감독의 메세지를 이해하려 했으나 런닝타임의 압박때문이지 아니면 저예산 영화의 한계인지는 모르겠지만 관객에게 전달 하려는 메세지가 제대로 전달되지 못한 좀 아쉬웠던 영화인것 같다 . 썩어가는 사회의 현실의한계에 고통받는 사람과 그아픔을 이해하는 사람의 만남  그 이후의 스토리는 없었다
1, 시사회보고나서 1점도 아깝다 사실ㅋㅋ대체 뭔 생각으로 만든건지ㅋㅋ 시나리오는 발로쓰냐ㅋㅋ예문대학생들도 이거보다는 잘쓸듯  왜 고은아같은 배우 갔다놓고 영화 반을 담배만 피게 하는건지ㅋㅋ장난하냐ㅋㅋ
2, 시사회 보고 난 후... 도대체 영화의 주제가 뭔지... 고은아는 담배만 꼴초처럼 계속 피우고  박재정은 하모니카 부르는 시늉만 계속 하다가 끝난다.
2, 무슨 영화인지.......무슨 이야기인지 전혀 이해시키질 못하는듯....자기세상에 빠져있네요...
10, 대박 나시길   음~~ 먼가 시나리오가 매력있어  먼가 끌리는 느낌
0, .
10, 고은아씨 화이팅~~~
10, 정말로 기대되는 영화입니다.
