10, 8.4
7, 나름 해피엔딩 영화! 그런데  이나영씨가 원래 남잔데  여자로[즉 트랜스젠더]설정은 조금 미스!
10, 자신을 찾을 수 있고 응원하는 사람이 있다면 세상은 살기 좋을 것이다.
8, 더하지도 덜하지도 않은 이야기. 트랜스에 대한 이해가 돋보인다. 하지만 영화 속에는 좋은 사람만 있다.
7, 상업 장르영화의 용기있고 기분좋은 도전.
10, 이정도면 잘만든편인데 뭐가 문젠지 모르겠다 할리우드 블록버스터를 원하시나  그리고 다시한번 느낀건데 이나영은 정말 소름돋게 이쁨 얼굴 화면에 잡힐때마다 미소가 떠나질 않음
8, 김지석  김흥수 두배우 때문에 빵빵 터졋습니다매력터지게 연기를 너무 잘하셔서 영화가 더재밋게 다가왓던것같아요^^ 캐스팅이 정말 신의 한수 엿네요!글구 대사들도 배우들이 잘살렷던것 같습니다재밋게 보고갑니당
6, 나름 생각하고 고민해 만든영화같긴한데 강한임팩트도없고  재미면에서는떨어진다
10, 쪼금 지루하지만  이나영의 매력이 잘 드러난 영화네요
8, 의외로 재미있네요. 아역연기도 좋았고  김지석씨도 재밌고 형사도 재밌고   순간순간 재미있는 상황들때문에 깔깔대고 웃으면서 봤어요. 그렇다고 마냥 웃기만한 내용도 아니고. 무거운 소재를 무겁지 않게 잘 이끌어 나가네요. 흥행에 실패한 것 같던데....아쉽네요.
7, 재밌는데요?? ㅋㅋ
5, 착한영화~ 좋은고등학교친구..김흥수군의 이왕이렇게된거 사인하자는거에서 좀..웃었음.. 그냥 착한사람들 나오는착한 영화....베스트셀러극장으로 tv에서 했어도 될듯..했음.
9, 음...이나영팬으로써 깜놀했다 트랜스라니 ㅜㅜ 주인공 남자가 살짝 불쌍해지는 ㅜㅜ 살짝 억지스러운 감이있지만 배우들 연기도 좋았고 웃기고 스토리도 괜찮아서 good!
8, 미스케스팅이네요. 세상 어떤 남자를 가지고 여자를 만들어도 이나영처럼 완전 여자는 안될거 같네요. 많이 웃었고 또한 혐오했던 성전환자에 대한 인식을 조금은 바꿔보는 계기가 됐습니다.
10, 개인적인 취향일진 몰라도 등장인물들이 하나같이 사랑스럽네요~ 성전환에 대해선 보수적인 생각을 갖고있음에도 불구하고 영화보는동안 거부감이 전혀 느껴지지 않았습니다.
6, 신선한 소재를 촌스럽게 풀었네..좀 더 새롭게 표현했음하는 아쉬움이 남지만 따뜻한 여운은 좋았음..
2, 로맨스도  코미디도  가족드라마도 아닌 어슬픈 잡탕 스토리. 영화관에서 봤다면 욕 나올뻔 한영화. 비디오 값도 아까운 영화. 공짜로 봐서리 더이상 군소리 않한다.
9, 소재에 대한 이해심을 끌어내주었다. 스토리가 예쁜 영화.
10, 정말 재밌는 영화였어요.
1, 유치하구 갈수록 질질끌고..내용은 그냥 세상마이 변했단 생각.
9, 영화 괜찮네요..웃음코드 적절했구요  스토리 괜찮았고  억지로 오버하지도 않고  모자람도없이 담백했어요. 김지석씨팬인데 역쉬 매력있네요^^
8, 추천합니다. ) 트랜스젠더에 대한 이야기를 가볍게 풀려는 감독의 시도는 분명히 단연 돋보였다. 성 소수자도 그저 '인간'으로서 바라보는 그 자체는 영화 자체를 넘어 한국 사회를 아름답게 만들 것이다. 다만  너무 웃음코드에 치우쳐 트랜스젠더 소재를 약화시킨 경향이 있다.
7, 영화니까 가능한 이야기. 이나영이라 사랑할 수 있는 이야기. 작품성보다 배우들을 잘 캐스팅 한 영화.
10, 주제가 조금 거부감이 느껴졋었는데 재밋고 괜찮은 영화같아요 추천^ㅡ^
8, 그냥 재밌음 ㅋㅋ
9, 돈주고 영화관가서 봤어도 돈안아까웠을듯 사실 연기력은 완벽하다할순없지만 우선 소재도 신선하구 재밌었음ㅎㅎ
10, 재미있었어요 ㅎㅋㅋㅋ대박입니다 ㅎㅎ 배우들 연기 다 잘하고용 ㅋ 아역이 특히나 ㅎ 잘한것 같아요 ㅎ제 점수는요 ㅎ
9, 기대안하고 봤는데  재밌었어요ㅋㅋ
2, 평점 왤케 높아 ㅋㅋㅋㅋㅋㅋ여주의 연기력 부재..이나영씨는 네멋 전경 빼고 어울리는 작품찾기가 힘드네...
3, 스토리가 쫌 밋밋    완전 코믹도 아니구 완전 멜로도 아닌 어중간하고 심심한편임....감정을 쫌 억지로 끌어쓴것 같아서 이입이 안됨....
9, 아이디어도 참신하고  스토리도 괜찮고  전체적으로 밝고 명랑하면서도 조금씩 웃음을 주고  나중에 감동도 쪼매 있는 잘 만든 영화
10, 배우들다연기잘하고ㅋㅋㅋㅋㅋㅋㅋㅋㅋ이나영은진짜예쁘다
10, 참 볼만한영화 진부한 사랑이야기나 비슷한 액션 물에서 벗어난 참 신선한 영화 연기변신을한 이나영 참 매력있다
5, ㄴㄴ참재미업져///ㅎㅎ
8, 이나영이전환수술을햇다는건가요?하하;;;;;;김지석이멋이는영화네요 ㅎㅎ
5, 끝까지 이게 결론이 뭐지? 뭐지? 했음.....재미는 있으나  보고난후의 허무함이 남네요.. 쩝~~
8, 생각보다 괜찮았어요! 이나영의매력이 돋보이는작품인듯~ 애도 귀엽네요ㅋㅋㅋㅋㅋ그리고 김지석님은 저런 역할이 참잘어울리는듯
10, 완전 재미있고 감동적이었어요^^성전환한 사람에 대해 다시 한 번 생각해보게 해주는 영화였어요..^^이영화 너무 재미있어서 많이 뜰줄 알았는데 이영화 나온 시기에 영화가 많이 있어서 생각보다 덜 뜬 것 같아요.
8, 악평땜시  그리고 이런류의 소재를 싫어하지만  혹시나하고 봤는데            신선하고 좋았어요. 내용도 깔끔하고 거부감이 없었기에 더 좋았음.
7, 별로 웃기지도 않던데..
9, 좋은연기와 뜻밖의소재
10, 따지고 영화보는인간들에게는 추천해줄만하진않지만 가볍게볼수있는영화
3, 이나영이라고 이런 스토리가 용서되는거 아니다-_-
8, 다소 불편하고 무거운 주제. 귀엽게 잘 풀어내신듯 ^^ 잘봤습니다!
8, 재미있네요 ㅎㅎ
6, -
8, 재미있다.
0, 이나영 캐스팅.이나영이 중성적매력이 있는가? 소재는 좋았는데 시나리오도 좀 감동을 주기에는 무리이고 이나영캐스팅은 아니었다.차라리 진짜 성전환자가 주인공으로 캐스팅이 되었다면 좀더 감동을 주었을거다.꽝
2, 이나영이 아까웠던 영화
7, 뭔가 참 복잡다단한 영화다. 정말 어려운 문제를 코미디로 풀어보고자 했지만 그게 오히려 독이 된것 같기도 하고  보고나서도 뭔가 좀 께름직하네
10, 나름 감동적이었어요  볼만합니다
5, 이제 이나영도 한물 가나보다. 엉성한 영화.
10, 정말 재밌고 감동이에요  ㅎㅎㅎ 제가 실제로 트랜스젠더를 보면  아무렇지않은듯 여자로 대하긴 힘들것 같지만  그래도 좋은시각을 갖게 된것 같아요 ^^
10, 용서하고 사랑하는 만큼 어려운것도 없지만 나에게는 그러한 메세지를 다시한번 느껴봅니다 너무 좋은 영화입니다
10, 세상을 바라보는 시점에따라 관객들도 바라볼 수 있겠군요. 참 좋은 영화.. 난 아직 심장이 따뜻하네요.
10, 이나영이란 배우를 진정으로 알게된영화다.김지석의연기또한 자연스럼움의극치! 훈훈한미소짓게만드는영화였다. 트랜스젠더사랑얘기라고 욕하는놈들은 사랑이뭔지모르는 초딩일뿐!
9, 이나영씨 아니면 누가 이런 연기를 했을까요?? "여자는 그런말에 상처받아~" 그렇군요. 이 말을 들으면서 저도 찔끔했습니다. 트렌스젠더가 아닌 "여!자!" 인데말이죠. 제 자신이 조금 부끄러워시는 대사였습니다.
8, 착한 영화. 사회적 편견을 가지고 깊이 있고 심도 있는 시점이 아닌.. 기분좋게 바라 볼수있는 영화. 직접적인 교육은 아니더라도  저런 삶  저런 생각  저런 연인도 있구나.. 라는 생각이 드네요.
8, 편견을 거두고 사람을 바라볼 수 있도록 도와주는 착한 영화. 김지석의 자연스러운 연기도 참 좋았다.
6, 설마했는데..결국 트랜스젠더였음;; 그들에게 당위성을 부여하기엔 남자이였던적이 없었다는 그가 아들이 있다는 설정 자체가 모순임. 코믹적인 요소들과 좋은 대사들은 괜찮았음
9, 저는 대사가 참 좋았어요..소주잔에 맥주를 부으면 과연 소주잔인가? 담겨있는건 똑같은거라고..벤츠엔진을 무쏘에 달면..무쏘인가 벤츠인가 하는 대사들 참 인상적이고 신선했어요
10, 소재도 신선했고 무엇보다 이나영이라서 10점!
4, 이나영의 트랜스역할 몰입이 되지 않는다..하지만 그 미모만큼은..별 다섯개
10, 극장에서 봤어야 하는데 하는 아쉬움이 남는 영화입니다. 가슴이 따스해지는 좋은 영화였어요.
6, 아...결국은 이나영이 트랜스젠더였다는 소리네... 쩝..알고나니 영화가 ............트렌스젠더의 사랑이야기(?)네...그럼
7, 뭐지뭐지뭐지?를계속연발하게해준영화.내가이해도가낮은건가.결국은이나영이트랜스잰더라는내용인가? 오잉?을연발하게해준영화였다. 유쾌했던영화.
8, 극 중 인물들의 감정이나 유머스러운 것은 좋았지만 몇몇 장면들의 아쉬움과 억지스러움이 느껴져 쫌 아쉬웠던 것 같다   차라리 등급을 쫌 올리고 현식적인 스토리도 괜찮았을 듯  
10, 영화 정말 재미있었습니다.감동도 있고 스토리고 있고 이나영 연기와 아기 조연 다 돋보이는 연기였습니다.
10, 내가 유일하게 로그인을 하게 만든영화네.... 아  이나영같은 사람이랑 결혼하고싶다.....진짜..진심
9, 이상하게 괜찮은 한국영화들은 외면을 받는단 말이야...생각보다 너무너무 잼있게 봣는데....
10, 영화 정말 괜찮던데^^
9, 좋은영화 봐서 기분이 좋은 하루였습니다. ^^
10, 스토리가 좋았고 재미도 있었고 아나영도 이쁘고~
10, 다소 진부한 스토리 그러나 유쾌 발랄 기분 좋은...영화..
10, 사랑이란 당신 잘못이라고 말하지 않는 거... 그렇구나. 이나영의 너무 아름다운 모습을 봤다. 내용도 좋은 영화  표현도 잘 된 수작이라고 생각한다.
8, 이나영 개인적으로 좋아하는배운데 ㅋ영화관에서 보기엔 아깝고 dvd용인거같네요ㅎㅎ그냥볼만했어요 ㅎ
10, 아.. 이제야 본게 후회됩니다. 홍보가 좀 잘됐으면 어땠을까.. 꽤 재미있습니다. 은근히 이나영의 익살?도 보이고.. 진지한것 보단 이게 훨 더 잘 어울리는듯~
0, 이게 왜 12세 관람가인지 모르겠다. 키스신이 없어서? 내가 보기엔 19금 영화다...
3, 훈훈하긴 하다..근데 첨부터 끝까지 그냥 훈훈하기만 하다..
8, 아아...트렌스젠더얘기구나...첨에는 스토리 이해가 안가디만 그런비밀이...잘끝나 다행이구 코믹내용은 웃음이 넘쳐 좋았다....7.5점 반올림~~~
10, 배우는 배우다. 새로운 면모를 볼수있었어요.
5, 보통의 스토리  보통의 연출력  보통의 연기  보통의 감동. 지루하기 짝이없다.
8, 이런류의 영화는 절대절대 보지 않는데요 설연휴 가족영화를 찾다 어쩔수 없이 본 영화지만 정말 재밌게 봤네요.웃음과 감동이 가볍고 따뜻하게 어우러져 좋았습니다.김지석 참 매력남.
9, 따뜻하고  유쾌하면서도 과장되지 않게 전개 되는 이야기. 코미디 장르라 하면 유치하고 가볍게만 느껴질 수 있는데  인상적인 대사도 많고 웃음과 감동을 함께 느낄 수 있었습니다. 배우들의 연기도 좋고 추천해요
10, 기대는 안했지만 정말 재미있는 영화였습니다. 뭔가 다시생각해보게 되는 영화이기도하였고  코믹과 로맨스를 다 가지고 있는 영화같습니다
10, 무대인사 온다는 소리에 아무 생각없이 예매를 해서 본 영화입니다. 색다른 소재이지만 마음 한구석에 감동을 준 영화였습니다.
7, 보면서 설마 설마했는데.. 설마가 사람잡았음... 그냥 가볍게 보고 웃을 수 있는 영화.. 8천원 주고 보기엔 남는게 없다.
9, 생각보다 내용 훈훈하네요~~ 중간 중간 웃음이 많이 나옵니다^^
4, 한국영화의 10보 후퇴..남장배우..미스캐스팅
10, 영화 보는 내내 웃었습니다 김지석씨 연기 자연스러웠구요 영화관에 사람이 없다는거에 좀 아쉽내요 돈이 아깝지 않은 영화였습니다
0, 손발이 오글거리는 저 어색함...진정 남장이 어울린다고 생각하는거냐
9, 민감한주제를 유쾌하게 잘풀어낸듯 신인감독이라서 어설픈부분하고 성급한부분이 있긴한듯
10, 감동적이고 재밌음 ㅜㅜ 이나영언니 너무예쁨 ㅜㅜ 연기도잘함
8, 조금 진지한 주제를 이렇게 코믹하게 표현하다니~~ 너무 재밌었네요 ^^ 배우들의 연기도 괜찮았고.... 보는 내내 웃음이 멈추질 않았네요.... 내용이 좀 무거운듯하면서 재밌게 나타낸거 같아요 ㅋㅋ
2, 글쎄요...............그닥 추천하고 싶지는 않네요
8, 흥미로운 소재였구요 많이 웃었어요~
8, 코믹영화에요 이거 ㅋㅋㅋㅋㅋㅋㅋㅋㅋㅋㅋㅋㅋㅋㅋㅋㅋㅋㅋㅋㅋㅋㅋㅋㅋㅋㅋㅋㅋㅋㅋㅋㅋㅋㅋㅋㅋㅋㅋㅋㅋㅋㅋㅋㅋㅋㅋㅋㅋㅋㅋㅋㅋㅋㅋㅋㅋㅋㅋ 완전재밌어 공짜로 봤는데 기대안하고 봐서 그런지 짱재밌음 굿굿
1, 완전 최악의 영화입니다... 감독의 웃음코드도 안맞고.... 뭔가 기대하고 봤는데... 한국영화 요새 정말 자알 만들던데... 실망입니다!!! 남는게 없는 영화... 뻔한 소재에... 갖다붙여서 만든..ㅜㅜ
0, 헐
8, 솔직히 크게 재밌지는 않더라고요..ㅠ-ㅠ
9, 이나영의 캐스팅이 탁월한 밝음의 영화. 아빠가 좋아하는 여자가 일상의 여자가 아니었음에 이나영의 캐스팅은 소수자들에게는 꿈이 이성애자들에게는 다름을 조금 유쾌하고 밝게 이해하는 밑거름이 됐을것같다.
8, 괜찮턴데 ㅋㅋㅋㅋㅋㅋㅋㅋㅋㅋㅋㅋㅋ
3, .........................이나영이 예뻐서 봐준다...후
7, 역시 이나영 이쁘다.유쾌하게 봤어요.
8, 오늘 보고왔는데  배꼽빠질 정도는 아니었지만 재미있었고 우리 사회 소수자에 관한 이야기를 유쾌하게 잘 풀어낸것 같아서 좋긴 좋은데 큰 재미를 기대하고 가지는 않는게 좋을듯.
10, 네..좀 허무하긴했어도 재미는있었습니다..글구 반전두있네요^^네 꼭보시길바래요..
8, 중후분 까지 소소한 웃음 빵 터진 웃음 등 대사 하나 하나 장면 하나 하나 아릅답고 유쾌하다가 중 후분 이후에 급격히 스토리가 떨어져 얼렁뚱땅 마무리 짓는 거 같기도 하다는 생각이 들긴하지만..유쾌한영화
8, 중간중간 웃기고 볼만함 ~저는그냥 이나영떄문에 봣어여
8, 기대안하고 봤는데 좋았어요~ 생각지도못한 재미와 감동ㅋㅋㅋㅋㅋㅋㅋ잘봤어요ㅎㅎ
0, 영화보다가 중간에 나왔어요~
10, 이거 괜찮던데..난.. 조금씩 웃기고..ㅋㅋㅋ이나영만의 느낌이 좋았음..
0, 정말 조금도 기대안하고 봤는데도 실망한영화. 내 생의 최악의 영화였음. 웃음코드가 도대체 어디있는거지? 가끔 피식할 정도이고 나머지는 지루해서 졸았음. 사람마다 보는 관점이 다르지만 10점은 이해가 안간다.
7, 중간 중간 웃긴 에피소드들이..있어서 웃을수 있었구  이나영씨의..모습을 보며..와우 여신!! 하며 감탄도 했고~ ㅋ  가볍게 잼있게 볼 수 있었던 영화 ^^
10, 유쾌하고 곳곳에 숨어있는 놀라는 재미도 있고 ㅋ 이나영도 너무 예쁘고 좋았어요! 간만에 신나게 웃었네요!
10, 딱 '포스터 한장' 보고 간 영화라  소수를 위한 영화인 줄도 몰랐고  더 감동받은 영화.
6, 그저 밋밋.... 이나영 안에 강동원있더라 ㅋ
3, 도대체 어느 부분에서 배꼽이 빠졌다는건지? ;;; 그걸 반전이라고 하는건가;; 암튼 좀 어이없는 영화;;
1, 그냥 나갈라고 준비하고 있던 영화..... 정말 재미없음!!
8, 볼거없어서 본 영화인데 생가외로 너무 재미있었어요. 거부감을 가질수도 있는 소재였는데 거부감 없이 잘 풀어냈다고 생각해요. 미녀는 괴로워나 과속스캔들처럼 뜰수잇을거라고 생각했는데 저만그렇게느낀듯..ㅋㅋ
1, 5점이하 점수준 사람들만 정말 영화를 보신거군요.. 솔직히 10점은 아니잖아~~~~~
10, 웃김
9, 우리 사회의 가족의 개념이 달라지고 있는 지금을 잘 시사한것 같았습니다. 이렇게 이야기를 전해주시는 이광재감독님께 고맙습니다. 우리가 그들을 이해하고 그들이 우리와 틀리다는 생각을 버려야 겠습니다.
10, 진짜 보는 내내 웃었네요 ㅋㅋ 약간 과속스캔들 삘이 났지만 그보다 더 뛰어난 소재였어요 ㅋㅋ 예고편도 안보고 봐서 그런지 이나영씨의 과거가 참 신선했어요..ㅋㅋ 전 배꼽빠지게 웃었습니다.ㅋㅋ
8, 그냥시간날때가벼운마음으로보면좋은영화 큰기대보다는 걍 그럭저럭 재밌는 영화에요 너무 볼필요없는영화도아니고 너무강추하는영화도아닌 누구나 편하게 볼 영화ㅎㅎ
4, 뛰쳐나갈라다 김흥수때메 참았다........
10, 나는 정말 잼꼐 봤다  ㅎㅎ 다들 욀케 연기를 잘하는지 완전 최고 !!!!!!!!!!!!!!!!!!!
9, 성정체성  성전환 문제를 깜짝 등장한 아들을 등장시켜 영화를 보는 사람으로 하여금 즐겁고 밝은 기분이 들게 한 무척 재미있었던 영화.
8, 그냥 보기 편한 영화입니다. 엄청난 것을 기대하지는 마시구요. 재미는 있어요. 깨알같은 웃음들이 터지는 영화입니다.아기자기해요.
9, 반전은 바로 눈치챘는데...그래도 재밌었어요....다시 또 보고 싶은 영화예요....중간중간 웃음코드도 너무 기발하면서 딱딱 맞아주고...다만 이나영씨가 너무 여성스러워서....아빠같지 않은게...그래도 재밌어요.
6, 다 좋은데 딱 조조용?
10, 트렌스젠더라의 이미지를 거부감없이 보여줬어요~. 남자에서 여자로 변해가는 과정을 보여주지 않아도 대사와 이나영의 진심의 대사만으로 표현을 잘해줬던것같아요~ 트렌스젠더 마음을 알게해준 고마운 영화에요 
9, 잔잔한 감동이있는 재밌고 웃기는 영화였어요.  아이디어도 좋던데요. 어떤 상황에 있던 핏줄에대한 찐함이 감동으로 다가 왔어요.  계속 많은 분들 감상 하시길....
3, 이나영의 남장과 콧털이 그저 안쓰러울 뿐
1, 과속스캔들 아류작... 이런영화를 돈주고 보다니. 절대 극장에서는 보지마세요. 나중에 케이블로~~~
7, 재미있었습니다. 물론 감동도 있었구요. 중간중간 조연들의 감초 연기가 영화가 끝나을 때도 감동이 전해 오면서 조연들이 연기가 생각이 났습니다. 그리고 이나영의 남장이 잘 됬다고 생각합니다.
10, 이나영의 남장 연기는 정말 볼만했음.ㅋ 트랜스젠더라는 소재를 재밌게 풀어낸 점도 좋았고.
6, 탑스타도 없고 내용도 뻔하지만 이나영의 털털한 연기와 김지석의 코믹연기...그리고 이나영보다 머리 큰 아들까지...2시간이 지루하지 않았어요...
1, 쓰레기는 쓰레기통에...
9, 트랜스젠더의 고충과 이나영이라는 배우를 알수있게 된 작품 ! 완전 팬이 됐어요 ㅎ 헌데 영화는 마지막이 살짝 아쉬운...ㅎㅎ
8, 이나영이 나온다고 해서 잔뜩 기대한다면 조금 실망할 수도 있겠지만  그렇지만 않다면 여자친구와 보는내내 따스하게 웃을 수 있는 좋은 영화입니다.
10, 간만에 보는 이나영의 영화... 정말 상상외로 재미있는 따뜻한 가족이야기.. 너무 잼났어요!^^ 특히 중간중간 김흥수가 나와 자동차 셀러로서의 자부심. 책임감의 투철함.. 엉뚱하면서도 내심깊은 연기!ㅋㅋ
10, 3
10, 진짜 생각했던것보다 재밌다 ~
10, 아 제가 이나영을 좋아해서 봤는데요 ㅋㅋ 진짜 기대이상이였습니다.ㅋㅋ  계속 웃음이 멈추지않았구요 ㅋㅋ 이나영넘 귀엽게 나오고 아이도 그렇게 김지석 김흥수 최고로 웃겼어요 ㅋㅋㅋ 후회안하세요..
10, 완전참신한듯 또보고싶어요
10, 오로지 이나영팬이라서 가서 봤는데... 정말 재밌었어요~ 잔잔한 감동과 끊임없이 웃겨주시는 연기자분들...ㅋㅋ 정말 강추예요~
8, 트렌스젠더만 아니였어도 정말 좋았을텐데... 정말 잼있었음~ 한번씩 빵빵 터졌음...
10, 계속 빵빵터지고 재밌었음 김지석연기도잘하고 이나영도잘하고 근데 왜이렇게 평이 안좋은지 이해가 안감...
9, 처음에 사람들에 평이 기대에 못 미친다고 해서  걱정반 기대반으로 극장에 갔다. 트렌스젠더를 미화 시켰다고 해서 어떤 느낌일까 했는데  영화를 보면 어떤 이해가 간다. 보는 내내 이나영 너무 이쁘다는 느낌이
8, 스토리가 단순해서  조금 지루한 기분은 들지만.. 잔잔하게 그려지는 부정(^^;)과   다른 가치관을 가진 사람을 받아들이는 마음을.. 배운 영화네요. 즐겁고 예쁜영화에요..
8, 무거울 수도 있는 소재를 웃음과 재미로 유쾌하게 끝냈다.
10, 과속스캔들을 능가하는 감동 재미 신선함 정말 대박인것같아요
3, 이나영때매 3점
10, 대박+_+신선한충격의 영화였습니다.ㅋㅋㅋ정말 순간순간웃음을주는그런영화대박입니다 강추+_+/
2, 그나마.. 이나영이 나왔으니깐....
10, 줄거리를 잘 모르는 상태에서 봤더니 더욱 쇼킹했던것 같아요. ^^ 오랜만에 기분좋은 웃음 얻은 영화였습니다. 특히.. 김흥수씨...대박!!
9, 완전 재밋엇어요~!!!!!  친구랑 봤는데   약간의 감동과 이나영언니 얼굴 너무 이뻐요~~ 그리고  트랜스젠더에 대한 생각도 조금은 바뀐 거 같아요^^
7, 꽤 괜찮게 보고 왔습니다. 애초에 화제가 되었던 [트래스젠더]라는 소재가 그다지 부각되지 않고 이나영의 연기에만 의존한 면이 있었지만  그래도 볼만한 영화라고 생각합니다.^^
10, 너무 좋았어요..감동과 재미가 절묘하게~너무너무재밌어요.
10, 너무너무 잼있었음. 보려고 본게 아니라 얼결에 봐서 큰 기대를 안하고 봐서인지 즐겁게 봄. 이나영씨 연기력 넘 좋아졌음. 신인감독이라 그런지 이야기를 풀어나가는 게 참신했고..신선한 장면들이 많았음.
6, 진짜기대하고갔는데.. 좀 지루했어요. 중간중간에 웃겼지만 재미없더군요. 사실돈이아깝ㅠ
10, 완전 굿굿굿 진심 정말 재밌었어요..ㅋㅋㅋ 완전 웃다가 배꼽 빠지는줄 알았습니다.ㅋㅋㅋ 왜 이케 재밌던지..ㅋㅋ 이나영언니도 완전 아름다운.. 초절정 꽃미녀?ㅋㅋㅋㅋㅋ 진심 완번 보세여~~ 빠져듭니다...ㅋㅋ
10, 트렌스젠더? 그런 분들에 대한 시선을 바꿔준 영화같아요   감동도있고 훈훈하네요... 남장 모습 정말 훈남이구 또 캐릭터들이 너무 재밋었어요 ㅋㅋㅋㅋ
9, 지루하지는 않았지만 약간 부족한듯 보였음 마지막이 약간 아쉬움 하지만 웃음있고  단지웃기지만않았음 생각해볼 여지가있는작품같음 겉만보지말고 속을보는사람되시길
9, 생각했던것보다 잼있던데요ㅋ 훈훈한드라마~ 웃긴장면도 있었고   ㅋ
8, 주연배우들의 연기가 자연스러워서 좋았고  다소 어려울수 있는 소재를 신선하고 재밌게 담아낸것 같아요.ㅎㅎ
10, 그냥 짱
10, 정말 잼있게 봤습니다. 시사회에도 갔었구... 역시  기회는 항상 오는 게 아니더군요.. 시사회 가길 잘한 것 같아요. 다소 이해 안 가는 부분도 있었지만.... 그래도 유쾌하게 볼 수 있었습니다.
0, 완전 재미없음. 돈이 아까움 -_-
10, 이나영의 연기가 좋았다.
0, 이나영이쁘네요..ㅎㅎ
8, 별 기대없이 봤는데 재밌게 봤습니다.
9, 기대안하고 봤는데 정말 좋은 영화! 대사 한마디 한마디가 가슴에 와닿는 그런 잔잔한 영화.
10, 방학이라 애들과 함께 볼수 있어서 참 좋았습니다... 사랑과 감동이 있어서 나름 재미있게 봤네요~~~~
10, 진짜 재밌는 영화
10, 어제보고왔음..짱@! 좋았어용!~^^
7, 전우치도  아빠~도 .. 조금은 전형적인 한국형 개그소재가 많이 아쉽다.. 웃음을 짜내고자했던 노력이 보여서..
9, 너무 웃겼어요~ 시간가는지 몰랐네요~이나영..너무 이쁘게 나왔어요  그리고 마스카라가 유독 진한것은 일부러 설정이겠져?
9, 초반에는 좀 지루하였으나  뒤로 갈수록 좋았음 그냥 무난하게 볼 영화  이나영은 정말 예쁨! ㅋ
9, 이나영이라는 배우에 대한 믿음으로 본 영화...  기대를 져버리지 않는 배우인걸 다시 한번 느꼈습니다.  함께 걸어가야 할 등뒤의 세상...에서 제대로 빵 터졌다는거^^
7, ...
10, 오늘 보고왔어요.작지만 괜찮은 영화였습니다.오늘 '아바타'랑 2편봤는데 아바타도 기억에 남긴하지만 저는 이영화가 더 좋았습니다.행복해지는 느낌. 이나영 너무 예뻐요.아역꼬마도 귀엽고>ㅁ<
10, 미남을 사랑해
1, 평점 처음 써봅니다. 너무 재미없는데 사람들과 내 생각이 이렇게 다를수가 있나 해서요. 돈보다 아까웠던건 시간이었구요. 너무 지루했거든요  재미도 감동도 없고 정말 돈안들이고 만든 영화...그냥 시트콤수준..
7, 일단 웃기고 이야기와 소재가 매력적이지만 연기적인 면에서는 영 꽝이 었음.
10, 재미잇어요
8, 글쎄요.. 중간중간에 재밌는 부분이 있긴 했는데 약간 전체적으로 지루한 느낌이랄까..
9, 너무 재밌었어요ㅋㅋㅋㅋㅋㅋㅋㅋㅋㅋ김지석너무웃김ㅋㅋㅋㅋㅋㅋㅋㅋ
0, 도데체 평점 왜이리 높음? 평점보고 볼만한 영화라고생각해서 오늘 보고왓는데 진짜 주변사람들 다 자더라 나도 잠 완전 지루하고 뭐 이런내용이 다잇나햇음 완전 최악의영화
10, 재미도 있고 감동도 있는 영화였어요 ㅎㅎ 그냥 시간 맞춰서 본거였는데 정말 즐겁게 봤어요 ㅎㅎ
0, 한 시간 정도 영화를 볼 때까지 코미디인 줄 몰랐습니다. 한 시간쯤 지나니 뭔가 웃길 듯 말 듯한 장면이 나오기 시작하더군요. 그런데 웃길듯 말 듯 하다가 웃기지를 않습니다. 뭐하자는 거죠? 장난치는 건가요?
10, 훈훈했던 영화^^ 그냥 순간 즐기고 끝나는 영화가 아닌 뭔가 남는게 있는 영화였어요!
0, 재미없음
6, 시사회 다녀왔는데 중간중간 웃긴 장면은 있었지만 전체적으로 좀 지루했어요..
10, 시사회로 극장 가득한 관객들 모두 시종일관 웃으면서 영화를 보았습니다~간만에 재밌는거 봤어요 ㅋㅋ왠지 과속스캔들 비슷한 코믹? ㅋㅋㅋ 암튼 추천이에요^^
0, 지붕킥에 왜 나왔니
10, 한국영화가 이렇게 재밌을수가 ㄷㄷㄷㄷㄷㄷㄷㄷ 저희 엄마 외국영화만 고집하셔서 제가 우겨서 봤는데.. 너무 재밌었습니다. ㅋㅋㅋㅋㅋㅋㅋ 스토리도 탄탄하구요...단순히 웃고 떠드는것 외에도....뭔가 많이 배
10, 시사회 당첨되서 봤는데 꼬마아이 너무 귀여워용~~ㅋ 이나영 너무 이쁘공~ 즐겁게 볼수 있는 훈훈한 영화예요ㅋ
10, 별기대안했는데 돈번 느낌???ㅋㅋㅋㅋ
9, 개봉날 친구랑 함께 갔었는데 나름 코믹하고 재밌는 부분은 많았어요. 제가 좋아하는 장르라 재밌었네요 ㅎ
3, 딱이정도 라고 생각하면 딱 그정도 하는 영화
8, 기대안했엇고. 그냥 비디오프로에서 잠깐봐서 알던 영화였는데. ㅋ 잼있는부분도 있고 감동적이었음. 근데 ㅋㅋ친구랑봤음 ㅋㅋ
9, 이나영을 좋아해서 보긴봤는데..진짜 기대안하고 봤어요 . 근데 생각보다 재밌었음 ㅋㅋㅋㅋㅋㅋ
8, 적당한 메세지도 있고  자잘한 재미도 있고. 혼자 봤는데 계속 키득키득 웃었어요 ㅋ 그리고 이나영씨는 역시 이쁘다는 생각도!
10, 친구가 시사회당첨됬다고 같이 가자해서 별생각 없이 가서 보고 진짜 잘보고왔어요. 생각 보다 영화가 길더라구요. 근데 웃음거리도 꽤있고 감동도 있고..장르가 장르인만큼 기대안했는데 기대이상이였어요~
10, 제법 웃겼고  나름 감동도 있고  결말도 쿨하다. 코메디가 이정도면 훌륭한 거다.
9, 재미있게 잘 봤습니다. 보는내내 웃으면서 봤어요~^^
10, 진짜.. 감동  재미를 느끼고왔습니다.... 이런 일도 있을 수 있겠구나 하고 생각해보게 되는 영화였구요.. 이나영씨가 왔다갔다하면서.. 보여주는 부정 이라던지.. 훈훈함...애틋함이 묻어나는영화.. 강츄합니다.
10, 별로 기대하지 않고 본 영화인데 2시간 동안 하나도 지루하지도 않고 시간 가는 줄 모르고 봤는데 재밌더라구요 감동도 있고 재미도 있고 보면 기분 좋아지는 영화에요! 보는 내내 웃으면서 봤습니다!
10, dhkdn
8, 이나영누나 예뻐...김지석도 재밌고
1, 기대 안 하고 봤지만 이 정도일 줄 몰랐어요ㅠㅠ조조로 봤는데도 돈이 아까워요ㅠ 감동도 재미도 뭣도 없어요 ㅠ이나영은 이쁘던데...그것뿐이었어요 오죽했으면 같이 보던 사람들 중에 도중에 나간 사람이 있을까요
10, 큰기대에 다미치진 안았지만.. 재미있구요 0점주는 거는.. 모지 ?? ㅋㅋ 여기도 알바생들 시켜서 0점주고그러나  그래도 재미있는걸 기대했으니 충분히 재미있었습니다  이나영누나 화이팅!!!  영화 대박나세요!!!
7, 진지한부분뒤에꼭바로웃기는장면(?)넣어야 됬었던 건가;; ㅜ.조연들은먼가아쉬움! 하지만이정도면 꾀 괜찮은 코미디 영화인듯ㅋ
9, ㅋㅋㅋ잼잇엇어요!ㅋㅋㅋ 보기보다는 이나영의 연기 ㅋㅋㅋ
10, 괜춘하던데요.....
10, 12월달 마지막 부터 예고편에서부터 보고 싶던 영화였는데 이나영씨 목소리가 여자목소리다 좀 남성톤이다.. 그랬지만 진짜 재밋엇어요 ㅎㅎㅎ!! 솔직히 기대에 조금 모 미쳤긴했는데 최고같아여!후회업서요~^^^
9, 영화재밋게봤어요 ㅋㅋ 이나영씨 흥수씨 지석씨 다들 귀엽고... 추노작가라던데 재밌었어용
10, 이나영 포에버~!
9, 자칫 무거울수 있는 소재를 개그로 풀어 만든 시도는 좋습니다(그냥 코믹영화로 보셔도 재미있으실듯...)근데 마무리가 조금 아주조금 아쉽네요
0, 내용이 뭐가 뭔지 모르겠음.
10, ~완전 기대하고 있어요^^ 아나영씨의 색다른 연기변신 기대되고 빨리 보고싶어요^^~
8, 소소한 재미는 있네요..큰기대는 마시고 아무생각없이 보면 재미있어요.^^
10, 저도 시사회 당첨되어서 다녀왔었는데  나중에 보니까 상영시간이 2시간 가까이 되더군요.. 그렇게 시간이 많이 흐른 줄 몰랐었는데.. 시간 가는 것도 모르고 재밌게 봤어요.. 동행한 친구는 울기도 많이 울었더군요
10, 이나봉~ ㅋㅋㅋ 아 나봉이 나봉나봉
10, 말이 필요없는 영화. 추운날씨에 애인과 함께 꼭 보세요!
10, 이나영 완죤 귀엽고..김지석 갖고 싶고.. 그치만 아들은 사양 ㅎㅎ 강추입니다!
9, 시사회보고왔는데 재밌어요정말 편안하게 즐길수있는 영화같습니다.
10, 지난주에 시사회 갔다 왔는데  긴 러닝타임에도 지루하지 않고 ... 의외로 코믹요소가 많아서 좋았어요. 기대 안하고 봤는데 의외로 많이 웃겨서 재밌었어요. 김흥수 완전 웃겼음.
10, 시사회보고왔는데 너무 재미있었어요 ㅋㅋ 소소하게 웃기는 장면들이 참 많았던듯 ㅋ
4, 지현이와 준서는 영화라서 아름답게 보는거고 현실에 있는 커플들을 그렇게 아름답게 보지 않는 게 현실.. 근데 영화는 좀 오글거림 사랑타령 ㅡㅡ;;; 완전..오글 좀 허졉함
10, 너무 재미나요 여친도 재미있다고해네요 아무튼 따뜻한 영화입니다 추천 합니다
10, 시사회에 갔다왔는데 편안하게 볼 수 있는 영화입니다. 입가에 웃음이 떠나질 않는 영화 재미있었습니다
0, 시사회 다녀왔는데.. 재미없어요.ㅠ
9, 사람사는 모습을 잘 그린 영화같아요 ~아역이 너무 귀여웠고 스토리 전개도 잘 만들었고 따뜻하고 코믹한 영화였습니다~ 추천해요 ^-^
9, 시사회 다녀왔습니다. 생각보다 엄청 재밌더라구요 솔직히 처음엔 영화관에서 보긴 돈아까울거같았는데 전혀 그렇지 않구요 재밌었습니다 ^^ 계속 웃으면서 봤네요 ㅎㅎ 재밌었습니다
10, 시사회다녀왔어요~ 보는내내 웃음소리와 미소가 떠나지 않았던 즐거운 시간이었어요~ 완전 강추^^ 개봉하면 또 보고 싶어요^^
9, 시사회 다녀왔습니다. 웃긴장면도 많고 우리사회 소수사람들의 사랑에 대해서도 생각해보는 시간이 되었습니다. 시간가는줄 모르고 영화 봤습니다.
10, 시간 가는줄 모르고 웃고 즐겼습니다! 올 겨울 추위를 녹여줄 코믹하고 따뜻한 영화
4, 이거 원작이 만화인가요? 일본만화 그=그녀랑 완전 똑같은 내용인데..만화에선 남자가 엄마역할하는거지만.
9, 기대안한 코믹연기가 나영스러워 좋았습니다. 주변인물들도 오버하지 않아 억지 웃음도 없고 이정도면 매끄러운 로맨틱 코미디인듯
10, 기대가 없어선지 영화 무척 훌륭하게 보고 나왔슴. 김지석 김흥수 김희원. 이런 조연들의 감초연기는 최고!
7, 기본적인 소재에 반전이 있어 잘봤습니다.
7, 이나영 코믹 ㅋㅋㅋ 그냥 생각보다 그럭저럭
10, 오랫만에 정말 시간가는줄모르게본 재밌는 영화였습니다... 꼬마연기도좋았고... 다들연기도좋았고.... 정말 만족하는 영화엿네요... 재미도있고  스토리도있고  감동도있는...
9, 시사회_귀여워요~~ 깜찍발랄한 스토리!!
8, 아직 개봉하지 않았지만 시사회로 먼저 접했다. 요즘 이런류의 영화가 없는것 같다.. 기분좋게 보는내내 웃고 싶으신 분들에겐 추천.. 보는내내 참 재밌게 보고 많이 웃은것 같다. 우리나라 영화 파이팅이다!!!
10, 친구랑 별 기대없이 간 시사회였는데...정말 펑펑 웃다가 온거 같아요. 성전환이란 어려운 주제를 이렇게 공감가게 다룬 것이 참 대단한거 같아요. 이나영씨 정말 이쁘고  연기도 잘 하는 것 같아요
9, 적당한 웃음과 즐거움을 느꼈어요~ 좋아하는 이나영이 나오는 영화여서 나름 기대했는데.. 완전 좋았습니당  !
10, 엄청재미있어요 ^^  감동도 있고요
9, 요근래 한국코미디 영화가 수준이 좋아져서^^  성전화 수술자의 사랑 이야기더라구요~ 이런소재로 코미디를??? 하며 초반엔 놀랐지요~조연들이 빛나는 영화같아요^^  이름까진 모르겠지만..이 영화 잘 될꺼같아요~
10, 이나영 예쁜아빠 왕기대~~
8, 이나영의 1인2역 연기 괜찮던데요  다루기 민감하고 힘든 부분을 웃음과 감동으로 잘 만든 것 같아요. 진지와 코믹 사이를 헤맨듯한 약간 어중간 느낌이라 아쉬었지만 단순한 사랑이야기가 아니라서 좋았습니다
9, 이거줄거리엄마가아빠로변신하는건데.......1!2!3!4!고~슛!
8, 편안하게 감상 할 수 있는 영화  적당한 웃음  배우들의 편안한 연기가 볼만했어요..
8, 시사회 당첨되서 보러갔어요 ㅋ 솔직히 별로 기대안하고 갔는데..재밌게 봤어요 ㅎ 같이 보러간 친구도 재밌다고 했고요 ㅋㅋ 가볍게 볼수있는 영화인거 같아요
9, 완전 재미있게 보고 왔습니다.^^ 공감 얻기 힘든 소재를 코믹을 잘 버무려 재밌게 소화해냈네요. 이나영의 연기가 영화를 잘 이끌어 가는듯. 아쉬운것은 멜로와 가족쪽은 코믹에 비해 좀 약한 점.
10, 완전 기대되요!!! 정말 보고싶었던 영화^^
8, '아는여자'처럼 이나영스러운 느낌이 물씬 나는 영화네요.  간간이 웃기도 하고 재밌었어요~ 예고편 보면서 제목을 왜 '아빠가 남자를 좋아해'라고 하지 않았을까 했는데. 보고나서는 의문이 풀렸네요^^
10, 깔끔하게 잘만든 영화네요..주옥같은 대사와 빵빵 터지는 웃음. 추위를 다 녹여주는 재미. 보고나오는데 다들 뜻하지 않은걸 발견한 그런 표정들이었어요. ㅎㅎㅎ 시사회 보여주신 동양종금 OO님 감사 ^^
8, 처음으로 시사회 당첨이 되어서 보러 갔었는데요.. 생각했던거 보다 재미있었어요.. 이나영에 새로운 모습도 볼수 있었구요.. 꼬마가 너무 연기도 잘하고 귀여웠어요^^
10, 아 이나영 정말 기대됩니다...꼭보러갈께요
10, 잔잔함 웃음이 하나 가득..거기에 감동 까지..2010년을 가슴 따뜻하게 시작하려면 꼭 봐야 할 영화 강력추천.섬세한 이나영의 연기가 돋보인 영화. 거기에 조연들의 숨은 매력적인 연기 또한 이영화를 선택하게한다.
8, 시사회덕분에 잘 보았습니다^^ 이나영씨 너무 이쁘구요~ 꼬마도 너무 귀였웠어요~ 가족애를 느낄수 있어서 플러스!!
7, 시사회당첨되서 다녀왔어요^^~  중간중간 웃기는 부분이 있어서 볼만했습니다.  그리 재미있진 않지만.. 잔잔한 감동도 느끼고 유쾌하게 웃고 온것 같네요^^
9, ㅋㅋ 이나영 왕팬 기대되네요. 다음주 예매하고 고고싱싱
9, 시사회 다녀왔습니다. 솔직히 별 기대하지 않고 본 영화였는데 의외로 좋았어요.
10, 꼭보러갈꼐요!!!!
8, 다음에서 시사회 당첨!! ㅋㅋ 너무 기쁜 마음으로 보러 갔는데.. 눈이 너무 많이와서 걱정 했어여.. 너무 늦은시간에 시사회를 해서요.. 영화는 정말 재밌었어요.. 웃음도 잇고 잘봤습니다.
9, 생뚱맞을지 모르지만  여자이든  남자이든  자식에 대한 사랑은 다른지 않다라는 생각을 했네요. 황당하긴 하지만  잔잔하면서 가슴 따뜻한 영화 입니다^^(정말 이나영씨 너무 이뿌시던데요~^^ 남장을 해도 이뻐요~)
9, 초반에 약간 어색한 코믹이 있긴 하지만 그 이후는 괜찮네요 억지 눈물을 강요하지 않아 좋았고  전하려는 메시지도 있는 것 같고  재밌었습니다
10, 왠간하면 후기쓰려고 굳이 로그인 안하는데  시사회에서 아주 재미있고 유쾌하게 보고 왔기에 수고하신  배우들과 관계자분들을  위해 감사의 한 줄 남깁니다. 흥행예감 듭니다. 과속 스캔들을 이어줄 작품이 되길~
10, 시사회 당첨되서 보러갔다왔는데...첨에 이영화 보러갔을때 설마 하고 생각했는데 ..역시나 결말은ㅋㅋ그래도 결말은  뻔하지만 보는 내내 재밌었어요 ㅋㅋ 이나영씨 진자 얼굴 작으시네요
9, 엄동설한에 빙판길의 위험을 무릅쓰고 극장에 달려가게 한 이나영의 힘!! 유쾌하고 재밌었고 여러 가지 잘 버무려진 비빔밥을 먹은 기분이었음~^^
9, 기대 안하고 갔는데 의외로 재미있네요....괜찮았음...흥행할 듯...
8, 이나영 짱.... 잘 봤습니다..ㅎㅎ
9, 추위를무릅쓰고 시사회당첨을 기뻐하며 딸과함께 보러갔습니다.시간가는줄모르고 웃고 즐겼습니다! 딸애가 잘봤다고 무척좋아하더군요!!! 보세요!!! 재밌습니다
9, 제2의 과속스캔들 아니 그보다 낫다!!!!
7, 솔직히크게기대는안했는데ㅋㅋㅋㅋ재밋었어요!
10, 남장한 이나영도 이쁘다! 동성애가 이해되기 시작 했음..
9, 시사회 당첨으로 보러갔다왔어요~ 동생이랑 보고 왔는데 오랜만에 영화를 봐서 좋았어요. 중간 중간에 웃겨서 계속 웃었는데..ㅋㅋ 줄거리도 구성이 재미있었어요~
10, 유쾌한 영화네요~ 재미있습니다~ //
10, 친구랑 보러 갔는데 칭찬 받았어요~ ㅎㅎㅎㅎ 오랜만에 넘 재미있고 유쾌한 영화를 보게 되서 즐겁습니다.
10, 영화에 대한 아무 정보 없이 기대 없이 갔었어요. 지루하지 않고 처음부터 끝까지 집중할 수 있고 웃느라 배꼽 떨어지는 줄 알았습니다. 영화관에 웃음이 떠날 수가 없는 영화였어요.
10, 으허  이나영 넘 매력적이다 ㅠㅠ 원래 좋아했지만 이번 영화에서는 더욱!!! 세상에서 가장 예쁜 아빠가 아닐까 싶어요~
10, 아 너무 재미있었어요. 남자가 된 이나영~ 여전히 이쁘던데요. ㅋㅋ
10, 어제 시사회봤어요.지금도 피시식웃음이.이나영남자모습도 완전귀엽고 김지석 지대 훈남 새해에 기본좋게 볼만한 코미디네요.
10, 시사회 당첨되서 보러갔다왔는데... 진짜 재밌어요!! 솔직히 별생각없이 보러가긴했는데 이렇게 재밌을줄몰랐어요 ㅠㅠ 아기는 너무 귀엽고.. 대사하나하나 너무 재미있었어요 ㅋㅋ 보는내내 웃었네요 ^^
9, 시사회 당첨되서 봤어요. 감동도 있고 .. 간간히 나오는 웃음도 있고... 게다가 이나영씨가 예쁘답니다. 그리고 김지석씨도 귀엽고... 그런데.. 조금은 예상되는 스토리때문에 약간 아쉬웠습니다.
6, 시사회 당첨시켜주셔서 봤는데..  정말 기대없이 가면 재미있는 영화.. 그러나 기대가지고 보면 실망하는 영화.. 돈주고 보긴 좀 아까울듯 해요.. 그래도 재미있게는 봤습니다..
9, 그냥 아무생각 없이 갔는데 잘 보러 간거 같아요  나름 전해주는 메세지도 있고 감동  웃음 넘치는것이 너무 잘 본거 같애요~ 단순히 생각없이 보면 더 재미있을꺼 같애요
9, 솔직히 진짜 기대안하고 봤는데 완전 짱이였어요!!!★ 장면마다 감동도 있고 재미도 있고  전혀 지루하지 않았던 영화! 지금 또 보고싶네요 ㅋㅋ
8, 소재 자체에 흥미를 느끼지 못해서 별 기대없이 본 영화지만 그 속에 감동도 있고 웃음도 있고 암튼 재밌게 봤어요^^*
7, 역시 이나영다운 영화!! 김흥수의 연기가 돋보입니다 ㅎㅎ
7, 감동도 있고 재미도 있고 괜찮네용
8, 기대를 하지 않았는데요. 너무 춥고 직장인이라 시간이 부담되서 보다 재미없으면 그냥 집에 가자 이런 마음.. 결국 끝까지 다 봤어요..ㅎㅎ 억지스럽지도 과하지도 않은 웃음을 잘 풀었네요. 부담없는 괜찬은 영화
7, 시사회보고왔습니다. 잔잔한 웃음과 감동이 있는 영화였습니다. 남장한 이나영씨 너무 멋있었어요ㅎ 잘봤습니다.
7, 영화가 끝날때까지 지루하다는 생각이 들지 않네요.가끔씩 터지는 웃음과 내가 만약 그 상황이라면 어떻게 했을까라는 생각이 들었어요.자식에 대한 진한 사랑을 느낄수 있는 영화였네요.추천합니다
9, 시사회 당첨되서 잘 보고왔습니다.  따뜻함도 느껴지고 웃음도 있는 그런 영화라고 할까..  남장해서 꽃미남된 이나영씨도 좋았지만 김흥수의 연기에 빵!! 터지게 되네용..  강추 합니다!!
7, 시사회 당첨돼서 어제 보고왔어요.. 영화 내용을 모르고..단순히 이나영이 남장으로 변신한건줄 알았는데 음.. 좀 저에겐 반전이였어요..색다른 영화였다는..재미도 있고 감동도 있꼬 괜찮아요~^^
9, 가슴찡한 잔잔한 감동이 함께한 영화!! 과거의 남자라는 사실에 사랑하는 남자에게 다가서지 못하는  갑자기 나타난 아들의 존재에 혼란스러워하는 또한 아들의 대한 사랑 빵~떠지는 웃음은 없었지만 나름 재미있게
5, 감동적이기보다는 시트콤같은 느낌이예요.  무거운 소재들을 코믹하게 만든 영화네요.  좀 지루한면이 없지않지만 간간히 웃음포인트도 있고 즐겁게 볼수있었어요.
7, 처음에 뭐야뭐야 해써요~ 반전이라면 반전? 나름 생각을 쫌 바꿀수 있었던 영화인듯합니다!! 이나영씨의 연기나 웃음소재등 어쩜 신중해야될 부분임에도 불구하고 코믹적으로 해석해나가는 부분 맘에드는 영화이네요
10, 가족적인 따듯함을 느낄수있는 가족끼리 보기좋은 영화가 될꺼같군요 ^^
8, 시사회 당첨되서 보고 왔습니다. 크게 기대 하고 있던 영화는 아니였는데 의외로 괜찮더라구요~약간 아쉬운게 있다면 웃음 포인트가 강한게 별로 없었다는게 조금 아쉽습니다~나름 소소한 재미는 있습니다~
10, 시사회 보고왔어요 웃음과 감동~ 재밌게 잘 봤고 추천합니다^^
8, 웃음과 재미와 감동을 한꺼번에 전해주는 가슴진한 감동입니다 사랑하는 아들의 존재를 하루아침에 알아버리고 그아들을 위해서 진짜의 아버지의 참된모습을 잘묘사한것이 정말 보기좋았습니다 기대만땅입니다
9, 웃음과 따뜻함이 있는 영화네요
10, 정말 기대 안하고 봤는데 진짜 배꼽잡고 웃음 김지석 김흥수 완전웃기고 이나영 완전 꽃미남 강동원 뺨치게 잘생김ㅋㅋㅋㅋ 진짜 완죤 재밌어요 꼭 보시길 바래요 ㅋㅋ
8, 기대안하고봤는데 넘 재밌네요~ㅎㅎ 즐겁게 보고 편하게 웃을 수 있는 영화예요~
10, 시사회 당첨되어서 보고 왔는데 재미있었어요 많이 웃게 해준 영화에요ㅋㅋ 감동도 많이주고 가슴이 따뜻해진거 같아요
7, 잔잔한 감동과 솔솔한 재미 시놉시스도 조금특별했고 웃을일이 없던 요즘 너무 잼있게본영화입니다 특히 소리내면서 알아맞추기 할때 너무 웃었어요^^
10, 재밌게 보인다 ㅋㅋ
10, 이나영짱 ..
10, 어제 시사회로 보고 왔는데 솔까 진짜 재밌어요ㅋ 어느 장면 하나 안 놓치고 소소한 웃음도 다 주고 억지 감동도 아니고.. 계속 빵빵 터지면서 편하게 보고나왔음! 아 주인공 남자 직업이 특히맘에 들어요ㅋ
10, 재밌을 것같다!!!
10, 진짜 기다리고다리고다리던  영화입니다!!!>_< 대박일꺼예요!!무조건!!! 나영>>>>>>언니!!!
10, 이나영씨 보고싶어요 ~~
10, 이나영 무지 이쁘다..
8, 만화원작인가??
10, 제목때메 불륜인 줄 알았는데 어떤 세대가 봐도 좋을 영화네........
10, 완전히 기대해봅니다......이나영!!!
10, 너무 기대되요!
10, 새로운 캐릭터 기대~
10, ㅋㅋ
10, 이나영 ^//^ 넘 기대중이에요
10, 이나영 오랜만에 보게되서 너무좋음 ㅜㅜ
10, 이나영짱! 한국 삼대미녀!! 이나영 김태희 한예슬
10, 헉 완전 기대되네요
10, 재밋겟당
0, 김연아 짱!!!
10, ㅎㅎ 완전 기대됩니다 ^^ 이나영 찬양~
1, 트랜스아메리카
