10, 상업주의 예를 들면 에로 장면 편집이 전체 작품에 안맞네여 물론 남자들 눈요기 서비스인 것 같은데 이 작품은 절제된 에로만 되었다면 길이 남을 수작이예여 적은 제작비에 연기력이 몰입이 떨어진 출연진 말고는 각본도 원인 결과가 좋은데 연기 표현이 약해요 집중연기를 못했어요 연출이 촬영도 조명도 음악이 좋아요
10, 조현증 여성 야누스의 길 가다 탄트라 명상찾기
10, 욕망의 두 가지 모습...야누스...정반합의 철학을 탄트라 명상으로 영상화
7, 엔딩곡 가수랑 제목이 뭡니까???
10, 야누스팀 수고 많으셨네요~~!!
10, 우리들의 초상화~~!!!
10, 야누스! 두 얼굴의 캐릭터~!
10, 최선을 다한 스태프 감독의 열정이 부조리한 영화계 병폐를 이겨내시기를~~^
10, 국내편은 짜집기 편집인데 감독판은 런던국제영화제 본선진출한 걸작이 탄생했다네요~
10, 명상 + 청춘 + 디지털 무비의 현대적 해석이 탁월하다~~!!!
8, 작품 구성이 잘되어있네요~
0, 보기드문 개쯔레기..
10, good
4, 좋은 소재로 시작되는 전개가 연기에서 망해가는 느낌.
10, 그 많이 벗는 역활 여자분 예전에 슈스케 나왔던 그분맞죠? 성형하니까  소시유리랑 싱크로율 비슷하던데 ㅋㅋ
10, 그후로 에로티시즘 귀환 내일은 뭐 할꺼니?
1, 꼴에 오인혜도 배우라고 오인혜 벗는거 보려고 들어온 넘들 많네..차라리 검은 웨딩을 봐...ㅋㅋㅋ
10, 명상을 통해서 자아를 찾아가는 것이 신선했습니다. 누구나 행복할 권리는 있는 것이니....
0, 오양은 왜 안벗는가.?
0, 이건 완전 사기를 당한 기분인데..........
10, 드라마스페셜 환향에서 슬픈 여인의 인생을 잘 표현하셨던게 아직도 기억에 남아있다. 이 영화에서도 아픈 기억을 가진 여인의 모습을 잘 그려 냈으면 한다. 배역만 잘 맡으면 자신의 개성에 잘 맞는 연기를 할 수 있을텐데.. 이번 작품은 어떨지 기대해본다. 배우가 노출했다고 무작정 욕하는 건 아닌듯..
0, 결국 몸매로 이슈를 만든 것들의 한계를 스스로 보여주는 모범사례내~
10, 이일단 오인혜몸매가 100점먹고 들어가고작품성으로 -90점깍는다
0, 벗는거와 신음소리만 할줄아는 여자
5, 정녕 벗는거 밖엔 할게 없는가...
