1, 배우들은 한다고 한 거 같은데 시나리오가 해도 너무 했다.
4, 지루하지는 않아서 다행이군
1, 제목이 배우가 어딧는데? 연기  책 한권이라도 읽었냐
0, 도저히 평점을 줄수가 없음
0, 이런 것도 영화라고 만들고 싶을까?...쯧쯧........
0, 이건 뭐지 ㅡㅡ;; 독립영화라기에는 시나리오면 모든게 3류 에로 비디오보다 못하고. 시간 아깝다.. 감독이랑 작가는 영화할 생각 접고 어서 다른길 생각해보시길..
0, 한국 독립영화는 싹 없애버려야...
0, 거지같은 시나리오에 오크같은 썩은 에로 배우가 나오는 성인 영화는 사회악이나 다름없다..
10, 색즉시공이후로 오랜만~~!! 재밌당!ㅎㅎㅎ
