6, 손예진 연기력  많이 부족하다 이민기 비쥬얼 눈호강  그럭저럭
7, 볼만한 영화
8, 공포와 멜로를 살짝 비벼놓았는데  나름 잘 비벼놓은 듯한 느낌이다.. 배우들의 연기도 괜찮았다..
10, 또 봐도 재미있는 영화. 공포 영화 중 최고!
3, 밤새 두통 때문에 잠을 제대로 못 잤다. 바늘로 눈을 찌르는 것 같은 통증이 새벽까지 계속됐다. 귀신이라도 붙었나. 뭘 잘못했거나 돌려주지 않은 물건이 있나 잠깐 생각해봤다. 내가 태어나기도 전  이 집에 살던 아저씨가 감나무에서 죽었다는데. 그 아저씨도 내 나이쯤에  그리고 참을 수 없는 두통 때문에 그랬다는데.
7, 재미있네요. 마지막에 엔딩 크레딧 동영상 웃김~
5, 할거 없어 보긴 봤는데......진짜 유치하게 만들었네요.
7, 달달함은 적고  오싹함도 없지만  나름 볼만함
10, 마지막 이민기 고백.. 보석같은 영화임 ㅜㅜ
6, 재미있는 로맨틱 코미디지만..한쪽으로 치우치지 않고 맬로와 호러가..딱 적당하다라는 느낌만 준다.
7, 로맨스 칼국수에 공포 고명. 재밌네.
8, 의외로 잘 어울린 배우 이민기와 손예진의 로맨스 코믹극!
5, 그냥 로맨스 영화라고 하지요
8, 오싹한 연애. 좋구만. 이민기 손예진 울때 나도 울뻔. 연애하고 싶다. 분명 사랑에 아팠었건만 또 사랑이하고 싶다! 신기해.
1, 보다 말았다. 15분 정도 남기고  인내의 한계를 시험하는지....
10, 손예진 너무 예뻐
6, 딱 나쁘지 안은 정도
8, !!!!!!
6, 공포와 로맨스의 공존
9, 쵝오네요 공포 유머러슷난 영화임. 개봉시기를 2월이 아닌 여름에 했으면 300만명보다 더 많았을듯함.  손가락 틈 사이로봄.  엘리베이터 신 최고임.  연인끼리 디비디방에서 봐보세요. 사랑이 더 싹터용
9, 로맨틱 코메디가 이 정도면 훌륭...이민기의 마지막 대사~ 써 먹어야지.ㅋㅋ
5, 굳이 한 마디 하자면.. 이런 영화를 왜 만들었나 싶..
8, 재밌다
7, 손예진 정도라면 귀신도 극복할수 있을까?  싸한 느낌도 있었고 재미도 있었다..
6, 손예진의 연기는 빛이나지만 로맨틱코메디와 호러장르를 섞어버리면 관객의 감정이 혼란스러울뿐
5, 그냥 킬링타임..손예진 술취해서 애교 부리는 장면 밖에 남는게 없음..
10, 80년대 말 90년대 홍콩영화 보는 듯하네나오고 또 나오고 또또 나오고똑같은 이미지에  변화 없는 연기 ᆞᆞᆞᆞ
7, 약간은 서툰 연출. 손예진은 역시 최고
9, 아이디어는 괜찮았는데 원한의 이유나 결말부분이 어설픔. 하지만  주조연 배우들의 연기  특히 손예진의 취중연기가 좋았고 오싹 코믹한 영화. 9점까지는 아닌것 같고 8점은 넘는 듯해서 그냥 9점.
6, 손예진이 너무 귀엽게 나오네... 그냥 코믹영화로 보기 좋음. 근데 처음에 귀신은 정말 오싹하대...ㅋㅋ
7, 손예진은 어떤 사건후 귀신이 자기 눈앞에 보이게 되고 주변인들을 다 괴롭힌다.. 하지만 이민기는 손예진의 그런 것마저 사랑으로 극복할 수 있다고 믿는다. 중간중간에 약간 무서웠음
6, 원한의 이유가 좀 뜬금없는것이 문제.. 재미는 있는데...
7, 소재 좋고  중간중간 나오는  유머도 봐줄만함. 다만 원한의 이유가 좀 얼척없는것 만 빼면 수작인듯
10, 와우~~!!!재밋습니다..추천.당시옆에친구들게도많이추천햇는데요........ 좋은작품입니다.^^
8, 갠적으로 손예진은 작품 참 잘고르는듯!  무섭기도 하고  가슴 먹먹하기도 하고  웃기기도 하고.. 삼박자가 잘 맞는듯
9, 손예진을 좋아해서 본 영화.볼만함.내가 이렇게 무서운데..당신은 어떻겠어..가지마요.내가당신 사랑하나봐요.공항씬 짠했음..제목 그대로..오싹한 연애..귀신친구 존재감..말한마디 없음에도....짱!.ㅋ
6, 장르를 합쳤으면 조화를 이루어야 되는데 이건 따로 논다.
6, 쟝르가 단순히 로맨스/멜로라고 하기엔 복잡하다. 호러+코미디+신파도 추가! 해태껌 박철민의 감초 연기땜에 나름 많이 웃겼다. 대구의 딸 손예진 파이팅!
6, 신선한 내용~ 공포나 코미디를 기대하지 않는다면 재미있게 로맨스를 즐길 수 있다~ 손예진을 사랑하는 이민기의 위대한 사랑~
8, 많이 무섭진 않지만 낮에봐야 부담이 덜한 장면이 몇몇 있었고  마지막까지 나오는 친구귀신의 모습에 긴장했다.
7, 이민기는 로코물 많이 찍네..ㅎㅎ볼만하다!
4, 소재는 좋았던 듯 싶은데 내용 연결 면에서 억지스러움을 너무 많이 느꼈다. 끝이 너무 허무하게 끝나는 바람에 의도찮은 불쾌한 여운마저 느끼게 되었다
9, 넘기는 대사가 순발력 업
5, 소재는 신선하나 재미와 오싹함은 어디로 갔을까
9, 소재도 신선했고 무섭고 재미있었다. 최소한의 인원으로 최선의 효과를 냈고 손예진과 이민기는 참 매력적인 배우라는 것을 느낄 수 있었다. 역시 박철민은 기대를 저버리지 않았고 김현숙  이미도의 감초 연기도 섬뜩한 가운데 생기를 불어 넣어 주었다. 나름의 CG도 괜찮았다. 약간은 아늑한 느낌의 독특한 로맨스 영화.
7, 약간 억지스러운 전개때문에 흐름에 방해가 되었던 영화...하지만 역시 조연들 연기가 코믹함을 더해 주어서 재밌게 봤다. 결말이 상당히 아쉬웠던 영화..
3, 오싹한 연애를 하지 않는다
7, 무서운 영화를 못보는데 그래도 로맨스니까 무섭진 않겠지..하면서 봤다가 무서워서 혼났다ㅠㅠ....아 그날 잠 못잤음
8, 그냥 볼만함   보고 즐길만한 로코물
5, 공항씬아니였음평점1점줄뻔.진부하고오글거리는장면은다나오더만
8, 달달하다
10, 마지막 공항에서 엄청 놀람 ㅎㅎㅎ
9, 그냥 로맨틱 코미디인줄 알고 갔다가 순간순간 튀어나오는 진짜 무서운 귀신에 어찌나 놀랬던지....ㅋㅋㅋㅋㅋ 넘 무섭고 재미있었어요
10, 영화 진짜 별로인데 손예진 골수팬이라서 손예진보고 그냥 10점 남김...
4, 손예진과  이민기의  연기에도  그냥 soso  했다   빵 터지는   재미도   없고  감동도  그다지   찾을수없고  친구   귀신은    왜  귀찮게   하는징!!!
7, 독특한 공포 로맨스 영화 ㅋ
10, 로멘스/멜로 옆에 공포가 있어야 할듯요 어쨌든 이건 진짜 코믹 대박ㅋㅋㅋㅋㅋ
4, 평점이 터무니없네  쫌 볼만한가 싶으면 헉하게 만드는 패턴의 연속  나름 연기 좀 한다는 조연들도 오바스러워 보이기만 하고  어떻게 영화로 만들어진건지  손예진이 왜 이런영화를  이건 아니다    
7, 마지막에 친구 귀신은 원한을 풀어줬으면 떨어져야지 왜 안떨어짐? 살짝 유치해도 볼만했는데 손예진  연기 연습좀 열심히 해야할 듯. 지금 주인공을 몇편째 찍고 있는데. 아쉽!
0, 손발이 오글한 연애
7, 영화보는 내내 나라면 저 여자랑 사귈수 있을까...사귄다 하더라도 귀신을 쫓으려고 노력할 것 같다. 그러나 사랑은 있는 그대로를 받아주는 것..그러기에 어떻게든 헤어지게 되기 마련이다. 영화적 상상이 멜로와 어울려져 괜찮은 로맨틱 코미디를 만들었다. 수작은 아니지만 재미있는 영화라 말하고 싶다.
6, 영화는 그냥 그럭저럭 볼만한 편이고 손예진은 매력 쩔어bbbbbbbbbbb 손예진이 살린 영화다
7, 전체적으로 스토리는 괜찮은거 같은데  손예진씨가 영화 많이 살릴는듯해요. 이민기씨는 좀 개구쟁이 그런 캐릭터인거 같은데  손예진씨도 맞춰줄라고 하는것 같고. 이민기씨한테는 좀 미안하지만 얼굴자체에도 그런 개구쟁이 이미지가 있슴 좋은데  그냥 '못나게 보인다' 이런게 좀 느껴져서 좀 안어울리는 커플아닌가생각
10, 기대 안하고 봤는데 은근 재미지네...
7, 딱히 코믹하지도 않고 별로 공포스럽지도 않고 로맨스가 사랑스럽고 예쁘게 그려진것 같지도 않고   손예진씨 보고 싶어서 봤는데 생각보다 별로 재미 없는 것 같네요   그냥 그럭저럭 볼만한 정도인 것 같아요 
10, 오싹한 연애는 키스라도 하지 ㅎ. 난 결혼한 게 맞는건가?
10, 공포  로맨스  코미디 장르를 완벽하게 소화한 영화.
10, 배우들에게 미안하지만 옛날에pmp로 보고 오늘 또 봤는데...더더더 잼있네요.진짜 이민기 손예진 둘 정말 잘 어울려요
8, 작가의 재치가 돋보이는 작품.  조연 역할이 톡톡 튀어  심각하지 않게 재미있게 봤네요. 두 주연배우의 연기 좋았구요.
10, 잔잔한영화
6, 로맨틱코메디를 기대하고 보았는데 초반 헐!!!  완전 공포영화 거기다 12세관람가 완전 놀랐음. 중반이후로는 로맨스 모드로 가지만...   근데 이영화가 어떻게 12세를 받았는지 궁금...
5, 손예진씨 팬이지만  이 영화를 한마디로 정리하자면  꽝이라고 생각한다. 시나리오적인 면에서는 별로인 영화이나  주인공들의 매력과 열연으로 영화의 레벨이 올라갔다고 생각하고 싶다. 호로와 멜로의 두 장르가 풀어가야할 한계를 잘 보여주는 영화같다.
8, 손예진씨 좋아해서 봤는데 기대 이상이었구요. 로맨틱코미디가 오싹해봐야 얼마나 오싹하겠어? 했는데.. 귀신나올때는 왠만한 공포물저리가라네요..무엇보다 둘이 너무 잘어울리고  손예진씨 연기 좋아요. 스토리는 좀 뻔한 감이 있어요 ㅋ
8, 1년이 지난 영화를 이제서야 보다니 의외로 손예진와 이민기조합 좋으네요!다시한번 영화말고 드라마도 괜찮은데............ 그냥 가볍게 볼만한 영화.. 뭐 예고도없이 나타난 귀신들이..무섭지만;;; 여리와조구의뒷 내용도 궁금하네요 ..
4, 손예진은 언제쯤이면 영화 흥행 한번 칠까???
8, 손예진 연기 너무 잘하고 너무 이쁘네요 이민기 정말.... 너무 멋있어요@@@
6, 재미없어요
9, 손예진 연기 잘한다!.......
9, 이번 PiFan 영화제에서 보게되었는데요.  사전 어떤 정보 없이 봐서 그런지  개인적으로도 동반한 친구도 재미있었다고 하네요. 로맨스코미디와 공포를 잘 버무려놔서 좋았고  외국인분들도 꽤 있으셧는데 소리내서 웃으셔서 관람하시던 관객분들 대부분 코믹스런 장면에서 눈치안보고 웃었던거 같아 더 좋았습니다.
4, 어정쩡한 공포  어색한 로맨스
10, 혼자보기엔 쫌 그럼 살짝 무섭ㅋ 여자친구랑 같이 봐야함 나름 재밌음
7, 손예진은 어떤 배역을 맡아도 귀엽다. 장점이자 단점.
10, 평점왜이러지..난요근래 제일재밌게봤는데.. 공포멜로코미디가잘 조합이 되써요ㅋㅋㅋ 볼까말까 고민하시다가 평점보러 오셨으면 그냥보시길!! 대신 혼자는 보시마세요!!
7, 유쾌하고 재밌기는 했지만  손예진은 너무 강한 느낌이 들었고 이민기는 너무 약한 느낌이 들었다. 이런 부류의 영화들은 남녀 주인공들의 연기호흡이 가장 중요하다고 봄! 아쉽게도 두 배우가 가장 맞지 않는 부분이 많다고나 할까.. 가끔가다 몰입이 잘 안될 때도 있었다 ;; ㅜㅜ
8, 멜로 영화중 재미있고 가볍게 볼 수있는 영화 괜찮았음 내 주관적으로 7.5점 주고 싶은데 반올림 해드림~
8, 난 괜찮았는디ㅋㅋㅋ적당히 웃기기도하고..무엇보다 웃겨서 마음놓고있는찰나에 귀신이 나오는데 그 귀신은..정말 무서움^^
1, 스토리가없는듯...
10, 깜짝  오싹  감동을 동시에 전달하는 멋진 영화 생각보다 재미있었음 가볍게 볼 수 있어 더 없이 좋았습니다.
6, 소재만 괜찮고 다 별로
6, 로맨틱.코미디.공포 세마리토끼다잡으려다 놓친영화. 끝에 급박하게 끝낸느낌이없지않아 있다. 조금더 알찬 내용을 담았었으면 좋았으려만... 재밌는데 아쉽다
7, 되게 재밌다가 결말이 쪼끔 아쉬운. 소재나 잔재미들은 참 좋은듯!
6, 영화를 보는 내내 아쉽다...라는 말을 하면서 본 영화입니다. 오싹함을 주된 영화로 시작을 해서 끝은 연애로 끝나는데 이민기의 오싹한 마술연기가 좀 더 있었으면 손예진의 귀신을 보는 능력이 좀 더 발휘를 하면 어떨까  그저 귀신을 보는 손예진과의 연애만 나와서 보는 내내 음식으로 말하면 "싱겁다" 입니다
10, ^0^
2, 손예진의 발연기는 일품!!! 원래부터 잘 알고있었지만.. 이건 정말.. 해도해도 너무한다..   솔직히 2점도 아깝다.. 글고 참골.. 여기 거의다 알바들동원된거같은데.. 이지라 ㄹ들하다가 진자짜 천벌받는다..
10, 우왕  너무  재밌네요  진작  영화로  볼걸
10, 로맨틱코미디에 호러까지 섞다니 이런영화처음인듯!!! 잼나네요 ㅋㅋ
8, 이정도는 볼만하지~ 웃기고? 무섭고?
6, 남자들은 손예진 보는 재미. 여자들은 이민기 보는 재미. 그 이상 그 이하도 아닌 영화.
6, 그리 오싹하지도  로맨틱하지도 않은 손예진의 원톱 영화.
9, 킬링타임용으로 부담없이 볼수 있는 재밌는 로맨스 영화.
9, 작업의 정석보다 이게 훨씬 재미있게 보았다
9, 손예진 느므 즈으~~~~~ 스릉흐~~
10, 볼만한 영화
6, 뭐..볼만은 했다.
6, 말 그대로 오싹하긴 함.
6, 그냥 젊은 연인들이 뭐 무난하게 볼꺼 없을까?할때 볼만한 수준입니다. 그다지 와닿는 부분은 없네요..
10, 재밌음
8, 딱 8점
8, 독특하고 재미있어요.
9, 재미있네요
10, 생각보다 더 괜찮다
10, 재밋는데?ㅋㅋ
6, 지겹다.지겨워.순간 빵터지는 장면과 깜짝 놀라는 장면이 있지만 그뿐이다.전체적인 극의 흐림이 지루하고 식상하다.
8, 전체적인 내용보단 그냥 장면장면 재밌는게 많음
10, 보는내내 너무 잼있었음^^그렇게 안무서움ㅋ후회 안함 이민기 여기서 멋짐
0, 손예진보는 재미외에는 별 내용없음.
6, 근데 남주로 나온 이민기 주연하기엔 좀 아니지않나? 보는내내 손예진이랑 급이 안맞는느낌
7, 너무 쉬웠던 영화.손예진 만 예뻤다.
6, 단 세글자로 말 할수 있다. 실패작
5, 연애하는 사람들에게 저 정도의 어려움이 없다면 그게 연애랴.  인생이 늘 그런 것들을 이기며 사는 거지.
5, 이건 그냥 로맨틱코미디여 공포를 접목시키는 건 너무 뜬금없잖아?    *복코와 옥수수이빨일지라도 아직도 남자들한테 통하는 그녀의 강력한 눈웃음
8, 정말 재미있다. 로맨스 영화에 코미디가 적절히 섞이는 것은 정석이지만  공포까지 이렇게 자연스레 녹여만든 영화는 처음 보는 듯 하다. 약간의 어색한 설정이 몰입을 방해할 때도 있지만  대체로 만족스럽다. 여자친구 손잡고 보면 적당한 영화.
10, 구ㅣ신이너무무서워서 욕하면서 봤는데 공포+로맨스가 잘어울러진거같음 ~ 손예진 너무이뻐.
0, 제목이 사실 모든 걸 말해주는 평범한 영화지만 배우 손예진 덕분에 몰입감에 도움은 준다. 괜히 배우가 아닌듯한 마스크. 내용이 생각보다 많이 루즈해서 집중해서 보기는 많이 어려운 편이다. 열혈 회원 평점이 너무 높은듯해서 딱 6.5점 정도가 적당한듯하니 평점을 깎습니다.
6, 영화보면서 드는생각이 감독한테 놀림받는기분   영화가 관객을 갖고놈
8, 귀신이 나오더라도 '귀신이 산다'처럼 시시할 줄 알고  가볍게 보려고 했는데 귀신이 정말 섬뜩하고 무서웠다. 제대로 호러물이다. 하지만 주인공의 이야기가 정말 사랑스러워서 무서움이 어느 정도 줄어드는 듯하다. 그래서 호러물은 싫어하지만 이 영화는 간을 졸이면서 재미있게 볼 수 있었다.
8, 무서우면서 웃긴영화는 또 첨이네... 대체적으로 걍 무난하면서.. 재미있는 영화..
8, 약간의 공포감과 많은 유머감이 들어가 있는 영화인 것 같습니다~참 특이한 매력을 가진듯한 영화 였던 것 같습니다~
3, 이건 12가아니고 15세정도 아닐가요..그리고 마술할때 후드뒤집어쓰고 그런거 왠지 해리포터삘낫는데..나만그렇게 느낀건가요...?ㅋㅋㅋㅋㅋㅋㅋㅋ손예진언니 팬이라서 봣는데 이건 좀 실망이네요  
3, 같은 내용과 맥락은 아니지만 비교하자면 달콤 살벌한 연인은  잘만든 블랙 코메디 였다면 오싹한 연애는 80년대 유머일번지의 제일 진부하고 유치한 코너 보는 느낌이다. 전자가 베스트셀러 작가가 썻 다고치면 후자는 초등학생의 학예회 수준 정도? 연기또한 진짜 연기자 열연 vs 이쁜얼굴 발 연기. 모든 책임은 감독자질
9, 웃기기도하고 무섭기도하고 새로운 장르 신선했어요
3, 감독님 다시는 멜로하지 마시길..이민기씨의 연기가 너무 아깝다. 스토리는 식스센스와 달콤살벌한 연인 등등의 짜집기  여주인공은 시종 귀여운 척만.. 에휴..시간이 아깝소.
7, ㅇㅅㅇ
7, 조금더 오싹하거나 조금더 로맨틱했으면...손예진보는것만으로도 즐겁고 이민기 매력있고..
5, 그래.. 오싹하지.. 너~무 오싹해 다시는 이런영화 안봄... 아니 12세라 그래서 아무런 공포감 없이 봤는데 이런 12세는 그짓말.. 15세로 바꾸세요  ㅠㅠ
7, 아무런 기대없이 보길 바람...
6, 사랑은 장애를 넘어서야 한다. 그 장애가 귀신같은 불가항력이라도.
9, ㅋㅋ이거 2탄 나왔으면 진심 바란다. 둘이 결혼후에 귀신과생기는 이야기도 재미있을듯.ㅋㅋ 역시 둘다 연기잘하고 이민기귀엽고 손예진이쁘고 근데 뭔가 다양한에피를 바랬는데 조금 아쉽긴하지만 감동적이고 웃기고 무서웠다.ㅋㅋ
8, 오싹이 아니라 기절초풍 미소짓다가도 깜짝.. 멜로와 공포의 조화.. 괜찮게 보이지만 보통의 연애 스토리에 공포라는 색다른 장애만 들어갔을뿐... 아쉽다! 좀 더 신선해질수있었는데.. 아.. 참.. 결말 그래서 뭐 어쨌다고? 그 귀신은 뭐 해결된건가? 흠..
1, 지루하다~~  영화가 지루하면 꽝~~
7, 익숙한 스토리에 소재만 바꿨을 뿐인데 이렇게 새로운 느낌의 영화가 나올 수 있었던 것은 시나리오 또는 영화 기획의 힘이다.
9, 재밌네요.. 그리고 여주인공이 안타까워 맘이 아프고..
10, 무섭지만 알고보면 귀신들이 짠한 드라마... 귀신보는 딸 무섭다고 딸만 놔두고 이민가버리는 엄마.. 진짜 막장이다.
8, 연애는 언제나 달콤하지는 않겠죠... 로맨틱코미디와 호러를 동시에 잡는 어느정도 둘다 잡았네요 ^^ 흥행적으로도 개인적으로도 두 캐릭의 매력도 물씬 풍기면서 오싹해도 연애는 하고싶다
10, 내가 좋아하는 장르의 영화를 한꺼번에. 너무 재밌다. 예진언니 예뿨~
8, 기대안하고 봤는데 완전 잼있네요 크하하
7, 전체적으로 개연성과 짜임새가 부족하다.. 단  손예진의 다양한 표정과 연기는 대박이다.. 특히  손예진 양치질 씬~ 완전대박 ㅋㅋ
9, 이렇게 깜짝 깜짝 놀라며 감상한 로맨스 영화라니..ㅋㅋㅋ 신선했다!
7, 그냥 가볍게 볼만한 로맨스물이네요. 특이한 소재를 두 배우만 믿고 만든 영화네요.  초반은 흥미를 유발하나 뒤로 갈수록 전형적인 한국형 마무리로 아쉽네요.
7, 오싹오싹.
9, 걍가볍게볼만한 로맨틱코미디 잼나지만 재탕은안할듯ㅋ
10, 아.. 완전 재밌고 슬프고 무섭다ㅏ
4, 아!'0' 쥬스 데스까?
10, 재미있게 봤어요. 공포와 코믹멜로 정말 잘 조화한 듯한 느낌이네요. 질질 끌지도 않고 정말 좋은 느낌이였음.
8, 공포와 로코의 이색적 결합. 무서운 영화식의 맛 가는 코미디도 아니고 그렇다고 여주인공의 비명이 귀를 찌르는 B급 호러물을 답습하지도 않는 독창성. 산자와 죽은자의 관계와 인연  그리고 애증을 아기자기하게 풀어낸 귀여운 사랑 이야기. 젊음의 끝자락에 서 있는 손예진의 애교와 미소가 그래서 아름답고  더 아쉽게 느껴지는...
5, 소재와 손예진은 매력적...거기까지
5, 중간에 영화가 끊겨서 편집됐나했어요... 감정선이 잘 와닿지 않네요
9, 색다른 영화같다.공포의 로맨틱 코미디 인것같다. 정말 재미있게 봤다.이런영화 좋다.
10, 어제 봤는데 재밌네요... 무겁지 않고 그냥 편하게 볼 수 있는 영화.. 영화의 중요한 캐스팅도 좋고 이민기랑 손예진 로맨틱 코미디인 만큼 넘 잘어울려요 ^^
9, 재밌게 잘 봤습니다.
7, :)
7, 지루하고 평점이왜이렇게 높은지 이해가 안가네요 기대가 컸던 탓일런지..특히 수중씬은 유치해서 죽을뻔...ㅠㅠ
7, 오싹하고 코믹하고 지루했다.
1, 우리 가족 4명이 이 영화를 보다가 젤 먼저 와이프 30분만에 하품하고 나가고 40분만에 중3 아들 잠자러 들어가고 40대인 내가 1시간만에 잠이 들어버리고 고2 내 딸만 끝까지 보고나서 다음 날 아침에 하는 말 극장가서 봤으면 돈 아까워서 죽을 뻔 했어요 --- 다운받아봐서 평점 1점은 줌
10, 손예진이 이렇게 이쁘게 나올줄이야 ㅎㅎ 영화가 좀 스토리나 구성이 약하지만 그래도 재밌당 ㅎㅎㅎ
7, 손예진 이쁘다 ... 그리고 너무 존재감없던 순순히 물러났던 전 여친의 존재는 아쉬웠다 있으나 마나 ... 나 그 배우 좋아 하는데 ㅋ
8, 스튜어디스 넘 웃겨~ 오싹오싹 볼만한 영화.
8, 그냥저냥 지루함없이 중간중간 웃으며 재밌게 봤는데..  무서운 장면도 잠깐잠깐 나와서 손으로 가려가며 ㅋㅋㅋ 로맨틱 코메디 영화가 그냥 보면서 즐겁고 해피엔딩이면 됐지.. 뭔 로맨틱 코메디 영화에서 의미를 찾고.. 변화무쌍한 연기력 기대하는지 ㅎㅎ 그런걸 보려면 스릴러나 서스펙트 이런걸 보던가 ㅋㅋㅋㅋ
0, 네페르타리 님과 절대 동감입니다. 이런 쓰레기 같은 영화의 평점이 이렇게 높다니... 완전히 알바생들 천지... 내용도 엉망  발전하지 않는 손예진의 연기도 엉망    
8, 로멜은 복잡한 생각없이 실컷 즐거워도 보고 웃어도 보고 때론 눈물도 흘려보고 하는 것이라 생각한다. 그런데 여기는 진심으로 깜짝깜짝 오싹한 공포요소도 적절히 섞여서 묘미가  가해졌다.   사실 나는 마지막에 영애씨랑 그 친구도 알고보니 귀신이었다는 웃기면서도 오싹한 반전을 기대하긴 했었다.
10, 정말 달달하게 봤어요
10, 와우 대박~~!!짱이에요 무섭지만 재미도있네요 완전 굿~~손예진님과 이민기님에 연기도 볼만했어요!! ^^b
10, 뒤늦게 봤지만  역시 손예진 귀엽고  이쁘고 연기도 어쩜 저리 자연스럽게 잘하는지~ 민기씨랑도 잘어울리고  박철민 김현숙씨도 넘 재미있었어요.^^
10, 어재보니깐 무섭기도 하고 재미있었어요 저 별 10개 드립니다  아그리고요  ㅡ 손예진 옛 사진이랑 오싹한 연애 얼굴이랑 달라요?
9, 졸 재밌구만... 저질 평점 보고 안볼까 하다가 봤더니 완전 배꼽 빠졌음... 영화에서 특별한 의미를 찾는 분들에겐 비추... 그냥 웃으면서 2시간 정도 보내기엔 괜찮음...
8, 여자가 봐도 손예진은 귀엽다. 이민기두ㅎㅎ가볍게 따지지 않고 보기에 딱 좋은 영화~
3, 완전 지루한데다 남자 주인공 못생겼다.
10, 재밌게 봤습니다  ㅋㅋ 이민기가 티비보며 놀라는 부분은 편집으로 없어서 아시웠지만 ㅠㅠ 그래도 재밌음 ㅎㅎㅎㅎㅎㅎ
0, 1234567890
10, 저 이영화 봤는데 너무 웃기고 너무 재미있어요^^
10, 재미 있던데 손예진씨도 이쁘고 그리고 난 알바 아닌데 매도 하지 맙시다 ^^
10, ^^
9, 재밌다 ㅋㅋ 손예진 너무 이뻐~ㅋ 손예진 싫어하는 남자가 있을까 너무 이쁜듯
9, 잼나요 신선하고
8, 좀 허술하긴 하지만 오락영화라고 생각하면서 보면 재미있던데요.. 아무 생각없이 보기 딱 좋은 영화...
9, 연애는 목숨을 걸어야 할만큼 치명적일 수 있다.또는 인생이 좌우된다.
7, 이 정도로 말랑말랑하고 이 정도로 아기자기하면 됐다!!!
10, ㅋㅋ역시 박철민의 짧고 굵은 연기란 주인공마저 잊게한다 영화도 전체적으로 볼만했곸ㅋ박철민 진짜 좋음ㅋㅋ
3, 한국 로맨스가 그러하듯이 유치하고 억지스런 우연의 연발에 공감이 안되는 설정  시나리오는 현실감없고 백마탄 왕자를 꿈꾸는 여고생이 썼는지 참 아동틱하네요  요소적 감초연기 배우들이 그나마 볼만했고 연출이 좀 아쉽네요. 심심풀이 시간때우기용 영화로 볼만합니다. 피식 실소와 어처구니 없는 냉소는 각오하세요
8, 역시 손예진 귀여워...내용은 적당히 웃기고...무섭지는 않았다.
8, 재밋는 코미디..예전 귀신이 산다가 생각나기도하고.. 손예진 연기 짱이네...
10, 민기짱
6, 나름 잼있었어요
8, 별로 오싹하지는 않습니다. 이민기랑 손예진 너무 귀엽네요.
6, 신선하고 나름 괜찮던데
0, 아 정말.. 뭐야이게
4, 한국영화 좀 먹는 오싹한 알바들.
0, 아 정말 재미없다. 요즘 한국영화 재미 있다 생각했는데 이런 영화가 있다니.. 진짜 돈아깝다. 아후 이게 뭐야
8, 가제로 은둔형 외툴이의 외출이랄까? 장르도 다영하다  코메디 공포  로멘스독특한 장르다!!!!
7, 전적으로 배우와 아이디어에 기대는 영화지만 충분히 사랑스러웠다.
9, 그냥 손예진이 예뻐서 봤음
3, 알바생만 우글대는 평점들..에휴..집에는 꼭 들어가라 부모님 걱정하신다
7, 그럭저럭..
10, 오랜만에 로맨스영화를 봤는데 114분이 너무나 알찬 영화 ㅠㅠㅠㅠ 대사 하나하나가 주옥이야 ㅠㅠㅠ
10, 정말! 돈이 아깝지않은 영화에요. 으으.. 보는 내내 너무 즐거웠어요. 손예진 캐릭터가 너무 흥미롭고 신선해서 좋았던것같아요. 그리고 이민기의 치명적 매력을 다시 한번 느끼게됬고.. 개인마다성향과 취향이 다르겠지만 평점 낮게 주는사람들 이해가 안가네요.. 이 영화에 출연한 모든 배우들 하나같이 매력이 충만해요
10, 너무 재밌게 봤는데..베스트댓글들..대체 뭘 본거지..? ㅎ 기대했던것 보다 훨 재미있었음.
3, 내 손예진 보는 맛에 꾸~~욱 참았다...... 손예진 눈웃음 아니었슴 스크린에 불질렀다.
1, 이게 재밌어요? 헐..나진짜 보다가 욕할뻔. 진심. 재밌다그래서 봤는데 이건 뭐 걍 막장영화임. 재미 감동 설렘 암것도 없음.
10, 너무재밌었음
10, 저번달에봤었어요 너무재미있었어요 ㅠㅠㅠ
10, 예진이 누나 팬이예요~ㅋㅋ 영화 재미있게 잘 봤습니다..ㅋ
10, 내 생애 유일한 최고의 여자배우   진짜 최고가 되어서 손예진이랑 결혼하고 싶다   진짜 최고의 여자  
4, 주연배우들은 좋지만 솔직히 어색한 설정에 유치함까지 귀신빼곤 볼만한게 없다...
10, 개인적으로 연애시대부터 쭉~~ 손예진씨 팬이에요.  그리고   오싹한 연애도 극장에서 너무 잼나게 잘봤네요.  근데  참 아쉬운건...  손예진씨 다음엔 꼭~!!!  달콤하고 평범한 로코 한번 찍어줘요~~ 오싹한 연애를 소장해서 손예진씨만의 로코 연기를 보고싶지만  너무 무서워서 볼 엄두가 안나요 ㅠㅠ
8, 진짜 재밋었지만 너무 무서워...
0, 알바생들 우굴 거리는 영화평 ..이런 쓰레기 같은 영화는 처음 보네요!!!!
8, 볼거리는 없지만 그냥 킬링타임용으로 보기에 재미있었던 영화. 이민기의 현실감 있는 연기와 손예진의 역할소화력이 빛을 발했다.. 하지만 너무 다채로운 장르 전개가 흥미롭다는 장점과 동시에 어수선하다는 단점으로 다가온게 아쉽다.
10, 재미있을듯???
10, 대~박!
7, 전에 딸이랑 보고왔음 딸은 재미있어함 나도 나름 괜찮았는데 영화끝나고 딸아이에게 한마디 했음 엄마가 즐겨보는 미드생각난다고 그 미드 1화본 느낌이랄까....
10, 진짜 재미있었어요 또 이런 영화가 다시 나왔으면 좋겠어욤
9, 역시 손예진!!! 쫌 무서워요!!
9, 공포 멜로 코믹 맛있는 비빔밥~
9, 정말 손예진과 이민기의 매력이 한껏 발산된 영화임당. 로맨틱코메디와 호러의 결합. ㅎㅎ 지루하지도 않고 재미있게 잘봤어요. 배우들도 너무 예쁘고..^^
8, 코미디 영화인데 귀신이 진짜 오싹했음. 손예진의 매력을 볼 수 있는 영화
10, ㅋㅋㅋㅋ이거 안 보면 진심 손해임 꼭 봐
8, 가끔 무섭지만.. 줄곧 유쾌한 영화.
9, 웃기고 무섭고 조금슬프기도하고ㅋㅋ 재밌어요~
8, 깜짝깜짝 놀라기도 했지만 연인과 함께 보니 설렜던 영화...... ㅋ.ㅋ
3, 뭘 주장하는 영화지...
10, 캐  재밌어!
10, 연인들은 꼭 봐야할 영화 ㅋ로맨틱 코미디랑 공포(진짜무서웠음)의 적절한 조화 ㅋㅋ굿뜨
9, 공포와 멜로를 적절히 섞은영화
5, 제가 이제 초6으로 올라가는데  한 12월 달에 봤음. 갑자기 귀신 이 게속 튀어 나오고. 웃겼지만 정말 무서웠음. 제 친구랑 같이 가서 봤는데 계가 공포영화 진짜 잘 봄. 근데 그거 보고 영화보고 친구랑 나왔을때 패닉상태. 무서워... 결말은 해피앤딩인데 뭐같고... 12세 관람가 맞음?
10, 공포영화 무서워해서 눈 감고 봤지만 ;;; 전체적으로 재미있고 끝에는 눈물까지 흐르게 만드는 다채로운 매력이 가득한 영화였어요!
10, 1달전에봤어요 300만돌파하길 ㅎ
9, 생각보다 많이 무서웠어요 깜짝놀랬음 그래도 재미있었습니다
10, 완존재밋음!로맨스 공포 코믹 다섞여잇습니다~
9, 로맨스에 공포를 얹은게 아니라 공포에 로맨스를 얹은 느낌.........무서운데 그래도 재밌었음
8, 그냥 재밌게 봤다. 첨엔 귀신이 너무 무서웠지만 마지막엔 귀여운귀신.
9, 친구랑 같이 봤는데 넘 재미있었어요. 살짝 뻔 한 감은 있지만 에피소드들이 재미있고 조연들도 충분한 몫을 한답니다. 보면서 손예진씨도 예쁘지만 이민기씨에게 반했어요^^ 스타일 죽입니다
8, 이민기 ♥_♥ 반했어요!  무섭고 웃기고 ~
10, 재밌더만 외국에서 시나리오 사갔으면 좋겠댜
2, 여자들이보기에는 나름 재미있을지 모르나 남자들이 보기에는 영화보는 내내 손발이 오글거려서 참을수가 없는 감동적인 작품.. 특히 중간에 이민기가 카드마술로 손예진 구해주는 장면에서는 진짜 오글거림의 극한에 올라섭니다.  솔직히 별2개도 아깝지만 같이본 여친이 자기는 볼만했다고 해서 2개드립니다.
10, 주위에서 너무 재미있다고 난리가 나서 .. ^^ 오늘에서야 보고 왔네요 ^^  너무 재미 있었어요 !! 영화 대박 ^^
9, 너무기대를안하고봤나? 너무재밌게본영화에요^^ 무서움과웃음이절묘하게배합되어훨씬재밌었어요~~
10, 무섭다해서 안보고 버티다 더 볼 영화가 없어 봤는데..와우..이민기란 배우의 매력에 푹~ 우리딸 이민기 보고 감동먹어 울더군요. 넘 멋지다며 ㅋㅋ 예쁘기만 한 손예진이 2% 부족했지만 이민기가 +100을 더해서 10점 만점을 줍니다. 화면의 색감도 으시시 하지 않아 공포스럽지 않아 좋았네요 참 고급스런 화면이더군요.^^
10, 나는 2011년 도가니 다음으로 기억나는 영화라생각하는데 별로인분들은 별로였나보네요 그런데 자기의견이랑 다르고 마음에안든다고 마음에 드는사람은 알바아니냐는 의혹이나하는 한심한 인간은 뭔지ㅉㅉㅉ
9, 공포호러 코믹로맨스 두마리토끼잘잡았네요. 대박임^^
9, 요 영화가 생각보다 잼났어요. 공포영화는 무서워서 못보는데 이영화는 로코와 믹스되서 볼만했구요. 스토리도 잼있고  배우들 연기도 좋았고  음...기대치를 넘어섰던 영화.~ 참!! 깜짝놀라는 장면에서 연인들은 껴안고 소리지르고.ㅋㅋ 연인과 보기에 좋을거 같아요.
8, 깜짝놀란 장면은 있으나  귀신이 무섭진않았다.적당히 흥행할 영화였음.  감동 재미 비주얼 ㅋㅋㅋ 스토리 구성도 괜찮았고 다 좋았는데 먼가 .. 얻은거없는느낌
10, 생각보다 훨 괜찮음...한국 영화 많이 재밌어 졌다.  로맨스 영화 좋아하지 않은데 귀신이 생각보다 무섭다고 하여 봄... 뻔하지 않은 엔딩...
7, 연인들이 즐기기에 정말 딱인 영화. 그 이상 그 이하도 없는듯. 특히 중간중간 깜짝깜짝 놀라게하는 장면들은 커플들에게 더할나위없는 신체 접촉을 유발한다. ㅋ
8, 무서워서 재대로 못봤넹..ㅋㅋ 분장작살!~~지루하지않게는봤다.근데손예진 연기 넘 어색해..==;;이영화와는안맞나??
9, 재밌던데 얼마나 어떤 영화를 보기에 알바도 아니고 김천사는 남자인데 하도 재미 없다길래 안볼려다 봤는데 솔찍히 재밌게 봤고 후회없다  진짜  제발 영화 재밌는거 있음 볼수있게 양심적인 평가를 부탁해요 마이웨이도 하도재미없다고해서 안보고있는데 고민중이네요 솔찍히
6, 여름에 개봉했으면 더 좋았을껄......
9, 강약이 있는 로멘틱코메디..  어슬퍼 보이면서도 때로는 진지하게 때로는 공포스럽게 근데 공포스럽게가 제법 고난위도네요~ㅎ 조화가 잘 이뤄진 영화같아요~
8, 손예진씨 영화들중 최고 재미있게봤내요
7, 무섭긴 하네요...ㅋㅋㅋ
0, 조금만 감동적이면 울고 재밌게 보고 하는 난데...평점에 속았다. 어느 정도도 안되는 영화...  억지스럽게 웃기려하고 스토리도 허접하고...둘다 개인적으로 좋아하는 배우인데 대체...내가 문젠가...
7, 귀여운 이민기씨 여기서도 역시!! 멋진 남자로 등장했네요~!ㅎ 잼있긴 했지만 귀신이 하도 무서워서 가리고 본 부분도 많았어요 옛날 식스센스가 생각나던 영화.. 그래도 훈훈하게 잘 끝나서 다행인거같아용 잼있었어요~!
10, 달달하고 재미있네요. 재미있게 잘 봤습니다.
10, 손예진 이쁘오 ㅜ.ㅜ
10, 등골이 오싹할 정도로 짜릿하고 재미있어어요 손예진씨 연기도 일품!!
9, 재미잇고 중간에 깜짝놀래기도하고 손예진씨 너무예뻐욤
10, 손예진을 다시 보게 되는 영화네
6, 손예진씨는 참 연기잘하고 이쁜데 이민기씨의 발연기...좀 아쉬워요;; 근데 귀신은 정말 오싹함ㅋ
7, By the 손예진 Of the 손예진 for the 손예진   난 여잔데도 손예진 밖에 기억 안남... 이것이 이영화의 장점이자 단점
10, 재밌는데..기대하고 보진 말자~ㅡ;;
7, 흠... 뻔한 스토리... 뻔한...     그런데도 재미있게 봤네요... 이민기 마지막 통화할때 연기가 좋아서 인상에 남구요... 무서운 장면 여러번 나오는데 남자들에게는 좀 약할지 몰라도 여자들에게는 충분히 무서움... 커플들을 위한 영화... 솔로가 보면 씁쓸할듯...
8, 생각 했던거 보다 잼있어서 만족했어용^^ 근데 넘 무섭게 나온부분때문에 깜짝깜짝 놀랐어요
9, 무섭고 재미있고 웃기고 로맨틱 까지.. 모든 것이 잘 버무려져 있는 영화. 그리고 무엇보다도 손예진 이쁘다!! 진짜 이쁘다!!
10, 진짜 진짜 재밋엇고 감동적이엿다!!!!
10, 너무너무재밋었어요~~
10, 재밌다.강추!!!애인있으면 무조건  함께 봐라.로맨틱 코미디도 이런식으로 만드는 구나라는..소재의 참신성..호러를 정말 앙증 맞게 적절하게 넣었다.잠깐의 호러지만 디테일하여 좋았다.마지막 반전적인 멘트에 약간 뭉클..너무 울지 않고 무덤덤하게 했으면.민기님이 좀더 적극적인 마무리를 했으면 하는.역시 손예진!!
9, 친구를 못살게 구는 귀신이 끝까지 이해는 안되었지만 그래도 재미는 굿
10, 모처럼 영화비가 아깝지 않은 영화였어요 ㅋㅋ 이민기 완전 멋짐 ㅠㅠㅠㅠ 이민기가 날이 갈수록 연기력이 느는 거 같아요 ㅋ 귀신 나올때 완전 무섭고 ㅋㅋ 이 영화는 코믹 멜로  공포가 다 있는 영화임 완전 강추합니다!!!!후회하지 않으실거에욧
10, 이거 보고 너무 재밌어서 오싹한 연애 책도 샀어요!!ㅋㅋ난 좀 짱인듯ㅋㅋ 책에서는 마조구가 마신우로 나오고  주희가 좀 더 무섭게 나오는데ㅋㅋ말도 하고ㅋㅋ 책만큼 영화도 재밌었던 것 같아요!! 정말 다시 봐도 질리지 않을 영화!ㅋㅋ짱짱!!!
8, 연말딱 보기에 좋은 영화^^♥
10, 연말 연인이나 가족과 함께 보기 좋은 영화 ^^
8, 어찌 보면 로코물의 뻔한 정석일지라도  접근방법이 신선했다고나 할까. 로맨틱 영화인지 귀신 영화인지 구분이 안 갈 정도의 리얼리티를 추구하는 귀신의 퀄리티 덕분에 귀신이 나오는 대부분은 눈을 가리고 봐야 하긴 했지만. 그래도 강여리와 마조구 커플의 티격태격하면서도 엄마 미소 짓게 만드는 그 특유의 귀여움.
10, 오싹 재미 감동 다 있어요
10, 완전 재밌었슴!!!
7, 보면서 지루한 부분도 있었지만  긴장을 놓치지 않게 귀신이 자주등장해줘서 재밌었구요ㅋㅋ 멜로 슬픔 공포 다담긴 영화였던것 같아요~ 오늘 너무재밌게봤구요ㅋㅋㅋ 아직도 상영중이니 못보신 분들도 보시면 좋겠네요~^^
10, 너무 재미있었어요!!!! ㅎㅎㅎ 제 기억속에 오래 남을 영화^^*
7, 재미있다가... 무섭다가... 재미있다가... 무섭다가... 나는 공포영화를 너무 못보는데.. 이렇게 귀신나오는 영화인줄 몰랐다가 너무 놀랐음.. 그래도 중간중간 웃기는 요소들이 있어서 재미있게 봤음. 공포영화매니아들에게는 엄청 시시했을 수도 있지만.. 나랑 내친구는 엄청 무서웠음ㅠ
10, 무서운 귀신이 약간씩 나타날때 마다 소리지름 소름이 쫘악 스트레스 확풀리는 호러코미디영화
10, 진짜 짱이야!!여리랑 조구 둘다 귀엽구..특히 마조구 넘 멋졍~~ㅋㅋ 비실하지 않은 깡??ㅋㅋ
9, 민기찡멋이썽~~~~^^
9, 처음에는 이게 뭐지 ;; 했다가 나중에 갈 수록 넘 재미있는 영화 ㅋㅋㅋ이민기랑 손예진만 나오면 달달하기만해서 그랬을텐데 귀신이 중간중간 튀어나와주니까 좋았음ㅋㅋ
1, 웃기지도않고 무섭지도 않고 돈도 아깝고 시간도 아깝고.........평점 왜이리높음??
8, 나의 스토리는 !  사람들은 스토리가 굼금하여 점을 몰래본 ! 스토리를 위해 !
10, 로맨틱코미디도 무서울수있구나 기발한 발상 재미있게 봤다...
10, . . . . 이렇게 오싹할 줄이야. . .ㅠ 그러면서 웃기고 울리고 ㅠ 정말 스토리라인좋구 넘 잘만드셨어여 ~
9, 오싹하지만 진정한 사랑을 찾게 해준 귀신ㅋ 그리고 심금을 울렸던 이민기의 사랑고백.. 내가 이렇게 무서웠는데..당신 혼자선 얼마나 더 무서웠겠어!!!.. 진짜 감동의 쓰나미!!
8, 굳
7, 생각보다 무섭다. 근데 생각보다 웃기진 않다지하실에서 박쥐나오는 장면은 왜 넣은거임?? 손예진은 역시 명불허전이었고 이민기도 제역할 해냈음
10, 짱재미있어요!!! 무섭기도 하고 재밌기도 하고 진짜 재미있었어요^^ 이민기손예진진짜귀여움♥.♥
8, 무서운장면조금 달달한장면 많고 재미있네요 ^^
