6, 밋밋하지만 공감가는 이야기...
10, 어찌되든 간에 연애는 기분 좋은 것~ 솔로들은 용기를 내서 아는 여자들에게 죄다 전화할 것~
9, 이응재   따뜻했던 그를 기억하며 .. (엔딩자막)   지금은 볼 수 없는 사람이어서 그런지  마지막 눈꽃열차 로멘스에서 우기의 열연이 더욱 돋보인다.  좋은 곳에서 평안하세요 ...
9, 담백하고 인간적인 영화네요 추천:)
10, 재밌어요. 은근히 이끌림.
10, 찌질함의 극치 하지만 그게 사랑...
9, 영화를 볼 때보다 보고 난 후가 더 재미있었습니다. 돌아오는 길... 키득키득~~
10, 감독님 강의 듣고 검색해서 들어왔어요~ 예고편을 보고 나니 정말 많이 기대되네요! 꼭 보러갈게요!
10, 감독배우스탭 모두가 영화완성  하나의 목표로 졸 열심히 했다 들었습니다.  많은 분들이 만든이들의 수고와 노력에 박수를 보내줬음 좋겠네요. 예고편을 보니 더 보고싶어지네.... ^^
10, 이번에 전북독립영화제에서 볼려고 하는데  기대됩니다
10, 단편들 재밌었는데. 장편 개봉도 기대되네요^^
9, 졸잼. 마지막 헬기장면은 정말 신박했음
