8, 정우성은 잘생겼고 악역도 멋있다
9, 액션과 스릴이 결합하고 연기력 좋은 배우가 나오네요. 추천.
9, 감시자들 몇번이나 봐도 연출 짜임세 긴장감이 좋네요.. 한효주도 이쁘고
9, 다시 봐도 잘 만들었어
5, 생각보단..
9, 손에 땀을 쥐게 하는 영상미와 내용을 가지고 있음
10, 몰입도짱 손에땀을쥠
9, 역시 정우성은 잘생겼다
7, 똑띠해신기해멋잇어
8, 볼만함
10, 굿..
2, 최고의 비호감  과도한 보톡스로 팽창해 불가능해진 내면연기  편면적 진행에 버리고 가버린 캐릭터  한계의 3종 세트.
6, 첨단 감시장비들과 미행팀의 조합이 이뤄 범죄자를 잡는다? 감시팀의 활약을 긴박감 넘친 전개와 몰입감 있는 연출로 제법재밌게 그려냈다.비록 정우성과 한효주의 연기가 약간 어설펐지만그런대로 촘촘한 스토리 구성과 편집이 좋아서 킬링타임으로 괜찮았다.
8, 한국영화 치고는
5, 한효주 답도 없네  여주 한명이 어설프니 기획이 좋아도 어설퍼보임  설경구도 그닥  오히려 정우성이 돋보이는 영화
9, 촘촘한 구성~전 재미있게  봤어요
6, 정우성은 멋있다.
9, ........
6, 정우성이 이렇게 별로인 것도 처음
7, 킬링타임용..
6, 음..감동적인 부분도 있으나.. 그저그런..
7, 수많은 본 시리즈 아류들 중 하나. 그걸 논외로 치고 말하면 가능성도 봤지만 아쉬운 점도 많다. 일단 긴장감 쩔고 흡입력 있다. 하지만 말도 안 되는 영화적 상황이 나온 이후로 재미가 반감됐고 그 이후로도 개연성 많이 떨어지는 상황이 나와서 영화에 흥미가 급떨어졌다.
9, 영화 잘만들었네... 정우성 이런류의 영화 많이 만들었으면 좋겠다 악역이 정말 잘 어울린다.
9, 시간가는 줄 모를 정도로 집중도 있고 재밌네.. 정우성...... 멋지다.
10, 정우성 액션 명불허전임 한국의 제이슨본같은 영화찍었음좋겠다
8, 감시사회에 대한 우려. 악역도 멋지게 해낸 정우성과 설경구 한효주의 케미도 볼만.
7, 한효주 졸예~!!
9, 재미있게 봤습니다.
7, 정우성 악역 잘 소화해냄울나라형 뉴액션 신선했음
5, 주연들보다 엑스트라들표정이 더 여유있음!! 다들 표정이 얼었어!!  쩝!! 말은 영혼없이 빠르기만 하고!! 많이 아쉬움!!
9, 이 영화의 원작은 감상 못 했지만  잘 리메이크한 영화라는 것은 시종일관 감상하면서 느낄 수 있었습니다. ^&^ 정우성씨의 악역도 좋았고 영화 전반적으로 흥미진진하게 스토리가 흘러가서 좋았어요. ^&^ 나중에 꼭 원작 영화를 감상해야겠습니다. ^&^
6, 경찰조직이 실제로 있나?
9, 진짜 잘만든 영화
8, 몰입도 괜찬음
7, 재밋게 봤음 나름
2, 설정부터 참 병맛돋네
10, 난 우성햄 나오는 영화는 항시 다보면서 재방포함 참 진중하고 멋진배우분중에 하나라 생각드네요 ㅎㅎ 멜로 액션 이참잘어울려요~~로맨스 작품 지상파에서 봣으면 좋겠습니다..
4, 정말 아쉬운 건... 천공의 눈을 원작으로 PTU 대사건의 영감을 비롯해 문작까지 끌어들여 베끼고도 이정도 밖에 안되다니...
8, 10점짜리 영화를 마지막 20분으로 망침. 영상  시나리오 OST 완벽 관람내내 놀라움  하지만 마지막 그림자 재 추격부터 억지 개연성 급마무리로 평점을 깎아 버림
10, 간만에 다시 봤습니다만  한효주는 정말 예쁘네요. 이상하게 한효주는 시상식때나 화보나 이럴때 사진은 그렇게까지 최고로 예뻐 보이지는 않던데 영화에선 단연 최고의 미인이네요. 보통은 사진이 더 예뻐야 정상인듯 싶은데 말이죠.^^; 아무튼 목소리도 좋고 연기도 좋고 좋은 영화에 많이 나왔으면 좋겠습니다.
5, 한효주 보니까 안구 정화 되네유. 재미는 그럭저럭이네유.
6, 영화의 재미는 기대 만큼은 아니였지만 한국 스릴러 장르로서는 분명 괜찮다. 다만 화려한 액션과 범인과 쫒는자의 긴장감이 심하게 쪼으는 맛이 없다. 아니 있기는 한대 쫄깃한 맛이 없다고 하는것이 더 맞을꺼 같다. 이 단점은 후반부에 갈수록 더 두드러지는대..마무리는 정말로 엉성하다... 한명의 카메오가 마지막을 살려준다..
8, 이런 장르의 영화를 우리나라에서 이 정도로 만들었으면 충분히 잘 만든 영화... 처음부터 끝까지 지루하지 않고 긴장감있게 전개되어 재미있게 봤다...
7, 깔끔하고 번듯한.
5, 설경구가 죽어야 평점이 올라갈텐데..
7, 진짜 정우성 밖에 기억안남ㅋㅋ 결말 안타깝고 막ㅋㅋ
0, 중위와 오버랩 되어 감흥 없다.
9, 정우성이 마지막에 죽는것은 좀 허무하지만 나름대로 괜찮았어요
10, 이 정도면 한국에선 잘 만든거임... 잼나게 잘봤엉^^
6, 끝에 정우성 죽을떄 개 허무하게 죽네
6, 정우성 얼굴 밖에 기억 안남
6, 오글거리는거 빼고 후하게 6점 드립니다 ^^
9, 비현실적인 부분들이 많지만 두시간 내내 긴장감이 크게 떨어지지 않고 군더더기없이 깔끔한 느낌이 드는 영화였습니다. 다른 주연배우분들보다는 한효주씨가 많이 부각되었던 것 같습니다. 특히 이 실장 역의 진경씨는 탄탄하고 설득력 있는 연기력 덕분에 오히려 주연배우들 이상으로 기억에 강하게 남는 배우였습니다.
0, 먼 경찰이 범인인줄 뻔히 알면서도 칼에만찔려 말같지두않게 총은 뒀다 국끌여먹냐 왜 평생 쫓아만다니지
7, 소재는 괞찬았는데 악역이 약간 미쓰 더 악랄하고 치밀하게 만들었어야 되요
5, 남친이랑 메가박스 동대문에서 무비올라잇 으로 봄   차 불법주차딱지떼고 어떤인간이 긁고 도망갔음 남친이랑은 싸워서 그인간 가버렸음 영화는 무지 재미었음 근데 영화보고나서 안좋은일이 줄줄줄 생김 그래서 나쁜기억속의 영화임
6, 그냥 뭐...느낌점이라고해봐야 사람들이 왜 정우성이 이기길 바랐는지 알겠다는것 말고는 없다.. 멋있네 정우성.
6, 존재 자체가 한국 영화의 확장...
8, 잼있어요 결말이 조금아쉽네
7, 재밌었음..정우성은.. 악역이라도..멋졌음..흠흠..
8, 거의 미친 연출이네요. 각본은 흠잡을 데가 없고 배우들의 연기도 나쁘지 않았습니다. 그런데  정우성의 캐릭터는 문제가 있네요. 정우성에 대한 이야기가 미궁이예요. 좀 허탈하네요. 스토리 자체는 완성도가 높지 않습니다.
7, .
6, 한번쯤은 볼만한 영화
7, 그냥 뭐 그래요. 원작을 보고 봤어야 하려나...
8, 극도의 잔잔함 속의 긴장감 속의 잔잔함. // 감시자 답게 오버하지 않고 내내 잔잔하게 유지된 건 좋았다. // 그나저나 불쌍한 자동차 좀 그만 괴롭히자;;;
3, 감독불쌍.영화 좋은데 배우가 참...설경구와 한중위 누나라...참
0, 남동생이나 감시잘해라 또 사람죽일라
0, 이걸로?
0, 한효주씨 남동생 사건은요? 죽은 김일병을 얼마나 괴롭혔길래... 한효주씨 남동생이요..???
0, .
0, 설경구 나와서 안볼꺼임. 게다가 한효주까지. 비호감 세트네. 중간에서 정우성만 불쌍하다. 정우성 진짜 착하네. 매번 편견없이 사람봐서 손해봄. 신의한수 영화관에서 넘 재미있게 봤는데 ㅜㅠ
9, 이 정도면 꽤나 휼륭하다..
2, ㅜㅜ
1, 국정원 사찰과  위조 사건을 대변하기 위한 영화....차라리 리메이크작 이라고나 하지...홍콩영화 복사본에 ....올해나온 영화중 가장 부끄러운 영화 2편중 하나 .....
8, 베일에 숨겨진 직업을 이렇게 현실감있게 표현해주신 감독님 존경합니다
5, 용두사미라는 단어가 어울리는 영화임.. 그나마 정우성이 먹여살렸다고나 할까?
10, 그래도 긴박감이있어서 재밌었어요 난여자지만 한효주는 좋은데 괜히 불똥이 튀여서 안타까워요^^ 효주언니 화이팅^^
8, 여주인공 공감 안됨  설경구는 변화없는 연기가 식상하다  그러나 정우성 악역 눈빛은 진짜 감정메마른 킬러 같았다 정우성때문에 8점^^
9, 평점 댓글들이 한심스러워서 로그인했다...영화를 똥꾸멍으로 보는 애들 처럼 보인다...이 영화가 재미없으면 도대체 어떤 영화가 재밌다는 것인가? 원작인 홍콩영화와 비교해봐도...우리 영화가 100배는 잘 만들었다....과한 평점도 문제지만..1~2점 주는 애들은 진정 제정신은 아니다...
1, 정말 형편없는 엉터리 영화다. 중간중간에 말장난치는 대사와 극도로 낮은 수준의 코믹한부분을 넣어둔게 매우 맘에 안든다. 직업영화라서 그런지 과정만 엄청나게 길다. 비중없는애 갑자기 죽여놓고선 슬퍼하라고 요구한다. 히어로물보다 짜증나는게 바로 이런영화다. 찌라시랑 동급.효주땜에1점준다.
8, 재밌었습니다. 몰입도 잘됬고 전반적으로 괜찮았어요
2, 전형적인 뒷심부족 한국영화
0, 한효주 동생 사건 마구마구 파해쳐야해 나쁜 것들
5, 억지 긴장감 조성과 내가 뭘 본거지? 라는 물음을 던져주는 영화 . . . 
0, 봤는데 치밀?웃음밖에는 죄다 갖다 붙였두만 그나마 완전 어거지 혹시나 하고 본 내탓이오 내탓
4, 평점 왜 이리 높지? ㅠㅅ ㅠ .좋아하는 꼭지는 각자 다를 수 있으니 그런가 보다 합니다. 현실에서의 역활을 영화에서 보여주는 연기가 아니라  그 전의 영화 등에서 보여 주었던 역활들을 연기하는듯 해서 저는 몰입이 힙들었습니다. 오글거리는 그런 기분을 느꼈는데  다수의 평점을 보면 저만 그리 느낀듯 하네요.
0, 한효주동생 사건사과해야하는 거 아닌가?
7, 고조되던 분위기가 작위적인 부분들에서 한번씩 김새는 듯한 느낌.
2, 이게 영화냐.난 알바아니다.평점2점 준다.
8, 볼만함..황반장이 죽었으면 더 좋았을텐데..과정이 안좋은 배우는..아무리 연기를 잘한다해도 그냥..*** 일뿐..
9, 영화 후반까지 긴장감이 있어서 좋네요. 헐리웃에서 보던 지능적인 범죄물이라는 소재에 계속 집중할 수 있는 감독의 능력까지 정말 일품이었습니다. 훌륭한 결말까지 기대했던 것은 너무 욕심이었을까요? 그렇지만 충분히 매력적인 영화입니다
8, 이정도면 수작임. 다람쥐 다시 살려서 씨리즈 물로 가자
9, 정말 고생해서 범인을 잡는구나
9, 기대를 전혀 안하고 봤는데 몰입되었던 영화.
8, 재미있네요. 시리즈물로 만들어도 장수할 듯.
10, 한효주  짱
8, 빠른 전개  쩌는 긴장감. 그런데  갈수록 느슨해지니  이를 어쩌나..
8, 뭐 잼나네. 근데 정우성 폼 엄청 잡네 ㅋㅋ 설경구는 어버버 경찰 좀 그만했으면...
6, 엔딩이 그게 뭡니까?
10, 실제로 영화보다 더 체계적인 감시반이 필요하다.
7, 중후반 까지는 속도감 있고 긴장감도 좋았는데 감독이 뒷심이 딸리는것 같다..
10, 10점 만점에 10점
10, 한효주가 여우주연상 수상한 영화.. 역시 영화도 좋네
7, 기대를 안하면 괜찮다.
5, 마무리가 개망함...한효주는 죽었어야지 왜살려준거야그리고 정우성은 도망가도 맨날 눈앞에있냐 참나...
10, 준호 연기!! 오우 자연스러우면서 너무너무 잘하던데요. 잘~하면 송강호같은 배우가 될 수도 있을 것 같아요
10, 긴장의 연속성.. good!
10, 원작의 영특함에 액션과 유머를 붙여서 깔끔하게 잘 뽑아냈다^^
8, 영화는 정말 긴장감 있게 잘만들었다. 배우들 연기도 다들좋고..다만 영화전개상 빠른 템포의 대사를 치다보니발음이 잘들리지않더라. 천천히 또박또박 얘기하면 영화가 투즈해졌겠지?
5, 런맨/다람쥐가 위로 살포시 째려봤음
9, 다람쥐가 죽기전에 정우성에게 들킨이유는 뭐죠? 교통경찰이 주민번호불러보라고 한건데...
5, 그냥 잡으면 되는데 왜 미행을 하고 죽고 다치고 그러지? 잡으면 되잖아?  왜 몰래 쪽아댕겨야 하는데?
10, 개인적으로는 지루하지 않게 끝까지 잼나게 본 영화
3, 본시리즈의 파멜라 랜디를 따라하고 싶었던 모양.근데 뭔가 너무 어설프다.
8, 끝나기 10분전까지 너무 흥미롭게 보았다. 그래서 끝부분이 아쉬움이 남는다. 한효주의 연기 역시 다시봤다.
6, 조용한 세상에서 보여줬던 능력에서 더 발전된 모습을 바랬던게 착오였네요. 화려한 캐스팅과 다양한 영상기법들은 볼만했지만 조금은 실망스러웠습니다.
8, 한시라도 눈을 뗄수 없는 긴장감이 있는 영화
7, 왜 처음의 그 팽팽하던 긴장감을 끝까지 이어가지 못했을까... 시간에 맞추느라 중간중간 편집된 장면도 극의 흐름상 아쉽다.
9, 꽤 잘만들어진 추격신과 액션. 이 정도의 스릴과 몰입감을 줄수 있는 영화.
10, 재밌어요. 정우성 악역연기가 멋져요. 추천!!
7, 가볍게 즐길 수 있는 박진감 넘치는 영화
5, 처음부터 끝나는 순간까지 어디선가 본 장면들의 끼워맞추기
10, 미드가 아쉬울정도로 잘 만드셨네요...우리도 이렇게 잘 만들수 있는데 왜 그동안 안 만드셨는지.... 너무 감사합니다.
8, 기는 10점에 가깝고  승전결은 잘해야 6점대지만 잘 만든 영화. 극초반 이후엔 한효주만의 초능력 발휘로 사실상 모든 실마리가 풀리는 구조다 보니 한효주 팬이 아니라면 다소 아쉬운 연출. 그 와중에 정우성의 깔끔한 연기가 좋았으나 후반 비 갠 장면부터 좀 이상하더니 마지막은 다소 극적인 요소가 부족했다.
6, 나쁘지는 않았는데... 뭔가 아쉬운느낌.신세계가 BMW라면..... 감시자들은 폭OO겐 이랄까....한효주는 이쁘기는한데 경찰 역에 정말 어울리지 않음. ㅋ
5, 100개의 눈을 가졌어도 그가 무슨 생각을 하는지 모른다면 붙잡지 못한다. 그래서 각각의 눈에 비친 모습들을 짜맞추는 것 아닌가. 보이지 않는 그의 생각을 쫓아가기 위해. 하지만 뭔가를 눈으로 보는 순간 다른 무엇을 놓친다. 손은 눈보다 빠르다고 하질 않았던가. 확실하지 않으면 승부를 걸지 마라 이런 거 안 배웠어?
9, 아... 정우성~! 정우성~! 정우성~!!!!
8, 긴장감도 있고 볼만 했음  한효주 이쁨
10, 다람쥐가 죽어서 슬프지만 흥미진진하다.
7, 정우성만이 강한게 아니라 정우성팀 전체가 강했으면 더 박진감 있었을 것 같은 아쉬움이 있네요.
8, 역시 설경구 멋지삼. 아빠미소.....정우성연기잘해도 외모땜에 묻히는듯....한효주 괞챤은데 댓글이 왜글치?
10, 한효주 오버가 싫었지만 정우성의 깔끔한 연기가 좋았다
7, 스케일도 크고 경찰의 설정 및 팀워크로 일하는 설정이 좋았다. 사무실도 어설프지 않고 장소 섭외도 잘 한 듯. 다만.. 막바지에 심히 어설프다.. 그렇게 철두철미한 정우성이 어설프게 자신을 노출하는 꼴이..  끝을 내야한다는 강박이 완성도를 떨어트린듯
5, 물과 기름처럼 섞이지 못하는 캐릭터들의 향연
6, 시간때우기용
7, 몰입감은 좀 떨어지나 참신한 소재...2% 부족한 스토리...
9, 수작이네..배우들도 좋고..enemy of state같은 느낌에 스릴은 더있고..
10, 짱짱 긴장하며 봣어요!!
5, 어디선가 본듯한 장면들의 연속이긴 했으나 배우들 연기도 괜찮고  중반까지는 재미있었는데  후반부터 확 힘을 잃었음. 한효주가 정우성 놓치고 길바닥에서 비맞으며 OTL 자세로 쓰러지는 씬은 심지어 오글거렸음. 그래도 도둑들 보다는 훨씬 나았음.
10, 내가 이 영화의 한효주에 꽂혀서 그런가.. 한국 범죄스릴러 수사극 영화 중에 짜임새와 편집  배우들의 연기가 아주 뛰어난 것 같은데.. 여기 평점은 극과 극이네 ?? ㅋㅋ (아마 0점  1점 준 사람들은 영화보다는 설경구에 대한 부정적 편견을 지닌 사람들일게다.. 이 영화보다 훨씬 못한 영화들이 얼마나 많은데..) ..
9, 재밌네요~한효주가 넘 이뻐요~~
5, TV로 보길 잘했다!!돈내고봤으면 욕나올뻔!
3, 요즘 감독은 개나 소나 다 하나보다 머리에서 나오는 스토리구상이나 아이디어가 저것밖에 안될까 자기가 만들고나서 직접보면 재미있는지 없는지 판단이 안될까?
0, 이게 무슨영화냐? 개웃긴다 ㅉㅉ
7, 연출이 부족해서 상황 이해가 좀 어려웠다. 그래도 재미있네뭐.
10, 재미있네요~ 영화관에소 못본게 아쉽네요
10, 영화 쥑인다
3, 왜 망했는지 지금 TV로 보니까 알겠다.
6, 한효주의 외모가 맡은 배역 연기에 방해가 되는듯 싶다. 억지스러운 부분도 있지만 빠른 전개로 어떻게든 덮으려 한듯 싶다.  킬링 타임용으로 좋다.
8, 재밋게 봤네요
0, 시벌~이게 영화냐? 베낀 개억지스토리   설경구 짜증나   
8, 범죄 스릴러의 새로운 발상?? cctv로 땡이 아닌 범죄사건 잼썼음
1, 실망
10, 재밌음
4, 초반에 나름 쫄깃하더니 중반이후 무너진 영화. 그래서 뭐? 이소리가 절로 나옴. 킬링타임용
6, 나름 빠른전개  OK ! 식스센서를 넘나드는코미디 대반전은 무리다.
8, 서울을 화려하게 잘 잡아낸 오프닝 구더기 잡는 경찰 건조하다
8, 나름 잼나게 봄
7, 변함없는 설경구  악역변신 정우성  엉뚱발랄 한효주와기타 조연들의 연기에 그동안의 다른 범죄수사물과는 다르게 진행되는 새로운 부서의 스토리는  저런 경찰부서가 있나?  하는 궁금증을 자아내면서 어느정도 볼만은 하다.  하지만 부족하게 느껴지는 스토리와 약간 지루함이 있는 전개에 아쉽기만하다.
9, 전체적으로좋았는데결말에서설경구도죽었다면영화의맛이더살거같음엔딩이좀싱거워서9점 배우들연기도잘하고재밌네요
1, 배껴도 그렇게 배끼냐
6, 비쥬얼과 연기는 좋은데  마무리는 그저 복수일 뿐이잖아? 그걸 만회해 볼려고 막판에 연결고리를 넣은 것 같은데 좀 억지스럽다.
10, 긴장감이 있었던 액션영화!! 너무 좋은 영화였다!!!
8, 등장인물도 매력적이고 재미있게 잘 봤음
9, 괜찮네요  쓸데없는 장면 거의없이  단백하게  잘봤슴
9, 한효주의 재발견!
7, 재미있게 봤어요. 배우들을 그닥 잘 살린 영화는 아닌 것 같네요. 소재와 줄거리 전체적인 전개는 정말 좋았습니다.
6, 뻔하다.
7, 나름대로 전개가 괜찮다 싶었는데 끝이 좀 허무하다. 뭔가 하이라이트로 치닷다가 마는듯한.. 그리고 정우성이 악해보였다기보단 그저 멋있게만 보였다.
9, 재밌네요. 적당한 액션과 긴장감  시간 가는 줄 모르고 봤습니다.
5, 신세계가 훨씬 재밋슴 ㅡㅡ
10, 오랜만에 영화봐서 그런지 재밌네. 보는 내내 그림자 주인공이 안 잡히길 애가 쓰인 내 마음은 또 뭐꼬.
6, 정우성은 멋있다.
9, 처음부터 끝까지 깔끔하다. 중간 중간 억지 전개와 힘 없는 결말이 아쉽지만 그건 그냥 한효주 매력으로 커버   한효주는 볼수록 매력있네. 8.5점
8, 매끄러운 스릴러~~원작을 봐야겟다는..
3, 현실성 너무 없네....감시반이 강력반이라....ㅋㅋ 강력반 자체가 필요 없네요....^^;;
7, 마무리에서 진부했지만 너무나도 훌륭한 연기에 재밌게 잘 봤어요
6, 후반부 억지 전개가 맘에 안드네요
7, 영화자체는 볼만한데 저런 경찰내 고급두뇌 조직을 하찮은 범인들 잡는데 쓸것이 아니라 민간인 사찰하고 재야인사 및 야당 감시하는데 활용해야 현재 대한민국 현실과 맞을것 같다. 그나저나 한효주 정말 예쁘다! 저 외모는 그냥 다녀도 눈에 확 띄는데 감시일을 할 수 있을까 ㅋ
10, 기대보다 괜찮음.8개 정도하려다 2개 더 보너스^^
5, 기대안하구 봤음
4, 저런 눈에 띄는 꽃미모로 감시반을 할 수가 있을까? 상황만 존재하고 현실성은 모순과 묵인
9, 내용전개가 흥미진진하고 정우성의 카리스마 압도
10, 끝까지 긴장을 놓지 못했습니다. 배우들이 아니라 원래 배역 그 직업인것 같은 느낌!  기대한 배우들의 기대치가 더 높아져 버렸습니다.하하하
3, 나만 재미없게 봤나?!!  한효주가 여우주연상?  모르겠다..심사기준이...청룡영화제 여우후보들중 연애의 온도에 김민희가 괜찮지 않았나...
10, 시나리오와 배우들의 연기.. FANTASTIC~! EXCELLENT~! 총 누적 550만이라는 관객수가 부족하다.. 8~900만 이상 정도 되는 영화인데... VERY GOOD
8, 잼있는데...마무리가 넘 허술하다...설정은 천잰데 천재적으로 보이는 부분이 넘 적다...그냥 한효주 드럽게 예쁘다...
8, 결말이 맘에 안 들긴 하지만 긴장감있게 잘 봤음. 정우성은 대사도 없고 화보같았음 ㅋㅋ
8, 잘 만들었다 그뿐이다.
10, 미끈한 스릴러군더더기가  없다
3, 원작하고 똑같은 영화를 왜 만드는거지? 이걸 한국영화라고 할수 있나? 홍콩영화모조품이지...
7, 예상 밖의 수작. 뒷심이 부족하지만 내내 흥미롭다.
9, 긴장감 굳굳 한효주 예쁘다(제일중요)!!
9, 감시자들과의 멋진 머리싸움..빈틈없는 전개로 눈을 떼지 않고 집중해서 볼수있었다..
9, 한국영화보고 실망안하기는 정말 오랫만인듯... 허술한부분이 없지않지만  다른 한국영화들에 비하면 아주 출중해보이네요. 물론 개인적인 기준에서...ㅎㅎ
0, ?  최근에 관람한 분들의 평점이 높아졌다.뭐지??이 영화를 극장에서 보지 않았다는 것에 안도감을 느낀다.정우성은 초시계보며 폼만 잡고 한효주가 땅을  치니 비가 개이고 놓쳤던 범인은 도망가지 않고 떠억하니 나타나서 잡혀준다.대체 감독이 하고자 하는 말이 뭔가 ?
8, 긴장감이 계속 유지되면서 깔끔하게 끝나다
8, 굿~
7, 기대를 너무 많이 했는지 비교적 평작이상으로 보이지는 않는다. 정우성의 악역연기는 아주 좋았고 설경구 한효주도 좋았으나 뒤로 갈수록 힘을 잃은듯 보였다. 나름 괜찮은 스릴러영화라고 할수 있지만 나의 기대가 너무 높은곳을 향하고 있었다....  ㅡㅡ;;
7, 그렇게 중요한 스도쿠 문서를 허술하게 쓰레기통에 버릴리가 없지요 .. 이런점이 아쉽네요 .. 마지막 정우성이 죽는장면도 허술합니다 . . 설경구랑 맞다이 뜨는데 .. 맥업이 죽네요 .. 완전 개허무
7, 한효주는 예쁘다
5, 외국영화 흉내 너무 냈어요! 그래도 아이리스처럼 드라마로 만들면 참 좋을듯 해요
6, 액션이 부족하였지만. 정우성의 원샷으로 찍은 액션연기와 설경구의 연기가 좋았습니다. 볼만함.
6, 즐기시오들
8, 정우성은 항상 사기캐릭. 암튼 재밌다.
8, 재미는 있는데 왠지 좀 급마무리되는 느낌이 있어서 아쉽고 캐스팅도 좀 뭔가 어색... 한효주는 중간에 양아치같은놈하고 싸우는 장면 있는데 캐릭터자체가 정말 어울리지 않음..
10, 나쁘지 않네 지금은 극장에서 내렸고 4000원에 다운받았지만 돈값은 했다 .................옛날 비디오대여료는 1500원인가 그런것 같았는데 지금은 굿다운하면 너무 비싸 쩝...
6, 초반엔 좋았다..설경구특유의 껄렁함과 따스함이 뭍어나고 한효주는 더없이 이쁘고..기대되는 조연들도 많이 보였고 특히 김병옥 진영..그들의 매력을 완전하게 볼 수 없어 갈수록 아쉬워졌다.극중 죽음들이 너무 허무했고 정우성은 차라리 사라지는 컨셉이 더 어울렸을지도..다람쥐도 그냥 살아있었더라면..
8, 내용도 괜찮았고 꽤 볼만한 엑션영화....
8, 마무리미흡 도둑들의 경찰버전어느정도의 긴장감과 재미있음
7, 너무 진부한 소재 ~감시하고 추격하고 그거밖에 없다~
1, 빨리감기로 엔딩크레딧까지 다 봤군. 설경구 1점
9, 잼있게 잘 봄
10, ㅋㅋㅋ
8, 감시요원은 전부 천재? 약간의 과장은 있으나 지루하지 않고 재미는 있다..
7, 제임스가 왜 삐툴어 졋는지 이유를 말해줬으면 했는데 아쉽음
8, 아쉬운 결말그러나 볼만한!
7, 보잘 것 없는 시나리오 연출력으로 카바했다.
9, 짜임있는 구성 과 촬영이 테크닉한 액션으로 잘 보여진것 같다.
8, 이정도면 아주 볼만하고 재밌는 액션영화다. 마치 아이리스나 아테나를 다시보는 느낌
0, 스릴러 쯤으로 생각했는데 정우성은 시계나 쳐 보고 옥상에서 몇마디만 하면 증거 하나 없다네  머리 좋은 놈들의 두뇌 싸움인것 마냥 포장했지만 거기에는 아무런 개연성도 없고 의미도 없음 보는 내내 어이 없어서 허탈함만 연속적으로 계속 됨. 동료 한명 죽이는 걸로 억지 감동이나 이끌어 내려는 뻔뻔한 영화
5, 뻔한 캐릭터에 엉성하고 어설픈 헐리웃따라잡기..  러닝타임이라도 줄였음 좋았을텐데.....
9, 한효주씨가 작품을 참 잘고르는것 같습니다예전 광해 . 오직그대만 . 반창고 까지 정말감명깊게 봤고 이번에도 한효주가 출연하니기대하고 봤는데 스릴감도 있고 스토리도.좋고특히나.설경구 정우성 같은 명품.배우들이.나오니영화의.질을 더욱더 향상 시킨거같아요 잘봤습니다
7, 설경구 연기 빼고 모든게 B급이네여
8, 재미있게 봤다
1, 이것도 영화라고 만든거임? 무슨 드라마만도 못한 액션에 각본이라니.....설경구는 죽지도 않아 웃겨서리...그리고 한효주 연기는 진짜 ㅅㅂ 욕나와.....한마디로 영화 회사원2 임....주인공들 CF찍는 발연기가 전부인 쓰레기 각본영화
8, 긴박감 있고 재밌었어요~ ^^
7, 권력의 욕망과 관련한 이야기. 스스로가 권력자가 되기를 두려워하는 것 같은 시스템 내부의 사람들과 시스템을 가지려고 하는 사람들의 하수인 사이의 싸움. 권력은 비껴나고  미시적이고 개인적인 싸움만 남았다.
5, 정우성의 연기와 설경구  한효주의 연기를 비교해 보시라. 정우성이 왜 주로 광고시장에만 나오는지 알 수 있음. 개연성 없는 스토리. 참 헛헛하네.
7, 한효주 이영화에서 겁나 이뿌네 단발머리가 저렇게 예쁘다니 ㅋㅋㅋ 정우성도 악역 소름돋음 연기는 매번 다른영화와 비슷함 어쨌든 재미있음
0, 정말 이런 이야기 안하려고 했는데 너무나 재미가 없네요. 무슨 내용인지도 모르겠고 ㅠㅠ
7, 무난한 영화네요. 전반적으로 큰 단점없는 영화긴 한데 설경구는 너~무 똑같더군요. 사람에 따라선 전개가 심심하게 느껴질수도 있는 점도 있었습니다. 그외엔 약간의 유머와 우성형님의 자연스런 악역이 좋았네요. 연출부에서 악랄함을 좀더 강화했음 하는 생각도 들었습니다.
3, 능력자들의 오글오글거리는 향연
8, 훌륭한 킬링타임 영화.
6, 한효주가 이렇게 이뻤던가 싶을정도로 한효주를 위한영화.. 갈피를 못잡고 흘러가는 스토리와 정우성의 연기력은 영화를 김빠지게 한다..
5, 우띄 ㅡ.ㅡ 감히 정우성을!!!  한효주는 참 연기 못하네여  이도저도 아닌 캐릭   준호는 생각보다 잘합니당  어디서 본듯한 장면들도 가끔 보이공  스토리가 그닥 ;;;  걍 정우성 멋찐영화
7, 일부 작위적인 전개가 아쉽지만 볼만 했음.
8, 재밌네요 정우성 넘 멋있음
7, 초중반에 비해 후잔이 너무 급작스럽다. 뭐 나쁘지 않ㄴ은 긴장감.
6, 주인공의 상대편인 범인측을 응원하게 만드는 영화. 참 오랜만이네.
10, 정말 좋았습니다. 감시자들이라는 소재 자체가 굉장히 흥미롭네요. 손에 땀을 쥐는 전개와 설경구의 연기  그리고 준호의 재발견. 다 좋았습니다. 한국영화 수준이 많이 높아졌어요.
7, 내러티브가 깨지는 것만 빼곤. 괜찮았다. 정우성  한효주~짱!!
10, 졸라 재밌기만 하구만
5, 이거 왜 벌써 다운로드........
3, 이야기의 해결을 위해 움직이는 작위적인 캐릭터들. 온갖 기시감의 총체
10, 전 보는 눈이 낮아서 그런가 재미있게 봤네요 한효주 연기 포텐 터짐
7, 왜 정우성은 악역이 아닌것 같지...ㅋㅋ
7, 은근 재밌네요
1, 보면서 괜히 기분 더러워지는건 뭘까? 어쨋든 살면서 경찰이랑 엮기는일은 없었으면 하는바람이다 영화는 보다가 말았다 재미음따 왠만해선 끝까지 보는성격인데 끝까지보면 더 화날꺼 같다 ㅡㅡ
7, '기승전'까지는 90점 '결'은 40점.. 마무리에 임펙트를 주려다보니 구성이 엉망이 된 느낌?
5, 이 영화는 이명세의 1999년 작 '인정사정볼것없다'가 얼마나 위대한 작품인가를 새삼 느끼게 해준다.등장인물의 소소한 농담따먹기 부분은 영화의 집중력을 흐려 놓는다. 감독은 수많은 장면을 의미 없이 그려 놓고 콩가루처럼 뭉쳐지지 않는 스토리상의 헛점을 배우들의 진지한 연기로 무마시키려 한다. 돈 아까운 영화다.
4, 너무 기술적인면만 강조한듯합니다. 감정의 연결고리 변수 반전이나 다른방향으로의상황전개  스토리에있어서의 루즈함 등이문제네요그리고 기승전결이없어요 처음부터 드럼치는듯한 둥ㄷ둥둥등둥하는 긴장감 유발하는 비트가 끝까지계속되서 오히려 긴장감을떨어뜨리고 지루합니다
6, 잘 만든 아류작. 모두 어디서 한 번 쯤 봤을 법한 장면들. 정우성을 너무 멋지게 표현하려 디테일을 놓친게 흠. 웬만큼 경찰영화를 본 사람들은 이걸 볼 시간에 다른 참신한 영화를 보는게 낫다. 그러나 우리나라에서 이 정도 흉내낸 작품이 나왔다는 것에 의의를 두고싶다. 정우성은 잘생겼고 마지막 한효주는 예뻤다
10, 영화가 재미있네 ㅋㅋㅋㅋ
6, 베를린이나 본 시리즈같은 첩보액션영화에서 미행과 감시라는 특정부분의 요소만 가져와 한편의 영화를 만든 것은 신선한 시도였다. 감시라는 특수임무의 디테일을 잘 살린 것은 좋았으나 액션과 구성의 리얼리티가 떨어져 영화전체의 몰입도를 떨어뜨리는 면이 많이 보인다. 조금만 더 분발했으면 명작이 됐을수도...
10, 배우들연기가  살렸다 이영화는
6, 스토리 연기 구성 괜찮았는데..마지막에 정우성을 상대했던 구두방 패거리들이 정우성에 비하여 너무 약해보였음. 구두방 영감 그 사람들 믿고 정우성 겁준거였다니.  ㅋㅋ
7, 나름 탄탄한 구성과 전개가 돋보임...한효주의 쌩얼도 한몫함...
9, 긴박감 최고다. 유머 있고 캐릭터가 살아 있으면서도 중심으로 파고든다.
6, 지루 하진 않으나 먼가좀 아쉬운...
1, 이영화 중국영화를 패러디 한작품이내 이영화 감독 미친거 아니냐?? 쪽팔린줄 알아야지....보다가 장면연출이 하두똑같아서...왕짜증
3, 이상하게 몰입할 수 없었고 한효주 능력나오는 장면에서 오글거리던데 나만그런건가
5, 원작 천공의 눈 추천드립니다. 임달화가 마지막에 카메오로 나왔는데 그분이 설경구역할인데 원작이 훨씬나아 보입니다.
3, 감독이 헐리우드영화를 너무봐서 알게 모르게 짜집기한수준...부활의 김태원이 엘리베이터 벨소리를 자기도 모르게 노래에 사용한다는것을 알고 부터 남의 노래를 안듣다고 했지..감독이 오랫동안 봐왔던 헐리우드영화가 고의든 부주의던 너무 표절한느낌!!!
8, 긴장감있게 보고있다가 마지막에 비오는 장면이 미스 정우성 놓쳐서 질질짜다가 해가 뜨며 짠 하고 지나가는걸 보는 건 멍미?  아까비 아까비
10, 참 재밌었는데.... 쪽발이들이 평점 매기나??
5, 기대를 많이 했던 작품 기대를 쳐버리지 않았던 초반 전개 그러나 중후반으로 가면서 스토리의 한계를 보이고 영화가 중간에 끝나버린 거 같다
6, 기존의 영화와는 달리 경찰의 특수부서에 한정되어 스토리를 만든것이 신선했다. 반면에 내용이 단순해지는 아쉬움이 있고 이럴때 검거조와 감시조사이의 갈등구조를 만들면 좀더 낮지 않았을까 생각함. 거기에 정우성의 골목액션장면은 탄식을 금치 못하겠고 한효주의 연기도 아쉬움이 남고.송골매와 경숙씨만 머리속에 남는영화
9, 재미있게 봤음...
3, CCTV중계 폰위치추적 감시자들의 놀라운 재능! 너무 단순했다
8, 재미있음 가장인상 깊었던 멘트는 동물원 개장합니다...ㅋㅋㅋ
8, 재미있네요. 과거 이런류의 우리나라 영화는 유치했었는데 많이 발전된것 같습니다.
9, 원작도 스토리도 모르고 봐서 그런지 긴장감있게 잘 봤습니다 연기자들 연기도 좋았구요
9, 지루하지 않게 봄
6, 경찰과 범죄자가 서로 맵핵키고 게임하는 영화
7, 킬링타임용으로 봤는데 괜찮네...정우성 카페연기는 정말 느낌있네..
8, tv로봤지만 완성도높은좋은영화네요 기대이상~!-2점은 중학생이킬러쫓아다니는느낌의 한효주..미모나연줄아닌 작품에맞는 케스팅좀~~
8, 재미있네요...한효주의 연기도 좋고  투피엠 이름은 생각안나는??...연기 귀엽게 잘하네요..그림자를 찾는 마지막부분에서...조금더 긴장이 있었다면 좋았을걸...너무 쉽게..그림자를 찾는듯
9, 각본이 잘 짜여진 느낌이다. 씨줄과 날줄이 탄탄하게 얽혀 스토리가 자연스럽게 전개된다. 제임스의 과거에 대한 설명이 빈약한 점이 조금 아쉽다. 배우들의 연기와 감독의 연출력 또한 괜찮은 영화였다.
6, 터는 장면이 초반나오고 끝이라 계속 감시만 하는게 살짝 루즈하고 나름 긴박감 유지 할라고 머리써서 그른가?? 마무리 한씬만 좀 더 신경썼어도 훨씬 괜찮은 영화가 될듯한데 너무 싱겁게 끝나버림...볼만은 함...
7, 어설픈 면이 없진 않지만 그래도 볼만은 하다. 한효주는 연기가 조금 더 늘어야 하구~
10, 간쫄려요.ㅠㅠㅠ
10, 재밌어요 처음으로접해보는 소재~흔하지않고 좋았어요
7, 영화는 재미있게 보았으나 정말로 경찰내에 저런 부서가 있는게 사실인건가? 그래서 국무총리실 민간인 사찰이 괜히 나온게 아니구나..도대체 이젠 뭘 믿어야되지??
6, 헐리웃 첩보물의 몇가지 설정을 가져왔으면  배우들의 조화도 가져왔어야지.. 연기자들의 연기와 억지설정이 몰입을 방해한다.
7, 원작을 보지 말걸...
5, 별로 재미없게 봤어요.
5, 볼만하네.
8, 볼만하지만  별로 긴장감도 느껴지지 않고 큰 임팩트는 없는 것 같다. 정우성의 카리스마만 돋보였던 영화.
7, 영화로서는 볼만했다 근데 불법사찰을 살짝 옹오하는 듯한 발언들... 부디 조중동과 수구 꼴통들이 이 영화에 간섭한 것이 아니길 바랄 뿐이다. 요즘 수구 꼴통들이 미디어(영화나 드라마)로 순진한 사람들 세뇌시키는 거 알지?
3, 소재 차용은 좋았으나  긴박감도 떨어지고 스토리도 뻔하고 끝으로 갈수록 밋밋하네요
9, 준호 살려주지 ㅠㅠ
7, 볼만해요. 음..
8, 정우성만한 배우는 없다 백년후에도
6, 헐리웃 영화같이 정형에서 전혀 한치도 벗어나지 않은 영화.
9, 원작을 안 봐서 비교하긴 어렵지만  이 영화 자체로만 보면 충분히 재밌다. 제임스의 절제된 연기가 특히 돋보였고  전반적으로 범인을 추적하는 과정이 흥미롭다. 다만 황반장의 비중을 줄이고  하윤주가 성장하며 제임스와 대결하게 했다면 어땠을까. 비가 그치고 제임스를 다시 발견하는 장면도 이전의 긴장감을 잃게 함
8, 모든 영화는 리메이크로 만들어 집니다. 남의 이야기가 소설이나 만화나 또는 그 어떤 일기같은 쪽지들도 모두 해당되지요. 남의 시나리오 없이는 모든 작업이 안되죠. 그런데 말입니다. 같은 시나리오 전혀 다른느낌의 영화를 만들 수 잇다는 겁니다. 배우들의 표정연기에 따라서.....!  저의 점수는 8점입니다.
10, 정우성 아역변신 성공 긴장감도 적당하고 재밌었어요
7, 추가로 더 적자면 주연들의요청이었는지 감독의 욕심이였는지몰라도 쓸데없는 장면들이 몇개 보였고 확실히 작품 후반에는 디테일한부분이 많이 떨어졌음 더러운 표현으로 변기커버 내리고 설사한 느낌?그런거에 비해 점수를 잘준이유? 분명 재미는 있었고 과거 쓰레기같은 한국영화보다는 엄청난 노력과 발전이 보였음
9, 좋아요
9, 괜찮은데~
5, 이정도면 카피한거 치곤 잘했다. 그리고 모든 영화가 권선징악일 필요가 있을까?
2, 영화 진짜 심하네요 ㅋ 배우들 연기도 3류급  보는 내내 유치하단 생각 밖에 안듬 ㅎ 아~ 진짜 감독은 무슨 생각으로 찍었나 몰라;;
7, 용두사미? 거창하게 시작했으나 너무 허무한 결말또 어느 정도 짐작할 수 있는 다음 편의 여지 ㅋ재미는 있으나 디테일에 좀 신경 썼으면 좋았을터...정우성은 멋있음...여전히 ㅎ
8, 마이너리티리포트에서 봤던 미리 범죄를 알려주는 첨단 기술에 매력적이였듯 cctv기술을 이용하여 범죄를 감시하는 감시반들의 활약은 호기심을 줬으나 캐릭터들이 다 살지 못한 아쉬움과 한효주의 캐릭터 말고는.긴장감과 액션의 부족함..많지 않는 대사 정우성의 활약등 리메이크작에서 좀더 업그레이드 됬으면 좋을뻔...
10, 오랜만에 재밌게 본 최신 한국영화인듯. 지루한 장면 없었고 한효주 캐스팅 잘한거같음ㅋㅋ 감시자는 "흔한 얼굴"이여야 하는 직업이라. 길거리에 걸어다녀보면 결코 한효주는 흔한얼굴이 아니겠지만ㅋㅋ
6, 뭔지 모를 어설픔...  최첨단도 아니고 구식도 아니고 게다가 결말마저도....
7, 초반부터 흥미롭게전개되는군
1, 설경구 연기지겹다  지겨워 ~ 영화내용도  중국영화  뭐더라  재목이 생각안나지만  비슷해서  지루함
3, 설경구의 유치한농담의 오글거림과 공공의적케릭터에서 벗어나지 못하는 연기의 한계는  영화를 그냥 싸구려 수준으로 만든다..설경구는 절대로 송강호 최민식 황정민 급의 레벨은 절대로 넘어설수 없을거다
8, '공공의 적' 업그레이드 버전이랄까? 구두수선방 주인 눈에 힘만 잔뜩 주고 뭔가 보여준게 없듯 이 영화도 그러하네...(O .O)
6, 프랑스 영화도 아니고 후반부를 이렇게 만들었을까... 중반까지는 그래도 긴장감 있게 잘 뽑았는데... 쩝
9, 결말이 좀 아쉬웠지만 긴장감도있고 좋았음
0, 오글거림 비추
8, 결말이 아쉽다
0, 아 정우성이 왜죽냐고?
6, 경찰이 반드시 이겨야 한다는 강박관념이 감독의 목을 조른 듯 하다..나름 잘 진행되다가 비 그치면서 한효주 쫓는 장면부터는 권선징악을 반드시 만들어야 겠다는 감독의 연출이 시청자를 매우 불편하고 루즈하게 만들었다..굳이 설경구를 빛나게 할 이유는 없었는데...뒤로 갈수록 연출이 넘 아쉽다.
9, 오 괜찮네. 한국영화 오랜만에 끝까지 긴장하면서 봤다.
9, 올만에 몰입하면서 봄...정우성 눈빛 기억날듯...
9, 한국영화치곤 상당히 몰입 잘되게 만든걸로도 9점 준다..한효주 애교 부릴때 개귀엽네
9, 긴장감도 있고 잼있네여~
8, 나름 잘 떨어진 범죄 액션영화인듯 합니다. 주인공들의 깔끔한 연기가 가장 좋았습니다. 내용 또한매끄러웠습니다. 단지 하나 아쉬움이 있다면 정우성이 한번의 실수로 10년을 쉬었다는데 잠깐의 장면을 첨가해주었다면 좋았을듯....그러면 정우성에게도 몰입이 더 잘됐을 텐데
7, 액션영화인데 액션부분이 조금 약하고 주연과 조연들의 고른 연기에 비해 뻔한 전개와 캐릭터의 특성을 끝까지 살리지 못한 연출이 아쉬움으로 남는 작품이다. 그럼에도 시간 보내기엔 꽤 괜찮은 작품.
7, 기냥 저냥 볼만함
2, 2시간짜리 극장판 "경찰25시".
8, 중간중간에 설정이 좀 억지스러운점이 있었지만 최근에 2배 재생 거의 없이 본 영화로 좋았다.   이것보다 재미 없는 영화가 훨씬 더 많을듯..
7, 거창함 속에서 찾아오는 허무함...킬링타임용으로 기본은 한다.
9, 카메라 시선에 기교가 많이 들어가서 볼만했으나  헐리웃영화에 길들여져서인지 조금 아쉬웠음..... 주연 엑스트라 할것없이 모두 연기가 좋았던 작품
10, 너무 재미있게 봤어요 요즘 영화중 단연 최고 네요
5, 답답하게 뛰는 감시자들에 날고 기는 그림자... 긴박감이 별로 느껴지지 않았던 루즈한 내용 전개에 지루... 차라리 반전이라도 있었다면...
7, 그럭저럭..근데  우리나라 경찰을 너무 과장했음.. 증거조작이나 하고 외압으로 수사를 방해하는 집단인데..
2, 아쉬움이 많이 남네  ..설경구는 왜필요한거임?  초반중반엔 잼지게 보다가 후반부 랑 마무리 할말없다 ....그리고 여지없이 끼워넣은 아이돌에서 에레기 햇다  그리고 많은분들이 말씀하시는 효주연기랑 효주의요술 막판비그치며 우성이형 짜잔! 그리고 막판 결론 과 홍콩아저씨등장은 정말 멍미까 아 ㅠㅠ
10, 처음부터 끝까지 쉬지않고 재밌다!!! 만원주고 봤는데돈이 아깝지않네요
10, 굿
9, 잘만든영화
10, 배우 영화 내용 액션 모두다완벽했다.근래들어서 가장 스릴있는영화중 하나로 꼽힐만큼 완벽했다.
5, 차라리 드라마로 만들었으면..짧은 시간안에 모든걸 끼워 맞추려다 보니 너무 억지 설정이 많다...소재는 좋은데 표현력과 연기력이 너무 허접하다;;;
9, 볼만했다 역시 정우성
7, 상당히 색다른 소재의 영화라 재밌게 본편이라 더 후한 점수를 주려다가 아직 보지않은 천공의 눈을 카피했다는 소리에 7점 줌..!!
7, 정우성이 이기길 바랬다....
10, 짱 재밌었어 > <
1, 한국영화라 그나마 별한개 준다 ! 한효주의 오바연기에 하늘이 감동해서 비가 그치고  도망간 정우성이 나 여기 있다하는... 발로쓴 시나리오!
6, 전혀 새롭지 않은 스토리. 딱 중간정도이나 한효주가 매력있다
1, 효주 외에는 전부 다 꽝. 이게 뭐냐? 드라마보다 집중 안되고 재미없는 액션은 처음이다.
1, 설경구 나올 때마다 집중이 안되네..
5, 중반까지는 별10개 중반이후로 별2개   후반부에 정우성의 행동에 개연성이 없는듯
8, 나름 재밌게 봤다.
7, 강력반이 아닌 감시반의 범인 잡는 방식이 새롭고 흥미롭네요   하지만 너무 아날로그적이고 아류스러워요
7, 한국에서 보기힘든장르와 빠른전개 긴장감!! 하지만 몬가 수박겉핧기하는 깊이가 아쉽다
0, 원작을 살리지 못했다 원작보고 이걸 보니 정말 병맛이다 배우들이 정말 등신 처럼 보였다 원작 보고 보면 정말 국내 배우들 감독 욕을 싸잡아 퍼드셔야 한다 그래서 빵 드렸다
5, 재미없슴
10, 한국형 액션!!! 재밌게 봤어요!!
10, 정말 재미있었고요. 내용도 정말좋은데 연기자들이 거기에 정말 연기를 잘해 주셔서 더 영화가 재미있었지 않았나 라는 생각이 드네요 정말 재미있는 영화였습니다.
0, 뭔내용?
10, 감시자들 너무 재미있게 봤습니다 우리 나라에서도 이런 영화를 만들다니 완전 스릴도 있고 눈을 떼지 않고 본 영화였습니다
8, 개인적으로 재미있게 보았다. 영화의 흐름이 지루하지 않게 이루어진 듯 하다. 설경구는 나름대로 연기변신을 했지만 그래도 이전의 강한 느낌은 살아있는 듯 했다. 배우들의 조합이 잘 이루어진 듯 한 영화. 구성이 깔끔했다. 너무 많은 의미를 담으려 하지도 그렇다고 가볍지 만도 않았던 영화라고 생각된다.
9, 설경구가 가정파탄범이긴 하지만 연기는 역시 굿!이네요 정우성의 액션신도 좋고 한효주는 나날히 연기력이 늘고 모든 캐릭터 소화 능력 굿! 스토리 전개가 빨라서 또한 좋았습니다!
8, 우와~~ 하면서 보고 뒤돌아서면 그닥 남는게 없네용.........재미는 있었는데...왜그러징?
10, 수작.
10, 스릴과 긴장감 기대 안하고 봤는데 ..  시간 가는줄 몰랐음. 연출도 괜찮은데.. 평점이 왜  평점 알바들이 디스하나 ??
8, 몰입감쩔고 재미있네요. 시간도 잘가구. 아무생각없이 스릴있는 한국영화 보고싶다면 추천. 그러면 매우 재미있게 느껴짐
10, 멋잇다...><♡
0, 다운 받아봐도 본전 생각난다..............
1, 영화 보는 내내 본 시리즈가 오버랩 되는건 왜일까     물론 짝퉁 본시리즈
9, 어떻게 이런영화가  은밀하게 같은영화한테 밀릴수가있지? 아무리 초중딩영화라지만 이런현상은 아닌듯하다. 감시자들 긴장감끝까지 안고가는 영화네요 굿입니다.
10, 오우...기대이상ㅎ 최근까지본 국산영화중 최고네요 ㅎ. 끝에 권총1대1구도만 빼면  수작입니다. 다음 2편 기대가 큽니다. 악당 경찰 서로 윈윈하는 스토리 기대하겠읍니다.
6, 좀 오글대는 한효주의 직업의식 ㅋ경구님은 형사는 이제 그만
10, 원작인 eye in the sky 보고 있는데.. 주인공 특히 여자 주인공 미모의 차이가 몰입도를 달리 하네요. 한효주가 너무 이쁜가? 중국 여배우 때문에 몰입도 감소.!  감시자  잘 만든 영화 입니다.
6, 노트북 흠치다 걸린것들이 모티브는 아니죠? ㅋㅋ 순간 실소...
6, 리메이크작이라 그런지 시나리오자체만으로는 훌륭했다. 하지만. 악의 구조가 뚜렸했지 못했고 먼가는 어설픈 영화가 되어버렸다. 정우성의 존재감을 더 악질로 만들었다면 스케일을 더 키웠더라면 어땟을까... 너무나 아쉬운게 많은 영화다
0, 한국영화 연출력 수준이 올라온지 알았는데 아직은 제자리걸음을 하고있단걸 새삼 일깨워준 영화 50여분이 한계다 이후로 지루하고 어설퍼서 이걸 왜보고 있나 이런생각이 듬 정우성 빠순이들이 좀 점수 높게주는듯
9, 베꼈는 지 어쨌는 지 모르겠지만 킬링타임용으로 몰입도 좋고 돈 아깝다는 생각은 안들정도...
10, 대다수 듣보잡들은 이 명작을 보고도 5점 이하를 준다!   즉  5점 이하 평점 준 년놈들은 다 정신연령뿐 아니라  문화수준이 지극히 낮다.    까메오 임딸화 ㅋ - 효주 언니 치마 입으니  몸매가 받쳐줘서 깔쌈행~ 아행행!    경구 옵빠;;.. 아찌두 녹아드는 연기 좋쿠나~야!!! 우성 옵빠두 좋쿠나~야!!!
10, 괜찬은데 ..?
9, 몰입도 좋네..
9, 의외로 재밌게 본 영화입니다. 지루하지도 않고 액션이나 폭발씬도 나쁘지 않고 배역도 잘 조화 된것 같은데. 영화가 어디서 본것 같은 느낌이 드는 이유가 뭘까 영화를 보는 내내 정우성의 역활이 괜히 불쌍하다는 생각이 듭니다.
8, 공들여서 잘 만들었다는 느낌을 단박에 받는다. 각종 액션씬과 물량투입이 과감하고 어설프지 않다. 범죄의 구성을 치밀하게 한다는것과 상대적인 경찰의 감시와 추격도 볼거리다.
8, 웰 메이드!! 본 시리즈를 보는 듯한 건물 탈출 카메라 액션! 신선한 시도들이 많이 보인다. 정우성의 눈 부릅뜨는 악역 연기는 언제나 멋있다! 한효주는 표정을 아는 배우! 설경구는 언제나 그렇듯 무난.
1, 설경구 ㅋㅋㅋㅋㅋㅋ 영화를 연극처럼 하는건 여전하네 이런배우가 한국 1류 배우라는게 너무 창피하다 정우성이야 2류배우니 별 기대는 안햇지만 어설픈 연기는 여전하고 ㅋㅋㅋ  이러니 한국영화가 발전을 못하는거
9, 긴장의 흐름을 잠시 놓을 수 있는 대사와 처음과 끝으로 이어지는 스토리가 좋다. 한효주가 중심에서서 보여주는 연기 역시 좋다고 말 할 수 있다. 아쉬운 점이 있다면 좀더 탄탄한 구성으로 이어졌으면 하는 바램...
1, 아무리 사악한 악마도 이쁜 여자 앞에서는 어쩔 수 없군.
2, 역시 돈이 적게 드니 미국처럼 차부서지는게 만이 약하내 볼거리액션이 없내 수출은 쪽팔려서  못하겟다
5, 흐름은 좋은데 딱히 기억남는게없는
10, 시작
10, 말이 필요 없다. 베리 베리 굿!
8, 엔딩. 참으로 한국적인 엔딩이 10점짜리 영화를 7~8점대에 머물게 했다. 어설프게 죽이느니 차라리 해외나 교도소로 보내지.
7, 그런대로... 하지만 원작보다는 몰입도가 떨어지는... 연기력의 차이가....
8, 한효주 액션 연기 카리스마 있네. 서울 시내 잘 촬영 했다는 느낌 볼만해요.
3, 우연 우연 아니면 잡지도 못해..망할만 하네....
10, 조의석 김병서 감독의 다음 작품이 벌써 기대가 된다.
10, 재미있는데 이 영화의 가장 명장면은 한효주가 꽃치마 입고 긴웨이브머리했을때다 ㄷㄷ 개쩜 하앜 심장멎을뻔
5, 우리나라엔 이런 경찰이 없다는 것. 영화는 영화일 뿐. 영화를 현실로 생각한다면 당신은 바보!
8, 구성면에서 약간 아쉽지만 몰입감 좋은듯.. 볼만해~ 좀 더 탄탄한 구성만 있었어도.. 대작일뻔했는데..
7, 재미있다. 그러나 현실에서 정우성같은 캐릭은 절대 그림자가 될 수 없다... 너무 눈에 띄는 키와 비주얼이기 때문에....감시자들 아니라도 누구나 한번보면 기억할듯.ㅋㅋㅋ
9, 재밌네요. 한국영화 특유의 필요이상의  질질끌고 짜는 장면도 없고.
7, 잔잔하지만 몰입도 있게 봤네요~~~
7, 음...결말에서 죽이면 장땡? 하고 끝난게 어이없어 별하나빼고  기대한만큼 연기안나와서 하나더빼고  마지막에 정우성이 죽인 색히 뒤에 또다른 큰세력있을텐데 뭐 나혼자 이리저러 정신없이 본것같아 하나더뺌! 그래도 오랜만에 집중해서 본영화중 하나! 아.....복선처럼 깔리는 오브제들이 약해서 씁쓸!
8, 한효주카페에서 짤렷다고 한후 연필로 문지르니깐 출근해 ㅎㅎㅎ 액션도 좋고 재미있는 영화네요 ㅎㅎㅎ
10, 군더더기없이 깔끔해서 좋네요~ 재밌게잘봤음
8, 불편한게 있지만... 그래도 8점은 된다고 생각
1, 진짜 정우성 빼고 연기 드럽게 못해   급 마무리 짓는거 결말  그후 개그적 마무리 정우성 없으면 볼 것도 없는 영화~
6, sf물이네 x맨이 능력발위하는순간 영화가 산을 타는구만
10, 어후...정우성 대박..ㅋ 정우성 때매 10점 만점 졸 멋지네
1, 재미없다
0, 뭔놈의 영화가 한시간을 봐도 재미는 좃도없고 겉멋만 잔뜩 꼈냐
3, 천공의 눈을 그대로 카피했음에도 재미 하나 없고 긴장 하나 없는 것은 그동안 연기가 아니라 임기응변식으로 치기스럽게 연기를 해왔음에도 그것이 마치 연기의 달인인양 먹혔기 때문이다.. 송광호도 임달화보다 무게감도 예리함도 따스함도 없고 정우성 역시 어설프기 그지없다.. 연기로 승부였는데 미안하지만 안습이다
10, 간만에 영화다운 영화다. 그것도 한국영화라니...숨쉴틈 없이 몰려드는 스릴감이 아주 좋았슴.
10, 내용이나 배우들 연기력등 저는 한효주씨 팬이여서 봤는데요 결론은 제미 있었구요 모 사람마다 기준이 다르니 다를수도 있지만 저는 제미있게 봤습니다
7, 몇몇 조악적이고 거슬리는 설정과 상황들을 어느정도 차치해 둔다면 세밀한 연출도 즐겁고  리듬좋고 매력적인 액션씬도 볼 수 있다.
8, 스릴 있었고 나름 재미있는 영화였음... 정우성의 악연 연기도 돋보였고 특히나 설경구는 공공의적 시리즈에 보던 이미지와는 많이 다른 이지로 와 닿았음... 한효주씨도 좋았구요
7, 초반 경찰차 추격신에서 다른 일반차량의 티 너무나는 배치가 이영화의 티나는 짜임새를 대변해준는듯. 설경구의 평이함대신 정우성의 악역이 돗보여서 다행인 영화
10, 연기 참잘하네
10, 스릴있게 잘 보고 가요!
8, 정우성 발연기 어쩌고 해서 걱정했드랬는데 악역 연기 잘 소화 한듯 -- 정우성 발연기 소리 어디서 나왔는지 의아 -- 한효주 설경구 등등도 잘 맞았고
8, 영화 전개도 빨랐고  몰입도도 좋았다 ..   모두 좋았지만   연기자들이 너무 산만하달까? 뭐 그런느낌 .. 보면 일단은 재미 굿 .. ^^
9, !
9, 스릴과 액션 연기 모두 짱 재미있게 봄
8, 아무런 기대없이 본 영화라서 그런지 더 재미있게 본거 같네요. 생각보다 더 스릴있고... 정우성의 악인 연기도 나름 괜찮았던거 같네요.
10, 이 영화가 나하고 잘맞음 정말 재미있데 잘봤어여ㅋㅋ
10, 우성이화이팅한효주이쁨  경구연기쯥
8, 별기대없이 봤다가 만족한 영화. 서울시가지의 추격신이 멋있고  한효주를 다시 한번 보게 한 영화
9, 영화 몰입고 최고배급사는 광고안하나??
9, 재미있었어요. 그리고 다람쥐 짱!! 완전 귀여워 ㅠㅠㅠㅠ
8, 7점과 8점 사이에서 고민하다 개인적으로 좋아하는 소재고 즐겁게 봤으니 8점 줌. 스토리상 헛점만 없었다면  더 긴박하게 진행됐더라면 좋았을텐데. 아쉽다.
0, 평점이 너무 높아
9, ㅎㅎ
7, 이것도 눈에 다 보임...실패작
9, 오픈전부터 CGV의 엄청난 광고 덕을 본 영화이며 엄청난 스타덤으로 기대를 산 영화이다. 다행이도 그 기대에 부흥을 했다. 빠른 전개로 쉴틈을 안주며 배우의 연기 또한 몰입을 도와준다. 한효주가 배워나가는 과정과 함께 우리 역시 아찔한 순간에 아절부절하게 된다. 아쉽다면 정우성의 자리가 너무 작지 않았나.
9, 저는 개인적으로 전개가 빨라서 아쉬웠지만 그만큼 지루하진않았어요 그리고 설경구님이 약간 웃기기도했고 긴장하면서 보니 스릴있었습니다
7, 꽃사슴은 예뻤고 다람쥐는 귀여웠다…여름에 시원하게 볼만했음. 보고나면 그리 생각나지않음…
9, 죽이는 장면 끔찍한거 빼고 다 좋음ㅋㅋ
6, 설국보다 평점 조금 좋네... 이게 설국보단 나을듯..
8, 한효주가 참 예뻤음 정우성 캐릭터에 대한 설득력있는 설명도 없이 설경구의 박하사탕 재현을 떠올리며 어줍잖게 끝난건아쉽지만 속도감있는 전개 굿!
9, 정우성이 그렇게 멋있나? ㅋ 속편 만들려는 장치가 넘 빤히 들여다보인다  하지만 첸형 임달화 볼 수 있어 좋았으니~~
9, 참재미있고 새로운짜임새가  좋았던  영화! 완전  강추입니다  설경구씨가 나와서 믿고 봤는뎅~~ 정말  멋진  배우십니다  더  여유있어  보이셔서 좋았어요  어느한명도  기울지 않는  연기력으로  신선한  내용을  접할수  있었습니다  강추!!!
8, 설경구 빼고 모두다 좋았습니다설경구땜에 안보려다 봤는데요정우성 한효주 넝쿨당 여샘 등등조연분들까지  good  good더테러> 감시자들> 레드> 설국열차저의 의견임다 ㅎ
10, 재미있당~또보고싶다~^^
8, 기존의 한국영화와는 냄새(?)가 좀 다른 느낌이다. 홍콩영화 리메이크라는데  잘 만든 것 같다. 모든 에피소드들이 살아있고 버려지는 캐릭터없이 모두 최대한의 영역을 확보하는데  정말 감칠맛 난다.
10, 내가 본 영화중에 스릴있고 잼난 영화였다   설국열차 잔인한 영화고   여자들이 못볼장면들이 많은반면 감시자들은 긴장감있게 본 좋은 추천하고픈 영화였다^^
1, 내가 본 최악의 영화이다 긴장감도 화끈한 액션도 몇 없다. 스토리?? 더운날 뜨뜨미지근한 욕조에 몸을 담궈봣는가? 그 느낌 정도. 그래 유명 배우 얼굴은 좀 봣다
7, 그냥 볼만하다 ................
7, 생각보다 그리 재밌지는 않았다 쩝
4, 실망이네요... 설경구씨..... 정우성때문에 그나마 빛나는 영화
6, 괜히 기대했나? 맘을 비우고 관람하시면 더 재밌었을지도..
7, 괜찮은 영화인듯... 헌데...정우성의 힘들어간 연기 멋있어 보이려는 연기는 계속 거슬림....
10, 처음부터  끝까지 재밌었어요~~~~~~
6, 막 재미없고 그렇진 않지만 그렇다고 무지 재밌다고 할 순 없었네요... 그래도 나름 시간은 빨리 간것 같습니다. 웃기기도 합니다
5, 정우성이 참 멋진 것을 다시 확인하는 정도? 그 이상 이하 의미는 없었다 보면서 제일 거슬렸던 것은 말도 안되는 억지감동...
10, 진짜 재밋음초반 처음장면보면서 별로인가 생각햇는대그뒤부터  숨쉴틈없이 스토리가 진행됨마지막까지 긴장하고 보는영화!!
10, 무엇보다도 주연 네분 연기가 매우 굳굳임 ㅋㅋ글고 특히 한효주는 연기도 잘하고 뭘입어도 예쁨 ㅠ
10, 더 테러 봤는데 ... 평점이 이게 더 낮은게 이해가 안됨. 감시자들이 겸손하게 말하면 30배는 재밌는데....
8, 재미있네요.. 정우성씨의 연기도 좋았고 재미있었어요.^^
5, 그냥 볼만했음 조금 뻔한결말.. 중간에 약간 지루하기도했음
6, 기대를 너무 많이 했는지 생각보다는 별로 였음. 다음에 어떻게 될까 하는 기대나 궁금함이 없었음.
8, 괜찮은 영화..
9, 설국열차보다는 재미있음... 한효주 예쁘게 나옴...
3, 설경구 때문에 포기한 영화~~~정유성 한효주씨 미안해요~~~ ㅠㅠ
10, 난 솔직히 이런류의 영화를 너무 좋아해서.. 보는내내 재미있었다. 반전 이 어쩌고 저쩌고 하는 애들보면 이해가 안간다. 이런류의 영화는 몰입해서 보면 될듯
8, 내가 좋아하는 스타일의 영화네요. 너무 심각하지 않으면서도 적당히 진지하고 분위기도 밝고 재미있습니다. 연인이나 친구와 유쾌하게 볼만합니다.
5, 좀 뻔해요...전형적인 한국액션영화한효주 설씨 너무 뻔한 캐릭..내용은 그럭저럭...............
9, 재밌었어요 근데 약간 엔딩이 뭔가 허무한 듯... 글구 마지막에 한효주도 이뻤어요 한효주는 머리잘라도 이쁜듯 ㅎㅎ
10, 소재가 특이하고 재미있었다. 역시 정우성은 멋있고 설경구 연기는 자연스럽고 한효주는 이쁨~~
10, 보는 내내 눈돌릴 시간이 없었다~요즘 나온영화중 대박영화~난 이영화를 무조건 강추~한다내용.액션 모두 좋왔음^^*
0, 알바새끼들 땜시 돈날렸네...      집에서 6내고향 보는게 더 낫것다    언젠간 잼나는게 나오겠지 했는데..    엔딩자막 올라가더라
5, 이런 경찰도 있구나..하는 정도. 거의 모든 사람들이 한효주 예쁘다  정우성 멋있다  설경구 재미있다로 끝남. 스토리가 없음. 그냥 감시만 계속 하고 있음.
1, 아 진심. 아까운 영화비.....설경구. 공공의 적과. 다른게. 없음 영화는. 점점. 산으로가고 젠장 보지말껄
6, 초반에 긴장감이 좋았는데 후반으로 갈 수록 그 긴장감이 사려져서 아쉽더군요  하마(보잘 것 없는 하책)를 잡는데 너무 시간을 많이 쏟아서 초반 스케일에  이후론 액션 스릴러이기 보다는 드라마를 보는듯 했습니다.
8, "은밀하게 위대하게"의 언론플레이에 속은 이후 매우조심스럽게 고른 한국영화. 나름 신선한 주제와 구성.. 마지막까지  주는 긴장감. 온가족이 함께 보기에 괜찮은 영화임
8, 이 영화와 배우들의 조합 자체가 잘 맞지 않는 듯한 전부 따로 국밥 영화의 흥행요소들은 수두룩하니 잘 삽입해 놓았지만 잘 섞어 조합을 해놓지 못한 점은 아쉬워 어느 배우가 멋있고 매력적이다 그런 느낌 전 전혀 못 받았음 결말을 예상할 수 있었던 부분은 아쉬워 뻔한 한국식 영화 장르의 한계 잘 봤음
9, 설국.테러? 고민하다  검증 됀 영화를 보고자 오랜만에 봤다...여운을 남지 않지만 몰입도는  좋았다..정우성..멋진 배우다..설경구 약간은 배부름이 느껴졌음~
8, 설국열차와 고민하다 어제 저녁보았습니다. 설경구씨팬이라 ㅎ. 근데 영화다본후 아무래도 이 영화의 주인공은 "물먹는 하마인듯" ㅎㅎ 지루할틈없는 진행과 구성력이 좋았습니다.  아무래도 남자인지라 한효주씨 예쁘네요. 여자분들은 정우성씨 멋졌을거라 생각되구요. 경구형님은 팬이라 ^^
10, 설국열차 보려고 갔는데 어른이 함께계셔 감시자들을봤다...나름재밌고 신선했다... 같이본 가족들이 다재밌다고 얘기했고..주위분들에게 추천할만한 영화인것같다
9, 동생이 잼나다고해서 봤는데역시 잼나요강추
8, (감시자들)  한효주 연기력 쩔고  정우성은 섬뜩!!~(비닐로 얼굴 씌우고 패는 장면)ㅋㅋㅋ  설경구는 연기가 별로임   한효주가 사진으로 봤을때는 별로던데 영화로 보니 나름 여신급 이었음    ㅋㅋㅋ 초반부에서  한효주 화장실 에서 바지 내리고 오줌 누는 장면이 압권!!~~  ㅋㅋㅋㅋㅋㅋ
10, 진짜 재밌었음!!!
9, 스토리 전개도 빠르고 긴박감있고  경구형 연기력 뛰어나고 지루하지 않게 잼나게 봤소.....*^^*
10, 최근 본 영화중 최고였다. 보는 내내 긴장감이 떨어지지 않고 각자 배우들의 맛깔나는 연기와 기막힌 계산들.... 특히 이준호의 첫번째 연기가 무척이나 자연스럽고 상큼하다 ^^
9, 지금개봉한 한국영화중 젤 잼있음
10, 한번 더 보고 싶은 영화... 2012년엔 도둑들이 있었다면  2013년엔 감시자들이 있구나!
10, 정우성의 약역연기가 정말 멋졌다 영화 재밋엇고 버릴 캐릭터가 하나도 없었다
8, Good(정우성  한효주)  Bad (설경구)  전반적으로는 Good!
8, 제 기준으로는 정말 굉장한 몰입도를 자랑하는 영화~
7, 극 초반부터 임팩트를 남발했기때문인지몰라도 중후반 갈수록 지루하고 흥이 깨졌네요 전체적으로 판단했을 땐 그럭저럭 볼 만했던 것 같습니다
6, 영화만 있고  배우들은  안보이네!! 점점 존재감이 없어지는 설경구  안타깝다
10, 설경구 연기짱이었습니다!!! 코믹과 액션이 섞인 재밌는 영화 였어요
7, 생각보다 너무 무난했던 영화. 우려와는 달리 아이돌가수인 준호가 감초역할을 톡톡히 해준 덕분에 소소한 웃음을 자아냈고  정우성이 볼펜을 다룰땐 무서웠지만 움찔 정도. 그냥그냥 무난했다.
10, 재미있게잘 보았습니다.  연기자들 짱 짱 !!!
7, 재밌었음..다만 짜임새가 조금 처진다는게..제임스 찾는데 왜이리 우연이 많아..--a 정우성 한효주 설경구 배우들의 캐릭터가 먹여살림..임달화 우정출연도 괜찮았고 
7, 괜찮긴한데.... 쪼끔 뭐가 아쉬움... 그래도 볼만해욤~
7, 일단 연출이 노력한것 같다. 끝나고 볼만하네의 느낌! 정우성의 액션이 돋 보였음. 설경구는 그냥 똑같음  반장언니 연기 좋음. 여주인공은 그냥 좀 약함. 조연들의 양념코믹 등은 없는 듯. 예전 '내가 살인범이다" 그거는 액션이 참참 꼼꼼하고 아주 진지해서 정말 좋았던 기억이.. ㅋㅋ
10, 좋아하는 배우가 나와서 그런지 재밌게 봤네요^^
4, 지루하고 뻔한 어설픈 스토리한마디로재미없다!!
0, 영화 자체는 무척 잘 만들었고 재미있게 봤는데... 영화 내에서 경찰들의 불법 사찰의 정당성을 주장하는 부분에서는 어이 상실... 그래서 0점을 줍니다
7, 초반에 좀 지루. 뻔하고 별 내용없는 스토리를 감시라는 제목에 맞게 관객을 영리하게 몰입시킨다. 외국영화같은 카메라 앵글  강철중의 굴레를 벗은 설경구  외국배우같은 정우성  연기자임에 틀림없는 한효주. 특히 좋았던 건 욕이 많이 안 나와서 좋았던 것 같다.
6, 스토리가 별로 없고  범죄자를 잡기 위한  경찰의 현장신이 많아서   전체 내용상 현직 경찰들이 보면 더 와 닿으려나... 저는 그다지 와 닿지는 않았어요.
10, 제작비 쏟아부어 억지 영웅 만들어대는 웬만한 헐리웃 영화보다 훨씬 낫다. 울 나라 영화 수준이 많이 높아졌구나  싶었다. 긴장감있는 구성에  적절한 위트와 밀도 높은 이야기 등이 인상적!
0, 완전 재미없다ㅠ.ㅠ
10, 완전 재밌음!!!!!
10, 정우성카리스마짱 한효주새로운모습발견 설경구는 원래 레전드♥♥♥ 누가재미없데ㅡㅡ 투나올삘로 끊긴했지만 몰입도가 최고였다. 다람쥐의 연기도 인상깊었다 아이돌모르는나는 신인연기잔줄만 알았음ㅋㅋㅋ다른 분들도 굉장히 잘해주심♥♥ 투나오게해주세요ㅠㅠㅠ
10, 재밌던데 ㅋ
4, 따지기 어려운 상업영화 정도^^
3, 웬만한 영화는 다 봐주는데 이 영화는 진짜  별루에요유일한 볼거리 꽃돼지
10, 진짜 박진감 넘치고 재밌음 다른배우도 다 괜찮지만 투피엠 준호도 예상외로 연기 잘하드라~~강추
9, 오랜만에 돈 아깝지 않은 영화...
9, 나랑 울 신랑은 엄청 재미나게 봣음...ㅋㅋㅋ 시간 가는 줄도 모르고..
7, 재미는 있지만 등장인물들의 능력에 의존하는 스토리 전개 이대로 괜찮은가?
10, 재밌더구만
7, 오랜만에 착착 감기는 영화!!
8, 독특한 소재 빠른전개 볼만했음
10, 재미있는영화였습니다!! 기대하셔도좋을듯! 감시자들 시리즈물로 계속 가도 좋겠다고 생각이들었습니다!!!
10, 요즘 한국영화 기대 이상 좋네요 굿
10, 준호 매력잇네요 ㅎㅎ 다람쥐 짱
10, 보는내내ᆞ긴장과  함께했네용ᆢ아흐 우성씨멋져욧 ᆞ완전잘봤응슴니댜   우리나라영화ᆢ 많이  많이   사랑하고  관심을~~~  ●●☞☞☞
10, 진짜 재미있어요..한효주랑 정우성 설경구 다들 멋찐 연기!!안보면 후회할 영화입니다...
7, 현재 극장에서 맛볼 수 있는 최대한의 장르적 쾌감을 안겨준다 단조로운 시퀀스 구성 및 장면의 밀도감 기능적 인물 측면은 아쉽지만 빠른 쇼트 전개 및 팀플레이적 사고 말 그대로 어리석으면서도 기괴한 집중의 승리다
10, 두시간동안 시간이 어떻게 가는 줄 몰랐던 영화 마냥 진지한 영환줄 알았는데 중간중간 터지는 것도 있고 ㅋㅋㅋ 재밌게 봤습니다
9, 잼있게 보고 왔음니돠...긴장감도 있고 ....대단한 능력들 ...효주의 "" 개 뻥"" ㅋㅋ 설경구 멋있네요
8, 눈과 눈  생각을 마비시키는 시선의 싸움
9, 잼있었네요 그리고 한효주씨가 참이뻤네요
9, 긴장감쩔어요  끝부분이약간루즈한편~
9, 정말 첨부터 끝까지 팝콘도 잊은채 콜라만 마시면서 봤어요영화 신세계를 보고난 후에는 머리가 아팠는데 이 영화는 그런 부분에서 깔끔했고 울나라 경찰도 정말 범인잡기 위해 최선을 다하고 있구나를 느끼게 해주면서 할리우드의 범인추적에 뒤지지 않는 빠른 전개를 보여줘서 좋았어요 한효주가 아직 넘 어리고 설경구 역이 좀더 치밀했으면 하는 아쉬움
1, 알바 많네요... 영화 내내 감시만 하다가 끝납니다... 첫 오프닝부터 잠오기 시작합니다.. 극장 에어콘 바람에 잘 자다가 나왔습니다
10, 개쩐다 이영화 어디하나흠잡을데없다극의리얼리티를이정도로 살릴수있다는게 신기할정도로연출력이뛰어났다 한시도 눈을팔수없을정도의 몰입도도좋았다간만에수작이다
4, 잠깐졸았다   내용도 지지부진  지루했다. 정우성이  아깝다.
7, 전체적으로 무난한데 아쉬움은 마지막 정우성을 잡는 순간은 너무 약했다.
5, 정우성 잘생겼다. 한효주 이쁘다. 그게 전부다.
10, 괜찮다. 짜임새도 좋고 지루함도 느끼기 힘들고 억지스런 설정도 거의 없다고 봐도 된다. 그리고 또 중요한건 한효주 이쁘다.
6, 1.CG가 너무 눈에 띈다.도로위의 승용차들이 CG라는게 너무 티가 나도록 처리됐다.2.사건의 배경이 너무 눈에 띄게 바뀐다.내린건 삼성역인데 갑자기 뱅뱅사거리가 나오질 않나.(버스정류장의 앵글만 잘잡았어도 그나마 괜찮았을텐데...) 남자 배우들의 변함없는 연기색이 지겹게 느껴졌다.
7, 연출은좋응데 스토리는 그닥~대사놓치지 않을려고 집중해서 봤는데 구지그럴 필요없었던 내용~결말로 갈수록 이해안가는 장면들~마지막 허탈함은 월드워z랑 비슷^^ 전체적으론 볼만하지만 뭘봤는지 기억에 안남아요~
5, 5
10, 퍼즐맞추는 것처럼 시작을 해서 두시간동안 몰입해서 봤습니다~정우성의 새로운 모습과 배우들의 연기 좋았구여 시나리오 화면 전개 빨라서 재밌습니다^^
8, 도입부분이 길어 살짝 지루한건 있지만 나머지는 긴장감 흥미 재미가 있음... 킬링타임용으로 추천
10, 하핫  참재밌네요^^ 최고의 영화 입니다.
10, 완전 재밌었어요. 두 시간동안 몰입해서 봤네요. 한효주 연기 좋았어요.
6, 정우성은 비가 그칠때까지 뭘하고 기다린거지?
10, 재밌었어요 완전 외국영화같았음소재도 자주보지못했던 부분이고2시간동안 숨죽이며 집중했습니다최고~!!
3, 마지막 전개의 연결 부족ᆢ아쉽다ᆢ연기자들 연기는 좋음 조금 뻔한 스토리~그또한 아쉽다~왠지 아쉬운영화 입니다
10, 흥미진진하고 기대안하고봤는데 재미있음
10, 진행이 빠른 편... 아직도 훈남 정우성...
8, 흥미로운 소재와 이야기에 몰입도 최고  시종일관 긴장감이 넘친다
9, 재밌었습니다~ 전체적으로 잘만든영화네요
10, 난 재미있게 봤는데  평점이 좀 낮은거 같네요...집중력 떨어지는 내가 지루하지않게 봤으면 재밌는건데
1, 스토리아이디어는좋은데 부자연스런 이어짐.화면구성이 80년대 화면구성같다.구도잡는것도 식상함. 웃음코드 허접.여형사의 식상한 감성설정.총경의 독단결정 억지연기 이건아니지...
8, 기대하지 않았는데  재미있게 2시간이 지나갔습니다.  이쁘게 찍지 않아  한효주씨가 가장 기억에 남구요. 설경구는 워낙 공공의적 시리즈와 큰 차이 없어 크게 눈에 띄지 생각이구요. 정우성은 상당히 일관된 범죄전문가역을 잘 소화했어요. 무거운 영화를 억지 웃음코드를 넣지 않고 마무리한 점 칭찬합니다.
8, 잼나요
0, 이제 설경구 나오는 영화는 안본다
0, 진짜...우연도 많고 실망스럽다....이태원에서 비그치고 정우성을 우연하게 본다??? 말이돼??
9, 신선한 소재와 끝까지 긴장감있는 전개가 일품이었던 영화...핸드헬드 기법을 사용했지만 너무 과하지 않았나 생각된다..특히 정우성 액션씬이 제대로 보이지 않았던 점...꾀 비중있는 배우임에도 불구하고 스토리 분량이 적었던 것은 아쉬웠다. 마지막 결말도 너무 허무했다. 하지만 한효주의 재발견과 소재가 최고였다.
10, 우와~~ 정말 만족했어요~~ 서울을 중심으로 펼쳐지는 팀플레이~~ 처음부터 끝까지 집중력 짱짱~~!!!
6, 정우성의 이야기가 궁금했던 건 나뿐인가
8, 소재는 신선하고 연기도 괜찬고 속편이 기대되는 이야기.
7, 재미 없지는 않은데  뭔가 부족한 느낌   그런대로 볼만한 영화.  진경이라는 배우  매력적으로 보이던데 졸리랑 분위기가 비슷했음.  그외는  마지막  임달화가 오히려 눈에 들어옴.
10, 재밌는데 ..왜..? 여기 1점-4점 주는 사람들 글보고 간 것 치고는 꽤 재밌었음!
4, 영화의주인공은 한효주이다.. 영화에서 그녀만이 빛났다. 미모에서.정우성의 연기는 아테나에서 보던것이고. 설경구는 맞지 않는 옷을 입은듯 . . . 마지막씬은... 정말 어처구니가없다. 긴장감.0 허나  2시간의 시간이 지루하지 않았던것은.. 배우의 힘이다. 스토리의 힘이 아니라..
5, 경찰이 후원한 영화로 보임 .. 불법사찰을 정당화다려는 시도로 생각됨 .. 배우들 연기를 봐서 5점 준다
10, 대박^^ 꼭 추천합니다..정우성씨의 새로운 모습을기대하며 본 영화인데..2시간동안 단 한순간도 지루하지않았던 영화 것두 한국영화    외국영화보다 춸~~~씬 잘만들었습니다...
8, 진짜 이 영화 보고 한효주~ 이쁜 얼굴이구나~ 하고 첨으로 느꼈네요. 좀 더 진지한 내용이 있었으면 좋겠더라구요
10, 2시간 내내 눈을 떼지 못하고 시간가는줄 모르고 봤어요
10, 주변 추천으로 봤는데.... 겁나 재미잇었어요....범죄영화로는 이런게 흔하지는 않은데...더 신선해서 좋았던거 같아요
8, 정우성이 무섭게 보이네요 긴장하면서 봤어요
9, 정우성 보러 갔는데 한효주 너무 이쁘더군요..스토리 신선하고 긴장감 있고 기댕 나하고 봐서인지 재밋게 봣어요..정우성 죽는걸 알고 가서 ㅎㅎ마지막은 쉽게 죽어..허무...
6, 한효주가 이뻤다는 것만 기억에 남아있네요...
8, 우리경찰들이  저정도실력되면  좋을쎄~~
5, 기대한만큼의 영화는 아니었다  그저 간간히 나오는 생각없이 볼만한 영화 정도
7, 원작그대로 베꼈는데 무슨 평점이 이렇게 높지? 내용도없고..이건뭐 정우성은 뭐하는놈인지 설명도 없고 그냥 그저그렇게 봤음..
9, 재밌게 보고 왔습니다.
8, 일단 한효주 너무 이쁘다 뭔가 허술하긴한데 재미있음
9, 여자넷이 잼있게 보고 왔습니다!^^ 다만 제목이 감시자들이어서 그런지 정우성이나 범인측면이 좀 덜 부각되었던것같아요. 우리끼리 정우성도 뭔가 사연이 있었을꺼다라며 잘생긴 범인의 이야기를 궁금해했는데 후속으로 피감시자들측면을 부각해서 만들어 주셔도 잼있을것 같아요*^0^
10, 보는 내내 긴장~재밌어요~!!!*^^*
9, 생각보다 재미있어요
9, 아쉬운 결말이지만 영화보는 내내 이어지는 긴장감만으로도 별9개는 충분한듯.
7, 스토리는 없지만 볼거리는 많아요
5, 레드보러 갑니다.
10, 주위에서 보라고 권하셨느데 생각보다 잼있었어요
9, 정말 재밌고 다 좋았는데  마무리가 살짝 허무했다.
0, 배우믿고 보긴 봤다만....알바생이 많은건가? 솔직히 이게 영화냐?? 드라마를 봐라 그냥
10, 기대없이 보았다가 간만에 몰입도 쩌는 영화..
8, 오늘 봤는데 정우성 이분 정말 연기 너무 너무 잘했더군요  이영화 몰입도 정우성 씨 땜시 봤는데 재미 있서음
9, 큰기대없이봤는데 정말재밋게봤습니다~~효주♥♥
6, 솔직히 배우들 이름만 믿고~봤는데~설경구는 아직두 공공의적 찍구 있었고~~정우성은 명석한 두뇌의 범죄라 보기에 영화 내내 도망만 다니구 있고~~한효주는 초짜가 완전 천재처럼 나오고~~관객으롰서 솔직히 스릴도 없고~머리 쓰는 일도 거의 없고~시간만 걍 떼우다 온 느낌?? 밑에분 어디가 스릴이 있죠??
8, 설경구의 영화는 결코 배신이 없어요.  정말 스릴있고  할리웃을 능가하는 영화의 짜임새가 보는내내 흥미 진진 했어요.
10, 최고의 영화
4, 설국열차 볼 껄..한효주 나오는 영화는 이제 안 볼란다.
9, 생각보다 짜임새 있고 재미있네요.
10, 보는 내내 몰입하면서 재미있게 봤습니다!! 우리나라도 이런식의 긴장감있고 숨막힐듯한 재미를줄수있군요 ㅎ 배우들의 연기또한 너무 마음에 들었습니다~  올 여름 추천영화인듯 ㅋ
1, 스토리자체가~~두서없고~~끝은마무리가~~돈버렀네~~
8, 보는 내내 정우성 완전 잘생겼음을 연발하게 된다는 ㅎㅎ  각 캐릭터들의 매력은 넘치고 잘 만들어낸 반면...  지루하고 어정쩡한 엔딩은 연출의 대실패라고 봄... 스케일은 미드같은데 긴장감이 없어 ㅜㅠ
10, 화면 구성이 한 눈에 들어와 보고 듣는데 이해하기 쉬웠다. 영화 감독을 칭찬하고 싶다. 배우분들 연기도 매우 훌륭했다. 한효주 너무 좋다. ㅋ
7, 감시자들과 범인과의 이야기들은 재밌다만 정우성이라는 대형스타를 캐스팅했음에도 불구하고 용의자가 더 악랄하고 치열하지못한것이 아쉽다 결말에서 축 늘어지는 바람에 다소 지루했던것도 사실  아쉬움이 남는 작품
10, 재밌겝핬습니다~
8, 안녕하세요  보고싶은데 시간이 토욜 밖엔 없어서 그때까지 할까요~? 2점은 보고 ~
8, 두시간동안 몰입해서 볼수있었어요ㅎ다만 뒷부분이좀 아쉬웠어요ㅠ
10, 2편나왔으면 합니다~
8, 누군가의 평처럼 선택과 집중이 잘 된 영화. 화려한 액션을 기대하고 갔다면 실망할 수도 있겠지만  개인적으로 산만하지 않아서 좋았음. 제목에 충실하게 "감시자들"을 보여주는데  중간중간 답답한 장면이 없지 않으나 오히려 리얼리티를 살렸다고 생각. 살짝 오그라드는 장면들이 좀....
8, 한효주 넘이쁘게나옴ㅎㅎ 정우성도 넘멋있게나오고설경구 및 기타 출연진들도 연기잘함근데 저런 직업이 실제로 있을까?
1, 설경구가 주인공이라고 왜 말안해주는거요....정우성이 주인공인줄알고 봤는데 아놔
1, 설경구 연기에 한계기 온 듯. 작품 선택도 변치 않는 연기도 꽝. ........
0, 마누라랑 보다가 그냥나옴 최악 - 주고싶다
1, 물먹는하마가 주인공 맞지?
9, ㅋ 준호팬이라 본 영화 스토리두 좋았구 배우들 연기두좋았구 울 준호도 첨에만 약간 어색했지 시간이갈수록 역할이랑매치가 되게 잘 하더라구요 영화 중간에 그만 ㅠㅠ흡  암튼 결말이 약간 허술했지만 보고싶은 영화
1, 최악. 정우성후까시 가오만잡다가 막판에총맞아뒈짐.
7, 첨엔 괜찮다고  뒤로 갈수록 긴장감을 잃었음  악역임에도 정우성이 안타까운건 왜지?;;
7, 많은기대를 하지않았는데 굉장히 재미있게 봤습니다
6, 다소 기대에미치지못함.정우성은 악마를보았다의 최민식만큼 잔인했어야했고.한효주는 두려워하는 모습이 더 보였어야 긴장감이 더했을것.유치한 대사나 연출이 없었으면..
10, 새로운 볼거리가 가득!흥미진진한 폴리스스토리~
1, 설경구 나오는 영화는 다신 보지 말아야겠다고 생각하게 해준 영화 ㅡㅡㅋ 영화보고 평점 주기는 처음임 ㅠㅠ 한효주 때문에 1점 준다
10, 재밌었어요~ 완전짱! ^^
9, 진부한 소재를 말끔하게 재미있게 표현한 수작입니다. ^^ 특히 황반장이 직진전차처럼 보이는 커브를 이용하여 제임스를 현혹  진검승부를 펼치는 것이 인상적이었어요!!
5, 그냥 그렇다. 별감흥을 못느끼겠다. 폭력성 17세. 내용 15세.
6, 내용전개에 있어서 약간 한효주의 성장드라마같은느낌?? 억지스러운 부분이 있긴한데 볼만하긴 함
10, 끝까지 긴장한 영화에요 ㅋㅋㅋ 기대별로안했는데 너무재밌었어요
5, 처음엔 그럴 듯하게 나가다가 중간이 넘어가면서 한국영화의 고질적인 약점이 들어난다. 대원이 칼에 찔려 쓰러지자 구급조가 곧 도착할 그의 죽음에 매달려있다 범인을 놓쳐버리나? 그것도 모자라 빗속에서 통곡하나? 아니 그러다 또 범인을 발견하나 또 놓친고 발견하고 그렇게 쉽게 발견할 거면 그 작전이 왜 필요하지?
3, 진부하다  진부해
3, 내용없는 착한놈이 나쁜놈 쫒는 영화  왜 쫒고 쫒기는지 전혀 모르겠음 그리고 뭔가 과학적으러 접근할려하지만 억지스러움
8, 편의점에서 100원만 있었으면 안 붙잡히고 떵떵 거리며 잘 살 수 있었을텐데 하면서 나쁜놈들을 응원한건 나뿐인건가요? ^^;
9, 재미있다 짜임새도있고 단점은 기억력등  초인급 능력자들이 너무 많아서 약간 현실성이 결여되고 악역이 너무 허전하게 죽음
10, 영화보는 내내 긴장감과 스릴감이 있는 영화를 지루해서 졸았다는 인간들! 간밤에 무슨 헛짓꺼리들을 했길래 쳐 잔다냐? 불쌍한 알바들~!!!ㅉㅉㅉ 평점 무시하고 일단 보시라 단언컨데 후회는 안 할겁니다!
9, 재미만 있구만 악평인사람들 영화볼줄 모르네 제작비 적게들이고 잘만들었구만
10, 오랜만에 좋은 영화를 봤습니다... 두번 봐도 다시 보고 싶은 영화...
10, 굿
0, 보다잤음... 최근 3년간 이 영화가 처음임...
9, 난 추적이란 영화를 안봐서 그런지 잼나던데ㅎㅎ예상외로 준호 연기 잘하고 완전 상콤해ㅋㅋ암튼 잼나요 미드 넘 마니봐서 그런지 스토리는 걍 그런데 볼거리도 은근 있고 정우성 역시 멋지심!!
9, 우리나라영화도 이제볼만하다는생각을한영화..준호가생각보다연기잘하고 재밌었다
5, 홍콩영화100% 표절인데......  판권을 사온건지 아님 걍 밀어부친건지?  막판에 임달화 나온거 보면 리메이크작인게 분명해보이는데 그런 얘기는 한번도 하지않은것 같고....  홍콩영화에서는 임달화가 설경구역이다.
1, 그냥 그런듯. 보다 잠와서 죽는줄알았음
7, 2007년에 개봉한 중국홍콩영화 跟踪<추적>고대~로 배껐더구만요 99프로는 똑같고 마마지막정우성이 죽는장면만 다르다는  ㅎㅎ 우성과 효주를봐서 7점
8, 볼만하다. 공무원의 노력과 끈기 일사분란함에 눈길이 깄다. "지치면 지는거야" "미쳐야 이길수있어" 한효주 이뻐서 눈이 심심하지 않았다
1, 돈이 아깝다 액션도 약하고 너무 영화자체가너무 밋밋하다 설경구는 변한게 없고 질린다항상 다 비슷비슷하다
8, 정우성 보려고 간거라면 기대하도 좋은영화! 한효주.설경구.정우성. 이들의 연기는 인상적이었다. 특히 정우성의 액션신은 정말bbb. 그리고 의외로 아이돌출신이라 기대하지 않았었는데 준호의 연기가 의외로 좋았다. 그렇지만 스토리는 뭔가 약간 미미하다고나 할까? 살짝 아쉬운감이 있다.  그래도 나름 추천하는 영화~
10, 이야기구성도 좋았고 배우들의 연기력도 잘 배역에 녹아들어 영화가 자연스러웠다. 효주가 보이시하면서도 갑톡 귀여운모습이 남성적인영화에서 또하나의 볼거리인듯
1, 재미도 없고  감동도 없고  시대정신도 하나도 없는.. 돈아깝고 시간 아깝다.
7, 기대 안하고 봐야 재밌다고 해서 아무기대 없이 봤는데 ... 2시간 긴줄 모르고 완전 재밌었음 ㅎㅎ 킬링타임용으로 좋은영화 ㅎㅎ 이준호의 성공데뷔 ㅎㅎ 한효주 완전 예쁘고 연기 잘하고 ㅎㅎ 믿고보는 설경구와 정우성   뻔한 결말이긴 하지만 내용전개가 나름 신선함
10, 정우성은 빠담빠담부터 비주얼+연기력으로 완벽해짐.
1, 완전실망 감독이누군지 ᆢ보는내내 스토리도  없고 진짜 짜증
1, 재밋기는 개뿔.  참나 지금영화보면서 댓글단다:.
1, 이것도 영화냐? see foot  단 한치의 예상도 어긋나지 않는 느릇한 전개에 극장을 뛰쳐나가고 싶었다. 영화 끝나자 마자 감독부터 검색했다.어떤 놈인가 볼려고.
8, 그런대로 재미있음
10, 정말  재미있더만...  재미로 보는 영화로는 최고.........    이영화 재미없다는 사람들은 뭐냥?????
10, 재밌어요 진짜루
10, 또보고싶습니다. 탄탄하고 긴장감. 넘칩니다. 아직 안보셨음 꼭. 보세요 ^^
10, 처음부터 끝까지 긴장감을 놓지 않는 영화...  잘 만든 영화..정우성 몇마디 말안하지만 존재감 쩔어
10, 진짜 재미있게 봤네...  영화는 이렇게 깔끔하게 만들어야 제 맛~!!  범죄 영화지만 괜찮다~~~!!
10, 진짜 재밌어요!!!
10, 진짜 재밌어요..지루하다는게 이해안됨..후회안하실듯
2, 국정원 미화군요.. ㅋㅋ 교묘하게 경찰로 둔갑해서  국정녀 숲속의참치를 꽃돼지로 둔갑시키고  영화 내용은 헐리웃 영화 본시리즈를 모방 했군요 ㅋ 숨어 있는 정치적 냄새가 너무남 청계천도 그렇고
1, 심야에 아내와 딸래미랑 보다가 먼저 나와버렸습니다.... 영화 보다 중간에 나오긴 첨이네요.ㅠㅠ
4, 진짜 재미있게 본 영화입니다. 시작하고  딱  10분만.허술한스토리와 너무나 평이한 전개와 급격한 결말.허리우드 영화의 조각들.한효주 이쁜것 빼고는 그닥.
2, 영화 시작하자마자..뻔한 내용이 예상되어 뒷부분이 전혀 궁금하지 않았네요 역시나 전혀 새로울것 없는 전형적인 영화..그 공식 그대로..중간에 2~3번은 그냥 나오고 싶지만 꾹꾹 참고 끝까지 다보고..영화 끝나자 마자 뛰쳐나왔네요같이본 남친도 별로였다고..몇년동안 본 영화중에돈아깝긴 오랜만이였네요
10, 끝날때까지 긴박감!ㅋㅋ그리고 한효주 너무 이뻐요
8, 눈을 뗄 수 없게 하지만 급한 마무리가 흠. 그럼에도 불구하고 잘 만든 영화..
10, 영화안보구 평점봤음 증말 재미없는 영환줄 속을뻔... 최하점수 주는 알바들도 있었네ㅉㅉ 이젠별개다 있네그려  이영화가  지루하면 도대체 다른영화들은 어케본건지... 같이본 3명다 완전잼나다고 난리드만 제발좀 솔직하게 살자구요!!!!!! 미스터고 볼라고하는데그지같은 평점이 많더만 믿어야할지 말아야...짜증나~~~~
1, 너무 초중반 재밌게 보고있는데 휴 끝부분 정말실망 정우성이 불쌍할지경 ........ 그냥뭔가 벌려놓고 급하게 마무리된기분 화장실갔다가 그냥 나온것같다 끝이 너무 찝찝하고ㅜ 설경구 옛날에 나왔던 영화패러디인줄....
8, 전개 깔끔 쪼으는 맛이 좋다
6, 늦었지만 역시 강인한 배우들의 변신은 무죄다. 영화 묵직하면서도 샤프한 순발력을 뽐내어주던 영화였다.
7, '감시자'라는 제목이 안티. 한번 더 보고 싶은 부분적 요소들이 있다. 제임스의 천재적인 속임수에 감시원들 모두가 테러당하는 함정을 그린 마무리였으면 더 좋았을 것을.....7.5점.
10, 완벽한구성~!!!!
9, 잼나게잘봤어요^^배우들 연기도 잘하궁 적당한 긴장감도 있고..  암튼 전 만족!
10, 존잼 개잼 마니들보세요
0, 최근 본 영화 중 론 레인저와 더불어 가장 지루했던 영화...
9, 스토리 연기력 짱~
9, 그런데 구두방노인한테 전화하는 누군가는 정치인이겠죠? 예나 지금이나 정치인 뒤치닥거리하는 범죄자들과 힘없이 이름없이 다치고 죽는 서민들..
1, 그냥 컨트롤러 배꼈드만
3, 영화 10점 어쩌고 저쩌고 하여 보았는데    나원 참! 그런대로 재미있게 보다가 마지막 부분 3류 영화도 아니고 무슨 신파극도 아니고  어찌 그리 만드셨는지?  강의던 영화던 마지막을 잘 마무리 해야 감동이 가슴속에 남는데...정말 실망했어요.
1, 영화끝날때쯤  당췌 먼내용이여? 그냥 범죄자  소그룹한팀 감시하다가 대빵잡히고 끝남. 기대이하 다운로드용
9, 앞뒤가 잘린듯하긴한데 그래도 재미있게봤어요~~
6, 다람쥐 붙어라...꽃돼지 따라가라..뭐 그러다가 그렇게 끝난 내용...잠복형사의 애환을 미남미녀로 포장해 만든 그렇고 그런 영화임    상영시간 내내...붙어라   떨어져라   따라가라 해댔싸서   잠도 제대로 못잤음...
9, 기대안하고 갔다가 재밌게 보고나온영화. 결말은 예상되지만 배우들연기력과 스토리 좋아요 추천!
5, 생각보다 그저그렇네요 와이프는 기대하며 봤는데 스토리가 약하다고 하더군요  영화좋아하는 저는 중간에 잠시 졸았습니다 잠오는영화도 꽤 잘보는데...
10, 너무 재밌었습니다 마무리가 살짝 아쉽긴하지만  긴장감 늦추지 않고흥미진진하게 봤어요 ㅎㅎ
3, 전반적으로다가 별로다.  그간 [아저씨]를 비롯해 스피드한 드라마 전개로 강점을 보였던 한국영화의 엄창난 퇴보다.  에피소드 부족을 지적하지 않을 수 없다.
8, 이게 정말 어려운 영화죠.. 정말 편집 한타임만 늦게 해도 긴장감 제로... 내용이나 뭐 그런거 떠나서 이정도로 깔끔하고 긴장감 있게 나온건 정말이지 한국 첩보영화사상 대단한 발전이 아닐까 생각합니다.
9, 연기 잘하고  촬영 잘하고  연출 잘하고  편집 잘하고  관람 잘한 영화 !9점을 준건.. 단지 원작이 우리것이 아니라서...그래!! 우리도 이젠 시나리오 작가 키우자!!!
3, 뚜욱 뚝 짤리는 감정전개에 도무지 끌어올리기 어려운 긴장감  조직적이지 않은 경찰대학 출신 주인공   게다가 민간인 사찰 합리화까지...  일반 건물에 유령회사 차려놓고 운영되는 저 조직은 국정원인가  경찰인가? 아니면 용역폭력조직?  범죄인을 위해 수사하는 조직이라면 왜 저렇게 운영되어야 하는가?
3, 아직 니네들은 할리우드의 긴박함을 못 따라간다. 10점 나온건 제작사 스텝들이냐 알바냐 ~ 노인들을위한 나라는없다를 한번봐라 - 이게 진정한 긴박함을 느끼는  스릴러다. 이 영화는 배경음악도 없이 몰입되는 긴박한 스토리 구조이다. 감시자들은 그냥 아직은 킬림타임용 이다. 너무 오바하지마라 ~
6, 걍 킬링타임용...
7, 열심히 바쁘게 연기하고 찍었지만 그냥 단순한 전개랄까? 마무리도 아쉽고 정우성은 너무 멋지고 신비스러워 보이게만 나온거 같은데 전혀 신비하지 않았어요. 왠지 아저씨의 원빈을 따라한거 같은... 그런데 그냥 내용이 없는.. 암튼 좀 아쉽네요.
8, 한효주는 감시자로써 낙제다..너무 눈에 띄는 외모..범인 근처가면 범인이 먼저 쳐다보고 기억할 외모..
10, 보는내내 흥미진진  정우성의 또다른 매력 발견~~매우 재미있게 본 한국영화  !! 강추
9, 아주재밌게잘봤어요 역시한효주다시봤어요매력있구연기잘하구정우성씨는...2%부족한뭔가가있어요잘만든영화네요^^
6, 음..내용?스토리?가없는..단순한 영화를 본느낌..재밌을 꺼라 생각했는데 아쉽다.
0, 너무재미없구 지루하기만한영화네요 설경구연기도드럽게못하고 연기수업다시받고오던지 영화때려치워라  한마디로 재수없다
5, 긴장감도 없고 지루하고 그렇네..설경구는 연기하는 톤이 어떻게 매번 똑같나..류승룡 이나 하정우 한테 연기 수업 좀 받지..
6, 감시자들  때려잡지도 않고 나서지도 않고 한발짝 떨어져서 지켜보기밖에 못하는 소재의 태생적 한계를 제목이 잘 보여준다.
8, 긴장도도 꽤 높고 정우성의 빈틈없어 보이는 악역도 인상적이었다. 숱하게 나오던 폐쇄회로 화면  추격  급박한 장면전환은 미국영화 본 시리즈를 방불케 했다. 다보고 실제 한국경찰에 저런 부서가 있었나 의문이 든것 외에는 만족.  형사들의 별명 붙이기 곳곳에 박혀 있던 농담과 은어 사용의 분위기 등은 물론 싱거운 측면도 있었지만  전체적으로 연출은 성공한듯...
6, 무난한 영화. 딱히 재미없지도 않고... 나쁘지않은 영화?
8, 생각보다 괜찮았던....
10, 오늘 영화보고 왔는데 와트 쩔어쩔어 보면서 완전 잊지못할 영화임굿굿
0, 최악.  연기도 최악.  스토리도 빤함.  돈아깝다진짜 정말
6, 동료가 재밌다길래 보러 갔는데 좀 실망. 감독의 의도였는지 모르겠으나 많이 밋밋함..설경구.. 정우성 기대 이하.. 효주 예뻐~
5, 나이스~
8, 긴장감은 좋은데 완성도를 높을려고 하다보니 너무산만하다 비오는추격장면에서  더욱그렇다   놓치고 비가멈추고 시간이 지났는데 범인은 근처에 있다;; 다시 추격한다 ㅠㅠ 라스트로 갈수록 힘이딸린다   대부분 한국영화가 그렇듯 초반은 장대하고 라스트는 시간상 마무리하기에 급급하다
10, 말이필요없다.
10, 재밌었음ㅋㅋ 되게 집중해서 봐서 진빠짐
8, 즐기기에 재미있는 영화였습니다. 현실성이 조금 떨어지는 감은 있으나  시간 가는줄 모르고 잘봤어요~ 추천
10, 악당조차 멋있을 정도로 캐릭터들이 다 멋있었어요. 스릴과 재미 엄청납니다. 웃음 또한 있구요.
8, 이제 한국에도 적절한 킬림타임용 영화가 착륙했다
10, 굿
8, 시간가는줄 모르고 보았습니다 배우들 연기 좋고요 보고 나서 돈 아깝지는 않은 영화였어요
10, 정말 숨막히는 영화다 한시도 눈을뗄수없다 정우성이 소화기로 유리창 깨고 탈출한뒤 설경구가 뛰어내리는 장면은 어떻게 찍은 건지 궁금하다 다람쥐의 죽음 안타깝다ㅜㅜ
9, 막판이 좀 그랬지만.전반적으로 스릴있고 잼났음~
2, 막상보니스케일과 광고는 대단한데 반해재미도 없고 스릴도 별로였다
10, 좋다. 한효주도 멋있고. 설경구. 뭐 그냥 다좋다. 살짝 잔인한부분도 있지만 우리나라영화에서 뭐 잔인하지 않은건 없으니. 아쉬운건  로맨스라인이 제로 ㅋㅋㅋㅋ 퍼시픽림도 로맨스라인 거의제로인데 ㅋㅋㅋ 멍믜 아쉽. 영화끝났는데 벌써? 이럼느낌.  시간을흡입하게하는 영상흡입력 ㄹㄷㄷㄷ
6, 오른편에서 빅브라더의 강림을 찬양하는 찬송가!! 마지막에 설경구씨가 나다시돌아갈래!하는줄알고 살짝놀랬다
8, 그냥 볼만하다..굳이 들추자면 단점이 있지만  전체적인 분위기를 잘 이끌어냈다
8, 긴장감 좋고 .. 스토리도 좋은데 끝부분에 정우성이 너무 싱겁게 죽었음.  프로킬러가 그렇게 죽을리 없는데 해피엔드로 꼭 끝내지 말고..(세상이 그런게 아니니) 여운이 남는 그럴뜻한 결말이 아쉬움 최근 본 영화 중 그런대로 괜찮았음 ..
6, 서울이 홍콩만큼 좁나보네 어찌그리 잘 찾는지 ㅜㅡ
10, 한국형 스릴러 끝판왕
7, 허술한 몇몇 부분이 집중력을 방해하긴 하지만 무척 재미짐한효주... 하얀 목덜미... 너무 이뽀
7, 끝부분 스토리가 아쉽다치밀함이 부족했다
7, 감시만...하다가  끝. 강한  임팩트없어  아쉬움.  뭔가가  약간 부족한느낌.  ㅋㅋㅋㅋ
8, 도둑들..광해..베를린...7번방선물..전설의 주먹보다 재밌다..장르가 다르긴 하지만..
5, 처음부터 감시만 열심히....끝까지 감시...
9, ...몇백억 쳐들여 CG 범벅한 헐리웃 영화보다 훨씬 심정적 감정적 동화되고 좋앗습니다무자비한 정우성이 막판에 좀 허무하게 죽는듯뒷힘이 부족한것만 빼면 훌륭합니다~
6, 그냥저냥 볼만한 영화. 한효주 정말 이쁘다. 감시를 하는 사람들의 이야기라는 컨셉에 너무 집중하다보니 약간은 현실성이 결여된 느낌이 없지않아 있다. 모르긴 몰라도 우리나라 경찰들은 저렇게 일 안한다. 공감이 되지 않는 것만 빼면 크게 나쁜 것은 없는 영화. 악역들의 연기가 의외로 돋보였다.
6, 한번쯤 생각없이 볼만한 시원한 영화
9, 아웅 멋지당. 경찰관들 노고를 다시한번생각해본 영화. 산다는 건 다들...한효주 여경정말 잘 어울림. 정우성 그렇게 무서운 남자였나? 가슴이 철렁. 잔인한 장면들이 군데군데 있어 가슴졸이며 보긴 했지만 서울의 풍경들 인서트가 참 좋았나이다. 10점을 주려다 1점을 뺀 건 그냥 내가 잔인하고 피나오는 영화를 안좋아해
8, 영화내용 설명해주다가 한효주 이름 생각안나서 들러왔는데 평점 왜이럼??난 완젼 잼있었는데..생각하게되고..두뇌싸움하는 경찰들 ..굿인뎅??!!참~
10, 최고의 연기자들!!!
