1, #아무리 귀찮아도 평점남겨야하는 인생의 109분 도둑;;; #머니컴플렉스 있는 감독의 돈타령 최신괴작 #개뜬금포 개그로 1점줌
5, 뛰는 나쁜넘들 위에서 겁없이 날아오른... 대담무쌍/거침없이 행동하던 절친 악당들... 좀 유치하고 밑도끝도 없긴한데 종종 엉뚱하게 골때리던 설정과 스토리가 은근 재미지다(?)...
5, B급 중 최강약자들을 위한 시원한 판타지
2, 솔직히 고준희 땜에 봤다...영화는 ....별로...
6, 킬링타임으로 고른 영화인데... 그런대로 볼만 했네요.
1, 보다 말았다.
10, 호불호가 많이 갈리는 영화   영화관에서 2015년 제일 재밌게 본 영화라 생각한다.  고준희와 류승범 배역 소화가 띄어났고  나쁜 놈들에게 벌을 주는 감독만의 상상들이 재미났다 .돈의 맛에서 조금더 경쾌한 느낌이 영화  무작정 나쁘게 볼 영화는 아니라 생각한다.
1, 영화를 이따고로 만드니까 투자자들이 돈을 안주지 멍청이들아
8, 오늘 케이블에서 봤는데 근래 2~3년안에 한국영화중에 최고인듯! 독창적이고 정말 재밌다. 이런 영화가 백만가야지 맞는거다. 보는 눈들좀 키워라~~
7, 캐스팅도 좋고 영화도 독창적인데 우리나라는 영화시장은 너무한쪽으로만 치우치는듯이런작가주의영화도 제대로 평가받아할텐데 류승범 배우같은배우...
1, 이 맥락없는 쓰레기는 뭐냐... 돈이 썩어문드러지나봄 장기하노래땜에 1점준다
1, 먼영화가이래;
4, 진짜 재미없음이 쩐다. 시간 아까움..... 감독과 류승범땜에 봤는데 캐실망! 고준희는 연기 너무 못함. 그냥 이쁘기만 함.
7, 특이하지만 특별까지는 하지 못한 영화. 캐릭터도 이야기 전개도 허세가득 너무 극과 극으로만 치닫는 느낌.
4, 약 허다 약 해
2, 공식파괴하려다 재미를 잃었네
8, 정말 독특했던 영화 류승범은 정말 매력적이군 고준희가 생각보다 연기를 참 잘했다 가볍게 보기 좋은 영화네요
6, 2015년 개봉작이 맞나싶다 사전제작인가? 2005년에 개봉했어도 어울렸을영화 너무 영상도 촌스럽고 내용도 촌스럽다
3, 도무지 이걸 임상수가 만든 거라고 믿어지지가 않는다
9, 재미만 있구먼...
5, 고준희 노출 10점.
5, 을이 갑을 처단하는데 이리도 통쾌하지 않을 수가! 무리한 전개에 무리한 인물들.. 그저 아쉬웠다.
0, 스타일리쉬하게만들려다망한영화공감도안되고중딩이나좋아하려나유치하고어이없음
10, 이런 B급영화는 호불호가 갈려서 그런가 평점이 안타까움.개인적으로 8점. 비급영화취향이라 재미나게 봄!!!
0, 개.. 쓰레기 영화네..
8, 평점이 아주 별로 길래 킬링타임용으로 다운로드로 봤다. 영화를 개봉했는 줄도 몰랐다. 블랙코미디로 가득하고 내부자들보다도 더 실랄하고 돈과 권력에 대한 조소와 영화적 쾌감이 훨씬 큰 영화였다. 그 때 그 사람을 찍은 감독이라 따를 당하는 건지 아직 우리 관객들이 블랙유머를 기피하는 건지 평점들이 놀랍다.
0, 죽여 버리고 싶다..  아주 쑤레기 영화..
0, 참나.
3, 시간아깝네...
8, 간만에 자유롭다.
6, 기대했던 것보다 재미가 없었습니다. 개인적인 평점은 6점이며 네티즌평점 역시 5.0-6.9 사이에 위치해있어 적정수준입니다. 따라서 보정없이 6점을 최종평점으로 결정합니다.
5, 큐브릭과 킬빌의 잡탕을 보는듣한 B급 스타일로 돈과 권력의 횡포에 대한 직설적이고 재밌는 풍자였는데 정교함과 디테일이 많이 부족해 보엿다..그래도 지루하지 않앗고 통쾌한 결말도 나쁘지 않았다.
0, 임상수감독 어이가 없네 이상한 영화를 만드는 주제
0, 재미 없는영화도 많긴하지...근데 보고 화가 치밀어 오르는건 또 첨이네...정말 마지막에 팔자르는 순간 쌍욕이 반사적으로 튀어나오네... 앞으로 임상수가 영화를 찍을랑가는 몰겠지만절대 볼일 없을듯...
9, 코드가 맞는다면...^^ 정말 재미있을 영화예요. 불행히도 코드가 안맞는 분들이 많으신가보네요~ 배우들 색깔이 유순한 듯 굽이치는 듯 재미있게 표현되었네요
0, 13만명이나 극장에서 봤다니....vod로 봐도 열받는데..배우들이 뭔 죄인지..하긴...시나리오를 잘못 고른 탓도 있구나..
0, 임상수 이 인간 영화는 왜다 이지랄들이야개쓰레기도 이런 개쌍쓰레기가 없다ᆢ이럴돈있으면 샘오취리 나라에 불쌍한 애들한테 기부나해라이거 별주는 새끼들은 대가리에 심각한 문제있는 인간들이다
0, 0점도 아까워
1, 한마디로 쓰레기 영화~
1, 무지 제미 없음..  이왕 돈들인거  확실하게  만들지..
9, 내가 좋아하는 스타일은 아니지만 나름 잘 만들었다고 생각한다. 영화의 다양성을 생각한다면 좋은 시도라고 생각한다. 하지만 이러한 류의 영화는 우리나라에서 흥행하기 어려울거라 생각한다..
0, 네이버에서만 1점 주는게 억울해서 0점 주러 다음까지 접속함. 모든 영화평점 사이트 돌아다니며 최하점을 줄것을 국가와 민족앞에 맹세한다.
0, 헬조센 영화 수준 알만하다
3, ㅋㅋ
5, 엔딩 뭐지?
3, 뭔가  어설퍼
8, 재미있게 봤어요~~!!!
0, 이영화를 극장에서 보지 않게 해준 내 운명에 감사한다.. 이런거 만든 돈으로 그냥 불우이웃돕기나 하지..배우들이 아깝다
6, 김주혁 류승범 고준희등등 연기잘하는배우로 이정도라니.....기대가 너무컸나봐
1, 와... 임상수감독-_= 이 좋은 배우들로... 이런 영화 만들라고 돈 ㅈ ㅣ랄을....
1, 평점낮추기 위해 로그인하게 만드는 영화...
5, 이런 배우들로 이정도 영화밖에 만들지 못하다니... 스토리 구성도 별로... 전혀 공감할 수 없는 대사... 특히 김주혁의 욕설뿐인 대사는 듣기 어색했다...ㅠ.ㅠ
6, B급이지도  촌스럽지도 못한 무감증 중견감독의 아집. // 리듬도 없고 타이밍도 늦고... 감각적인 영화는 만들고 싶은데 뭔 감각이 있어야 감각적인 영화가 되지... 감각적인 배우가 출연하면  여배우들 벗기고 쪼물딱거리면  고어적인 장면을 넣으면 없는 감각이 발딱발딱 서나!?
2, 이런 삼류영화만도 못한 그지같은 또라이영화 진짜 오랜만에 접해보네요........
4, 그나마 제작이 외국자본이라 쩝.... 암튼 뭔생각으로 이런영화를 만들었는지...걍 하던방식으로 영화 찍으소서....돈의 맛  그때 그사람은 볼만했수다.....
0, 완전 개 쓰레기 영화.. 이런 영화 만든 놈들 뇌 속에는 똥만 가득 차있을듯..
2, 이건 뭐 완전 ㅆ ㅡ레기 라고 밖에는    이건 도무지 재미는 커녕  스릴도 없고 액션도 없고  웃기지도 않고  이런 류의 것들이 보기는 괜찮게 마련인데   이렇게 형편없다는.. 감독이 무슨 장애가 있는  무슨 정서적으로 문제가있는 그렇다는   무슨 영화가 어떻게 된게 그냥 지저분하고 상스럽기만 하지 영화도 아니라는 
5, 임감독님 이번 영화는 진짜 실패작입니다  배우들의 연기가 괜히 안쓰러울 정도로 스토리구성과 연출 편집(의미없는 스로우 남발  BGM)다 별로였어요  통쾌함을 주고 싶었던것같은데 공감대형성도 안되고 메세지 설득력이 굉장히 부족했습니다
4, 영화에서 총 세밤동안 여섯번을 했는데 젓 한번 나오지 않았다올레에서 빨리 공짜되는 이유가 있었네
4, 심 감독의 역작 우뢰매를 다시 본 느낌!!
4, 젊은 남녀와 외국인 근로자가 재벌의 비자금을 손에 넣는다.  이야기는 그렇게 시작되는데 그게 다다.  뭔 정신없는 이야기들의 연속.  사회에 대한 통쾌한 복수나 잘못된 현실을 고발하는 것도 없고 도대체 뭔 영화인지
1, 남는건 한국최초 흑인과의 베드씬 정도~다문화 권장영화냐?
0, 모든 출연배우의 연기가 들떠있다. 전혀 호흡하지 못하는 연기. 이걸 오케이하는 감독이라니. 제작사랑 싸운듯. 범죄영화임에도 긴장감이나 위기감이 전혀 없다. 기본이 안된 영화. 영화의 마무리 마저 전혀 공감되지 않는다. 한국 영화를 10년쯤 퇴보시키는 영화. 고준희 연기도 정말 끔찍할 정도이다. 최악의 영화이다
5, 제작자랑 싸우셨어요? 건성건성...그까지꺼 대충 만들어...
3, 이렇게 아무생각없이 만들어도 되나싶을정도
0, 퇴보하는 한국영화
2, 무언가를 해야지 해놓고 나서 까먹어버린 그런 느낌의 영화?였다.
3, 엥간하면 평안남기는데....이건 너무...
9, 와우~ 임상수 류승범의 조합에 이정도의 파워가.. 다만 그냥 평범한 애들이 보기에는 5점짜리 영화가 맞겠다ㅋㅋ
0, 전혀 주인공들에게 공감 못하고 쓰레기들이 똥묻은 쓰레기에게 훈계하고 자기 정당화 하는 꼴. 보는 내내 불편하고 역겨웠다. 거지 같은 시나리오에 오바하는 연기자들.
0, 왠만하면 평점 안다는데 이건 뭐....뭔질 모르겠다...
8, 발칙한 상상에 통쾌한 반란을 더하다.
0, 개 쓰레기 영화
10, 가볍지만!! 통쾌!!!한 영화~~~~~~
0, 과거 10년 이후로 본 영화 중 이런 최악의 영화는 처음이다.  정말이지 내 앞에 감독이 있다면 싸대기 한번 올려 주고 싶을 정도다.
0, 형편없는 단계를 떠나  재난급 퀄리티를 보여준다. B급이 아닌 D급 영화 광신도라면 한 번 관람을 고려해보길.
1, 두사부일체 시절의 쓰레기 영화보다 더 쓰레기구나. 참으로 끝까지 본 시간이 아깝다.
0, 돈이 아깝다. 절대 보지 마라...
4, 도대체...... 세상을 향항 통렬한 복수를 꿈꾼다는 건가?  아냐  복수는 그다지 통령하지도 않았고  복수의 대상도 결국 하수인들 뿐이었고... 그럼  악당이 될 수 밖에 없는 이유를 설명하는 건가?  그렇다면 더 처절하게 악에 받히는 사람들이 되었어야지..  이도저도 아니고.. 어중간한 영화가 대충 만들어졌구나.
0, 이런 영화를 찍어서 세상에 공개한 그 용기가 존경스럽다.
1, 2천원 주고 봤는데  존내 아깝네
9, 좀 내용이 아쉽긴해도 내가 좋아하는  샘오취리 보는 재미로 봤음 ㅎㅎㅎ
4, 너무 어줍은 연출력...
3, 류승범 믿고 봤는데  다른걸 다떠나서 스토리가.. 이야기 자체가 재미가 없다.
9, 예상했던 것 보다 더 가볍고 유쾌해서 그냥 별생각없이 재미있게 봤음ㅋ
1, 올해 본 영화중 가장 쓰레기....영화보고 이렇게 짜증나기도 쉽지않은데...쩝..
2, 보다가 짜증나서 마지막부분 돌려서 봤다.....좋은 말할때 이런거 만들지 마라....투자비가 아깝다
2, 승범이가 왜 이런 영활.... 안타깝다
1, 이것도 영화라고 만든거냐~ 돈과 시간이 아깝다
1, 이게 뭐니......
2, 헐리우드 B급 감성의 어설픈 따라하기.
0, 십몇년전쯤이었지...성냥팔이소녀의재림이란영화 그때받은 저깟은 충격을 다시 맛보게해준거같다
10, 나만 당하지 않는다! 이것이 나의 복수닷!
0, 뭐임 ????  미친거 아님 ???? 남의시간 이렇게 낭비하게 만들어도 되는거임  ????
0, 임상수...부자 욕만하면 어떻게든 먹혀드는 전라것류들이 만든 괴물...
1, 아...시간아까웠음...
0, 임상수 감독님..안부끄럽습니까...이게 영화에요?
6, 전달하려고해도 와닫질않으니 보다가 지칠수밖에
9, 불편하지만 신선하고 유쾌한.....
2, 고준희는 영화계 신인이니까 그렇다 치자... 난 솔까말 류승범 믿고 봤따... ㅠㅠ 아우 짜증나..
2, 이건 뭐니?
1, 오 마이갓알바아님 진심으로 말씀드리는데 쓰레기영화고준희 너무 아깝다
1, 류승범이 왜 이런영화를 찍었지?쓰레기같아서 개 짜증 났다이렇게 형편없을줄은 생가도 못했음..진짜실망
0, 정말 실망 최악의 영화
3, 헐리웃 너무 따라했다..우리정서에도 안맞고 보는내내 답답..
0, 헐... 뭐하자는 거지? B급 보다 못한 영화
1, 밥은 먹고 다니냐?
10, 캐릭터와 유머코드가 독특하고 전개가 파격적이다. 사회성도 있다. 결말이 좀 컬트한데  빙빙 돌려 말하는 것만 하도 봐서 그런지 이런 직설 화법도 나쁘지만은 않다.
1, 이걸 4500원 주고 본 내가 미쳤지..이걸 영화라고 만든거냐...
2, 재미없음.
1, 고생했어요~
4, 신선하지만... 불편한영화...
5, 우리나라에선 아직 컬트적인 영화는 무리인갑다..시도는 좋았지만 완성도는 조금 떨어지는건 사실이다.그러나 빵점짜리 영화는 분명 아니다.
0, 이것도 영화라고.. 참나...
0, 정말로 뭐라고 할말이 없는 영화 ㅋㅋㅋㅋ ...... 배우들이 아깝당.....
0, 한국 영화들 부끄럽다.발전이 없다.요즘 나오는 영화들 모조리 다 ㅡㅡ 진심 부끄럽다.
3, 허무맹랑하고  어이없는 영화..
1, 그나마 만든 정성을 생각해서 1점 드립니다. 그런데 정말 이 영화 만들어놀고 잘됄거라는 생각을 했을까요?
0, 망할줄 알았다ㅋㅋㅋ
6, 마지막에 좀 웃기네...ㅎㅎ
3, 이 기괴한 무논리영화는 어디서부터 시작된걸까. 정의를 요만큼 실현했다고 주장하는 자신감은 무식 덕분인걸까. 스타일리쉬한 젊음을 오남용하는 것도 죄다. 누가 과연 이 영화의 편이 되어줄수 있을지 의문.
0, 한줄감상평 : 애써 만든 쓰레기
0, 시간낭비. 전작들이 놀라울지경. 최악의 비주얼 다이렉팅
2, 영화가 참 어렵다..
1, 쟁쟁한 출연진을 모아서 이런식으로 영화를 만들면 어쩌라는건지. 참 답답 그 자체. 단세포 소녀인지 다세포 소녀인지 이후로 참 난감한 영화되시겠습니다.
0, 해무 이후로 제일 이해안되는 베드신
8, 독특한 촬영기법과 스토리진행이 신선했다. 의외성과 코믹성 액션을 엉성하게 풀어나가지만 신선하게 다가왔다
2, 본격 보다가 딴짓하게 되는 영화.
0, 결론은 바둑채널이 훨씬 흥미진진함승범이형은 작품보는 눈이 없네아님 연출이 문제였던가장르가 짬뽕 되어있어 일관성이 없음코믹 야릇 멜로 액션  죄다 볶아 놓았음ㅡ비전문가의 감상평ㅡ
0, 아 진심 이런평은 안쓰고 싶었는데 이런걸 쓰레기 영화라고 안할수없다.
0, 국어책 읽는 듯한 연기를 2015년에 보게 될 줄은 상상도 못함.
0, 이런 배우들 데려다가 머이따위로 찍어 ㅋㅋㅋㅋㅋ
4, 임상수감독의 이전에 보여준 비범함과 시크한 유머가 없는 평이한 범죄영화. 꽤괜찮은 악인 연기를 보여준 김주혁만 아깝다 ㅠㅠ
1, 상수야 영화 찍지미라~
1, 장르가 액션인 영화를 지루하게 만드는것도 재주다.
2, 보면 진심 후회합니다.. ㅜㅜ
0, 휴 한숨만 나온다 ..  ㅠㅠ  아까운 내시간
0, 휴!  보다~ 보다~~...드러운 생각까지
0, 에라!  보는동안 짜증나서!
0, ㅋㅋㅋ
0, 그냥 쓰레기다......
0, 정말 개조가튼 영화다 말도 안되는 최악이다 호ㅓ허 이런걸 만들고 관객들 호주머니를 털겠다는 미친넘들이 있다는게
10, 재미있는데 평점들이 왜 이모양이야`~~??? 1점 2점 짜리 평점들이 저리 많으면 뭔가 그럴만한게 있다는건데`~ 음...난 다시 봐도 그이유를 모르겠다... 이 영화 재밌어`~ 얘들아`~~
2, 보지마세요  개인적으로 류승범영화 좋아하지만 이건  보지마세요
5, 류승범에 고준희 조합인데 코믹도 액션도 뭔가 많이 부족한 이 느낌은..? 스토리 자체도 평이한데다 진중하고 과감한 추격과 액션속에 뜬금없는 코믹소재들은 몰입도만 반감시킨듯 싶어 아쉽다.
3, 그냥 뭔가 좀 아쉬운 영화...
2, 평점 10 점도 주는 사람들이 많은데 .. 다들 알바인가?.. 평점 2점도 좀 아까운 것 같아요. 왜냐하면 이건 정식 영화가 아니라 그냥 연습한것 같음
4, 소재는 참신했고..초반 20분만  볼만했고..스토리가 전반적으로 취약했고..박진감은 전혀 찾아볼수 없었고..후반부는 빨리감기로 보았고..개안습~
1, 영화본 시간이 아깝다
8, 재밌기만 하고만 g랄들이야  참신하고 기존에 볼수 없던 시나리오와 대사들이다
4, 류승법이 오랜만에 영화 나온데서 보았는데 너무 실망스럽다... 아쉽다~~~
5, 통쾌하지 못하다..감독의 의도는 대충 알겠지만...정작 젊은 사람들이 이영화에 얼마나 공감하고 희열을 느낄지...
6, 착취와 피착취의 굴레
1, 이런것도 영화라구...감독 이름하나보고 출연한 류승범  고준희도 참 안타깝고 이런 쓰레기에 제작투자한 20세기폭스야말로 쌩돈만 날렸구나~
1, 오랜만에  존다    개 씨래기   같은  영화   왜   감독이 중요한지 알겠음
7, 유쾌하고 즐겁게 아무 생각 없이 즐길 수 있던 영화
1, 영화속에 풍자가 아닌 풍자속에 영화가 있으니  몸에다 옷을 맞추는게 아니라 옷에다 몸을 맞추는 꼴이다.
1, 80년대 사운드가 나오길래 킬빌을 연상했다. ㅅ ㅂ!!! 존나 불쌍한 영화다!!!
0, 1점도 주기 싫다. 개쓰레기 영화
4, 우리나라 영화는 컬트적인것과 재미없는것의 차이를 모르는듯.. 정말 왠만한 영화는 다 나름 재미를 느끼면서 보는데.. 이 영화는.. .정말.. 고준희 그것도 노출이라고... 이럴거 같으면 다른 배우를 캐스팅하던..말만 막나가지 정작 가릴건 다 가리고.. 참.. 레지던트이블좀 다시봐라
0, 우와뭐이런  영화를 만드냐 이러니 우리나라 영화가 개망신 당하는거야 하여튼 할말이 없다...
7, 일그러진 돈의 초상을 풍자하는 뜨끔 화끈한 컬트풍 케이퍼무비. 계급 자본주의에 대한 신랄한 역설  깨지고 터지며 돈가방 쥐려는 악당들. 돈 없이 초라해지는 아웃사이더를 향한 임상수식 청춘스케치. 한결 경쾌하면서도 처절해진 '돈의 맛' 청춘 블랙코미디 버전. ‘뭘 그렇게 놀래’ 장기하의 노래  고준희의 연기도.
4, 왠만하면 평점 낮게 안주는데... 이건...
0, 성냥팔이 악당들의 재림이냐?
1, 영화보다 이렇게 몰입안대 보기는 정말처음..류승범씨 정말좋아하는 배운대..이영화모지..?
5, 좀더 재미있게 만들지....
6, 그나마 배우들이 연기를 잘 하는 익숙한 사람들이라서 끝까지 볼 수 있었음.
5, 차갑거나 뜨겁지 않으면..뱉어버릴것이다...과도해 보이지민 미지근한 풍자와 케릭들...
2, 명작 '하녀'를 그 따위로 리메이크 해놓더니... 그 이후론 뭐... 임상수 감독도 이젠 감을 잃은거지. 학교로 가서 강의나 하시던가  은퇴밖에는...
1, 오ㅐ 망했는지 확실히 알았음
0, 에이 ㅅㅂ 퉤!개 ㅅㅂ 끝까지 혹시나해서 본 시간이 아깝다 개 ㅅㅂ감독 어떤 개 종자냐?
0, ㅋㅋㅋㅋㅋㅋㅋㅋㅋㅋㅋㅋㅋㅋㅋㅋㅋㅋ
4, ㅇㅏ.....이영화 너무 어렵다...그리고 재미없다.
2, 헌재 상영중인 영화가 나올수준  영화라는 단어가 아까울정도 고준희 류승범 캐스팅에 2점.
8, 졸라 병맛이지만 잼있었습니다. ㅋㅋㅋ 유쾌하네요...
0, 평점에 별 대신 똥이 있어야 한다고 생각하게 만든 쓰레기
0, 어이상실
3, 이 억지스러움은 도대체 뭐지? 연출  캐스팅 그나마 괜찮은데  스토리가 너무 가볍네~
9, 역시 임상수다ㅋㅋ 대사가 유치하다느니 뭐 투덜거리는 애들... 받아들이는건 자유지만 임상수만의 이런 재미를 못 알아채는게 안타깝네
0, 밑에 처음에 당황했는데 유쾌하게 잘풀어갔다고??? 정말 돌아이네 내 오래산건 아니지만 내가 이때것 본영화중에 최악에 영화다  아마 앞으로 이영화가 내 생애 최악에 영화로 당첨될듯.. 정말 진심 최악이다
5, 올해 최고의 졸작! 초반부는 괜찮았으나  중후반부의 스토리 전개가 너무 억지스러웠음. 그리고 마치 미국과 일본의 블랙코미디를 어설프게 베낀듯한 느낌이랄까?
3, 끝까지 다 봤지만... 중간까지는 그럭저럭끌려가서 볼만한데 나중되서 좀 오버되는 복수 개 망나니양아치짓거리에 할말을 잃었음...특히 여주인공 막판되니깐 도저히 편은 못들어주겠음
5, 캐릭터만 있고 이야기는 없는 영화.. 그 캐릭터들마저도 아쉽다..
8, 처음에 당황하였으나 유쾌하게 잘 풀어나갔다고 생각한다. 다양하게 영화를 보지 못하는 사람들의 눈을 비난할 필요도 없지만 같은것을 봐도 해석능력의 차이라고는 생각한다. 영화가 영화다워야한다는 틀이 대중적인 생각이지만 굉장히 신선했음 재미지다 영화~~ ㅎ
0, 도데체 무슨 생각을 하면  이딴 영화를 만들 수 있을까...
7, 한국 영화가 너무 헐리웃화 되간다.안타깝다. 어떤 설정인지 이해 가지만편집도 그렇고 너무 함축적이다.과감하지 못 한 이야기가 아쉽다.한국영화 그래도 힘내라!
10, 지금 한국에. 세상에 대한 조롱이 통쾌한데. 재벌은 삼송이고 총수는 이조용? 팔짤리는 고위공무원에 불에 타죽는 비서실장! 그 은유가 너무 재밌고 통쾌한데...이걸 리얼리티로 씨리어스하게 풀어내면? 영화 못하지. 류승범은 알고 찍었겠지. 생각을 말살시켜서 애들이 영활  이해를 못해 감독이 너무 앞서 갔지만 홧팅
4, 편집이 잘못된거야? 원래 이런거야? 폭스사가 우리나라를 너무 모르네. 괜찮은 소재를 가지고 헐리웃 B급 영화로 만들어 버리다니.. 뜻밖의 오취리 연기 생각보다 괜찮은걸..
0, 대사유치. 연기 어색. 필요없는 상황설정. 유치 찬란 복수..이 영화는 스토리가 문제 아니라 감독이 문제다.  0점도 아까움.
0, 조ㄴ나  개노잼 씹노잼 이딴걸 왜 만듦??시간 아깝고 기분 잡침 ㅡㅡ조온나 재미없네 씹노잼이다ㅡㅡ보지마세요 들 정말 쓰레기 영화입니다돈아까움왤케 빨리 풀렸나 했다
6, 영화는 영화다. 이 한마디로 정리됨. 액션과 코미디 두가지를 만족시키기가 너무 어려운듯....
4, 스토리 없는 영화도 재밌게 볼 수 있지만 꼭 필요했던 통쾌함이 부족하다. 혹시 감독이 관객을 조롱하려는 대담한 의도일지 모르겠지만 그것 역시 과감함이 부족하다.
6, 그로테스크한 재미만 있었다.
1, 휴... 어설픈 활극영화... 짜증나서 끝까지 보는 것이 힘드네...
10, 유쾌한재미좋으네요
10, 나만당할수없다.. ㅠㅠ
10, 원래 임상수 감독 작품 스타일인데...깊이 있게 본다면 감독의 의도가 느껴지는 깊이 있는 작품이라는걸 알수있을것이다요...
1, 이정도 배우들 데리고 이따위 쓰레기를 만들다니 첨엔 괜찮았어 근데 뜸금없이 ㅂ ㅅ같은 엔딩과 도대체 왜 김주혁 케릭터를 그따위로 만든거냐?? 이건 정말 감독이 ㅂ ㅅ 그자체다. 원래하고싶은게 이런영화였다니 비급수준도 안돼는 쓰레기다 정말 .배우들 아깝다 .
0, 아상수가족이 봐도 욕나오겠다
10, 이건 한국역사상 다시는 나올수 없는 대작이다 연출력 표현력 연기력 작품성 몰입도 어느하나 빠지지않는 이런작품이 한국에서 나올줄이야 대단한 작품이다 이건 꼭봐라 두번봐라 아니 세번봐라
0, 너무해...
0, 내가 본 영화중에 역대 최악. 이게 어떻게 평점6점이 되지? 알바좀 작작해라
0, 이게 임상수감독 영화라니...어이가 가출했냐...울나라 감독들 ㅅㅂ 영화를 너무 편하게 무성의하게 만든다.당체 머하는짓인지
1, 이건 감독 가족들도 실드 못치는 영화이다
1, 일단 재미가 없다.
0, 아.. 컬트도 아니고 b급도 아니고 비디오나오면 그때 보시라고 하기도 그렇고... 킬링타임으로 추천해도 욕먹을듯....
3, 뭔가 할리우드식 영화를 모방하려고 한것 같은데 어수선하고 말도 이상코...아몰랑!
3, 류승범 연기력이 아까운 영화
1, 헐리우드B급 보다 더 쓰레기영화.... 이런것도 영화라고
0, 마이너스점수를 주지못하는게 한이 맺힌다..0점도 아깝지..
0, 헐리우드 B급 스릴러 한번 따라해 보겠다고?....쯧쯧..
0, 시간이 아깝넹... -_-
10, 트루 로멘스 한 번 보면 이거보다 낫다는 인간이 감독이 아닐 것이니 만들어 보지도 않고 저딴 소리하는 인간을 믿을 수 없어 반대로 10점.
1, 촬영 후지고  편집 후지고  떼깔 후지고  대사 후지고...  그런데 그 중 최악은 인물 연출이다. 트루 로맨스 한 번만 보고 와도 이렇게 막 만들지는 않겠다. 시.바.라.
0, 젊은이를 위한 영화를 만든다던 임상수 감독 근데 영화가 툭툭 끊기고 어설프고 날림이며 지루하다. 젊은이들과 소통한답시고 사원들 회식자리에서 분위기 망치고 가라앉히는 꼰대임원의 모습이다. 베드신은 남발되는데 젖꼭지조차 안보여주고 액션은 70년대 고교얄개 수준
10, 노예근성에 찌든 돌대가리들이 봐야할 영화. 부러진 화살  타란티노의 장고(분노의 추적자)류의 계몽영화로서  위법부당한 공권력과 돈으로 다 해결하려는 인간들을 어떻게 처단해야 하는 지를 보여준다.
2, 류승범을 가지고 왜 망했는지 보니까 알겠내...
1, 진짜 살다살다 이렇게 막만든 영화처음보네...도대체 왜이런거만든거야? 돈이남아도나  차라리 불우이웃이나 돕지! 쒯! 똥밟은 기분이다.
3, 내용이..걍...뭐지?걍...걍...뭘 말하고 싶은 건지 잘 모르겠음왜 이걸 만든거지?
10, 진짜 재미있음!!(ㅅㅂ 나만당할수없다)
4, 확실하고 똑똑히 보왔음 ...  고준희는 이쁘고 매력적이다 ...  감독은 고준희를 돋보이게 하기 위해 이 영화를 만들었나 보다 .
4, 훌륭한 감독이라고 항상 좋은 영화만 만들수 없다는걸여실히 보여준... 블랙코메디라 하기도 약하고B급 영화라 보기에도 애매하고... 자연스러운 풍자라는게 참 어려운 일임을 새삼 느꼈다
6, 돈이면 다되나?? 아니지! 그러나 무시는 못하는...
3, 하녀와 돈의맛을 찍은 임상수 감독이 만든게 정말 맞나? 라는 의문만 잔뜩 생긴 영화였다....아......진짜 배우들도 저거 찍으면서 무슨생각을 했을런지...가슴이 먹먹하네
6, 누가 앞에서 말을 하는데 말의 의미는 대충 알겠는데 귓속에 쏙 들어오지는 않고 흘려보내진다. 답답하게 느껴진다. 부족하고 약하며 화끈하지도 않음.. 그래도 누가 앞에서 하는말은 의미는 있었다.
0, 중간에 보다 나왔음
5, 나름 여름을 겨냥해 쿨한 배우들 섭외해서 시원한 여름 칵테일 처럼 찍고 싶었지만... 확실한 레시피 없이 이거저거 막섞다가 맛없어 버리게 되는 칵테일이 되었네요... 음... 아쉽.
1, 그냥 각본 자체가 쓰레기다 정말정말 재미없다 진심으로...이런 대본을 보고도 영화 찍을 생각을 하다니...김주혁 류승범 왜그런건지...
0, 진짜 첨으로 빵점준거다 내가 살면서 웬만하면 점수 이렇게 안주거든 근데 진짜 시간이 아까움 개쓰레기영화 감독은 무슨 생각으로 이걸만든거고 투자자들은 불쌍하다
5, 그 좋은 인적  물적 자원으로 이렇게 만들기도 쉽지 않다. 허명에 감춰진 본신내공 개뽀록!
9, 뜸금 없이 나오는 의미심장한 사회시스템 고발성 대사들에서 시..발 아주 500프로 공감했다. 개 쓰레기 재벌과 그 밑에서 탐욕부리는 일급 몸종과 그 밑 하수인 몸종으로 시키는데로 하는 벌레들의 민낯을 보면서 ... 참수해버리고 싶은 욕망을 키웠다.
10, 벌레들이 평점 테러 하러 왔군요. 이 영화 만든 감독이 바로 박정희 죽인 영화 그 때 그 사람 작품 감독입니다.
10, 페이지 넘겨보면 이 영화가 많은 사람들에게 위로를 주었다는걸 느낄 수 있다. 완벽하거나  영화적인 근사함이 영화가 추구해야 할 전부가 아니다. 몹쓸 평점테러에 나도 쪼금 정의를 실현하는 마음으로 10점을 준다.
1, 진짜 평점 처음 달아본다최고 쓰레기 영화
0, 근십년동안 본 영화중에 젤쓰레기다.
3, 왜그랬냐싶은영화다 저속한색드립과 추잡히욕개그 욕이나맛깔나게하든지 류승범2연타마전네 그나저나 연기파배우들을 머저리만들어버리는영화 대단하다
5, 병맛 느낌의 돈을 갖고 튀어라
6, b급 정서인 것은 일겠으나 쿨하지 않던 걸.재벌에 대한 혐오나 조롱은 심히 공감이 가는 바  미학을 쟁취한 것도 아니고 결정적으로 재미는 결여되어있다.임상수는 대체 어디로 가는가.
1, ㅎㅎㅎ 임상수표 쓰레기 영화...뭐 재미없는건 둘째치더라도..하녀  돈의맛  바람난 가족에서 그렇게 여배우 잘 벗겨먹던 임상수가...고작 고준희 하나 못벗겨먹나?..질펀한 고준희만 보여줬더라도 이렇게 참담한 쓰레기 영화로 남진 않았을텐데.
1, 이건 영화가 아니다 !  이십세기폭스사니까 뭘 모르고 투자한것 같다 ... cgv 나 롯데는 안하겠지요 .  출연자분들이 대본을 보고 참여한것도 참 웃기지도 않는다 ... 앞으로 이분들의 영화는 안본다.  특히 임상수 감독 ... 이런 쓰레기 영화를 만들고 감독이라니 너무 유치해서 웃긴다고 할수밖에 ... 죄송합니다 !
3, 고준희나오는영화는정말재미없다..전혀어울리지도않는다...  뭐하러만들었는지참궁금하다
0, 이 영화보고 눈이 멀고 앉은뱅이가 됨.
0, 이건 그냥 쓰레기다. 도대체 이십세기폭스에서 여기다 왜 투자를 하고 배급을 했는지 모르겠네.. 이런 쓰레기를 돈주고 만들다니. 이게 블랙 코미디라고? 블랙 코미디가 뭔지 모르나? 전혀 풍자스럽지도  웃기지도 않은데 이 쓰레기의 정체는 뭐야? 임상수는 언제까지 예술을 빙자한 쓰레기들만 배출 하려나..
5, 너무 유치 하잖아?
10, 한국형 B급무비다 ㅎ 쿠엔틴 타란티노 플레닛테너 같은 형화보고 재미없거나 부족하다고 느낌 안보는게 좋다마지막 엔딩 음악까지 B급무비 스타일을 한국식으로 표현하고싶은 영화다.  단 한국 관객은 사대주의에 빠져 우리나라 영화란 이름 아래 저평가할뿐
1, 이거는뭐..이해도 않가고 내용도 어이없고.. 마지막은 정말 대박이였다..완전 이상했음..
0, 북괴척살북진통일
0, 상징이고 나발이고... 내 머리에는 휴현경과 샘의 씬들과 느닺없이 잘라 죽이는 마지막.. 그리고 까메오들....   여기 등장했던 모든 배우들에 대한 담론... 선택에 대한 스스로의 책임의식을 가져야 한다... 퉤!!!!  이상할 때부터 싹을 잘라야했다...  풍자와 상징이 가지고 있는 폭력성만을 취하면 작가관일까
1, 식상한 소재와 진부한 이야기가 전부군
1, 이런걸 영화라고 하나요 ? 광고에 속은 내가 잘못한 겁니다..
2, 임상수감독 영화중 최악이라 말하고 싶습니다 임상수는 임상수 영화를 찍어야 하는데.... 이건뭐 뭘 따라하려고 하다만 느낌이랄까
1, 좀 심하네...
8, 좋은데 왜 난리들이야   외국영화 카피한 느낌이 나지만 한국영화로 이런걸 만드니 독특하긴 해~
3, 감동이 없스면 재미를 ..재미가 없스면..새로운 시도라도.. 새로운 시도가 없스면 영화를 통해 하고 싶은 예기라도 해야되는데...정말 끝까지...이거 뭐지? 라는 생각뿐
0, oo0oo
1, 재미없음.
0, 임상수감독 약빨고 찍었나? 아님 실험영화? 독립영화? 독립영화 욕해서 미안하네...
4, 한국 관객의 눈 높이 수준은 상당히 높다.케릭터들의 수준 이하와 감독의 허접한 연출은 당연히 관객이 외면 할수 밖에 없고 한국 영화의 퇴보로 이어질수 박에 없다.
0, 영화마지막장면이 정신이상자 영화라는거 대변함 최악의 영화네~~와 ~~최악 !!
0, 내시간 돌리도 ㅆㅂ
0, 와...
0, 아이디클릭-관람후 7 9 0 편 관람전 8 편-(알바아니라는증거임ㅎ)~~뭐 이따위 쓰레기 영화가 다있냐?저질스런 색스 대사에다가 수시로 나오는 영어대사 그리고 왔다갔다하는 줄거리 최악 중에 가장 최악이다 ㅠㅠㅠ
0, 이렇게 못만들기도 힘들건데 배우들은 영화찍고 뭔생각했을까
4, 이어셋도 안 끼고 무전을 듣지를 않나. 그 많은 돈을 싣고 가는 SUV가 그런 차라니...보는 순간 망가지겠구나...싶더라.
2, 라스트씬 장기하가 잡은 마이크의 품질이 좋아보인다 !!
3, 배우들이 모두 연기하는 로보트같다...연기도 어색하고 억지스럽다. 현실과 동떨어진 행동과 과장된 몸짓들이 너무 낯설다. 특히 후반부로 갈수록 더욱 심해진다.
0, 영화를 보는 두시간이 아깝게 느껴지는 영화...
1, 쓰레기 ᆢ진짜 이런 영화 청소년들이나사회부적응자들이 볼까 무섭네류승범 때문에 봤는데 욕나옴
0, 보다가 화났음
1, 적당히 익혔으면 좋았을걸  너무 익혀 퍼저서  불어 터저버린 라면을  생각하게 하는 영화  황당한 엔딩씬에 누가 악당인지 구분도 안가고   배를 잘못몰면 산으로 갈수 있다는걸 잘 보여준 영화같다
1, 웃기지도 않고 지루하기만.. 망하는데는 다 이유가 있지
3, 임상수가 내가 봤던 영화들의 그 임상수 감독 맞나? 왜 이리 엉성하게 찍었지? 초중반도 그저 그랬는데 후반부는 ㅡ.ㅡ;;
5, 입봉도 아닌데 왜이리 어설퍼
3, 이십세기!!!!      폭스사 배급이넹~
0, 이건뭐 웃기지도 않고 슬프지도 않고 감동도 없고 그냥 개 쓰레기
1, 모지~ 이 영환? 액션도 어설프고  고준희랑 남자랑 싸우는데 너무 억지설정~ 글고 베드신을 옷입고~ㅋ 대사는 "또 하고싶어요"라고 하는데  안해~ㅎ 최근에 거창하게 개봉한 영화중에 제일 졸작인 듯~
1, 쓸만한 배우들  이런식으로 도매금으로 넘겨버리다니...에혀~
1, 임상수 감독 기억하고있을게-_-.. 류승범배우데리고 이딴영화 찍은거..
2, 내가 영화를 볼줄몰라서 그런진 몰라도 적응이 안되는 영화다
1, 전개나 그런게 답답하다 일부러 이슈 만들려고 어리 버리 ;; 류현경 나와서 후하게 1점 준다
0, 내 만원 내놔라 썅
0, 영화고를 때 불문율 - 임상수가 만들면 다 재미없다.
3, 나름 인정받는 배우들은 있는데 뭘 봤는지 기억도 안 날 영화.
4, 이런 영화본다음에 다른 영화를 봐야  클레멘타인도 재밌게 볼수있습니다
5, 스타일은 괜찮은거 같은데 뭐가 남는게 없다. 임상수 감독 언제 살아나려나.. 그래 고준희는 봐줬다!
3, 재밌지도 않고 웃기지도 않고 유쾌하지도 않고 통쾌하지도 않고 섹시하지도 않다 도대체 무슨 기분을 느끼라고 영화를 만들었는지 모르겠다
1, 3점 이상 준사람들은 알바임. 인생 최악의 영화...영화 보고 있는게 고문 받고 있는 느낌
1, 솔직히1점도아깝다. 나쁜넘을응징하려면 그응징하려는인간들은 조금이라도정의로운넘들이어야하건만 이것들은걍찌질이들. 더럽게나쁜넘들을 찌질하게나쁜넘들이 돈돈거리면서뒤통수치려는데 과정이 유치역겹고찌질하다. 스타일영화로갈려면호쾌하게가던가 이건뭐내용도없고쓸데없는말도안되는이야기에캐릭터도연출도촌스럽
9, 비주류영화에서 주류영화의 통쾌함 맛볼수 있는 영화. 전복적인 이야기의 쾌감
8, 저도 방금 재밌게 보고 왔어요. 류승범씨를 워낙 좋아해서 그의 연기를 보는 것 자체가 즐거웠습니다. 영화는 헐리우드의 투자로 만들어진건가요? 약간 B급 취향인 듯. 그런 영화 좋아하시는 분들은  좋아할 것 같은데  아래 어떤 분 말씀 처럼  오로지 영화적인 재미로 순수해서 좋다는 데 저도 한표 던지고 싶네요!
1, 시나리오가 얼마나 중요한지 깨닫게 해준 영화.. 연기잘하는 배우들도 드럽게 연기 못하는것처럼 보이는 마법의 시나리오.. 감독님 정말 실망이에요!
5, 너희가 왜 순진해 빠진 어수룩한 악당 나부랭이인 줄 아니? 복수는 그렇게 적당히 선을 긋고 하는 게 아니거든. 끝까지 가서 그놈 머리통을 날렸어야지!
6, 정신줄을 놓은 느낌이 물씬 나지만 몰입감은 있다. 특히 고준희 이쁘더라
9, 역시 류승범~
1, 배우도 아깝고 시간도 아깝다
1, 진짜 노잼일듯...관객 추이 보니까 다음주쯤 다운로드 버전 나온다. 진짜 할거 없어 미칠때 집에서나 보자.
7, 글쎄 그렇게까지 나쁘지않는데..오락영화에서 예술성을 바라는 건 욕심아닌가.ㅎㅎ
10, 영화를 좋아해서 자주 많이 보지만  그닥 흥미를 끌지 않아 보지 않았는데 어떤 포털 기사를 보니 아깝게 묻히고 있다 해서 보았다~  보고 나니 후회없고 좋은 영화가 평점이 낮아 놀랐다~정말 영화 같은 스토리 특이성 배우들의 개성 다 좋았다~ 심지어는 마지막 노래까지~
1, 임상수가 왜 거품인지를 여실히 보여주는 영화  헐리웃 흉내는 내고 싶은데 실력은 안되고 스토리도 안되고 어떻게든 러닝타임은 채워야겠고 ... 영화 볼 줄 모르는 사람들은 스타일리쉬 하다니 어쩌니 옹호하겠지 ㅉㅉ
5, 감독도 그냥 끝내기엔 뭔가 허전했던지  끝에 노래로 엔딩을 장식했네  독자에게 무슨 메세지를 주려 했을까.
0, 와이프랑 둘이서 조조봤다.카드할인까지 둘이서 6 000원에봤다.그런데 돈 아깝다.
7, 특별한 스토리는 없었다  하지만.     난 이영화 너무 맘에 든다.!!~~ 영화가 가진 독특한 분위기  스타일  느낌    펑키한 락뮤직을 보고 있는 듯한 느낌이다. 스타일리시함  자유로움  미친듯한 캐릭터들  무언가 빈듯하고 여백있는 영화  보기드문 특이하게 기분좋은 영화였다.
2, 요즘 많은 사람들에게 해폰으로 2000원 할인 행사로 가서 웬만하면 그냥 참고 넘어가려고 했는데.... 이게 뭥미? 어떻게 영화를 이따위로 만들수가 ....? 중간에 몇번씩이나... 그냥 나올려다가...자리에서 출구까지가 너무 멀었다는 ...단지 그 이유 하나 만으로 .... 주변에 적극 말리고 있는 중...
1, 이거.. 왜 만든거임.. ? 고준희 몸매밖에 안보임. 끝
1, 무슨의도로 만들어을까? 돈이 이렇게 주워 쓰면 감옥가는데... 6번해서 즐거워다..
8, 고준희씨와 류승범씨의 조합이 뭔가 어울리는 듯 부조화도 있는 것 같고! 시도 자체가 재미있어보여요~
10, 좋은 연평?쓰레기 보다 훨 좋음
8, 말도 안되는 연평해전에 밀려  빛을 못보구있음이 안타깝네요 
1, 그냥 심심한영화ㅋㅋㅋ재미 없었음ㅋㅋ
10, 영화 좋은데 왜들이러시지 1점주는사람들때문에 10점드림 스포일러나 편견말고 가서 보세요 전 아무것도모르고 지인이 시사회가자그래서 봤는데 너무 재미있게 봤습니다. 얼마나 큰교훈을 담은건 아니고 재미있습니다.우리나라에 이런영화가 나올줄 몰랐는데 시원하고 약간의 병맛도있고 배우들연기 다 좋구 좋습니다^^
4, 뭐 말할 꺼리가 없다  돈보다도 시간이 아까운 영화다
1, 한심한 영화 였는데 10점주는  사람때문에 1점드림
10, 괜찮았는데..?1점주는사람때문에 10점드림..
9, 정말 재미있게 잘 보고...작품도 좋은데...나쁘게 말하는 사람들 정말 수상하단 생각이 들수 밖에...
1, 류승범+비급영화는 망하기도 힘든데 감독 이..특히 마지막 장면은 정말 ㅋㅋㅋㅋㅋㅋㅋㅋㅋㅋㅋㅋㅋㅋㅋㅋㅋㅋㅋㅋㅋㅋㅋㅋㅋㅋㅋㅋㅋㅋㅋㅋㅋㅋㅋㅋㅋㅋ섹스씬 많아도 쓰레기임 이거는전문가들도 제정신아니네 이딴걸
1, 와 싀발 이딴걸 영화라고ㅋㄱㅋㅋ
3, 감독에게 투자한 제작들에게 경의를 표합니다. 감독 멋대로 만들어진 영화~~이런 영화는 감독 혼자 집에서 보세요~!
1, 진짜 최근에 이런그지같은 영화는 첨본다 ㅋㅋ 주제가 뭐냐?ㅋㅋ
1, 절라 쓰레기영화 올만에 욕나오네
0, 영화보다 중간에 나오긴 처음..포장을 그럴싸하게 해놔서 속는 영화
1, 한 1년 만에 평점남겨보네...너무 어처구니가 없어서ㅡㅡㅋ 이제는 감독 이름값도 못믿겠다 ㅋㅋ
0, 우리가족들 류승범씨의 팬이다!! 그런데 이런 개쓰레기 영화를 찍었을 줄은 꿈에도 몰랐다 !! 실망 실망 실망 어이없음 어이상실 !! 다신 류승범씨 보고 영화 안본다 !!!
0, 돈과 시간이 아까운 영화
0, 이딴 걸 돈 주고 봤다니....류승범 좋아라 하는데 이 영화는 진짜 아님..
10, 굿
0, 시작부터 끝날때까지 돈아까운 영화
0, 류승범 나오길래 봤다..나오면서 입에서 욕이나온 영화는 간만이다.. 대체 뭘 얘기하는건지 모르겠다..이런영화를 볼바에는 그돈으로 차라리 길거리 노숙자에 기부나 하시길...
1, 예매했지 볼려고  기사보고 취소했어  여태 저 양아치 새키가 내가 사준 영화표 덕에  외국서 산다는게 짜증나서 저새끼 영화 이제 안보려고  참 개구리한계를 못 벗어나는 딴따라들 시선  받는게 힘들어? 대신 잘먹고 잘돌아다니고 좋은대서 살자나 니 영화 봐 주는 팬들 덕에  넌 이제 끝이다
1, 양아치나오는영화네 ㅋㅋ 한국공항에내리면 너를 보는 눈빛이 불편해??에라이 ㅋㅋ 할리우드로가라그러면 ㅋㅋㅋㅋㅋㅋㅋㅋㅋㅋㅋㅋㅋ
2, 아ㅜ 실망 대실망ㅜ 왜봤는지ㅜㅜ 휴..  뜬금없는 19금 뜬금없는 살인;;헉..ㅜ
9, 끝부분이 조금 ... 그래도 재미있게 봤네요~~ 돈으로 모든걸 해결하려는 사회... 가진그들은 절대 반성하지 않갰죠?
0, 믿고보는 배우 류승범이 나온다길래 보았다. 그런데 이게 뭔가싶다. 너무한다. 남친이랑 둘이봐서 2만원 날렸다.
10, 역시 류승범 .고준희도 좋았고....간만에  즐거운 시간 ....
8, 재밌게 봤어요...코믹하면서 섹시하고 잔인하고 폭력적..  보면서도 호불호가 갈릴거라 생각했어요.. 물론 저는 호!!!
0, 알바많이푼모양이네 여태까지 극장에서 본 영화중 최악이엇다
0, 희대의 쓰레기영화.  평점 알바풀었다고밖에 안보인다. 보는 도중에 나간 관객이 이렇게 많았던 영화는 처음이다.
5, 그래 뭐 말하고자 하는게 뭔진 알겠다. 근데 너무 ㅎㄷㄷ하다. 공포영화보는줄 알았다. 전부 다 끝장을 내던가...
1, 페미니즘이라는 이름의 나미(남이)의 귀환을 환영할 수만 있을까.
1, 총체적 난국.
1, 임상수  그냥 하던데로 하세요?   쓰레기 영화  만들어  놓고  쪽팔린줄  아세요  말이 안되는  스토리
7, 풍자를 이어가기 위한 최소한의 스토리라인만을 간신히 유지함으로써 결과적으로는 대중성을 포기한 형태로 완성되어져 있었던 탓에 필연적으로 호불호는 크게 갈릴 것으로 보여지지만  개인적으로는 익살스러우면서도 신랄한 풍자로 가득채워진 <나의 절친 악당들>을 무척 즐겁게 관람했네요. ^^
7, 펑키하네요 젊은이들이 보기에 좋을거같아요결말이통쾌해서 대리만족을 느끼기에 충분해요
0, 완전 쓰레기 영화영화보다 중간에 나와보긴 첨승범아  영화 봐가면서 찍어라
0, 재미없네요 어제 vod다시보기한 해운대에 평점8점드립니다
0, 이것도 영환가?? 올해 본것중에 최악.. 어색한 대사처리.. 부자연스러운 몸짓과 전개..
2, 이 영화를 다시 보느니 클레멘타인을 두번 보겠다.
1, 왜?  왜?  왜?이건 뭐지. 이건 뭐지. 이건 뭐지.
1, 댓글알바들의 글로 보이는 게 꽤 많네. 보지는 않았지만  볼 생각도 전혀 없지만  댓글알바들 푼 제작사 쪽 때문에 그 반대작용으로 10점 만점에 1점 준다.
1, 하...시간아까웠다ㅜㅜ
0, 보지마세요 보고나서 친구랑 욕하면서 나왔습니다. 이딴 것도 있다는 걸 알았습니다.
5, 20대 이하면 음... 이런 영화도 있구나 정도
4, 저하곤 안 맞는 영화였어요.
7, 연기들이 아주뛰어난건 아니지만 그래도 결말까지 다 보고 마음 편하게 나올 수 있었다. 돈과 여성비하  썩어가는 세상에 대해서 보여주는 내내 제발 이세상이 고쳐지길 바랬다.자기 좋을대로만 하고 사는것좀 그만하자.
0, .....이정도면 류승범 시나리오 보는 안목이 이상한거 아닐까 싶은 정도로 재미없음. 난해하고. 고준희 발음도 안좋고...하...총체적난국...
2, 오늘 조조 8시 35분 영화를 봤다. 관객 나 포함 다섯 명. 영화를 보면서 내내 뛰쳐나가고 싶은 충동이 들게 하는 영화였음. 영화의 메시지가 대체 뭔지. 제작 의도가 뭔지 궁금타. 누가 이런 영화에 펀딩을 하는지... 돈의 맛은 괜찮았다. 그래서 가긴한거고
0, 쓰레기 영화맞네 이것두 영화라고..
0, 축하합니다! 내 인생 최악의 한국 영화 중 '돈의 맛'을 누르고.. 이것이 1위로 등극 했네요. 보는 내가 쪽팔리는데.. 연출자와 출연자는 안 쪽팔렸나봐..
0, 쓰레기영화.. 평생본영화중 기억에 남는 쓰레기영화
3, 솔직히 재미없어요.연기도 별로고 이야기도 없고...돈 아까움
1, 개망!관객을우롱하는정도의단계마져도최하급인ㅡ영화라고표현하기도민망한 필름아까워서삼박사일울어야할듯.류승범을뇌리에서지우기로결정!
3, 무작정 있는놈들을 까고보는게 아직도 쿨하다고 믿고있는 임상수..깔려면 좀 그럴듯하게 까던가..쿨한척  젊은척  잘난척..정말 척만하다 끝나버리는 영화였어요..
3, 짜증나는 두시간..영화끝나고 주차장에서 차끌고나오려는데..영화속 고준희랑 류승범이 훔친돈으로 산 비싼 빨간 외제차랑 똑같은 차가 앞에서 알짱거려서 더 짜증났음...우월의식에 젖은 병맛애새끼들 ..
2, 감독을 믿고 보러와준 관객에게 이런 장르도 스타일도 없는 병맛영화를 어떻게 상영할 수 있는거죠? 최악의 두시간 이였습니다. 쓰레기통에 던져버리고 싶은 두시간입니다.
1, 별 반개도 아까움 절대안뵈도 될영화.류승범 왜 이영화출연했는지 몰겠음값 떨어지게... 오취리.고준희 진짜연기못함여러분 평점댓글에 낚이지마시길..
8, 고급 청년인턴과 그의 친구들의 모험이자 오락버전 '돈의 맛' Part 2! 상업과 손을 잡았지만 임상수 감독은 결국 자신이 하고 싶었던 얘기를 기여코 하고 말았습니다. 권력에 희생된 소시민과 외국인 노동자의 유쾌한 복수극 입니다.
2, 승범아   승범아 재능이 아깝다     준희안테 눈이 멀어가지고 ㅉㅉㅉ 내돈 돌리도 돈아까워 죽겠다!!
1, 다음영화에 객관적인 후기가 없네요..앞으로 다음 후기는 신뢰하지 못할것 같아요..10점 주신분은 거의다 알바거나 영화관계자 일거라 확신합니다.이곳 후기 믿고 영화 보지는 마세요..화려한 배역진은 맞는데..편집과 구성은 최악 수준입니다.미국영화 장르 흉내낸것 같은데..너무 어설프고 전개도 엉망이예요.
1, 감독 제작자 연기가 등등 반성 많이 해야 한다 ...아직도 정신 못차리고 허접 3류 영화나 만들고 밥벌이 하는 니들 부끄러운줄 알아라 .......그리고 정말 정말 스크린 쿼터 없애야 한다 ...굶어 죽든 정신 똑바로 차리고 영화 다운 영화를 만들든..... 이제 선택 할 시기다 ......
0, 구토 유발 영화. 임상수 감독 싸이코.
0, 완전 현실성 없고 줄거리도 빈약한 무엇을 얘기하고자 했는지 공감 전혀 안되는 영화
1, 망작인데 길기까지 (임상수 류승범은 어쩌다 이렇게 됬나 애초에 고준희에게 바란건 없으니)
3, 조조할인조차  아까운 영화.  평점 남기기조차 귀찮을정도로 발로 만든영화.
0, 완전 돈 아까움ㅠㅠ...댓글 처음임.
10, 굿 풍자 최고
2, 코를 파는데 코딱지가 점점 밀려들어가는 느낌...결국 코피남 ㅜ ㅜ
1, 진짜...이건뭐...이따위로 영화를 만들다니...감독 참 한심하다..진짜 욕만 나온다....ㅎ
4, 도망쳐
2, 과연 이 영화가 돈가방 추격전이라고 말 할 수 있을까 ? 액션도 그렇고 극의 기승전결도 허접일색 ! 20세기 폭스 코리아는 왜? 이 영화에 투자 배급에 손을 넣었을까 ?
7, X같은 세상에 날리는 지랄병맛활극
2, 노잼....
0, 그때 그사람들 이후로 내리막길이네요 점점 퇴보하는듯 많이 아쉽네요
0, 0점도아깝다.아이고내돈...이것도영화라고...
2, 진짜 재미없더라...억지웃음 끌어내는 장면조차 안웃김..10점 준 사람은 영화 안본 사람이 확실하다!!
7, 제목처럼 그냥 악당...고준희가 정말 새로운 변신...더 살벌 ㅠㅠ스토리가 그냥그래서..점수는 쫌
0, 감동도 없고  재미도 없고  내용도없고 ~~ 쓸데없는 비현실적 폭력만
1, 올 최고로 재미읍다..
0, 내가 본 인생 최아그이 영화...
1, 이런게 영환가토쏠림...  누가 만든건지 모르고 보고 나오다 임상수 이름 올라가는거 보고 어쩐지 스토리 더럽다 했다우웩 돈 아까워
10, 재밌던데 내가 이상한거냐
0, 진짜 재미없는데 아래는 알바들인가?
0, 진짜배우가아깝다 소름돋게 굉장히 재미없음 ㅡㅡ짜증
1, 제발 보지마세요.
0, 중간에 나온사람 시간 아까워서...이게 먼 영화일까 너무들 한다.
10, 멋있어
8, 오취리를만지는 류현경은 너무좋아하는것같다  고준희와 스킨쉽하는 류승범도 너무좋아 하는것같다
7, 내 스타일이라고 할 만한 영화였다. 부분적으로 부자연스러운 곳도 있었지만 상황.전개  대사... 꽤 웃겼고 맘에 들었다. 다분히 작가주의적인 영화다.
1, 임상수가 싼 똥이다.....에  한표
0, 지극히 개인적인 취향이지만 한마디로 표현하면 "구역질나는 쓰레기 영화" 보다 중간에 나옴.
1, 임상수가 싼 똥이다.
0, 예고편이나음 영화표갓이 너무 아깝다
0, 이 영화는 한마디로 정리하면E급 시나리오로 D급 감독이 C급 배우로 의도적으로 B급  블랙 코미디 만들려다 F급 영화 만들었다.욕질 남발한다고 블랙코미디가 되니? 전혀 긴장감이 없다.  고준희는 목욕할때 옷입고 하냐? 붕가할때 옷입고 하냐?  영화를 그런 식으로 찍으면 안되지 ㅉㅉ
6, 류승범 믿고 오늘 봤는데 솔직히 실망이다. 좀 유치하고 내용도 뻔하다 너무 식상해..
0, 별점보고 예매한 사람들 빨리 환불하세요
0, 드디어 0점을 줘도 마땅한 영화를 찾았습니다.
7, ㅎㄷㄷ  ㅅㅂ..김주혁이 원래 이렇게 연기를 잘했어???  류승범이야 뭐 !! ^^
5, 오후에 영화보고왔는데 기대보다 재미없음
10, 내 생애 이럼영화를 보다니
5, 시간조차 아깝다. 영화가  도대체  뭘 말하고 싶은 건지도 모르겠고  액션이 그렇게 주목받을 만한 정도에 미치지도 못하는 것 같다. 그나마 류승범의 연기가 영화를 조금이나마 살린 것 같다.
1, 하나도 아깝다 아들 보고 하느라 2년만네 극장 가서 본게 이영화인데...쓰레기 영화 다시는 티비에서도 보고 싶지 않다
10, 오늘오후12시20분에가서잘보고왔어요^^제일재미있게잘봤고기억에남을만한것같아요~
10, 적극추천...이영화 터미네이터 미션시리즈흥행성적과맞먹거나가까운위치도달할것이다...주인공이훔친돈은 어짜피 비리기업인끼리오가는 비자금...그걸 주워서 호화생활주인공멋지
1, 아~ 용두사미... 뭔가 있을줄 알았다!!  허무맹랑한 이야기전개...범죄물의 쪼이는 맛도 없고 맛갈난 전개도 없고.. 이건 각본 감독의 문젠데..울나라서 총질에 일반인이한번에 사람의 팔을 칼로 휙~자르고 목을 딴다고? 그냥 찌르늣것도  아니구??  넘~  기차게해서 짜증...돈 아까와 죽는 줄!!!밴드불러 바다한복판 ㅉㅉ
8, 캐릭터 좋음.. 찌질하면 찌질한대로 꼴통 같을 땐 최대한  꼴통스럽게. 멋질땐 멋지게.. 그저 이뿌고 잘생기게만 보이려들지 않아 좋았고..  감독의 전작에 비해 신선했음.. 기대안하고.. 컬트류를 좋아한다면 꽤 볼만함..
5, 뭔가   코메디이나 코메디아닌 액션이나 액션아닌 영화를 본듯  고준희가 타고다니던 빨간비엠은 이뻣음
5, 첨부터 끝까지 지루함 벗길려면 확실히 벗기던가 어중찌고 한마디로 끝까지루함
3, 정말 스토리 없고 개연성 없는 영화  기대 많이 했는데... 진짜배우들만 아까움
8, 장르에 액션 범죄 코미디 라고 되있는데 그냥 로맨틱 코미디 영화처럼 웃으며 봤어요.
10, 영화 진짜로 재밌던데ㅋㅋㅋㅋ
9, 뭘그렇게 놀라?뭐 거리낄 게 있어요? 귀엽고 명랑하게 영화를 즐겨요.우린(배우와 관객)모두 절친 악당들이니까요.
10, 믿고보는 류승범
4, 형 믿고 오버 하고 지저분한 문신은 덤! 고준희랑 같이 있으니 고준희가 싼티로 전락!
10, 류승범때문에 보고싶다!!!
10, 류승범과 고준희의 매력적인 모습 기대할게요!!
10, 류승범이면 올킬!!!!!!!!!!!! 류승범의 연기를 볼 수 있다면ㅋㅋㅋㅋㅋ
10, 임상수의 돈 시리즈! 갓승범까찌 나오니까 더 기대됨!
0, 알바들이 평점 조작하니 더 반감만 생기네요. 뻔히 다 아는데.. 극장 이벤트 원플원 예매만 봐도 아직도 600장이 남아 있네요.. 정보 얻으러 왔다가 웃다 갑니다.
10, 10점만점에 100점입니다^.^
10, 너무 기대돼요!! 10점 만점에 10점!!
10, 나 이영화 얼마나 기다렸는지 모름 진 짜 엄청기대중 다른 민밋한 영화랑 격이 다르지
10, 고준희 빨리 보고싶다
10, 고준희 류승범때문에 보러간다ㅋㅋㅋㅋㅋㅋㅋㅋㅋㅋ
10, 굿굿 준희누나 보러 갑니다ㅋㅋ
10, 기대돼요~~!!!! 개봉하면 바로 보러갈래요~~~
10, ........기대되요 진짜 ㅠㅠ 보고싶름
10, 드디어 다음주 대개봉!!!!예매했어여~~!
10, 이 영화는 꼭 보러가야징~
1, 이젠 식상하다 노잼일듯
10, 류승범이라니 진짜 재밌겠네~
0, 좋아하는 배우가 이렇게 나오다니 급 실망.
10, 류승범과 고준희 재미지겠구만~
10, 류승범... 기대됩니다..
10, 정말 오래 류승범컴백 기대해씀!!!!!!!
10, 류승범 + 고준희 조합이 어떨지 궁금하다!
10, 이거지이거지 한국 영화는 이래야지
10, 이거 조연들 개쩔어.......♥
10, 류승범은 분명히 뭔가가 있어 ㅠㅠㅠㅠ 예고편만 봐도 멋있냐
10, 믿고보는갓승범기다렸습니다
1, 모두 알바 ㅋㅋㅋㅋㅋㅋㅋㅋㅋㅋㅋ
10, 류승범 존멋 고준희 존예
10, 솔직하게 이건 진짜 봐야돼
10, 류승범이라니ㅠㅠㅠ컴백이라니ㅠㅠㅠㅠㅠ
3, 류승범 연기가 점점 나빠지는 건 왜 그럴까?
10, ㅋㅋㅋㅋ재밌겠네 기대된다
10, 재밌겠다ㅋㅋㅋ가벼운 마음으로 볼수있을듯한뎅
10, 임상수 감독이 이런 영화도 찍네ㅋㅋㅋㅋㅋ재밌겠다ㅋㅋㅋ
10, 진짜 류승범 너무 멋있네ㅋㅋㅋ재밌을꺼같네
10, 한국 영화 중에 이런 영화 오랜만에 나오네요~ 기대할께요~
10, 오래기다렸어요!ㅋㅋ 감독님부터 배우까지 정말 재밌을 꺼 같아요ㅋㅋㅋ ㅋ
1, 헉! 감독이 임상수...뻔한 80년대 액션에 메르스까지 겹쳤으니 영화는 망한다.
7, 내용은 정치? 조폭 자금을 양아치가 우연히 갈취해서 뻔하네.... 김주혁이 조폭두목으로 나오네 재미을까? 재미겠다.
8, 기대기대
0, 다음도이제 알바가 판을치네 딱봐도 망할영화에 찬양일색
10, 무슨말이필요해?갓승범인데
10, 존재만으로 기대되는 영화
10, 내가알던고준희맞아?연기변신 제대로네ㅋㅋㅋㅋㅋ
10, 대박이 느껴진다..포스터도그렇고예고편도그렇고 정말 볼 수밖에 없는영화네
10, 갓승범나오면영화관에서꼭본다!!!!!
10, 류승범이 양이치연기 하는영화는 무조건 본다  실제생활에서 나오늘 실감나는 연기때문에본다
5, 류승범 기다렸는데 왜 일케 마른거야? 고준희도 너무 말라서 좀... 둘다 만화캐릭터같다
10, 오~ 류승범 나온당!!ㅋ 근데 고준희는 작품 겁나 오랜만 아닌가? 과연 연기력이 어떨지...ㅋ
10, 임상수감독 영화라면 일단봐야지
10, 류승범이라면 이미 뭐...
6, 취리형 나와서 기대됌
10, 까리하네
9, 돈가방을 들고 튀어라와 미스터앤미세스스미스의 절묘한 조화..
10, 류승범 얼마만의 영화인가...류승범 영화는 주연이든 조연이든 까메오든 다 봐야함..
10, 한국 영화계의 가장 비밀스럽고 멋찐 류승범씨를 ...드디어 만날수 있구나 !! 내년 5월 꼭 보겠읍니다.
