1, 도대체 감독의 의도를 모르겠음... 또라이같은 인간들때문에 정의를 버리고 살아라는 의미인건지... 인간의 가장 약한 부분을 가지고 치사하게 가지고 노는...정말 부정적인 영화.... 시간이 갈수록 화가 나는 이유는?....점점 각박해져 가는 세상에 그나마 드물게 정의감을 가지고 사는 사람들의 의지조차 꺽어버리는..
10, 짱
10, 분명 자극적인 소재인데  따뜻한 시선이 느껴진다. 뻔하지 않은 영화! 재밌다!!!!
8, 나는 왜 유괴범이 되었나? 두 명의 유괴범... 근데 그들이 유괴범이 아니라면? '쏘우'를 보는 듯한 긴장감과 평범한 남자들이 유괴범이 된 이유가 분명했던 영화입니다. 묘한 이야기를 부드럽게 풀었다는 느낌이 강하네요!
10, 재밌어요
10, 다소 무거운 면이 좀 있지만 좋아요 좋아요!
