9, 재미있게 봤습니다. 류승완 감독영화는 다 보고 싶네요.
8, 대한민국 경찰  대한민국 검찰의 현실을 보여주는 영화 범죄검거율 95% 에 숨겨진 진실들  그리고 우병우의 모습들 유혜진의 연기가 가장 돋보였고 황정민  류승범등 연기가 돋보인다 더럽고 슬프지만 현실이니까. 좀 더 깨끗한 세상이 왔으면
10, 보이지 않는 사회의 한 단면.. 일어났을 법하면서도  혹시 일어나고 있는 일은 아닐까..
8, 류승범은 최적화 되고 특화된 역할이 분명 존재한다
0, 개 쓰레기 영화 ‥도대체 뭘말하는건지
10, 다신없을 류승완의 역대명작
10, 마지막까지 흐르는 긴장감...  범인이며 검사며  형사며...  연출력이며 풍자며 ...  잘 봤다.
10, 완벽하네요
8, 거친 풍자와 훌륭한 연기로 무장한  류승완의 최고작
10, 역시 연기 잘하는 배우들이라서 재미있게 잘 봤어요
9, 이 조합은 항상 좋아
