1, 허접
2, 진짜 재미없네 어설프고  감정도없고 엉성핳
1, 완전 짜증난다. 첨부터 끝까지 어설픔. 드라마 보다도 못하다. 완전 그지같음.
3, 은밀하지도 치명적이지도 않으니 대략난감... 말투나 대사 등이 영화라기보다는 마치... 연극하는 것처럼 보였던 어색함/부자연스러움 임수정 유연석 두 배우의 아쉬움... 엉성하고 유치한 느낌의 스토리 전개...
10, Much more exciting and thrilling than the US version because the heroine's situation was intensely desperate.  Ends well and all the twists and turns made good sense. Voted higher than my real score of 8 to correct the low average. Well worth watching~!
4, 조금만더잘만들어졌어도 먼가  미흡한 느낌
9, 난 너무 흥미 진진하게 보았다. 유연석이 매력있어서 보았는데 연기는 좀 별로  좀더 매력적이였으면 하긴한다.평점이 안 좋아  기대없이 보았는데 스토리가 끝까지 흥미진진 하네요.다만 조금은 뻔한…게다가 권선징악~으로 끝난 건 좀..ㅎㅎ 그래도 좋음
8, 의외의 반전이
5, 처음부터 끝까지 주인공이나 주연배우 배경 등 모든게 겉도는..디테일하지 못한 구성이 참 아쉽네요..이걸 극장에서 봤다면 참담할뻔 했습니다..정말 시간 남아서 할일없을때 보세요~~
10, 영화 재밌게 잘봤어요. 평이 너무 나쁘네요...;; 평을 먼저 봤으면 영화 못볼뻔했네요. 임수정씨 연기 좋아요. 극중 인물을 잘 소화시키는 배우.. 늘 응원합니다
7, 여주인공이 좀 더 치명적이었으면 좋았을 걸.여주인공과 남주인공의 애정씬이 좀 더 있으면 좋았을 걸.혹평이 많아서 걱정한 것보다는 재미있게 봤음. 오히려 문어체 어투의 소위 오글거리는 대사와 그 처리방식이 꽤 마음에 듦.
0, 에네스 카약스키 1분 1초 0.1 초라도 나온다는 말에 절대 보지않을것이며 또 주변에도 보지말라고 권할겁니다
2, 배우는 시나리오와 감독을 잘 만나야겠어요.  기대했으나  끝까지 설득이 안되었던 영화.
4, 로버트레드포드 주연의 동명의 영화에서 모티브를 얻구 반전의 묘미를 붙여서 만든 영화. 이영화가 우리에게 실질적으로 와닿지않는 이유는 요트로 부산을 오가는 마카오의 최고 갑부라는 설정때문이 아닐까?  적당하게 대부업체 사장이라고했으면 어땠을까 ㅋㅋ
7, 좀 저평가 되어있네요. 영화의 2/3까지는 좋아요. 마지막 1/3이 좀 아쉬움
4, 유치한 조합과 주조연들의 부조화의 극치  이 영화는 정말 극에 중요한 모든 요소를 모두 빼먹은 희한한 졸작이다  유혹과 갈등 반전 등등이 너무 낡고 퇴보한 느낌이다
8, 평이너무나쁘네요 나름잘봤습니다
3, 다들 국어책을 읽내요. 박철민은 저 캐릭 타입으로 평생 못벗어 날듯..
3, 너무 식상한 스토리. 다만 너무 예측가능한 긴장감이 흘러 몰입도가 떨어졌따. 배우들의 연기력은 나쁘지 않았다.
5, 영화는안보이고요트만보여요
7, 처음엔 참 좋았는데...   암튼 이경영님 예전 젊어서 멜로로 잘나갈때보다 지금이 더 멋지고 섹쉬하십니다.   제레미아이언스 느낌도 사알짝~!!   그리고 난 쓰레기말고 무조건 칠봉이편이었다.   유연석 드라마로 빨리 또 만납시다~!!
1, 이리하여 어거지로 또 한 명의 신데렐라가 탄생하고.
6, 너무 뻔하다.. 전반부만큼만 유지했으면 수작이었을텐데.
1, 14만 5천명에게 환불해라 그냥..장난해?
3, 어디서 많이 본듯한 내용...누구를 반하게 할 만할 화려한 외모가 아닌 임수정  이경영이 연기한 배역도 좀 더 중후한 매력의 연기자가 했으면 좋았겠고 영화가 흡입력이 없다..
5, 서사를 쌓았는데 왜 이렇게 앙상하죠? 후반부는 그나마도 심리 실종.
7, 기대를 안하고 보면 꽤 즐거운 영화일테고 잔뜩 기대하고 보면.. 난감할테고. 그러나  망작은 아니라고 봄. 기대를 안하고 봤더니 대박이었던. 근데 임수정은 꽤 연기를 한다고 느낌이 팍팍 오는데 남자 주연배우는 마치 드라마 찍듯 연기를 하는 게 보여서 조금 난감함.
4, 음... 중딩이 초딩을 위해 쓴(?) 그것도 아니고 어디서 배낀것 같은... 시나리오로 만든 영화랄까?... 요트에 탔던 배우들은 좋았겠네요... 휴가같은 촬영했을 듯~^^
3, 작위적인 너무 작위적인 영화. 영화속 대사 중에 '그 꿈을 즐겨요' 는 감독이 혼자 영화에 빠져 쓴 대사같다. 관객은 무시한 채로...
5, 심리극을 지향했지만  난투극으로 결론을 맺었다.
3, 떠들썩하게 나와 소리 소문 없이 사라졌다.
5, 전체적 분위기와 전반의 스토리는 참으로 흥미진진했다. 후반부에서 서브캐릭터들을 조금 정리하고 두사람의 관계에 조금더 집중할 수 있는 스토리 전개가 되었다면 설득력이 조금은 생겼을려나.. 여러모로 배우도 분위기도 안타까운 영화다.
5, 임수정이 아깝네...하녀나 행복등. 짙고 농민한 정통 멜로를 기대했고  그런 느낌이 날줄알았는데ㅔ 그게 아니더라도 까불이선장  노랑머리염색한 백인  동남아 외노자..도희도 그렇고 되게 안어울렸어요. 극에 집중하는걸 방해해요.
5, 괴팍한 노인네 이경영이마음이 너무좋아  ㅋㅋ정도 많고그래서 영화 감정이 반으로 떨어짐
7, 볼만한데 전반적으로 평점이 안좋네. 그나저나 도망치듯 방송에서 사라진 터키인을 여기서 볼줄이야.. 예전 뉴스에 나오는거 보니까 여자 꼬실땐 연기를 잘했던거 아닌가? 근데 왜 여기선.. 배우 안하는게 나을지도..
5, 연기도 밋밋하고 시나리오도 평범하고.  특히나 도희  에네스 카야 연기 정말 못 봐주겠다. 불안한 시선처리  높낮이가 없는 어조. 오히려 유연석이 그냥 성공하는 것이 영화적인 결말일 듯
3, 은밀하지도 유혹적이지도 않으니  인물이건 서사건 참 딱해 보인다.
5, 요즘 영화와 TV 속 드라마와 차이를 모르겠다. 좀 더 시나리오에 신경 좀 쓰지
5, 너무엉성하다 잘나가다 딴길로샌기분 시나리오가그냥 쭉쭉갔으면 더좋은영화가 됬을듯
4, 전통카레맛볼려고 인도고급레스토랑갔는데 3분카레나온 기분. 특히 결론은 씁쓸하기까지..
6, 중반 이후의 급전개되는 긴박한 스토리에 그러면서도 상당히 심플한 플롯..팝콘을 먹으며 킬링 타임용 영화로 이만한 영화도 드물다.
4, 회장 같지 않은 회장도 처음이고 호화스럽지 않은 호화 유람선도 처음 본다. 임수정이야 원래 발연기였다지만 유연석은 배역을 잘 못 맡아 자기 연기 능력의 10%도 발휘하지 못했다. 스토리도 상투적이고 밋밋하다
3, 우연찮게 오늘 봤는데...이게 영화라니...진짜 재미없슴!!!
10, 중간부터 급 빅재미임스릴러ㄷㄷㄷㄷ반전도있음유연석 왜케 멋있지 하...♡
8, 평점이 낮아 문제가 있는 영화인가 생각했더니 전혀 그렇지는 않았음.나름 스토리 전개도 괜찮고 긴장감도 갖추었고...단지 마지막 결말로 치닫을 때의 내용은 다소 마음에 들지는 않았지만 이렇게 외면 받을 영화는 아니었지 않았나 싶다
9, 의외로 재미 ㅋ
1, 그다지 은밀하지도 않구만.. 유연석이는 2프로가 아닌 98프로 부족함. 주인공 친구 이런역이 적당한듯.. 그마저도 연기가 뒷받침되어야 하는데 얘는...
4, 임수정은 연기가 데뷔초보다 못하네? 원래 잘하지도 않았지만 이건 교과서를 읽는수준. 진짜 당황스럽다. 미모도 예전같지가않고
8, 영화 3분의2까지  노잼이다가   급반전 ㅎㅎ  볼만함
5, 너무나 신선하고 좋은 재료로 만들어진 맛없는 음식같은 느낌이랄까... 좀 많이 안타깝지만  킬링 타임용으론 뭐... ^^;;
4, 임수정씨 나오는 영화중에 가장 실망스런 영화.... 유연석은 연기수업 좀더 해야할 듯...
9, 생각보다 재밌었음.좋아요
10, ♡
10, 평점이 낮다   지겨운 소재라 반신반의 했는데 레드포드 나왔던 것보다 재밌었음 살짝 내용두 틀리고
9, 잼나게 봤어요!!
3, 내용이 안되면 배우가 제대로 해야하는데 유연석은 원톱을 하기에 무게감이 떨어진다. 요즘 한국영화들 다 성의 없게 만든다. 대충 만들어도 cj 롯데 쇼박스 뉴 넷중 하나만 배급사로 잡으면 일단 되니까 막만든다.몇년전까지 헐리우드영화가 밀렸는데 이제 다시 한국영화가 딸리기 시작. 완성도와 탄탄한 대본 없인 겜안됨
4, 장면장면 대사 칠때마다 손발이 오그라드는 묘미?? 간병인과 몇 번 보고 결혼하시는 마카오 재벌?? 조연들의 오버된 표정과 책읽는 듯한 대사치기?? 스토리는 제대로만 살렸으면 참 괜찮았을 영화인데... 배우들 연기 꽝!! 연출력 꽝!! 아침드라마 보는지 착각 들었을정도...
1, 아 진짜 왜 폭망 했는지 알겠다  이건 딱 시작하자마자 결말이 딱 나오고 . 누구나 예측가능한 . 스토리도 재미없이 지루한 ㅜ ㅜ
8, 재밌는데 왜?
10, 유연석보다 이경영 분이 훨더 매력잇고 멋졋어요  나이가 들어도 진짜 멋지고 모든 작품에서 존재감갑인 아저씨 짱이에요  무난하게 봣네요  아저씨땜에 십점준당~
0, 말이 필요없는 쓰레기...창피한 줄 알아라
7, 생각보단 기대에 못미쳤다.중후반부터 몰입도 떨어지더라.결말이 소설과 다르다는데 소설원작 읽고싶어진다.
6, 초반의 모든 배우의 어색한 연기가.. 희한하게도 후반부로 갈수록 연출이 살린 듯한 몰입감이 생긴 요상한 영화.. 마무리가 너무 급하게 전개되었지만 끝까지 개연성있게 흐름을 살릴려고 했던 감독의 노고가 졸작이 될 뻔 했던 것을 그나마 살렸네요..
5, 아쉬움에 마법이 풀렸다.
2, 뻔하게 다~ 보이니까  생각할 시간과 궁금항 틈이 없네요.. 관객들과 밀당에 실패하신 듯  유연석씨.. 정말 작품 고르는 안목을 좀 더 키우길.. 맨또롱도 그렇고 상의원도 그렇고 이 작품도 그렇고 ..  캐릭터가 잘 살지 않은 듯  살짝 겉도는 건 왜죠? 아~~ 응사 칠봉이때 왕팬이였는데 꽃청춘하고요 그런 멋진 모습 기대!
6, 좀 더 일찍 나왔더라면...이건희 스토리로 완전 화제를 모았을텐데...캐스팅의 불협화음. 보는 내내 불편했다. 이경영은 최고의 선택이었고...
9, 왜 이렇게 평들이 짠지 이해가 잘 안돼네. 꽤 그럴듯한 스토리 라인이다. 볼만한 영화이니 평점에 망설이지 말고 보라.
5, 상황에 맞지 않는 오글거리는 대사들이 날 오징어 만드는구나
5, 범죄 스릴러라고 하기엔 긴장감이 너무 부족하고 멜로라고 하기엔 가슴이 뛰는 달콤함이 없고 놀라운 반전이 있는 것도 아니고.. 어디서 많이 본 듯한 스토리들의 연속에 하품만 나온다.
7, 뭔가 부족한 범죄 영화인가? 맬로 영화인가?
7, 2프로 부족    좀 아쉬운점이 있지만  그런데로     재미네   액션에서 좀 현실감 있게   
8, 임수정과 유연석. 이들을 보는 것이 전부이지만 그래도 좋다.
6, 긴장감도   연출도 전개도 아쉬움이 많다.
5, 중반까지는 너무 뻔한 대사가 거슬리지만 스릴러적 재미를 그런대로 유지하나 종반으로 치달으며 역시나  흥미를 끌어가는 주체를 새로울 것 전혀없는 나 이런 놈이니 잡아가슈~식의 막장 공포물의 싸이코살인마를 내세운다. 거참 신기한게 국적을 막론하고 잘나가다 이런 캐릭터를 꼭 삽입하니 제작자의 압력 때문인가?
3, 수면제 영화네  지루하고 졸립고 참 너무한다 관객생각도 해 주어야지 ㅠㅠ
0, 이런 영화 좀 안 만들면 안되나....
4, 유연석이아깝다..영화가 영... 뻔한스토리에..배우빨로 가려면  여주가 아주 매력적이던가  연기를 아주잘해야하는데  임수정은 매력도 별로고  연기도 항상그연기.. 연기못함..
8, 초반에는 연출 연기 모든게 엉성했지만 가면 갈수록 연기도 좋고 몰입도도 좋다. 한마디로 볼만하다.
6, 은밀하고 유혹적인 캐릭터라 하기엔 조금 미흡했지만 감정선은 좋았음. 영화중심 이경영.12시가 되면 현실이 되버린 왕자는 없었고 결국 쇠창살에 싸늘한 그녀의 허망함. 신데렐라도 계획에서 만들어졌듯 그도 만들어진 왕자였음을..유리구두도 내 빚이 되는 현실의 거래. 인간욕망의 실체는 유리구두보단 유리지갑..
10, 평점이 안 좋아서 크게 기대하지 않고 봤는데  스토리가 복잡하지 않아  몰입해서  아주 재밌게 봤습니다. 유연석 넘 멋지네요! 다양한 모습이 공존하는 배우네요. 임수정도 예쁘고요~
5, 설정 자체가 18세 이상인데 왜 굳이 15세해서 질을 떨어뜨리나?
5, 예상가능한 스토리가 확실해 지고 난 후에는 그 스토리를 알고 봐야하는 지루함. 이 영화에서 유연석은 미스 캐스팅인 듯.
1, 진짜 아침드라마같은 스토리 전개에 몰입도 떨어지는 일부 배우의 연기까지! 감독이 세븐데이즈 시나리오 쓴 분이라는데 시크릿도 그렇고 이 작품도 그렇고 감독을 맡기기엔 실력이 아직 부족한 듯! 그나마 고군분투했던 이경영씨의 연기 덕분에 1점 드립니다
5, 임수정좋은데.. 왜 이런영화를 찍었을ㄲㅏ 잼없음
10, 왜 악평들이지? 난 알바아닌데 너무 재미있게 봤다. 여자하고 남자하고 좋아하는 영화가 달라서 그런가. 자기가 좋아하는 영화장르가 있는것이지. 무슨  잘못만든 영화도 아닌데 악평들인가?
2, 진짜 너무하다 이런 걸 영화라고 만들었냐 ㅅㅂ 그리고 임수정 좋아하는데 솔직히 이 역할에 안 어울린다
0, 히밤 30분을 못넘기고 광삭했다.
6, 임수정씨 이번작품 잘못고르신듯.몇프로 부족한 어중간한 스릴러.
10, 재미있었다. 유연석도 연기를 잘했고
10, 뻔한 듯 하면서도 반전있어 재밌네요. 유연석 참 멋있는데. 이놈의 메르스때문에 안타깝네요.
8, 재미없다기보다는 긴장감이 많이 떨어지고 결말을 예측할수 있다는 단점개인적으로는 잼나게 봤어요 임수정 이쁘네요
1, 성냥 팔이 재림이후 진짜 최악입니다 절대보지마세요......
8, 앞부분이 좀 밍숭밍숭했지만 끝까지 몰입도 괜찮았고 재밌게 관람했어요. 특히 유연석 몸매는 정말 예술~~^^
10, 기대없이 봤는데 재미있었어요!연기력 스토리 좋았어요
5, 스토리 자체는 나쁘지 않으나 전개와 연출이 별로. 이건 영화보다는 드라마로 풀어야 할 것 같다. 그리고 남주 캐스팅 에러. 멋있지도 않고 연기도 별로여서 공감이 안 됨.
5, 애중간한 반전 스릴 멜로물.이것도 저것도 아닌 케이블에서 해주면 볼만한 영화
9, 전 정말 아무것도 모르고 급하게 정해서 본 영화라 그런가... 전 재미있었어요. 신데렐라라는 이야기와는 좀 안맞는 것같긴한데...그래도 꽤 재미있었어요. 반전도 있고
8, 사실 볼만은 했어요. 중간중간 흐름이 끊기는 느낌이 있어서 이상하다 이러면서 봤음. 딱히 빠진 것도 없고 반전도 있는데 아쉬운게 감독이 스릴러 장르를  잘 버무릴지 모르는 듯.... 배우연기는 좋구 시나리오도 원작의 힘이 있어 괜찮음. 다만 감독이 잘 버무리지는 못한듯...
0, 임수정  유연석 역대급으로 망했네
0, 영화가 재밌다고 평을 하는 사람들은 영화를 제대로 보고 하는소리인지? 아니면 댓글 알바들인지??
6, 식상하게 느껴지지 않던 킹스맨의 신분상승 이야기 VS. 식상하게 느껴진 은밀한 유혹...신데렐라(신분상승)에 대한 관객의 판타지를 자극하는데 성공하고 실패한 차이겠지...
8, 나름 볼만 합니다. 단  중간에 약간 무리하게 전개가 된 점은 있지만...봐줄만 합니다.
10, 볼려구해도 다 내리는분위기 쩝;;;
10, 이경영이 죽고 나서 임수정이 벙인이 됫다가 누명을 벗는 장면이 마지막 반전이 끝내 줬어
2, 긴장감을 느낄수 없는 어설픈 유혹 도대체 누굴 유혹한 것인지!
3, 캐릭터 실패  매력있는 캐릭터 없음. 스토리 느슨 엉성  지루한 결말
5, 뻔한 스토리에 연기 노력만 보임. 아쉬움
6, 너무 진부한 스토리에 반전도 약한 영화인듯
8, 재미있어요 임수정씨 연기력 굿 유연석씨 멋진연기 분위기 반전까지 괜찮은 영화였어요
8, 스토리가 약간 부실한것은 아쉬웠지만 배우들 연기는 좋았습니다. 잼미있었어요
1, 남주 미스캐스팅...진짜 겉모습은 잘어울리는데 연기가           ...............................
10, 영화조차도 안보고 악플다는 인간들 너무 많네.....영화좀 보시고 악플을 달던가....정말 할일없는 악플러들...
6, 뭔가 많이 아쉬운 느낌  2% 부족한 느낌인데 후반부에서 만회
2, 남주가 미스캐스팅이야.. 캐릭터랑 유연석이랑 너무 안맞잖아.
2, 이 점수 이상 주지를 못하겠네.. 남녀주인공 주연 맡기에 역부족..
0, 네이버와 달리 다음엔 그래도 0점이 있네요. '어떻게 보시든지' 재미는 없습니다. 돈과 시간과 넘치는 유쾌함이 있으시다면 견뎌보십시오. 아... 제 생각에 예고편을 가장 잘 만든 것 같습니다. 평점 2점 이상은 알바고  1점 이상은 예의입니다. 그 이하는 ... 보고 당하신 분들입니다.
0, 영화보다가 뛰쳐 나가고 싶은적은 처음이다
1, 평점 주기도 아캅다돈들여봤는데댓글 까지 단다다른분들은  돈들 아끼쇼
7, 기대안하고 봤는데 그냥그냥 재미가 있더라구요
7, 생각보다 괜찮았다. 영화 전반과 후반의 차이가 분명하다. 갈수록 긴장되고 흥미롭더라.
10, 나름 괜찮던네..왜 평부터 안좋아졌서리.. 배우들 연기도 좋고   
4, 임수정은 조연같은 주연에 더 큼 힘을 발휘하는듯.. 원탑 주연이면 그냥 대차게 망하는구나...
10, 최고입니다.^^*
6, 임수정이 원래 연기를 저렇게 했나? 난 왜 스토리가 껑충 뛰는것 같고 유치하지..? 이러니 저러니 해도 백프로 완벽하고 백프로 이상한 영화는 없으니 좋은 점만 골라서 받아드리면 될 듯.
10, 베드신같은 야한 장면이 주를 이룰거라 생각해서 망설이다 봤는데 반전에 반전스토리 재밌게 봤습니다
10, 재밋던데배우들연기도 조앗구스토리도신선햇어요ㅋ
1, 3/2보다  나왔쓔
5, 간만에 지루한 영화~~돈아깝다 ᆞ국내영화의 한계 확인!
9, 유연석 비주얼의 화려함에 정신 놓는 전반전~^^탐욕스럽지만 그런 남주가 탐스럽게 느껴지는~영화 재밌고 눈 호강하고.매 작품마다 다른 사람이 되어 다가오는 천의 얼굴  유연석~좋다^^
9, 하도 볼 영화가 없어서 봣는데  생각보단 괜찬앗음~
3, 이경영씨의 연기외엔 이렇다할 이야기가 없을정도로 구성도 연기력도 모두 엉성함...
7, 악평을 보고 가서인지 괜찮았습니다. 기대하고 가면 조금 실망스러울듯..
9, 혹평이 많아서 기대는 안하고 봤는데  세 주연배우의 연기나쁘지 않았으나  스토리 구성이 한계가 눈에 띄이네요.엉성하게 넘어가는 이야기가 아쉽구요. 연석씨 앞으로의변신과 발전이 기대됩니다~^^  화이팅!  멋있었어요. 심쿵했네여~~~^^
8, 구성이 조금은 아쉬운 부분이 있지만 전반적으로 재밌게 잘 봤습니다.
10, 영화 본 거 같음! 즉  재밌고  주인공들 특히 유연석 매력이 넘침!! 스토리는 사실 엉성함. 하지만 엉성하다 느낄 겨를없이 재밌음.  그럼 된 거 아닌가? 별 것도 아니면서  뭔척하느라 잔인한 영화들 보단 훨 낫다. 적어도 욕 나오진 않는 영화~!
3, 반전도 스릴도 로맨스도없는 그냥 다끝나고 화가나는영화돈도 시간도 아까움
3, 스토리도 영화적 연출도 7 80년대 영화인 줄 알았네요. 전체적으로 유치했어요. 그나마 반전이 있어서 좀 나았는데  반전 장면들도 임수정과 유연석의 연기가 영 아니었네요.
6, 생각보다 스토리 구성이 미적 거리네여 사로잡는 한방이 없는것도 아쉽네영.연석이의 연기가 부봊해 보이는 느낌
10, 그동안 한국에서는 잘 나오지 않던 스토리 영상미도 좋았고 나름 재밌게 봤네요.
4, 그냥...무게감이 없었네요.
3, 유연석이 좋아서 보러 간 영화였는데 깜짝 놀랐다. 한국 영화의 수준이 언제 이렇게 떨어져 버렸나  하고. 어색한 대사와 연기  매끄럽지 못 한 연결 등 마치 고등학생이 만든 영화를 보는 기분이었다. 감독이나 배우나 자기들이 봐도 부끄러울 듯 하다
8, 회장이 죽고 나서 부터 개연성이 떨어지는 스토리라 그렇지 저는 재밌게 잘 봤어요.  유연석  임수정  이경영씨등 주연들의 연기는 괜찮았는데 조연이신 분들이 좀 더 극을 긴장감있게 혹은 재미있게 끌어 주셨음 좋았을텐데 하는 아쉬움과 좀 더 완성도 높은 스토리였음 좋았을텐데 하는 아쉬움이 남습니다.
7, 기대 안하고 보기엔 괜찮았습니다. 다만  긴장감이나 반전이 좀 아쉽네요.
10, 평점이 안좋아 기대안하고봤는데  예상밖으로 손에땀을 쥐며 봤습니다ᆢ 전  재미 있었어요ᆢ  평점 안좋은 이유를 모르겠네요
7, 최근 한국 영화 중 제일 재미 있어요^^ 그 중 이경영의 연기는 멋짐  짧게 나와 아쉽지만. 그래도 임수정이 아닌 다른 배우였다면  이 정도 재밌지 않았을듯.. 유연석의 연기는 다소 어설픈 부분이 있지만 그래도 볼만.  특히 몸매가^^ 잔인하지 않고 야하지 않고 재미 있으면 되었다고 봄.
7, 볼만함
1, 배우들 연기에 실망 스토리는 허접 돈아깝다개봉 이틀째인 금요일 어제 이 영화만 관객수가 떨어지며 폭망인 이유를 알겠다
10, 적당히 긴장하며 볼수있는 재밌는 영화
2, 식상하게나마 간신히 쌓아올린 서사의 탑 위에 억지스러운 각색과 작위적인 원작 비틀기라는 무리수를 얹음으로써  결국 작품 전체의 내러티브를 처참하게 무너뜨리고 있었던 <은밀한 유혹>이었네요. ^^;;
3, 윤재구 아저씨 시나리오 집필을 하든 감독만하든 하나만 하셨으면... 뭐 둘다 그닥 소질은 없어보이시지만 ㅋ
6, 아마추어가 연출한줄 알았어요ㅠㅠ 특히 초반부 손발오글
8, 임수정이 연기가 부족하다고 느낀건 이번이 처음.  유연석의 연기..  특히 눈빛과 감정연기가 임수정을 아마츄어로보이게할만큼 독보적이엇다.  그런데 전반적으로 짜임새가 허술하고 강약조절이없는 연출과 겉도는 조연들연기는 거북햇다.  별두개깍아먹은 부분들
7, 유연석의 연기와 매력땜에 볼만한 영화..유연석은 정말 짱이였다!! 그러나 생각보다..감독의 연출과 조연활용을 잘 하지 못한 점이 마이너스 요인이지 싶다..텐션푸분 시간을 좀더 활용해 몰입감을 높였다면 좋았을 껄.ㅠ아쉽다..ㅠㅠ
10, 최근 본 한국영화중 지루하지않고 끝까지 몰입하고 본 영화 특히 유연석!이렇게 섹시할줄은..슈트발 정말 멋지더라구요~
6, 감독의 연출력과 시나리오는 좋았으나후반부에는 드라마에서 나올것 같은 뻔한남녀 주인공들의 반전 이야기는 흥미 없음단  유연석의 색다른 다른 연기에 칭찬!
0, 개쓰레기 터키놈 편집도 안하고 잘되길 바라냐???감독이 마케팅을 개 븅신처럼 하니영화도 개 븅신이지
2, 임수정씨 팬인데 별점을 낮게 줄 수 밖에없는게에네스카야가 출연진인거 모르구 영화관에 입장해서영화보는 내내 집중을 할 수 없었네요거기다가 영화보고 나와서 기사 훑어보니 노편집이라더군요논란이 되는 인물인거 알면 이렇게하지말아야되는거아닙니까메르스 유행시기에 개봉작이라 영화흥행은 실패할것같네요
5, 요즘 한국영화 볼만한게 없다...내용이 왜이래....암튼 당분간 한국영화 안볼듯...
10, 잘보고 갑니다.임수정의 노련한 연기 짱♥
9, 볼만했다 스릴감도 있었고 최근 본 영화 중 제일 괜찮은 듯^^
8, 진짜 악평밖에없어서 기대안하고 봤는데 요근래 한국영화중에선 보기드문 잼있는작품이었다 간신보다 볼만하던데ㅋ
10, 예상치못했던 반전에 놀라고 임수정의 감정연기에 한번 놀라고 유연석의 섹시하고 댄디함에 놀란 영화네요!! 진짜 임수정과 유연석의 키스신은 최고였어요!^^
9, 완성도 조금 떨어지지만 기대보단 재미있었다.
7, 초반부가 의아할 정도록 지루함을 유발할 수 있지만  후반부는 초반부와 같은 영화인가 싶을 정도록 물 마시는 소리도 거슬리도록 집중하게 만들어주네요. 배우분들 전부 영화에 몰입하는데에 충분하였으나  딱 외국인 한분이 계속 보이다보니 거슬리긴 하네요
4, 예쁜척 잘생긴척....만 하다 끝났음. 끝.
8, 시각적으로 즐거운 요소도 있고  유연석은 정말 멋있다. 임수정의 연기도 좋지만.. 매력이 조금은 부족한듯그리고 두사람 간의 로맨스가 부족한감이있다
9, 유연석씨의 매력이 돋보이고 임수정씨의 감정연기 좋았으나영화 편집이나 구성이 아쉬움~~유연석씨 수영장면 키스씬멋짐~~그런대로 볼만함
1, 헐   미친거아냐???터키 이중인격자 변태를  나게하다니  그래서 안봐!!미친거ㅉ
0, 에네스카야 왜 출연시켜? 생각이 있어 없어?
6, 유연석의 연기는 호평이나 임수정은 글쎄   문채원이 훨씬 적격이었을 듯
6, 스토리 좀 엉성하고... 특히 터키 사기꾼 자주 보여서 눈에 거슬린다
8, 재밌어요^^
1, 한국영화들 요즘 왜이러지...
0, 개봉 첫날 봤는데..별 하나도 아깝다..ㅠ
3, 이건...영화관가서 본 돈이 아깝다.
9, 임수정  유연석  이경영 셋 다 다른 배우를 떠올릴 수 없게 하는 연기였다. 초반에 유연석 비쥬얼 보느라 넋놓고 있다가 후반부 생각도 못한 전개에 완전 숨못쉬고 봄. 두 사람 사이에 뭔가 더 있었으면 하는 아쉬움과 조연들의 어색함이 아쉽지만.. 나쁘지 않은 영화였다. 시간 가는 줄 모름.
7, 후반부로 갈수록 긴장감이 있다. 그러나 윤재구 감독에 대한 기대가 컸던 탓인지   스토리 전개 상 조금 아쉬움이 남는다. 그리고 유연석의 연기는 매우 훌륭하다.
2, 연기도 대사도 스토리도 진부한 영화.임수정은 나오는 영화마다 다 똑같아
2, 에네스카야땜에 영화망침
8, 수정 언니  오늘 영화 잘 봤습니다~^^
8, 스토리가 다소 뻔했지만... 배우들의 충분한 연기력이 약한 스토리를 보완해주는 듯. 화려한 요트와 멋진 슈트발을 보여주는 유연석이 영화에 집중할수 있게해줌. 간만에 볼만한 영화인듯....
6, 그저 돈 돈 돈. 이 세상이 돈이면 전부냐. 코믹 캐릭터에서 기괴한 여비서 캐릭터까지 가관이다 가관. 배우들의 열성과 연기가 아깝다.
4, 시나리오를 떠나... 두 배우가 소화하기 힘든 배역이었던 것 같네요...; 몰입을 방해하는 요소가 됨. 영화자체는 좀 진부하지만 걍 그런대로...
7, 잘 가다가 결말에서 삐딱선. 굳이 안 나와도 되는 에네스카야는 왜 통편집하지 않았을까?
7, 뻔한 스토리속에 임수정의 연기는 너무 아름답다!!
9, 몰입해서 잼께 봣네요
9, 나름대로 서스펜스가 느껴지는 영화후반부는 좋았어요~
9, 내가 만약 그 상황이였으면 어땠을까 라고 몰입해서 보니  완전 긴장감 넘치고 재미있더라구요~
3, 제발 제목만큼만 보여줬으면 ㅋㅋㅋ근데 솔직히 기대는 별로;
9, 캐스팅이 정말 잘 된 듯 ㅋㅋㅋㅋ
1, 제목마저 진부하다..
3, 임수정 대사 치는게 약간 몬가가 어색하다고 할까 그리고 다음씬이 좀씩 예상이됨 그냥 한국영화는 다보는 편이라 보긴했는데 주변인들에게 추천할정도는 아님
9, 스릴 넘치고 전개도 빠르고..원래 극장에서 잠깐씩 꼭 조는데 이번엔 그럴 틈이 없었음..
3, 제목은 자극적   내용은  뽄한 스토리
9, 임수정  유연석이 있는데 무슨말이 필요함? ㅋ
5, 유연석 너무 좋아하는데.. 말하는게 아직 애같아 이런 역에는 안어울린다 임수정은 제격
10, 제가 생각하는 충격반전은 회장님과 지연이... 미국판처럼.
4, 사랑은 두 사람이 하는 것  그러나 각자 다른 곳을 보았네
10, 요즘 진짜 볼 영화 없는데...빨리 좀 개봉하지ㅠ
10, 임수정 영화는 보고 후회한 적이 없었던 듯~!
0, 이경영  에네스 카야 먼 말이 더 필요하냐
0, 색마가 얼마나 나와요?
10, 재밌을것같아요!
0, 개슬람 발발이 에네스 카야를 출연시킨 쓰레기 영화~
10, 임수정 영화 얼마만이냐 일주일 남았네 ㅋㅋ
0, . .
10, 어디한번 믿고 봐보겠어요
10, 너무기대됩니다~~빨리보고싶어요~~임수정언니 회이팅^^
9, 임수정  유연석 범죄커플 기대기대 예고보니 색감도  좋고이야기 흥미로울듯
10, 헐재밌겠다
10, 예고편 긴장감있게 편집한 듯. 기대됩니다.
10, 임수정과 유연석! 기대되는 영화
10, 헐 유연석!!! 무조건 볼꺼임요 거기에 임수정언냐까지!!!!
10, 에네스 카야 터지기 전에 찍었을 텐데.. 먼 봉변;;; 알고 출연시킨 것도 아니고 유연석 임수정만 불쌍..
0, 아... 에네스 카야라니... 임수정도 유연석도 좋아하지만... 안 볼란다
0, 에네스카야ㅋㅋㅋㅋㅋ 제작진이 용감하네
0, 터키 쓰레기 나온다며... 편집도 안한다며?
0, 호구의 나라
0, 쓰레기 외노자 개네스 편집시켜라. 임수정 유연석한테 민폐끼지지말고
0, 단역이라 비중이 없으면 편집을 해아지 소름끼치게 왜그러냐 한국남자 유부남이 터키여자  총각행세하ㅗㄱ 후리고 다녀도 터키에선 가만있냐??? 그것도 바른생활 사나이처럼 이중적으로 굴면서 영화 말아먹을려고 용을쓰네
1, 총각행세 외국인 그의 은밀한 유혹이 시작된다. 대한민군 모든 처녀를 따먹는 그날까지.
0, 제작진이 미쳤네 에네스카야를 왜데려오는데?
10, 유연석의 유혹에 안넘어갈수가 없다 ㅋ 오래 기다렸다 어서 개봉하길~
10, 믿고보는 수정이
10, 연더기 월드ㅎㅎ
10, 완전기대해요...유연석이라면 믿고봄!!
10, 유연석님이라니!!!!!이건 꼭 봐야해.
9, 개봉하는날을 손꼽아 기달리고 있어요!!!!!!!!!!!!!!!!!!
10, 기대돼요!!!
10, 이영화 완전 기대된다..   개봉하면   보고 싶어요.....
10, 완전기대중ㅋㅋ
10, 유연석이 연기하는 성열  임수정이 연기하는 지연 기대됩니다 !!!!
10, 유연석 상업영화 첫 주연 기대중 ㅋㅋㅋ
0, 이 영화 데미무어 주연의 은밀한 유혹 리메이크인가요?
9, 기대되다
0, ㅋㅋㅋ
0, 보지도 않고 10점 주고들 난리...꼴시려서 빵점...
10, 유연석 임수정 남 여 배우 중에 젤 좋아하는 배운데 이렇게 둘이 만나다니!!! ㅠㅠ 완전 기대기대!!! 얼른 개봉했으면 좋겠어요!!
10, 진짜보고다 재미있겠네요영화초대박나길바란다면서파이팅
10, 빨리 보고 싶어유~~~~
10, 칠봉짱
10, 유연석 짱~~
10, 은밀한 유혹 대박나세요!!!
10, 울나라 스릴러는 인기없어서 걱정중...유연석 나오니 왕기대중^^
10, 유연석님. 덕분에 기대되는 영화.홧팅!! 힘내세요^^
10, 유연석씨 너무 좋아요.사랑해요
10, 오~ 캐스팅 쩌네요! 기대됩니당*.*
