5, 살아온 버릇과 관성을 부모세대가 좀더 고치기 어렵다면  세대의 한계를 포용하는건 자식쪽이 좀더 적극적일 필요가 있다.'치열하게' 그 길을 가겠다면 50이 넘어도 떳떳하다. 삶을 지탱하는 과정과 꿈을 함께 품고 가야할 주인공의 모습은 의식을 환기시키는 측면에서 공감을 얻는다.
10, 톱밥짱
10, 재밌네요~~
8, 잼있음
9, 이런 단편영화. 좋다. 현실감 있고.
7, 뭔 시체들이 글을 다 쓰네. 한번 사는 삶. 꿈이 있기에 아름다울 수 있다고 본다. 아쉬운건 참 착하기만 한 주인공. 그리고 가난한 감독. 방망이를 손에 쥐고도 앞유리 한번 내려치지 못하는 빈곤함이 주인공을 넘어 감독을 짐작케했다.
3, 그냥 서민적 삶의 서글픔만 전해지는듯..!! 관객의 기분을 꼭 우울해지게 만들어야 하냐..??
4, 꿈.... 그거 그냥 접어두고 살아가는 것이 보통의 삶이라도 살 수 있는 희망이 되는 것이다... 너의 꿈 때문에 주변이 힘겹다면 그만한 가치가 있는지를 생각하기 바란다... 청춘    꿈을 버려야 하는 시기란 걸 나중에야 깨닫는다
8, 꿈을 간직한 그대의 이름은 청춘.
10, 래퍼 아들과 보험 엄마의 삶이 우리와 비슷해서 가슴이 저리기도하고 행복해지네요
