5, 이런 말도 안 되는 범인이 어딨냐. 표도르하고 싸워도 이기겠다. 설정이 과하다.
7, 배우 김윤석의 비슷한이미지가 전작들에 이어 계속 달려오던 영화
6, 조금 아쉽다
9, 김윤석 연기가 참 좋다
10, 김윤석표 영화
6, 군계일학  김윤석.
8, 기대 않하고 감상했다 무척 재미있게 감상한 영화!
7, 내가 기대한 김윤석의 모습이 담겨있어서 좋았다한국영화의 재미를 느낄수있었다
5, 아. . . 기대가 컸나?  시놉시스는 괜찮은거 같은데 전개가 너무 지루해ㅜ.ㅜ
5, 억지스러운 연출 무슨 홍길동 찍는것도 아니고 전혀 긴장감 없이 탈주범의 독무대로 만들어 놓았음 형사와 탈주범의 관계가 어느정도 비등비등 해서 서로 밀고 당기는 맛이 있어야 하는데 형사는 일방적으로 죽어라 당하고 막판에도 개운치 못한 결말
5, 혼자본 영화  정경호가 여기선 너무 멋있게 나와서 뽕갔었는데  수영이랑 사귀면서부터 얼굴이 이상해짐 아무튼 선우선도 너무 이쁘고 내용도 좋고 재미있게 관람한 영화
10, 간만에 다시보기 웃프다~~~조필성 감독의 다음 작품이 빨리 보구싶다~~ㅎㅎ
8, 배우들이 열연한 캐릭터  감독의 연출. 모두 굿!
7, .
10, 역시 김윤석!!! 시골형사의 모습을 그대로 재연하는 정말 멋진 연기자 이네요
9, 스토리 연기 다 좋음!!!
4, 김윤석의 연기 재미있게 봤다.영화가 큰 사건은 없지만 김윤석과 정경호의 연기가 재미있는 영화다.
7, 김윤식이 나오는 영화에 익숙해져 있는 사람에게는 뻔한 스토리이지만  그래도 킬링타임용으로 그만
10, 충청도 예산이란 지방의 생활상을 유쾌한 코메디 형식을 빌러서 이정도로 보편화시켜나간 연출력과 등장인물들의 탄탄한 연기력은 가히 대한민국 영화 80년사에서 최고 최대의 걸작이라 할 만하다. 김윤식은 물론 견미리 특히 김윤식의 큰딸 역을 맡은 아역배우와 무술관 관장역을 맡은 젊은친구 너무 좋았다.
8, 가볍게 볼만하지만 배우들 연기가 참 좋다ㅎ
5, 빵꾸난 주머니라서 폼나게 살지 못한다. 배운 것도 없어서 끝발도 없다. 점점 뱃살은 늘어나고 발차기 하는 것도 어쩌다 한 번. 이제 남은 건 존심뿐이다. 먼저 꼬리 내빼면 끝난 거다. 이름? 명예? 지위? 돈? 그까짓 거 없으면 그만이다. 동네 창피해서 못 사는 거지  뭐 하나 없다고 누가 뭐라 하지도 않는다.
5, 추격자의 충처도 코미디 버전?
7, 웰 메이드 충청도 코믹 스릴러.
8, 재밌긴했는데...김윤석은 코믹이 부족해..^^
7, 역시 김윤석
7, 김윤석이 연기를 너무 잘해줘서 재미가 배가(倍加)된 영화.
1, 감독아 왜 사냐 ?
6, 촌내 나는 <추격자>
6, 처음으로 전문가 평점이랑 일치하네
8, 김윤석에게서 어렴풋이 송강호의 향기가......
8, 정경호 머꼬?  인간이가? ㅋㅋ
8, 추격자라는 걸출한 작품이 없었다면 아마 이 영화가 그 위치를 차지하고 있지 않을까?
9, 오래되었지만 재미있었던 영화라는 기억이 난다.
5, 쫓아가는 이와 쫓기는 자가 시소처럼 수평을 이뤄야 한다고 생각.  김윤석에게만 집중  정경호의 포스가 너무도 약해서 지루함.
8, 재미지다. 허나  애초부터 생각한 퍼레이드 앤딩씬에 대한 스스로의 벅참에 취해 9부능선의 마무리가 아쉽다.
10, 재밌엉ㅅ어요
8, 작품으로선 아쉬움이 남지만 오락영화로선 재미있었다. '살인의 추억' 송강호 형사버전 코미디액션극을 본 것 같다.
8, 정경호를 다시 봤던 영화. 드라마 미사에서 봤던 그 배나 싶었음  악ㅁ
7, 김윤석을 너무 믿고 달린 영화..물론 김윤석은 잘 달렸지만 시나리오가 너무 중구 난방이고  가족 이야기를 끌어들이면서 신파 분위기로 흘러 스퍼트를 해야 할 지점에서 그만 다리가 걸려 넘어지고 마네..쩝..
9, 신창원을 소재로 잘 활용한듯. 김윤석캐스팅은 굿 정경호캐스팅은 미스 역활에 안어울림
8, 재미있게 봤습니다. 포스터는 맘에 안들어~
8, 그냥 무심코 봤는데 나쁘지 않았음
7, 재밌다고해서 봤는데  그럭저럭
8, 역시 김윤석! 그러나 송기태역과 그 여자친구역의 캐스팅  그리고 로맨스 설정은 빵점. 여성관객을 너무나 의식한  잘 된 밥에 스스로 코를 빠뜨린 격.
10, 한국영화 재밌다~!!!!!!!
8, 스토리가 좀 빈약하지만 정경호 진짜 멋있게나오고 김윤석분 연기 굿임~
5, 김윤석연기 빼고 너무 지루하다 ㅠㅠ
10, 김윤석  정경호 연기 너무 좋았습니다.
8, 그  거시기 있잖아유   김윤석씨가  고분 분투하는  모습이  좋았구유   한적한시골 배경이   좋았구유  온가족이  봐도   괜찮을듯한  영화아닌감유 ㅇㅅㅇ
10, 김윤석 정경호 선우선의 연기가 매우 멋졌다.최강의 액션영화.
8, 무겁지않고 재미있게 볼수있는영화..스릴러를 보고 찜찜한기분이들때 본다면 굿!
9, 역시 김윤석씨..우리나라 경찰의 실태를 꼬집은 괜찮은 영화.
7, 정경호 선우선 연기가 아쉽다. 각본상 억지가 있지만 연기들을 잘한 조연들 덕분에 집중할 수 있었다.
4, ㅡㅡ
7, 김윤석이 아까워... 뭐야  그냥 장난하냐 ???
8, 별 다른 스토리가 없지만.. 그래도 나름 울분이 치밀어 오르게 잘 만든듯.. 그러나 액션씬도 그닥이고.. 내용도 진부하고.. 아쉽다~ 김윤석의 연기 덕분에 산 영화!
7, 전체적인 스토리가 재미있었지만 약간은 비현실적인 액션씬들이 오히려 재미를 깍았다.
7, 시간 때우기용으론 괜찮습니다  딱 5천원 값어치로는 시간 때우기 좋습니다.
6, 김윤석 딸로 나온 애 귀여움 ㅋㅋ
8, 김윤석의 영화는 재미있다. 다른 배우들의 열연에 케릭터들이 매력있어 은근히 재미있는 영화.
10, 영화 참 개운하다. 김윤석  견미리등 확실히 주조연 중견 배우들의 관록이 드러나는 영화네.. 좀 설익은 정경호  선우선 이지만 거슬릴 정도는 아니고.적절한 코믹과 감동이 좋네
7, 추격자의 코믹버전... 그 이상 그 이하도 아니다....
10, 연기 참 잘합니다.. 재밌네요
10, 재밌네요!!! 김윤석 연기 역시 잘하고! 경찰들의 무능함의 극치를 보여주는~~
9, 이연우 감독의 전작 2424는 정말 재미없다고 악명높던데..거북이 달린다를 보고 오히려 보고 싶어 졌음. 아주 일상의 디테일이 마구 살아 숨쉬는 영화.
10, 짜증>웃음>기쁨>환희>허탈>분노>희망>허탈>분노>희망>분노>짜증>웃음>기쁨>환희
9, 참 잘만든영화다.특히개성있는 조연들의연기와대사가대단. 그리고역시 김윤석! 시나리오 연출 연기 그이외모든것이뛰어난영화다.영화배경에서충청도도경쟁력이있음을증명한영화.
9, 네티즌별점9.0 추격자의 몬가 빠지는듯한 이야기~ ㅋㅋㅋ 정경호님때문에 실패.근데 착하게 나왔으면....하정우님나왔어도 충분히 오케이 될듯(하정우님 좀 무섭잖아여~저만 그런가여?ㅋㅋㅋ)
10, 조연들의 연기가 너무 좋았음 어쩜 그렇게 연기가 맛깔스러운지 보는 내내 웃으면서 봤네요
9, 처음 부분에 느슨한 전개가 지루함. 다시 생각해보니 그게 조필성. 진짜 시골형사스러운 조필성이 기존 영화 속 형사님들의 이미지를 깨버려서 참신참신
9, 스피디하게 진행되는 극의 구성  적절한 생략과 비약적인 극의 전개가 주연배우의 호연과 어우러져 뻔한 이야기를 뻔하지 않게 풀어내다.
10, 대박!!!!!!!!!!!!!!!
6, 추격자 전연령판
9, 아~ 너무 재미있게 봤어요 ^^ 최공!
8, 아놔~근래들어 [빵~ 터진 영화~ㅋㅋㅋㅋㅋㅋㅋㅋㅋ
9, 재밌네요. 전개도 좋고  배우들 연기도 좋고요.. "5가 누구여?" 이 대사 계속 생각나네요. ㅎㅎ
10, 김윤석 연기는 말할 것도 없이 최고고 조연들 연기도 너무 좋았어요. 일단 재미가 있네요!
7, 재미있다 하지만 김윤석에 대한 기대치가 너무 컸다...물론 그의 연기는 좋았지만...
0, 평점이 높아서 안정화를위해 0점 !! 난 정말 재미없던ㄷ ㅔ;;ㅋㅋ
9, 오랜만에 정말 재미있게 보았습니다.  정말 기대 전혀 없이 보았는데 처음부터 끝까지 재미있었습니다.  감독이 누군지 알아보려 들어왔다 감상평쓰고 갑니다. 시답지 않은 영화들보다 훨 나아요.
4, 재미없ㄱ어 ㅠ
5, 흠...... 그닥 흥미롭지 못한 영화였습니다.
7, 어떤메세지를전달하려고했었는지사실전혀모르겠다. 그냥단순히꼴통형사가만회하는것이라고밖에는.. 기대정말많이했었던영화였는대. 거북이는김윤석을가리키는건가. 그치만김윤석의능청스러운연기는10점만점에10점!
8, 해피엔딩이여서 그나마 다행이네요 근데 주인공이 거북이인가?? 제목이 왜 거북이 달린다일까나? 탈옥범이 멋지게 나오고 주인공이 쫌 찌질하게 보이지만 그래도 볼만했음..
9, 괜찮았음...
7, 볼만했어요.
9, 강동원 역시 굳굳
10, 정말 웃기면서도 스타일리쉬하다.
4, 추격자의 형사 캐릭터를 빌려와 간편하게 시작하지 않았다면 더 참담한 결과가 나왔을지도 모르겠다. 과정은 답답하고 스토리는 예측가능하다.
10, 정경호 최고!!!헤헤 너무 잼있었다
8, 의외로 볼만했던 영화. 살인의 추억이랑 약간 비슷한 느낌인데 그것보다는 좀 유괘한 그런 느낌이네요. 연기는 다들 대박.
8, 거북이와 토끼
8, 난 왜 자꾸 추격자랑 겹쳐지니 ..
10, 정경호씨 연기 좋아요 ~
8, 평경장  고니는 왜 안나오니?
9, 김윤석이 살렸다
4, 어제봤는데 지루해서 죽는줄알았다   평점만 믿고 보면 안돼는영화 추격자랑 뭐가 틀린지...
8, 상업영화의 정석  견미리씨가 의외로 돋보인다
6, 꽤흥행한 영화인 것 같은데 막상 보니 왜 흥행했는지 이해가 잘 안되는 영화.. 배우들연기는 좋았지만 영화시간도 너무길고..전형적인 한국영화 스토리  마지막이뭉클해서6점
9, 김윤석 연기를 너무 잘해서 9점줌~~
10, 완전 잼나던데 김윤석 정경호 쵝오~!!
9, 내용전개나 그걸 소화하는 배우나 모두 최적의 조합인듯.....항상 느끼는거지만 대사의 90프로가 욕인 우리영화 언제나 좋아지려나....
10, 자자 연기대결 펼쳐보자구 !
7, 구도와 결말 이제는 너무 진부한 구조다   다만  소시민이란 소재와 배우들의 연기가 이영화를 살렸다
8, 대한민국 형사가 그렇게 못사나?  형사되기가 얼마나 힘든데..  비현실적인 설정은 좀.. 그냥저냥 볼만함
10, 김윤석씨 정경호씨 연기 너무 잘하신듯 ! 재미두 있었고 나름대로 좋은 영화였음
8, 스토리는 좀 그랬는데 김윤석씨의 맛깔나는 연기때문에 8점~~ㅋ
4, 참정말 허접스런스토리에 말도안되는설정. 시나리오 또한 인터넷 아마츄어작가보다도 못한 어설픈스토리라인과 해프닝. 특히 감독의 연출력은 정말 말문이 막히네요. 김윤석이라는 멋진 연기파배우의 연기가 아깝네.
10, 제목이 영화에 어울리지 않네요. 정말 재미있게 잘 봤어요. 김윤석 정경호 연기 최고예요~~와우~~ 강추 영화입니다
9, 아주 좋아요 오히려 추격자보다 잼나여 김윤석짱  정경호짱
0, ㅠㅠ
6, 김윤석은 형사에 잘어울린다. 진심으로
7, 연기의 절정을 달하고 있는 김윤식!!! 거기에 맞서는 정경호! 보는동안 흥미진진하게 전개는되는 영상! 봐도 후회하지 않는다 ㅎ
7, 조연들의 연기가 볼만 했던 영화... 하지만 뭔가 씁쓸한... 약간 가벼운 추격자를 본것일까요? 어디서 본듯한 캐릭터들 그래서 약간은 실만스런 영화. 보고나서 뭔가 생각나는 점은 없는.. 가볍게 보기 좋은 영화.
6, 이런 영화가 왜 평점 9점 가까운건지 이해가 안된다 진심.
6, 거북이도 달리는데 영화는 왜 안달리냐.
6, 이정도가 적당할듯
7, 초반에 좀 지루한 면이 느껴졌지만  넘기면 그냥 계속 보게 되더군요.. 뭐 10점 까진 되지 않지만 시간 죽이기엔 괜찮음... 10점은 너무하다..... ㅎㅎ
10, 재밌었다
6, 주연 배우들의 연기는 좋으나   그닥 재미는~...
6, 한 배우의 연기가 끌고 가는 힘  김윤석이 달렸다.
10, 완전 대박재밌어요!!!
8, 인생 정말 폼안나는 시골형사 조필성역의 김윤석의 원맨쇼에 박수를 보낸다. 기대와 다르게 선우선의 역할이 좀 작아서 실망.. 경쾌한 결말에 기분이 좋다.
10, 재밌게 봤어요.
6, 전체적인 내용이 연결이 매끄럽지 못하고 시나리오도 식상한 편이다 다만 배우들의 연기와 유쾌한 결말이 마음에 들어서 6점을 준다
7, 이야기가약간매끄럽지못하다.주연조연은좋앗는데...
5, 솔직히 재미는 없다...웃기지도 않아서 더 실망스럽다..한 70~80만이 적당한 영화 볼 영화 정말 없었나..싶다.
10, 재밌게 봤어요 ! 흥미진진해요 ~!
5, 5점은 넘지만..베스트가 10점이라니... 나쁘지는 않으나.. 만족스럽지는 않다... 알바들이 있긴 있나 보네~
10, 재밌고 흥미진진하게 봤다.. 김윤석 정말 말이 필요없는..  정말 천상 배우..
10, 역시 김윤석
1, 정말 유치한영화 짜증난다 예전 홍콩영화같은황당함
7, 진짜 영화에서같이 저런 허접한게 형사하나싶어서 걱정되네. 배우들 연기력은 좋은데..
0, 2009년부터 영화에 경찰이 많이 등장하네. 경찰미화를 해야 투자를 받을 수 있는 건가? 참 씁쓸하다. 국민의 경찰이 아니라 정권의 견 노릇만 하는 자존감도 없는 족속들이...
7, 영화는 영 찜찜한디 김윤식이가 살렸네그려~
6, 예상 가능한 뻔한 결말이라 좀 싱겁고  그닥 박진감도 없지만 명배우들의 명연기때문에 산 영화
7, 그래! 영화가 이정도는 되야지! 찔찔 짜야 감동 받는 사람들은 관람 불가!
8, 역시 김윤석이라는 감탄사가 나오는영화~ 쪼금 아쉬운건.. 흉악범으로 나오는 정경호의 연기가 쫌금 아쉬웠다는것..
10, 기대감없이 봤는데 생각외로 배우들 연기력도 좋았고 재미있었습니다.~^^
10, 신랑이 간만에 영화보자고 해서 본 영화~!어두운 영화일것 같아서 첨에는 싫다고 했는데   진짜 너무너무 잼있었다!긴장감도 있고 넘 잼있고 완전 대박!!
7, 스토리는 너무 뻔하고 허접하지만  뭐 배우들이 좋았고  해피엔딩이라서 맘에듬. 그냥 가족끼리볼영화는되고  너무기대는안하는게 좋음. 킬탐용으로는제격^^~ 김윤석 선우선 정경호 짱~
7, 정경호가 나와서 봤다...멋있다 정말....하지만 범죄자의 캐릭터랑 맞지는 않는다 ㅡㅡ 새로운 연기는 좋았으나 어울리지 않는듯한 모습...왜냐...정경호가 멋있으니까.....마지막 감동은 좋았다
8, 전체적으로 재밌긴 한데  긴장감이 떨어지는 영화
9, 재미있다.
10, 역시 추격자의 이미지가 강해서....조금은 아쉽지만..충분히 좋았던 영화...현실감이 없단 사람은 뭐지? 충분히 현실감 있는데...
1, 연기는 마음에 든다. 정경호연기도 맘에 들긴한데.... 갑갑한 시나리오 ㅡㅡ 뭐같은 형사. 실제였어도 저렇게 행동했겠어? 추격자를 못 따라온다. 현실감이 없어.
10, 내 생에 영화중 엔딩씬에서 감동이 가장 빵터졌던 영화...........  정말 은근히 시나리오가 탄탄하군요.... 정말 재밌게봤습니다.
7, 난 쫌 지루했다.
9, 사람냄새 나는 영화  좋앗다
10, 추격자이후 진짜 잼났음..김윤석 영화 진짜 짱임!!
1, 액션신부터 너무 오버.. 때리는거에비해 리액션 과하고..범죄자의 포스도없고.. 스토리 엉성하고.. 연기만 좀 쳐줘서 1점
8, 재밌었습니다. 그런데 기태역에 정경호씨는 좀 매치가 안되요 이미지가 너무 말랑말랑하다고나할까.암튼 재밌었다
7, 다 좋은데 딱 두가지 탈주범의 케릭터 설정과 견미리씨 케스팅(견미리씨 너무 이뻐서 시골 이미지랑 안어울림)~ ^^;
10, 김윤식의 뛰어난 연기...
8, 기대 안하고 봤는데  조연들의 감초연기는 최고...그 많은 감초들을 어디서 구했는지  인물 하나하나 개성이 뚜렷했다. 물론 극중 주인공에 동화될만큼 김윤석의 연기도 일품
8, 그럭저럭...
10, 정말 연기의 달인..김윤석선배님..정말 흥행 대박나길 바랍니다 ^^ 한넘 잡으면 안놓치고 잡으신용감한 선배님 답습니다...앞으로도 꾸준히 활동하시고 견미리 여사님 하고 정말 훈훈한 감동을 주는군요 ^^화이팅！
9, 이 영화보구..김윤석이 충청도사람인줄 알았네..맞나?
10, 주연부터 조연까지의 연기력이 너무 재미있었어요
10, 전작과 비슷하면서도 다른 느낌을 주는 영화네요..김윤석씨와 다른 분들의 연기가 혼합되어 완성된 재미있는 영화라 생각되네요.
10, 정말 멋진남자 김윤석...연기정말잘한다...
9, 평범한 내용인것 같지만 맛깔난 연기로 빛이 난 영화.  넘  재밌었어요.
10, 혹자들은 뻔한 스토리라 지루하네 어쩌네 하지만 예술의 감상기준이 스토리뿐이라면 이 영화를 제대로 볼 수 없을 것이다. 정말 많이 웃었다. 필성이 경찰정복입고 등장하는 장면은 정말 감동의 도가니탕.
9, 완전최고~!!!!!!!!!!
9, 솔직히 뻔히 보이는 내용이여서 배우들의 연기가 단연 돋보인 영화입니다. 재미도 있으면서 스릴도 있고 액션...골고루 가미된 괜찮은 영화네요^^
6, 난 솔직히 좀 지루했다...하지만 배우들의 연기력에 박수를..
9, 추격자2같지만 보다 덜 잔인하며 따뜻한 가족애와 형사의 기질  재미있어요  보는 내내 긴장과 함께 하는 영화   굿
9, 김윤석이또다시한번좋아졌습니다!대박나세요~
8, 김윤석은 약한척 연기해도 강해보인다.정경호가 별로 강해보이지도 악해보이지도 않아 상대적으로 대결구도의 긴박감이 떨어진것 같다.소소한 재미나 배우들의 연기는 괜찮았다.
10, 영화 완전 재밌어요 최고 꼭 보세요 강추합니다!
9, 솔직히 추격자보단 비주얼이나 포스가 덜 했지만 배우의 연기력과 나름 인간적인 내용이 더 다가오는 영화.
10, 재미있어서 2번 이나 봤어요
9, 생각보다 정말 재밌게 봤습니다^^ 맛깔나는 연기와 간간히 터지는 개그가 참 좋았다는^^
8, 추격자를 잼있게 봐서 기대 많이 했는데..솔직히 기대한만큼은 아니였네요 표가 생겨서 봤는데..돈주고는 보고 싶진 않네요
9, 별기대안햇는데 의외로 재밋어요 역시김윤석!
8, 음..볼만하다ㅋㅋㅋ난정경호가너무좋다^.^
9, 배우들의 표정과행동 하나하나까지 너무 재밌었어요 정말 흥행 기대함!!!!!!!
2, 이영화 정말 돈아까운영화였다..  어딜봐서 코미디물이란건지도모르겠고 보는내내 어두컴컴한 화면과   너무뻔한 스토리에 짜증까지났다  이영화가 재밌다고하는 사람들은 심각하게 알바라고까지 생각이들정도
10, 시사회로 보고 온건데요ㅋㅋ 범인이 잘 도망갔으면 좋겠다고 생각했어요ㅋ멋있어서^^;자리가앞에서 4번째라 목이 아팠지만ㅋ 그것을 잊을 정도로 잼있게 본 영화입니다ㅋ
9, 볼만함^^
9, 완전 볼만함~~친구들에게 보라고 추천해도 절대 욕 안먹을 영화~~
9, 재밌어요 배우들이 표현도 잘하고 내용도 재밌어요~^^
10, 솔직히 에이뭐 재미있겠나 싶어서봣지만  ㅋ 너무재미있더라구요 모두들 연기가 맛깔나요 김윤석아저씨만의 위주가아닌 모두가 위주가된 영화가아니였나 싶어요. 보는내내 웃으면서 영화를 보았네요. 거다 화이팅 ♧
8, 간간히 재미와 흥미를 주지만 내용은 다소 진부하고 김윤석씨 캐릭터가 추격자와 겹쳐보여서 다소 실망...연기하나는 정말 끝내주심!! 마무리는 허무했지만 그래도 재밌었고 정경호씨가 멋있어보였다..ㅋ
8, 솔까 재밋다 ㅋㅋㅋ
3, 내가 너무 기대를 하고 봤나....진짜 허무하던데?
10, 보고나면 뿌듯한 영화.
8, 별로 기대안하고 봤었는데 재밌었다. 최근에 본영화중 가장 지루하지 않고 웃으면서 본 영화임.
8, 보고나서 추격자생각낫는데..흠. 여튼 재밋음 추격자랑다른건가족사랑이런거들어간거  참 선우선왜나온거임 ㅋㅋ
10, 정경호 김윤석 최고 bbbbbbbbb
8, 워낙 이런 소재를 싫어 하는터라 기대않하고 봤는데 생각보다 재밌었음  김윤석이 하도 연기를 잘해서 ..
5, 보는 내내 짜증! 한집안의 가장! 아버지란 존재를 극한으로 초라하게 몰아가는 억지 상황들이 영 불쾌했다.
10, 재미 있게 본 영화임
10, 김윤석 배우의 활약이 멋진!!
10, 정경호 멋있더라
10, 너무재미있엇다!!정경호도 너무 멋잇게나왓고..김윤석은 진짜웃겨죽는줄알앗다 ㅋㅋ
10, 대박임 말이 필요없어요. 역시 김윤석님의 연기는... 그리고 개늑시에서도 빛났던 정경호의 연기가 다시 한번 빛을 발했어요^^ 결말이 완전 재밌으면서도 감동적인!!!!
5, 캐실망.. 조금 웃겼던 것 빼면 전혀 공감할 수 없었던.. 주인공이 아닌 탈주범에 감정이입이 되던 영화  탈주범이 너무 착하다. 더 잔인하구 못 됐으면 재미있었던 듯. 조형사가 더 나쁘다
10, 아버지로서의 긍지가 보인 영화 ㅎㅎㅎ
9, 부족한 영화는 없다 하지만 이 영화 캐릭터와 연기가 살아있는 제대로 된 영화다 탈옥수 역할이 왠지 모르게 동정심 생기고 탈출하길 바라게 되는 감이 있지만 김윤석의 안타까운 인생 역정엔 더 큰 기대감이생긴다.
8, 코믹 액션 스릴러 휴먼드라마 모든 장르를 조금씩 섞어놓은 심심풀이용 영화. 영화를 보는 그 시간 동안은 재미있다.
10, 어제 봤는데요.. 영화의 리얼리티가 너무 뛰어나서 감동했습니다.. ^^ㅋ
9, 적절히 녹아드는 스토리 좋고~ 군데군데의 섬세한 표현도 귿~ 거기에 빛나는 열연. 웰메이드의  절대 뻔하지 않은  좋은 영화!
10, 정말 기대이상^^ 김윤석이 찌개를 덮어쓰던 그 장면은... 정말 .... 굿
10, 영화관에있던 모든관람객을 웃긴영화
10, 정말 재밌습니다.김윤석씬 연기에 달인 같습디다.부부간의 상황이나 대화도 어쩜 우리네 가정 같은지 공감 합니다.너무 재미있고 감동감화입니다.일행8명 모두 재밌다고 얘기함
8, 주연배우가 주연역할을 잘하니 영화가 볼만할수밖에 없는 세상의 이치... 재밌게 봄...영화에서 자신이 원하는 %만큼의 재미를 얻었으면 족한거같다..어느 장르든 기대치는 다 다른법이므로..기대치보다 좋았다~
9, 쫓고 쫓기는 영화! 스릴있다. 추격자랑 비슷한점이 많지만 지루하거나 뻔하지 않았다. 120분을 느끼지 못했을 정도로 볼만한 영화~!! 소소한 웃음이 베어난다. 추격자처럼 무섭고 잔인할꺼 같지만 코믹함이 베어있다
9, 김윤석씨 여지껏 연기가 너무좋아서 봤는데 트렌스포머한테 좀 밀렸던 감이 없지않아있지만 두개다 본 저로써는 거북이한테 한표를 주고싶네요
9, 자극적인 장면 별로 없는데도 재밌게 봤습니다. 다만 송기태와의 추격신이 영화의 반이 지나서 시작해서 초반엔 좀 지루했어요. 정경호씨 너무 멋졌구요. 목소리까지^^ .연기자분들덕에 점수 올립니다.
8, 부담없이 즐길 수 있었던 영화. 갔던 영화관에는 유독 어르신들이 많았다.
8, 10점은 넘 후하고...최소 8점 이상은 주고 싶은  영화 김윤석 정경호의 연기 짱;;;오랫만에 웃었습니다.
9, 굿 김윤식 연기가 진짜 쏘 굿
10, 정말 재밋었다 ㅋㅋㅋ 추격자에서 부터 좋아햇지만 극에 몰입하게 만드는 배우다 ㅋㅋ
10, 영화에 대한 정보 전혀 없이 보게되었어요..기대감이 없어서 그랬는지 정말 시간가는 줄 모르고 잼있게 봤네요. 의도하지 않은 웃음  김윤석씨의 뛰어난 연기력. 이게 이영화의 백미이지 싶어요~암튼 최고예요^^
10, 간만에 즐겁게 영화 봤다! 최고의 영화
5, 연기는 최고였는데.....지루했음
10, 재밌고 김윤석 연기가 돋보였어요. 정경호 정말 멋있었음 여튼 10점만점에 10점짜리 영화.
10, 어제봤어요~~영화보면서 이렇게 집중하기는 오랫만..  연기 참 잘해이~~
10, 올해들어 처음으로 재미있게 본영화.. 정말 재미있었고 마지막 장면에선 뭉클한 감동까지.. 올한해.. 최고의 한국영화였다..
9, 재밌었다 다만 좀 허무한 느낌이 들었던영화
10, 완전 재미씀 일부러 웃기려 하는게 아닐하 그냥 툭툭내뱉는 말이 완전 폭소  김윤석%정경호 연기 굳!!
10, 현실감있는 형사 아저씨와 안타까워보이는 범인의 추격전. 현실적 결말에 조금 안타까움이 느껴지는 영화
6, 예고편을 추격자맹키로 해놔서 그쪽으로 기대를 했는데 전체적으로 일케 가벼운 코미디물일줄은 몰랐네요. 나쁘진 않았어요. 기대랑 달라서 실망이 좀 컸지만.
10, 와우
10, 솔직히 이 영화...망할 듯...했다. 왠지 느낌이 없는 영화랄까? 시험이 끝나고 친구가 보자고 쌩떼 부려서 돈 아까워-_-...; 하면서 봤다. 그런데...음...넘 재밌었다. 개웃겼다. 대박.....ㅋㅋㅋㅋㅋㅋㅋ 누가 5여?
9, 김윤석 연기가 정말 리얼하다 ㅋㅋ 시골 아저씨느낌 물씬 ㅋㅋㅋ 웃기기도하고 재밌었어요
10, 간만에 기분 좋은 영화 봤습니다..영화보고나서 기분 좋은건 진짜 오랜만이네요~ 끝까지 재밌어요..ㅋㅋ
8, 재미있습니다. 완젼 최상급은 아니지만요.
10, 10점 만점에 10점 ~~~~ 쉴새 없이 웃고 웃다가 울기까지한 영화~~ 김윤석도 최고지만 잘생긴 정경호와 영화에선 자주 볼 수없었던 견미리의 색다른 매력도 엿봤다~~~
5, 예상했던 내용  뻔한 결말.......
10, 액션신도 중간중간 나와서 흥미진진했구요! 등장인물들이 나름 웃긴 캐릭도 많아서 너무 웃겼어요 ㅋㅋㅋ 기분좋게~ 마음 편하게~ 볼 수 있는 좋은 영화라고 생각합니다. 대만족.
10, 타짜에서 연기력이 대단하다고 생각했는데 여전히 대단하시네요.
8, 기대안하고 봤는데 정말 재미있게 봤어요..트랜스포머보다 더 흥행했음 좋겠어요..^^
2, 그냥 드라마 한편 보고 나온것 같아요... 생각나는건 무술관장이 기절시키는 장면뿐....
7, 배우들의 좋은 연기와 탄탄한 스토리  올해 들어 주목받던 다른 영화들에 비해 훌륭했던 것은 사실. 하지만 사람들의 칭찬에 너무 기대면 실망스러울지도^^?
9, 배우들의 연기같지않은 자연스러운 연기 너무 좋았어요 2번 극장에서 봤네요
10, 9천원으로 오른 영화비가 아깝지 않았음~~^^ 역시 연기 잘하시는 분들이라 정말 잼있으면서 아빠로써의 마음이 느껴지는 영화였다
7, 약간 코믹스럽긴 했지만 지루하고 끝이 허무~_~
7, 그럭저럭~ 괜찮았음... 추격자 삘도 좀 나지만 그만큼 잔인하지는 않고 많이 순화한 느낌~
10, 너무 재미있었어요..처음보다 갈수록 더 재미있는 연기자들 모두.. 너무 연기잘해용
3, 재밋다는이야기를듣고 봤는데....정말실망했다.. 너무나도뻔한스토리와 주인공한명으로 영화가 사는듯한느낌이많이들었다.코미디라고도볼수없고 그렇다고 액션물로도 간주할수없는 어중간한..영화였다
8, 영화에 출연한 배우들이 너무 연기를 잘 해요. 영화의 내용이 조금 허술한 것 같지만 어쨌든 재미있게 봤습니다. 긴장감도 적당하고  마지막 탈주범과 형사의 결투 장면이 정말 짱!!
10, 보는내내 웃겨죽는줄알았음. ㅋㅋㅋ 근데 내조의여왕나오는 여자는 다방에 안어울려..
9, 다른 배우들도 좋았지만  김윤석 증말 훌륭한 연기다. 존경스러울 정도다.
9, 아 정경호ㅠㅠㅠㅠㅠㅠㅠㅠㅠㅠㅠㅠㅠㅠㅠㅠㅠㅠㅠㅠ멋잇어요       배우들연기짱!!!!!       재밌게봣습니당!@!!!!!
10, 아 완전재밌다!!!!!!!!!!!!!!!!!!!!!!!!!!!!!!!!!!!!!!!!!!!!!!!!!!!!!!!!!!!!!!!!!! 진짜 후뢰 절때안함  절때
10, 솔직히 애들이 보라고할때는 걍 .. 별로였는데 너무 기대이상이라서 좋았다 !! >< 뭐 밋밋하지두않고 배우들 연기도 죽이고 !!
9, 트랜스포머2보려고하다가그냥봤는데넘넘후회없고 나오면서추접스럽게눈물까지흘렸다는ㅋㅋㅋㅋㅋㅋ앞으로이배우들완전사랑할거임 중간중간에코믹스러운것도나오고되게인간적임 ㅋㅋㅋㅋ강추
10, 열심히 일해가는 시민들에게는 따뜻한 용기를 주고  코믹함으로 웃음을 주는 영화
8, 처음에는 좀 지루한감이 없지 않아 있지만 보면 볼수록 매력이 넘쳐나는 영화이다.김윤석을 비롯한 모든 배우들의 연기도 정말 굿이다.
10, 도시의 획일적이고 이기적인 면모의 영화들만 보다가 김윤석의 숭늉 같은 연기와 많은 배우들의 조금은 웃긴듯한 연기가 가슴을 따뜻하게 해 주었다. 조금 아쉬운 것은 정경호의 연기가 좀 만족스럽지 못한 것이다.
10, 처음 부터 마지막 까지 재미와 감동을 주는 영화 모든 배우들에 명연기가 완전작품으로 만든듯..김윤석 너무 능청스러운 완벽한연기 실존 인물인양 착각하게 만듭니다..넘 멋져요!나두10점!
9, 맛깔나는 출연진들의 연기! 즐거운 웃음과 나름대로의 감동까지 GOOD~
10, 넘 탄탄하다
10, 많이 웃으면서    잼나게 봤어요~ 가족들한테두    요거 보라구   권했다는... ^^ 가공할만큼    스피디한 전개는 아니지만    영화가   구석구석 맛나더군요...
4, 뻔한 스토리에 영상도 만족스럽지 않지만 배우들의 연기는 괜찮았다. 하지만 기대는 하고 보지 마시길....
8, 중간에 조금 늘어지기는 했지만... 실컷 웃었네요
10, 간만에  웃었어요  ㅋㅋㅋㅋㅋ
10, 재미와 감동을 동시에 담은 영화 너무 좋았어요
7, 의외의 재미가 있긴 하지만 너무 기대하고 보면 안되요... 기대 못한 재미가 괜찮았던 영화.. 결말이 맘에 들었어요.
10, 친구의 강요로 억지로 봤는데 올여름 영화중 단연 최고! ^^
9, 보다보면 징글징글해요  ㅋㅋ 언제쯤 잡게 될까  저사람 인생은 왜 저렇게 안풀리나 내가 속상하고 답답한데 그게 조필성의 삶처럼 느껴져요. 후회없는영화였어요!
9, 공무원 신분의 경찰관 생활이 너무 가난한  것과 탈주범이 너무 가까운 지역에 계속 얼쩡거리는 설정이 무리이긴 하나 마지막 경찰 악대행진곡에 눈물이 났다.
10, 현실적인 내용을 바탕으로 리얼한 액션에 가족애 비록 기한번 못쓰지만 남자다운 자존심과 수배범의 관한 다른 인상 정말 한번쯤은 꼭보고 웃고 즐길수있는 영화다^^
8, 조금은 세밀함이 부족한  하지만 배우들의 연기가 재미를 더하는 정말 재미있는영화
9, 김윤석 아저씨 밤에 거울보고 싸움자세 연습할때 ...견미리 아줌마 자다일어나서 하는말..  "XXXX한다.." 남편이랑 아직도 이거 애기하면서 웃는중..
10, 김윤석 아저씨 대박웃김ㅋㅋ주연조연 나름 둘다 웃기고 볼만 한 영화^^
9, 역시 보길 잘했다는 생각이~~ 재미있고 연기 좋았습니다!
10, 조연들 연기 최고..역시 김윤석이라는 배우의 힘..빵 터지는 웃음...ㅋㅋ
9, 5:5   그런데...누가5여?
10, 트랜스 포머 2 보다는 볼만 함
8, 재미있고 무난하게 볼 수 있는 영화
10, 웃기기도하고 감동적이기도하고^^ 재밌게 봤어요
10, 완전짱~~~~짱재밌어요~~~~~진짜과속스캔들같은느낌이랄까?되게코미디했구요 너무재밋었어요 ㅎㅎㅎ 이런영화만나왓으면인기는맡아논듯 ㅋㅋ
7, 역시 김윤석! 하지만 추격자가 생각나는 건 나뿐? 겹치는 캐릭터지만  역시 연기는 일품.
9, 재밌네
10, 와우.. 역시 한국은 이런류의 영화에 잘맞나봐..
5, 김윤석씨 개인적으로 엄청 좋아하지만...그냥저냥영화는ㅜㅜ...솔직히 졸려서 잤음...
10, 요즘 본 영화 중에 제일 괜찮습니다.. 지루하지 않게 코믹도 있고   기대하지 않고  봤는데 정말 괜찮아요  꼭 보세요   안 보면 후회해요
10, 그동안 볼려구볼려구 하다가 어제 봤습니다...  역시 김윤석이구나      정말 추격자때의 흥분이 보고나서 그대로 밀려오더군요...  간만에 신나게 낄낄대보기도 하고 ㅋㅋ 정말 재밌었습니다..
9, 재미있고 주연들의 연기도 좋았음. 정경호 멋있었어.
10, 정말정말 재미있고 웃고 슬릴도있고 감동 액션  나무랄게없다  흥미진진함 한번쯤은 꼭봐야하는영화다.가족 친구 애인 그누구도함께봐도 좋다...
10, 초특급.대박예감.이러케.재밌고.이러케.유쾌할 수가.마지막 앤딩조차.화려하게 웃길수가.탈주범과의 긴장감있는 싸움은 비록 미비했지만.김윤석이란 배우의 연기와 그 주변 친구들의 역할이.살아꿈틀댔다.최고!
10, 와우 ! 웃다가 놀라다가 ; 정말 끝까지 관객들에게 재미를 주는 영화였던 것 같습니다. 너무 좋았어요 !
8, 재밌긴 했지만... 추격자랑 캐릭터가 좀 겹치는거 같아서...약간 지루했어요^^그래도 소소한 재미는 있더라구요..ㅋㅋㅋ저는 솔직히 너무 기대하고 봐서 그런가.. 조금 실망^^;;
9, 처음부터 그렇게 많은 기대를 하지 않고 봐서 그런지  참  재미있었다. 이야기진행이 지루하지도 않고  ㅎㅎ
9, 모처럼 재미있는 영화를 보았다.  앞으로 많은 좋은 영화들이 나왔으면 한다.
4, soso
9, 생활고에 치이고 세상에 타협해가며 점점 소심해지는 중년가장의 자존심 회복을 위한 공감백배의 사투. 화려하지도 않고 어설프고 투박한 액션과 촌스러움에서 배어 나오는 웃음이 잘 버무려져있는 뒷맛 개운한 영화
10, 진짜 재밌어요!!!ㅋㅋ 시험 끝나고 봤는데 정말 스트레스풀리게 웃고 나왔어요 ㅋㅋㅋ
10, 짱임 ㅋㅋㅋㅋㅋㅋㅋㅋㅋㅋㅋㅋ정경호짱
10, 연기진짜잘하는듯합니다ㅋㅋ 특히 정경호 .......크악ㅜㅜㅋㅋ
9, 괜찮음
10, 연기력들 모두 짱이었어요. 소탈하고 구수한 사투리에 노숙자를 방불케하는 복장까지.. 겁나 잼나게 봤습니다.^^
9, 완전 재미납니다.
9, 재밌었음...
10, 별다섯개가 절대 아깝지 않은 영화였습니다. 잘 짜여진 영화에 정말 감사드립니다.
8, 내용이무겁지도 않고 가볍게 재밌게 볼수있는영화네요! 지루하지도 않고 감동도있고 좋았어요ㅎ.ㅎ
10, 너무너무  재미있습니다.... 주연배우들의  연기  정말 대단합니다....  역시  기대한만큼... 굿!!!!!1
10, 정말 연기 잘하시는듯..마지막 장면에서 완전 멋있었어요!! 거북이 달린다 짱짱!!
10, 이름만 유명한 스타 데려다가 찍은 영화 보다  좋은 배우 하나하나 알아갈수 있는 이 영화 최고!
10, 트랜스포머보다재미있는데 왜 트랜스포머보다 상영 횟수가 적지?..........
10, 배우들도 다 멋있고 재밌네요ㅋ
10, 엄청나게 스릴감 넘치고 배우들 연기력도 너무 좋아서 진짜 10점 줍니다!!!
8, 김윤석씨 팬이라 봤는데 역시 기대이상 그런데 정경호씨 연기력도 좋기는 했지만 뭔가 좀 1%로 부족한느낌?그래도 멋있었어요!!
10, 정말 10점 만점에 10점을 줄수있는 영화입니다. 안보신분들 꼭 보세요..특히 첫데이트 라던지 아직 서먹한 사이끼리 보면 나올때 서로 편안한 분위기 되있을겁니다.
8, 모처럼만의 영화였습니다 생활속에서 볼수 있는 한집안 가장이다 어떤 웃음인지 모르겠지만  유쾌한 웃을수 잇어 좋았습니다
10, 다들 연기를 너무 잘해서 스토리가 더더욱 빛이난다ㅎㅎ 중간중간 웃기기도하고 나보다 우리엄마가 더 웃겨서 난리던데? 오랜만에 볼만한영화~굿뜨
9, 이 영화. 화려하거나 요란하지 않다. 그러나 심심하지도 않은 .  누구하고나 편히 기분좋게 볼 수 있는 영화  
5, 절정분위가 미흡하게 너무 약한점이 아쉬운점
10, ㅋㅋ 좋다~ 재밌따ㅋㅋ
10, 편안하고 즐겁게 봤습니다. ^^
10, 완젼 잼있는데 재미없다는사람은 경쟁작 알바생(?)  영화는 영화로 보고 즐기는걸로 끝나길_ 부정적인 사람들_
10, 그냥 기대 안하고 갔는데 정말 재밌네요.. 특히 전 형사(김윤석)친구(이름모름) 캐릭터가 아주 유쾌했습니다..
10, 조금 신선한 소재인 것 같기도 하고... 음... 재미있었어요! 되게 긴장을 유지시키면서 실망을 주지 않는 다음장면 전개... 꼭 보세요^^
7, 그럭저럭..
10, 완전재미있어요! 소재가 참 좋은느낌을 받았구요   근데 쪼끔 잔인? 하다고 해야하나 여튼 정경호가 너무 멋있게 나와서  .. 대박흥행!!!!
10, 최고
10, 연기를잘하시더라구여^^재미와감동 형사의 악발이근성좋습니다^^
9, 요즘 판치는 할리우드 영화의 공세에 밀리지 않을 볼만한 한국영화!!!
10, 기대를 많이하고밧나...ㅎㅎㅎ암튼 그래도 재밋엇어요 정경호 멋잇구 ㅎㅎㅎㅎ
10, 잼나게 잘 보았어요 ^^
10, 정말 추격자의 뒤를이을 영화네영 ^^   본지는 좀됬지만 정말 끝내주는 영화였슴당
10, 정경호님 때문에 주말에 봤는데... 나쁜남자에 끌리더군요..ㅎㅎㅎㅎ 마지막이 아쉬웠어요.. 정경호랑 그 선우선??
10, 편안하게 볼수 있는 영화  주연 조연 박자 좋고 재미도 있는 영화 즐거운 맘으로 끝까지 좋았네요  우리나라 영화 끝의 흐림이 없는 깔끔 마무리  ㅋㅋ 영화 꼭 대박나세요!!
9, 좋았어요^^다만..잠깐 지루해질때가 있다는^^
5, 주연 연기는 볼만 한데 그외에는.. 어린이 하나는 사투리가 어색. 스릴러도 아니고 그렇다고 코믹도 아니어서 어느 박자에 장단을 맞춰야하는지도 모르겠고  내용도 이해할 수 없는 부분이 많음. 그냥 볼만한 영화
10, 걍 김윤석 짱 윤석 짱입니다요
6, 평점에 낚여 영화보긴 처음. 한달에 한두편 영화보는 나로서는  지대 낚인 느낌. 탄력없는 스토리  뻔한 결말  감동없는 사랑. 터지지 않는 코미디. 전반적으로 이도저도 아님.
8, 액션도진짜볼만하고 웃기기도웃기고 ㅋㅋㅋㅋㅋㅋㅋㅋㅋㅋㅋㅋㅋㅋㅋㅋ
10, 정말 흥미진진하고 재미있어서요 점점빠져드는 스토리에 ^^ 아아 기대했던거보다 완전 기대이상이여서요 ^^ 대박예감이에요
10, 정말 돈이 아깝지 않은 영화 입니다!!! 재밋게 봤어요!!출연진 분들도 연기 다들 너무 잘하시구요ㅋㅋㅋㅋ정경호씨 멋있음
8, 김윤석아저씨 역시 기대를 져버리지않으셨음.. 제발 우리나라 코미디 이렇게만 만들자 ㅠㅠ  오랜만에 입꼬리가 절로 올라가는 영화였다 ㅋㅋㅋㅋ
10, 연기잘하는 배우들만있어서 극에 빠져들수있어서 좋았다.. 소위 말하는 A급스타는 없었지만   영화는 최고!! 정경호씨 너무 멋있구.... 김윤석씨 역시 최고!!..... 거북이 달린다 화이팅!!!!!!!!!!!!!!!!!!!!!!!!!!!
5, 그냥 그저그럼.. 딱히 진짜 재밌다고할 정도는 아님.. 김윤석씨연기는 정말 일품
10, 진짜 너무 재밌음!
7, 배우들 연기는 괜찮았는데 스토리가 너무 뻔해서 긴장감이 전혀 없었음.. 전반부는 너무 지루했는데 후반부는 그래도 조금 낫더군요.
10, 두분다 너무 연기를 잘해주셨고 재밌어서 여운이 남는 간만에 좋은영화~!!
9, 추격자와 비슷한 소재를 갖고있다는거에 기대를 갖고 본 영화였다. 역시 기대의 어긋나지 않는 추격자보다 하나 더 추가된 장르가 있다면 코믹이라는 유쾌한 소재!
10, 처음부분은 지루했는데 갈수록 손에 땀을쥐게 만들던 영화. 재미있으면서 마지막엔 감동까지 ㅠㅠㅠㅠ 강추
9, 뭘볼까 고민 하다가 거북이 달린다영화가 재밌다는 말에 한번봐봐야겠다 했는데 보는내내 지겨울시간없이 정신없이 웃고 관객모두가 즐길수 있는 영화였고 정감가는 영화였다.
9, 정말 김윤석의 힘을 느끼게 한 영화다 그 사람은 분명 송강호처럼 크게 될사람같다. 영화 재밌게 봤다 강추
10, 김윤석님 연기 최고... 조연분들 연기 최고.... 최고!!
10, 일단 김윤석씨가 별 4개는 먹고 들어갔고  시작부터 마지막까지 훈훈하고 즐겁게 볼 수 있는 영홥니다~! 한국적이고 재밌습니다~!화이팅~!
0, 재미없음 ㅡㅡㅋㅋㅋㅋㅋㅋㅋㅋㅋㅋㅋㅋㅋㅋㅋㅋㅋㅋㅋㅋㅋㅋㅋㅋㅋㅋㅋㅋㅋㅋㅋㅋㅋ지루한대에다가 잘뻔햇음 ㅅㅂ
4, 여기저기 돌아다니는 국산 예전영화 썩어 놓은듯한.. 특별히 기억에 남는것도 없고  최근 국내 경찰영화들 다보신분이라면. 비추 함께본 친구들 모두 .. 기대이하라는..
9, 정말재미있게봣던거같아요 송기태역으로나오는'정경호'완전멋있고용ㅋㅋㅋ김윤석아저씨도카리스마있는연기최고였어용 ㅋㅋㅋ조연들연기도개성있었구요 ㅎㅎ
9, 꾸밈없는 수수한 연기들이 정말 매력적이에요~
10, 오래만에 즐겁게 본 영화.  역시 연기들 넘 잘하신다. 무지 강추입니다.
9, 기대 안하고봐서 그런가? 재밌든데~~~ ㅋㅋㅋ
9, 오늘 아내랑 같이 봤습니다...모처럼 웃고 옵니다...  현실적인 묘사가 웃음을 자아내게 하네요
10, 난 그 특공무술가르치는사람 너무조아 ㅋㅋㅋㅋㅋㅋㅋㅋㅋㅋㅋ
6, 기대를 너무 했나 봅니다. 그냥 그랬어요~
10, 너무재미있게 잘보고 왔어요!
9, 아.......정경호 좋아...............ㅠㅠ
10, 완전추천해요 막오늘보고왔는데 기대이상으로완전재미있구요 정말 완전추천이예요^&^
8, 볼만한 영화...
8, 코믹  액션이 어울리고.....반전에 반전이 거듭되는....
10, 포스터만보고 재미없을거라고생각했는데 이게왠일~? 완전짱이에요!!!! 김윤석이랑 정경호 연기짱! 기대이상이였어요~~ 내용도좋고 너무 재밋게봤습니다! 대박예감ㅎㅎ
10, 거북이 달린다 대박입니다요!!
5, 김윤석이란 배우 또한번 이런류의 영화찍으면 절대 안본다. 삼세번~추격자랑 뭐가 틀려~암튼 우리나라 영화 우려먹기는...조폭얘기 10년했다..
9, 제목의 의미를 몰랐는데 영화를 보면서 알게 된거 같아용 ㅋㅋ  그냥 본건데 정말이지 후회없는 선택을 한것 같습니다. 조금 아쉬운게 있다면 스토리전개구요ㅋㅋ  그래도 마지막까지 좋은 감동을 불러일으키네요 ㅋ
10, 저는 개인적으로 한국영화를 잘안보는편인데 전체적인 스토리와 중간중간웃음을자아내게만드는 게재미있었구 진짜 오랫만에 많이 웃었어요 감동과 우리의삶도 함께 묻어나는 좋은영화인거 같아요 강추강추
8, 배우들의 연기력에 놀랐고  아역으로 나온 아이가 너무 귀여웠습니다. 하지만 스토리 전개 상 다소 답답했던 부분과 말이 안 되는 부분이 있었던 것 같습니다. 하지만 전반적으로 재밌고 가볍게 즐길 수 있는 영화!
5, 조금 아쉽. 그래도 김윤석 때문에..
7, 평범한 스토리 전개...적당한 웃음...긴장감이 없어서 그런가...조금 아쉽다.
10, 재밌을까했는데~역시나 연기력도 감탄했다.... 또 보고싶어지는데?? 이런 영화가 대박나야된다는거~~~~^0^
10, 진짜 진짜 추천. 기대이상이에요! 한국영화최고 진짜 후회안합니다. 거북이달린다 대박!
10, 한국영화 죽지않아! 정말 재미있었습니다.
7, 주연과 조연 연기 인상적임. 특히 구수한 충청도 사투리와 쿵후관장의 캐릭터  양 주연의 연기가 인상적임. 다만 다소 느린 듯한 내용전개가 아쉬우면서도 영화의 특성인듯.
10, 영화참재밌게잘봤습니다.사람들마다웃음코드가다르니재미없으신분들도있겟지만재밌었습니다.
10, 꼼꼼하고 치밀한 스토리와 누구 하나 거슬리지 않는 연기력. 돈 내고 본 걸 후회하지 않아요.
10, ㅋㅋㅋㅋㅋ 보는 내내 웃었어요 ㅋㅋㅋㅋ 끝이약간허무한거빼고 완벽해요!!!!!!!!
10, 정말 정경호 멋있드라 ㅋㅋ  영화도 재미있었구
9, 영화내용이고 머고를 떠나서...김윤석씨...넘 매력있는배우..^^
10, 다들 웃으며 영화관을 나가던데요~ 전체적으로 너무 맘에 드는 영화 ^^
10, 정말 연기라도 느껴지지 않을 만큼 능청스런 연기 최고입니다
10, 어제 보고왔는데 난 영화보는중에 알았음 아 이거 연기하고있는거지 하고  엄청나게 몰입하게되고 배우들 연기력이진짜 장난아님 특히 마지막쯤엔 ㅎㄷㄷㄷ
10, 전 원래 영화 기대도 잘 안하고 아무것도 모른 채로 보는 편이라 진짜 너무 재밌었어요 ㅋㅋ 현실적인 상황과 대사에서 나오는 큰 웃음 ㅋㅋㅋㅋㅋ 주연 조연 할 것 없이 진짜 연기 다들 잘하시고 정경호 캐색시 ㅠ
10, 쵝오!!
9, 기대 안 하고 봤는데 재밌음...ㅋㅋㅋ
9, 재밌고 감동적이고 웃기고  김윤석님께 박수를보내면서^^
10, 지금까지 본 영화중 최고라고 생각합니다..김윤석씨의 물흐르듯..자연스러운 연기..정말 최고죠..사람들이 추격자와 비교하면 많이 부족하다고 하는 소릴 듣고 봤는데요..전 거북이 달린다가 훨씬 재미있었네요.
9, 원래 감독의 의도였는지는 모르겠지만  전 개인적으로 김윤식씨가 포기하지 않고 기어이 범인을 잡는 모습이 인상적이었습니다. 삶은 저렇게 포기하지 않고 끊질기게 살아야하는가보다란 생각을 했습니다.
8, 재밌어요 ^^
0, 아 말이안된다 왜욕이나오고우리의생각에안좋은것을 넣을까?아 정말 그렇다.
10, 유쾌하고 시원한 영화 김윤석의 놀라운 연기력에 박수
10, ㅋㅋㅋㅋㅋ너무재미있따
9, 기대를 안하고 봐서 그런지 생각보다 좋았다 ^^ 배우들 연기도 좋았고  중간중간 재미를 주는 부분도 많고 !!
10, 끝까지 재미있는 영화였습니다^^ 김윤석 대박 배우~
9, 엔딩이 확실해서 깔끔하네요..  살인의추억이나 추격자에 비해 스릴이나 긴장감은 좀 덜 했던거 같아요. 그래도 엔딩에 대만족 ^^ 볼만 합니다 ^^
10, 우와 훌륭했땅  돈이 아깝ㅈ ㅣ않았다
9, 최근 관람한 영화중 젤 재미나게 본 영화 대박행진!!!!
8, 즐겁게 본 영화~연기도 잘하고! ㅋㅋ 돈이 아깝지 않은 영화였어요~!
8, 감칠맛 나는 뛰어난 연기와 탄탄한 스토리 구성이 돋보이는 영화입니다. 정말 재밌네요.
10, 기대하지 않았던 잔잔한 흐름과 유머가 좋다
9, 어려울때 함께해준 동네 양아치들 난 너희들이 좋다!
10, 실망시키지않는 명품배우 김윤석
6, 미장센이나 액션이 빛나진 않더라도  충분히 즐길만한 킬림타임용 영화!
6, 사람들이 그랬다. 나도 그랬다.  탈주범이 젤 멋지다고
7, 재밌긴했는데 좀 질질끄는것같았다 자꾸 시계만 보게되고   ;; 그냥 평범하고 그냥그냥 볼만한 영화    막 재밌어서 추천할정도는 아니고 ㅋㅋ
9, 나오는사람 다 연기좋고 무엇보다 잼나고 ㅋ
8, 배우들의 연기는 정말 볼만했다... 하지만 내용이 너무 밋밋했던건 아니었는지... 그래도 보고난 후 기분 좋아지는 영화이긴 했다.
8, 기대 이상의 영화였다. 심각한 내용이지만 코믹한 내용도 있고 마지막에도 기분 좋게 나올 수 있는 영화였다.
8, 정경호가 그렇게 멋있는지 여태 왜 몰랐을까 ㅠㅠ 하는 영화 ㅋㅋㅋ 완전 팬 되버렸음 ♥ 현상범이어도 좋아 힝힝힝 ㅠ 영화는 볼만했답니다 ㅋ
10, 진짜 오랜만에 살인의추억이후에 제대로된 영화를 봤습니다. 정말......대박인듯? 김윤석씨 또 추격자같은역일까 하고 걱정했는데 전혀 다른캐릭터네요. 멋져요 멋져
9, 지금막보고왔는데요ㅋㅋㅋㅋㅋ잔잔히계속웃겼어요ㅋㅋㅋㅋㅋㅋ마지막에감동도좀있었고ㅋㅋㅋㅋㅋㅋㅋㅋ맞는장면인데도왜그렇게웃기던지ㅋㅋㅋㅋㅋㅋㅋㅋ
10, 정말 오랜만에 기분 좋은 영화봤습니다 저도 평점쓰긴 정말 처음 ㅎㅎ강추에요~
10, 진심재밌었다 ㅋㅋ 친구들이랑 방학내내 지루했었는데 진짜 재밌는 영화!굿굿!평점쓰기도처음 ㅜㅜㅋㅋ
8, 여성관객들이 더 좋아라 하더라고요...뭐 정경호가 나와서도 그러는것도 있고...빵빵터지는 재미가 있어서 그런지도...ㅋ저두 좀 재미있게 본 영화...^^
8, 추격자에 비해 좀 시시한게 있는것 같다.. 그래도 재밌었다^^ 이것이 18세와 15세의 차이란 말인가.....
7, 살인의 추억도 좀 나오고 추격자도 좀 나오고 공공의 적 1 도 나오고 어디서 좀 많이 본듯한 스토리 전개.... 평범한 한국 영화......10점은 아니다 정말
8, 지루하지 않구 중간중간 빵터지게 해서 좋았어
8, 재미있고  볼만했음~ ㅋㅋㅋㅋ
10, 짜임새가 아주 탄탄한 영화라는 생각 듭니다. 연기력도 그렇게 제법 볼만하네요.
9, 기대 안하고 갔는데 재밌어요ㅋㅋㅋㅋㅋㅋㅋㅋㅋㅋㅋ 정경호씨 보는 맛도 있고
8, 의외로 괜찮았던... 정경호씨가 멋찌게 나와서 좋았던.ㅎㅎㅎ
7, 스토리 부실 선우선 역할 미미  결론 시시  출연자들의 연기가 살린 영화
5, 뻔한경찰이야기   찌찌리같은 짭새들  내내 짜증났네 ..
10, 무지무지재미있어요 기대이상 ....
1, 평점보고 재밌겠다 하고 봤는데 정말 실망이었슴..이런 곳에도 알바?라는 걸 쓴다던데 이 영화가 그런것 같아요 평점은 높은데 영화는 정말 무미건조..지루함 이었어요 영화보다 하품한건 이 영화가 첨인것 같아요
9, 연기 일품이고  마케팅홍보가 크게 없었던 것 같은데 입소문이 자자~ 굿!!
8, 주인공아져씨는 진짜 연기 쵝오다..글구 정경호 씨도 다시 보게 된영화? 솔직히 드라마 주연급에 몇몇 봤을땐 눈도 안갔는데 말없이 연기 하는거보고 완전 멋있던.. 목소리도 마스크도 좋은데왠지둘이섞이면 별루;
9, 대박
10, 재밌고 좋은 영화입니다. 어제 두 번째로 영화를 봤습니다. 스토리도 구성도 좋은 영화라고 생각합니다. 배우 김윤식님의 연기가 돋보였습니다. 김윤식님의 연기가 보고 싶어 또 영화를 찾을지도... 왕대박 기원!!!
9, 재밌었어요. 마지막이 넘 빨리 전개되서 좀 아쉬웠어요..ㅋ
1, 이따금씩 웃겼던 대사 빼곤 뻔한 스토리였음.
9, 중간 중간 지루한 감이 없진 않았지만 나름 재밌게 봤습니다. 김윤석씨의 연기덕에 영화가 한층 산듯 하네요 ~ 역시 실망시키지 않았어요!
10, 간만에 좋은 영화봤다! ㅋㅋ
10, 오늘봤는데 잼있어요ㅋㅋㅋㅋ
9, 김윤석의 능청스런 연기가 탁월했어요....근데 범인이 더 멋있어보이는 ㅎㅎㅎㅎ
9, 지인분끼리 예매권으로 재미나게 보고왔네요..다들 평들이 재미나게 보셨대요~^^
10, 이야~ 좋다 ㅋㅋㅋ
9, 잼있었음
3, 드라마 보다 재미 없었습니다. 왜 이리 점수가 높은지 이해가 안가네요 뻔한 스토리에 뻔한 형사얘긴것 같아요.
9, 배우 김윤석님의 연기를 맘껏 감상하고 왔습니다ㅋ 완전 배우 김윤석님의 영화죠ㅋ 정경호님의 멋있는 연기와 조연들의 연기가 빛을 발했습니다. 뻔한 결과였지만 마음 편히 봤습니다. 화이팅!!! 대박나라~
10, 오랜만에 잼난 영화였습니다.  김윤석 배우 연기 쪼ㅇ~ㅏ요.
8, 조필성이 친구로나오는 용배(신정근)는 유해진의 뒤를 이을것이다...꼴때려...
10, 지루하지 않은 전개와 긴장감 넘치는 장면..웃으면서 시간을 금방 보낼수 있는..다른곳에 눈을 팔수가 없는 영화였다..역쉬 김윤석씨 연기 잘하십니다~쵝오!!
10, 추격자 만큼만 하길 바라고 봤는데  개인적으로 그보다 좋았습니다. 추격자가 너무 무겁다면  좀 가볍게 볼 수 있어서 좋았습니다. 이 영화 대박나면 정경호씨 많이 뜰 듯..김윤석씨가 최고의 연기자임을 다시 확인.
10, 보는내내 정경호씨의 멋진 모습과 김윤석씨의 기대를 저버리지 않는 연기에 완젼 감탄하고 또 감탄했어요!! 근래 영화중 최고 !!
10, 영화예매권에 당첨되서 엄마랑 같이 봤는데 오랜만에 정말 재미나게 웃고 나왔습니다. 엄마도 재밌으셨다고 하셔서 저도 기분 좋네요^^ 대박 흥행ㅋㅋ
10, 너무 잼있습니다. 남편이랑 심야영화로봤는데 김윤석 아저씨 너무 자연스러워서 안스럽고..탈주범이지만 너무 멋있어서미워할수가 없는 정경호씨~ㅋㅋ너무 잼있어여^^꼭 보세요~
10, 욕도 많이 나왔지만  정말정말 재미있었어요!특히 김윤석 너무 웃겼어요~~~^^ 간만에 스릴넘치고 웃긴 영화 봤네요~~
10, 영화에 빠져들게 만들고 보는내내 즐겁게 해줬기에 10점 쾅쾅!!!
10, 진짜 재미있었어요! 극장에서 사람들이 막 웃고~흥행대박 날 거라고 생각해요! 7급 공무원도 그렇고.. 진짜 한국영화 자랑스럽습니다^^
10, 정말 재밌었습니다....절대 돈 아깝지 않은....그냥 재밌다는 입소문 듣고 보러갔는데 역시 한국영화 재밌습니다^^
7, 재미도 있고.. 스토리도 있는데... 난... 지루함도  좀 있더라..
10, 주연의 멋진 연기력과 조연들의 숨은 연기들이 합쳐줘서 멋진 영화가 만들어진것 같습니다. 정말 재밌게 잘봤습니다. 웃기도 많이 웃었어요.. 조연들 때문에 특히 많이 웃었습니다^^
7, 역시..올해 한국영화 1등은..똥파리!!
10, 연기도 너무 멋지고 내용도 잔잔하니 잼있어여ㅋㅋ 기대이상으로 괜찮던데여^^
9, 배우들의 연기력은 정말 최고다!! 최근 극장개봉 영화 중에서 제일 잼있었다
10, 정경호가 범인이지만 너무 멋있었음~
10, 트랜스**2보다 훨 낫다..
9, 전혀 기대 안하고 본 영화~~ 정말~~~~~~~잼나게 봤어요~~조조할인으로 저렴하게.. 팔천원 주고봐도 전혀 아깝지 않은 영화에요~ ㅋㅋ잼났옹
9, 김윤석 아저씨 연기를 좋아해서  보러간 영화.. 내용은 거북이 날다~ 제목 그대로에요~ 처음부터 화려한 액션은 없지만 조금씩 천천히 잔잔한 웃음으로 가다 큰웃음과 한방이 있는 영화~
8, 볼만해요. 이영화 잘될겁니다.ㅋㅋ
10, 김윤석 멋있는 배우...
10, 최고! 앞으로 김윤석은 무조건이다!
10, 정말 보는 내내 웃었고  기분이 참 좋아졌습니다. 제가 좋아하는 장르가 아니라 망설였는데..우와~진짜 좋은영화 놓칠뻔 했네요!! 선우선 때문에 봤는데~ 정말 대만족 입니다.
5, 추격자를 본 사람으로써 너무 기대를 하고 간걸까요?;;;솔직히 실망했습니다ㅠㅠㅠㅠ네 배우들 연기는 뛰어납니다 맛깔납니다 그래서 그냥 볼만은 한데 솔직히 코믹도 스릴도 휴먼도 뭐....ㅠㅠ어정쩡하네요
10, 별 기대없이 봤는데  재밌었어요. 엄마랑 같이 봤는데 만족하셨어요. 세대를 아우르는 좋은 영화네요^^
9, ㅋ
10, 가족애가 묻어나는  가슴 찡하면서도 웃음을 동시에 선사하는 영화..!! 올해 본 영화 중 최고였음돠!! 완젼 강추!!!! *^0^*
9, 김윤석씨 연기 정말 제대로임 영화도 재밌게 봤구요 ^^ 좋습니다
10, 우왕 진짜 재밌어요! 친구들이랑본영화중에 칠급공무원이 젤재미있었는데 거북이달린다가 더 재밋는듯 후훗
9, 가벼운추격자의 느낌
10, 처음부터 완전 재밌고 연기 완전 리얼하게 잘해서 실제에서 있을법한 그런 느낌!!김윤석 연기 진심 잘하고 완전 제일 웃김...그 외 조연들도 다 연기파라 진심 볼만한 영화!!!강추
10, 웃음 액션~스릴~흥행~~다 갖쳤네요~~간만에 한국영화 짜~~ㅇ
0, ???
9, 재미있게 봤습니다. 몸을 사리지 않는 김윤석의 연기도 좋았고  정경호도 멋있었어요 눈이 즐거워요
10, 진짜굿굿굿~ㅋㅋ중간중간에 재밌고!!! 김윤석은정말....ㅋㅋㅋㅋㅋㅋㅋㅋGOOD
10, 쉴틈없이 빵빵 터지네요ㅋㅋ 올만에 잼난 영화 봤습니다 근데 그 탈주범 정경호씨가 미안하다 사랑한다에 나온 그분 맞나요?? 정말 간지 그자체 ㄷㄷ~
10, 기대 이상으로 재미있어요^^ 정경호 완전 멋있어 ㅠㅠ
10, 진짜 재밌어요~
1, 아직 뭔가 미흡함
10, 정말 시간 가는 줄 모르고 재미있게 보았던 영화입니다 주인공들의 연기력과 내용 설정과 코믹스러운 부분도 굉장히 재밌었어요!!!! 짱입니다!!
10, 쵝오~~ 김윤석 짱!! 유쾌했어요 ...  캐스팅 좋아요~~
10, 갑갑한  마음으로 극장을 갔는데 통괘한 맘으로 돌아왔읍니다   김윤석씨연기 볼때마다 넘 좋읍니다  재미있고 추천하고 싶습니다
10, 보는내내 실실거리면서 웃기바빴어요ㅋㅋ 정말 기대이상이에요
10, 정경호 ♡
10, 정말 최고였어요!!! 왕>


																							2009.06.27  17:28
																					
신고하기

삭제
10, 재미있음
8, 김윤석씨의 정말 자연스럽고 순간순간 현실적인 연기 대답합니다 그주변의 일행들의 웃음나는 연기도.. 하지만 분명 송기태와 조필성의 어느정도 역활에 반반 상황이야기를 조금은 예상했는데.. 송기태쪽의 내연녀도 그렇고 연기가 너무 어색하내요 하나의 영화를보는데 연기스타일은 반반.. 그래도 역시 김윤석씨의 조필성연기는 최고였습니다 ^^
10, 정말 무조건 상상이상!! 별로 기대안하고 갔는데 정말 정말 완전 재밌었던 영화..어제 봤는데 진짜 상상을 초월하게 재밌었음.ㅋㅋㅋ 정말 영화 잘봤다는 생각든다.. 연기도 진짜 잘하고..진짜 대박났으면 하는 영화
10, 김윤석배우 대단한거 같아여 몇년전 아침드라마 하희라 남편으로 나왔는디 완전 바람둥이역할을 실감나게 하시길래 그때부터 좋아했는데 이분 나올때마다 멋있구 연기를 실감나게 하시는거 같아용 거북이 달린다최고
10, 옥순이 짱~~별 기대 없이 봤는데  주 조연 할 거없이 모두 기대 이상....입소문 좀 나서 대박나길...!!!
10, 이 영화 완전재밋어여!!!!~꼭 대박날꺼에영~
9, 트랜스포머만 아니면 관객이 꽤 들어올텐데~~
10, 유쾌하고 잘 만든 영화네요. 김윤석의 차기작이 기대됩니다. 그리고 무서운 아내역의 견미리씨 연기도 참 좋았어요~!
10, 연기  배우  스토리  구성  화면  음악 등등등 뭐 하나 빠지는 게 없는 내세울만 한 한국영화!
9, 모처럼 마음편히 웃게 해준 영화 였습니다. ^^ 삭막한 요즘시대에 한줄기 웃음을 전해준 영화 강추입니다.
7, 재미없을 줄 알았는데  은근 재밌었어요.ㅎㅎㅎ
10, 정말 주연부터 조연까지 이게 바로 연기! 김윤식씨 연기도 좋았지만 정경호씨도 연기 정말 잘하시던데요 ^^ 내용도 기대도 안 했는데 재미써뜸-
10, 좋았어요. 사슴문신이 대사가 좀 적지 않았나.....
10, 처음부터 끝까지 집중하면서 본 영화. 중간 중간 웃음 포인트가 너무 좋았음. 다들 연기도 잘하고^^ 간만에 평점 많이 많이 주고싶은 영화
9, 재밌었어요 연기도 굳!
10, ㅇㅏ오 진짜 대박 망설이지말고 언능보센 ㅋㅋㅋㅋㅋㅋ 캐짱잼잇음
7, 그런대로 재미있음...
10, 정말~정말~재미있었다...
10, 와우~!!넘 잼나게 본 영화....모든 연기자들이 하나같이 연기짱!!!!!!
8, 좀 높게 평가된 거 같아. 볼만하긴 했지만.. 최고라 하긴 부족한 거 같다. 아주 재밌는 것도 아니고 액션씬이 아주 끝내주는 것도 아니고.. 요즘 볼만한 영화가 없어서 선전하는 중인거 같음
9, 정경호의 어이상실 액션씬만 빼면 굿~!!
1, 친구가 보자고해서봤는데 저랑은 안맞는영화더군요.지루해서 졸음이....
10, 김윤석의 연기도 볼만하지만 극의 연출이 일품입니다.  너무 무겁지도 않고 간간이 터져나오는 웃음과 시골형사이면서 쩔쩔매는 남편  그리고 자식을 사랑하는 아버지에 대한 연민도 곁들어진 잼나는 영화입니다.
8, 현재 관객 평점만큼은 아니지만 그래도 잼있게 봤습니다
10, 정말 잼나게 봣어요배우들의 연기도 끝네줫어요... 흥행예감보다도 더해 분명 대박이며 왕대박 날거에요.... 한국영화 화이팅...
9, 애구 어른이구 연기 죄다 잘함...굿!
10, 버릴게 하나도 없는 꽉찬 영화
10, 개봉할때 진짜 기대않했고 안봐야지 했다가  요즘 트랜스포머 빼곤 볼것도 없고 해성 .. 또 평점도 좋길래 봤는데 진짜 기대이상이네요!!!!!!!!!!!! 원래 코믹물 극장에서 돈주고 보기 아까워서 거의 안보는뎁 ~
10, 재밌어요진짜ㅋㅋㅋㅋㅋㅋㅋㅋㅋㅋㅋㅋㅋ
9, 추격자와 비슷한 류의 영화지만 해피 엔딩이라 보고나도 기분이 좋아지는 영화입니다. 보는 도중 3-4번 푸하하 웃었습니다.
10, 훈훈하고 좋던데요 ^^
10, 재미있게봤어요~
10, 잼있어여^^
9, 김윤석의 연기도 자연스럼 잔잔한 웃음도 나고 잼있었다.
5, 재미도 없고 지루해요..돈도 아깝고..우리나라 관람평의 수준이 왜 이렇게 됐나요
7, 뛰어난 배우한명이 영화를 살렸다 라는 어느 전문가의 평에 완전 공감이 가네요. 식상하고 진부한 스토리..
10, 기대없이 봤는데 정말 재밌네요. 마지막에 김윤석씨가 당당하게 제복차림으로 운동장에 들어설때는 저도 막 박수를 치게 되더라구요 ^^ 그냥 맘 편히 웃고 싶으신 분들께 강추!ㅋ
8, 정말 재밌었지만 그래도 약간 아쉬움이 남으니까..8점 ㅋㅋㅋ
10, 꼭 보고싶은 영화...트랜스포머보다 더 기대되고 있어..ㅋ
10, 완전 웃음주는 영화였습니다 김윤석씨!!!!!.... 좋아하는 배우가 나오는 영화라 더욱 좋았고요 흥행꼭 될것입니다 ........아자!!!!!
10, 김윤식 아니면 이 영화 못살렸다. 정말 재미있어요. 강추! 망서릴필요없이 바로 고고!!! 진짜 간만에 재미있는 영화 봤어요.
0, 알바들땜에 0점준다
10, 완전 웃겨죽는줄 ㅋㅋㅋㅋㅋㅋ
10, 아 진짜 오랜만에 재밌는 영화ㅋㅋㅋㅋㅋㅋ 보는내내 웃음이...ㅋㅋㅋㅋ 마지막엔 감동에... ㅜㅜ
10, 별10점! 재밌었다. 추격자는 잔인하고 불쌍해서    이게 낫다.
10, 10점 만점에 10점~새벽에 동대문 메가박스에서 봤는데..졸려서 제대로 안들어올줄 알았는데 잠은 다 깨버리고 혼자 실실거리고 있는 나를 봤다~
9, 그냥 생각없이 봐봐 그럼 몰입이 된다..강추
10, 코미디추격자?! ㅋㅋ 연기도 빛나고...약간의 감동도 주는...가벼운 웃음을 주는 최고의 영화~!!
10, 정말 억지로 웃기는 웃음이 아닌 ㅋㅋ 자연스런 웃음을 준 영화 늘어지지 않는 스토리 전개에 긴박함도 조금 있어 줬고 여튼 쵝오
9, 큰기대하지 않고 봤는데 꽤 괜찮았다. 최근에 본 한국영화(박쥐 마더 7급공무원등)보다 나은 것 같다. 시골형사로 무능한 남편과 무능한 아버지로서의 고민등 내용면도 괜찮고 오락성도 어느정도 있고  영화값 충분~
10, 오랜만에 좋았던 영화
9, 아 기대안하고 봐서 그런지 재밌음 블러드 보고 바로 본거라 너무 비교..ㅠㅠ
8, 추격자처럼 잔인한 장면이 많이 나오질 않아서 마음을 좀 놓고 볼수 있었어요. 시골형사라고 무시한 도시형사들을 제치고 끝까지 송기태를 잡으려는 조필성의 끈질김에 반했어요
9, 오랜만에 잼이 있게 봤다....요즘 한국영화 순위로 일등...트랜스 포머보다 낫다.. 요즘 같이 힘들떄 보면 좋은 영화...
10, 질척이지않고 깔끔하고 재미는 물론 감동까지 있습니다. 각자의 입장에서 해석하기 나름이지만 돈을 받아 사건을 해결하기위해 쓰는것도 가정을 위해 최선을 다하는 모습도 정말 뿌뜻했습니다. 좋은 영화 감사해요
10, 잼있어요 ㅋㅋㅋ
9, 잼 있어요..나름 추천..합니다..
8, 달리고~달리고~ 또 달리는 !! 추격자에 이어 또 달리시는 그분! 그 분이 있기에 함께 달리고픈 영화!!
5, 사람들 생각이 정말 저마다 다르네요.. 평점이 이렇게나 좋은데...저는 보고나서 5점이나 6점이 적당하다고 생각했습니다..지극히 무난하고 평범한 드라마와 연출..많이 아쉬운 영화입니다.
9, 기대를 전혀 안하고 봐서 그런지 괜찮은 편이었다. 티비에서 하는 선전 봤을 때는 별로 안 보고 싶었었는데  지인의 추천으로 보았더니 괜찮네. 김윤석씨 연기력은 두말할 나위 없이 좋았고  마지막 장면에 감동~!
