6, 그저 그렇네요
7, 한국대펴 스포츠 영화
6, 국가대표라고 해서 다 같은 국가대표가 아니다. 인기 종목이냐 비인기 종목이냐에 따라 훈련할 수 있는 환경의 질이 달라진다. 아무리 세계 무대에서 금메달을 따도 관중의 관심과 애정이 없이는 발전할 수 없다. 스포츠의 투자는 없고 선수층이 얇은 상황에서 메달을 기대한다는 건 욕심이다. 언제까지 운에만 맡길 것인가
10, 아름답고 감동적입니다
4, 진부하고 전형적이지만 킬링타임용으론 나쁘지 않다.
7, 코리안 쿨 러닝  아름다운 도약.
7, 유쾌하다가 감동적이다가  여기서 조진웅을 처음보고 넘나 내스타일
10, 코끝이 찡해지는 영화
10, ...
10, 감동적이고 좋네.
9, 감동감동
10, 오~ 840만신화답게 꿀잼임
7, 그럭저럭
8, 우리나라 국가대표의 현실을 잘 반영한 영화! 아쉽게 천만 돌파를 못했지만 재미있고 감동적으로 감상했습니다. ^&^
10, 양띵이랑 일산가서 본 영화 그때가 좋았지 함께 있는게 행복했는데
10, 10점도 모잘란데
10, 꿀잼~~!!!  웰케 우끼고 웰케 감동적이냐구~~~^^
9, OST부터 케릭터 까지  내겐 참 유쾌한 영화.
10, 스포츠는 각본 없는 드라마
10, 오랜만에 너무 재밌고  기분좋은 영화를 보았네요.
10, 정말 감동적입니다!
10, 하고싶어요제발보내드립니다!
6, 스토리가 2% 부족하다. 신파적 요소도 있다.
7, 정말 좋은 시기에 나온 영화
10, 다시 생각해도 인생영화
6, 괜찮은 스포츠 영화지만 감동은 우생순만 못함.
5, 감동은 있지만 꾸준하게 기억에 남을영화는 아닌듯...하지만 스키점프를 보면 생각 나는 영화.
3, 이렇게 유치할 수가....
10, 내 인생영화라고 할 정도로 감동깊게 본 작품중 하나
10, 영화에 스키점프를 알게된건 무한도전 에서 나오는 쿨러닝 이후 한국영화 최초 였다.비록 쿨러닝은 못봤지만 국가대표를 보니 처음에는 웃음 마지막은 눈물이 나는 공감이 되는 영화다.그리고 이영화는 850만이 아닌 천만이 될만한 영화라고 생각하는데 그래도 재밌으면 다행이다.
9, 잘만든 한국판 쿨러닝. 마음까지 시원해졌다.
5, 돈 좀 벌었나 보다.
8, 이색종목이지만... 그 종목에 빠지게 해주는 매력이 있다.  그리고 영화가 재밌다.
1, 어색 설정
9, 좋아요
9, 영화관에서 보고 티비로 다시 봤는데  연기도 좋고 감동도 적절히 묻어난 괜찮은 영화!
8, 다시봐도 감동.. 이런 소재면 뻔한 영화가 될법한데 진짜 희한할 정도로 재밌게 잘 만들었다  주제가도 역대급
9, 열악한 환경을 잊게하는 자유로운 영혼의 비행  그리고 대표라는 책임감
8, 감동과 코믹을 잘 버무린 영화
5, 예전 미녀는 괴로워가 더 좋은듯 공감을 하면 다행이지만.조금은 억지스러울수도 있는 트릭과 조금씩 처지는 탬포는 마지막에 와서 짜증나고 상당히 지루했다
7, 대한민국 스포츠 영화의 눈부신 활공.
10, 영화 채널에서 재방송 볼 때 마다 마지막 공항신에서하정우 연기에 눈물이 흐르네요^^참 따뜻한 영화입니다^^
10, 재미있게 봤었죠
6, 그저 그랬네요
10, 내용도 좋구 넘 감동적임 넘넘 잼잇게 봣어요 굿
10, 내인생의 명작 갓국가대표
10, 지금봐도 명작이다.. OST너무 좋다. 이걸 저평가 하는사람은 무슨 생각으로 한건지....
10, 잘 만든 스포츠 영화!! 하정우 감탄스럽다..ㅠㅠ 정우 오빠 사항해!!♥♥
10, 정말 잼나게 봤어용
7, 소소한 재미를 가진 영화.
7, 재미있게는 봤지만... 쿨러닝을 거의 그대로 배낀듯한 느낌이 든다....
7, 뜨거운 도전
0, 마이너스 평점은 없는건가?  어색하고 억지스럽다.
10, 이영화가 억지라는분들은  참비관적생각이많으신듯 ...그러나이영화스토리도 꽤괜찮구몰입도괜찮구 연기자들도괜찮앗구...근데지금와서생각해보니 전에티비돌리다이거하는거봐서보긴봣는데  메달못따니  바로  덮어서  온국민모르게  이스포츠한지도모르게덮었었네ㅋㅋ그래도 영화로   덮은거내보내주고ㅋ
10, 잘 봤습니다.
5, 웃음강요  감동구걸  신파남발.
10, 너무 재미있다
9, 처음 전개될 때는 조금 어설프고 설익은 느낌이 들지만 중반 이후 스포츠 고유의 흥미로 몰아가면서 영화 전체가 살아난다. 이 정도 만들기도 쉽지 않다. 미국적이면서도 한국적이다.
9, 김동욱은 참 연기를 잘해
10, 진짜 좋고 잘만든 영화 누군가도 해낼수 있다
9, 영화를 보며 심장이 두근 거린것은 처음이다.
10, 자신의 하고자 하는 일에 열정을 갖는 모습  실화라는 것이 좋다
10, 7굿
8, 국가대표가 국가대표인 이유
10, 과장되었지만  스포츠를  고위직어른의  출세욕.성취욕에  이용당하는 현실은  사실이죠
10, 이거보면 왜이렇게 기분이 좋아지고 따뜻해지지?..
8, 저예산으로 잘만든 히트작이다
9, 김용화감독께 찬사를 보낸다. 이런소재로 이렇게 만들다니.
8, 아직도 배경음악이 귀에 맴돈다~
7, 약간 진부한 설정. 그러나 재미있었습니다.
10, 초대박 OST와 연출...최고다.
10, 성동일의 감초 연기와 뻥 뚤리는 OST가 압권. 어려운 상황속에서도 노력하는 모습이 아름답습니다
6, 나름 볼만한영화
10, 잘 만들었다
10, 날 울리게 만들었던 영화
7, 관객을 쥐락 펴락하는 감독의 재주
10, 국가대표 짱
7, 신선감이 많이 떨어진 영화였던것 같다. 마치 외국의 어느 영화를 재탕해서 보는듯한... 영화의 배경이된 당시의 상황도 너무 많은 과장된 연출로 인해 식상하다. 보다 창의성있고 순수한 우리만이 가지고 있는 장르의 영화가 나왔으면하는 바램을 갖어본다.
10, 평점 조절 같은 쓰레기 달지마라 그딴걸 왜다냐?
7, 비인기 종목이었던 분야에 영화로서 국민들에게 인식시켜준 것에 우선 감사.  주제가가 아직도 머릿 속에 뱅뱅 돈다.
10, 이 영화에 나오는 노래 그리고 영화 내요 넘 좋아요
9, 감성팔이 영화라고 깍아내리는 사람들 있던데 7번방보단 덜 감성팔이고  더 잘 만든 영화다.
9, 소치동계올림픽을 보다가 배경음악으로 러브홀릭 노래가 하도 많이 나와서 영화를 보았다. 처음에는 허접한 휴먼 다큐영화 같았는데. 나가노 올림픽 나올때부터 너무 재미있음. 하정우 원맨쇼는 아니고 조연들도 괜찮았음.
8, 감동과 재미  흥행  교훈. 어느 것 하나 버릴 것이 없는 영화
7, .
7, 실화를 바탕으로 어디서 본듯한 영화
10, 와~ 영화 잘만들었다~ 실제로있었던일이어서 더 재미있다.
0, 표절영화
4, 다조은데 cg범벅이라 아쉽다  너무 티나
6, 쿨러닝 표절이란데 한표던지고... 모지란 애 국위선양한다고 밀어넣은것도 좀 짱나는 설정이고... 그래도 전체적으론 볼만했음.
8, 진짜 최고의 영화.
0, 평점조절
7, 마지막 하이라이트 외엔 별 감흥이 없네요   좀 덜 떨어진 애만 넣었서 재미를 줬어도 충분했을 텐데 성동일 김수로 성동일 딸 하정우 친엄마등 지나치게 허구적인 인물들이 많아서 사실적인 느낌이 떨어지네요~
6, 나라를 위해 뛴다는 느낌을 비친 적은 한 번도 없었는데 경기 끝나고 어설프게 애국가 합창 부분은 왜 넣은 거지. 그리고 시나리오 결론 끝 부분을 보면 '그래서  결국 그들은 군대를 가지 않게 되었다.'<뭐지;
6, 헐...평점보고 충격...9.5점이라니 ㄷㄷ 그정돈 아닌데
1, 임신/인심만큼이나 국가/가족의 발화는 구분짓기 힘들다.
9, 전형적인 한국영화.. 잼나효..
9, 감동의 도가니에 저절로 숙연해진다. 또한 하정우의 카리스마가 보이기 시작한 영화.
0, ...
8, 이걸 평점 안 했더라고. 명작.
0, 별로 재미도 없고 약간 감동이 있을뿐 ... 이렇게 높은 평점 받을 점수는 아니라고 본다 ..
10, 정말 추천할 만한 영화입니다. 여기 나오는 여자배우가 서태지 아내가 되었죠.^^
10, 하정우가 너무좋다♥
8, 대학교 과제때문에 오랜만에 5번정도 돌려봤는데 감동적익 정말 잘만든 영하갔다는 생각이 들었네요 하정우씨와 성동일씨의 연기가 인상적이였고 OST Butterfly도 정말좋아요
6, 눈물 쥐어짜기...... BGM이 영화를 살렸다.
10, 어려운 여건에서   하면된다
10, 눈물 나게 만드는 영화
10, 봐도봐도 눈물난다~최고다
10, 나 이거 나올때 바로 봤던건데 진짜 너무 재미있다 감동작렬 대박 짱짱짱 추억돋는다
7, 한국판 쿨러닝
10, 할말 없는 영화...엄청 감동임...
1, 좋게 볼라고해도 이거 평점이 너무 과하네 구성도 별루고 이것저것 억지 설정은 너무 했네 블럭버스터를 원하는게 아닌데 이게 뭔지;; 애국심으로 영화를 보는게 아님 예전 디워하고 같은 상황이구만 -_-ㅋ
10, 내 생애의 최고의 영화
7, 지나치게 감동유발하려능 것 같아서 루즈해졌습니다음악은 좋아여
10, 다시봐도최고다!!
10, 감동
10, 여태 봤던 영화 중 유일하게 울었던 영화..
10, 조만간 영화뜨겠네 역시 서태지가 갑이여
10, 몇번을 봐도 질리지 않는 영화!!!
9, 개인적으로 명장면이 많이 보이는 영화. 스포츠란 참 사람의 마음을 뜨겁게 하네요. 실화에서 나온 영화라니 믿기지가... 한국인의 힘인가요!!
10, 열악한곳에서도 일궈낸 땀방울의 결과...
9, 굿
10, 오래 기억될 영화
0, 억지감동 영화
10, 웃기고 감동적인...
8, 비현실적이지만 그래도 재밌는 드라마
9, 굿
6, 스포츠의 자본화는 시대적 흐름이다. 돈으로 선수를 사고  선수를 만든다. 단순히 승패만 가리고  순위만 정한다면 어떤 스포츠도 자체만으론 재미를 느낄 수 없다. 인기 종목과 비인기 종목의 차이는 거기에 있다. 스포츠의 틀 속에 갇히면 언제든지 비인기종목이 되어버린다. 프로 선수는 비인기에선 무가치하다.
8, 이거평점왤캐돞은뎈ㅋ평점낮음더줄라켔는데더줄필요도읍네ㅋ잼낀했따
10, 우리나라 영화치곤 괜찮은 거 아닌가?
10, Loser..의 입장에서 한번 바라봐라. 눈물 뚝 떨어진다. 난 언제나 이 영화  만점 주고 볼 때 마다 눈물 흘린다.
7, 영화 그냥 괜찮았어요. 그런데 하정우의 미국 입양인 설정은 그렇게 어울리는 것 같진 않던데...
10, 이 영화 5번은 본거같아요 그만큼 재밌어요!
10, 14년살면서 본 영화중에 최고 아마 몇년이 지나도 제가 성인이되도 국가대표가 제일 가슴에 남을 것같네요 10점만점에100점요 아 근데 진짜 제가 원해서 3번을보고 1번은 우연히봤는데ㅋㅋ안운적이없어요
9, 이거 보면서 진짜 눈물 나왔던 영화.. 감동적이고 전체적인 스토리도 좋았지만 뭔가 아쉬웠던 영화.
9, 국내에서 본영화중에 잘만들었다고 생각되는 영화중 한가지
10, 너무 재밌게 봤다 굿
9, 웃음도 있고  감동도 있고  제목이나 장르보고 피했다면 한번 보라고 추천할 만한  스포츠를 좋아한다면 만점!
7, 애국심을 강요하는 듯 하여서 보기가 거슬렸다. 특히 애국가를 부르는 장면에서는 손발이 오그라들었다. 재미와 감동을 주려는 의도는 나름 엿보였다. 비인기종목에 출전하는 선수들에게도 관심을 보여주어야 겠다는 생각도 함께 들었다.
9, 자알 만든 한국영화
9, 앞으로 명절마다 자주 보게될 영화인것 같습니다. 노래도 정말 좋았던...
9, 배우 이름이 잘기억이 안나는데 베트남처자랑 결혼한 그 총각이 아버지 생각을 할때 가장 짠했다 전체적인 스토리도 괜찮다 수작!
9, 처음 봤을땐 울컥하는 감동이 있었는데 보면 볼수록 너무 애국심에 치우친건 아닐까하는 생각도 든다. 그래도 역시 하정우와 조연들의 연기는 다시봐도 멋지다.
10, 감동과 휴먼!그리고 유머와 액션까지..배우들의 연기가 특히나 돋보인 영화
9, 생각없이 시간떼울려고 본 영화가 대박...짜릿한 스릴감에 막내의 스키점프때 그 감동...정말 괜찮음...이런 영화 다시 언제쯤 볼려나
7, 감동 근데 급 마무리 되서 아쉬웠음
8, 진짜 배우들과 훌륭한 연출력의 조화.
10, 코리아 보가는 백배 좋은 영화 인증...
9, 여러가지 흥행할 만한 요소를 두루갖추었고  영화 전반에 있어 짜임새있게 잘 만들어 낸 감독또한 영리하다고 생각이 든다.
3, 김동욱의 되지도 않는 터프가이 컨셉..욕나온다. 어울리지 않으면 시도조차 말아야 한다. 내내 어설픈 컨셉을 보기가 참으로 역겨웠다. 그래서 영화는 배역이 중요하다. 중요하다는 걸 새삼 깨닫는다. 어찌 김동욱이만이겠는가. 억지스러움은 전체라는 것을.. 암튼 김동욱의 어설픈 거친연기 때문에 기분이 망쳤다.
8, 헐리우드 영화식 웰메이드 영화  관객의 눈높이에서  영화를 참 잘 만드는 감독이란 생각이 든다.
10, 너무재미있음. 스토리굿. 코믹과감동이잘어울러진영화.  마지막에눈물날뻔했음
10, 정용화 감독은 박찬욱/봉준호/김지운 처럼 머지않아 헐리우드로 끌려갈것이다.
8, 한국사람은 쥐뿔도 없어도 파이팅으로 해낸다. 대한민국 파이팅.
10, 최고의 영화다. 다른 말은 필요없다.
10, 이영화를보고 스키점프가 얼머나 멋있는 스포츠라는것을 알게되었습니다..마지막에 정말 짠했구요 정말 잘 제작한 영화인것같습니다..오늘도 국위선양하시는 국가대표님들 홧팅!!~
7, 지루해도 잘봤습니다.
9, 스포츠선수 들의 삶의 어두운 면을 제대로 보여주네요. 1등~3등 혹은 우승후보가 아니면 개차반 취급받는.. 그리고 이영화는 실화인데다가 선수 개개인의 처한삶을 스키점프를 하면서 극복해 나가는 것들과 서로의 갈등을 풀고 게다가 웃을수있는 많은 요소들이있어서 좋았습니다!
8, :)
6, 킬링타임용.명절용 티비 재방용 영화. 재미는 있으나..굳이 욕이 난무할필요는 있었나 싶네요~
8, 감동깊게 잘본 영화죠~~단...처음볼때..어떻게 끝나는것까지 보이는게 흠이죠~
7, 영화에 갈등요소 삽입은 필수인가 집착인가..  저급 한국 영화나 드라마의 갈등 표현 방법은 규격화되어 있는 부품을 가져다 쓰듯 딱 한가지다.  히스테리 남발.  불필요한 주인집 딸래미까지 등장시켜 과잉 히스테리를 남발 것이 가히 한국영화 국가대표급이다.  그 불편함이 보고싶은 영화의 다시보기를 주저하게 한다.
9, 스키점프하는 순간 그 짜릿함은 영화관에서 꼭 봐야 하는데... 러닝타임이 꽤 긴 것 빼곤 괜찮았다.
2, 뻔한 스토리 억지 감동과 웃음.. 이따위 영화평점이 이리높다니 시간이 아깝다
10, 진부하시다는분...ㅋㅋㅋㅋㅋㅋㅋ 직접만들어보시지그러세여ㅋㅋㅋ
10, 너무 좋았다
9, 재밌다. 하지만 진부해...
10, 국가대표 영화 자체가 감동적인 영화인데..그 감동을 잃지 않으면서 영화를 보면서 지루하지 않게 계속 재미있구요. 이부분에선 배우들의 연기덕을 본 것 같구요.. 시간과 돈을 들여서 볼만한 영화입니당
10, 말이필요없이 멋있었다.
10, 짱
6, 국가대표
10, 진정한 대한민국의 국가대표
5, 공감대 형성 부족..
10, 감동했습니다.
10, 꿈을 가진 사람은 그 꿈을 위해 엄청난 노력과 아픔을 겪어야지만 그 꿈을 이룰수 있단 것과 그 노력과 아픔을 이겨내면 누구라도 이룰수 있는게 꿈이란걸 알게 해준 영화였던 것 같아요.
9, 가슴벅찬 감동과 도전! 그들이 있어 대한민국은 청신호^^
10, 너무 재미있게 보고 감동했습니다 .. 일본 학생들에게도 보여주었어요..
10, 정말 좋은 영화예요! 감동감동~
10, 주인공들이 고난과 역경을 이겨내어 영광을 거머쥐는 전형적인 스토리.이지만 너무너무 유머스럽게  자연스럽게 잘 풀어내서 대단하게 느껴진 영화. 너무 재미있었어요^^
0, 한미디로.. 진짜 별로............
6, 스토리는 빈약하지만 어째선지 계속 보게되는 영화
9, 이건 재밌긴 했지만 욕이 나와서 1점 부족
2, 이거 솔직히 영화 쿨 러닝 그대로 배낀거다 ㅡㅡ 쿨러닝이랑 이거랑 내용 완전 비슷
6, 왜 다들 재밌다는거지...? 난 잘 모르겠던데ㅠㅠ군중심린가??? 난 진짜 솔직히 말해서 연기도 별로고.. 스토리도 그냥 그랬는데..
10, 결과를 알지만 그래도 끝까지 보게 되는 영화.
8, 감동도 괜찮았고 몰입감도 볼만했다
10, 감동!!!!!!^^
10, 감동적인 영화임은 틀림 없는거 같음
9, 다시 봐도 재미있다 마트에서 하정우가 싸가지 년에게 타이르면서 어머니를 보는 장면은 다시 봐도 눈물나게 한다 그 장면에 배경음악도 좋았고
10, ㅋㅋㅋ 2년전에 봤었는데.... 그냥 국가대표하면 자연스럽게 ost가 생각나는^^
9, 몰입감만으로 올킬했다.
8, 흥행을 노렸다면 한국인들의 입맛에 잘 맞춘 스포츠대중영화. 모든 것을 감안해도 8점 위로는 지나치게 높은 평점
10, 재밌었죠...
10, 국가대표진짜완전재미있습니다하정우형님도잘생겼습니다
10, 실컷웃기더니 사람 감동먹게만들고 또 웃기고 보는내내 유쾌하고 감동먹게 만드는 영화
9, 감동 + 감동 + 감동
8, 깨끗한 영화 입니다. 시원하다는 느낌 그런데 마지막 부분 좀 유치했다는 느낌이...
1, 왜 이런 평점이 나왔는지...
10, 막판20분이 무지 재미있던영화
9, 억지 감동이라는 것은 느껴졌다. 하지만 나도 모르게 그 억지 감동에 빠져들게 된다.
9, [♨][영읽여] 관객들에게는 어려운 소재  그닥 별볼일없어 보이던 배우  하지만 실화라는 리얼함과 깨알같은 연기  ost의 감동이 이 영화를 흥행시키는데 일조한건 아닐까 생각합니다. 많은 요친님들이 이 영화 꽤 인상깊게 보셨을텐데.. 어떠셨어요?
10, ㅋㅋㅋㅋㅋㅋㅋㅋㅋㅋㅋㅋㅋㅋㅋㅋㅋㅋㅋㅋㅋㅋㅋㅋㅋㅋㅋㅋㅋ
8, 그냥 한마디로 감동적이였습니다....!!
10, 완전~완전 재미 만점에 감동 천만점!!!  오랜만에 영화다운 영화 봤네요^^
9, 막장도 아니고 보기 정말 편햇음 근데 저두 이거 보고 느낀것은 포기하지않고 달려가야 성공되고 노력을 해야만 그 일이 이루어진다라는 게 느껴졌습니다. 그래서 이런 감동적인 이야기 영화 정말로 많이 보고싶네요
10, 재미와 감동이 적절하게 어울어져서 보기 편했다
10, 완죤 재미있어요~ 감동적이예여..ㅋㅋ -아래쓴 인간에게-   시끄러
1, 억지 감동 만든다  딱 봐도 억지구만 뭔 감동이야
1, 보면서 어이 없음.. 억지 웃음  억지 스토리  억지 감동 강요.. 장난쳐?  해운대 이후로 보고나서 욕한 두번째 영화.. 졸작중에 졸작....ㅡ.ㅡ
10, 인기도 많고... 감동 받았어요..ㅎㅎ 가끔은 재미있는장면도 나와서...
10, 대~박
10, 38위이면 인기가 많네요. 아슬아슬하게 우승하는 영화군요. 영화에 연습을 많이 해서 찍었겠네요?감독이 참 힘들겠어요. 하면서 가벼운 사고도 일어나고  다른 영화에 비해 없는 모습이 조금 있어요. 전 이제 갈게요. 안녕~.
5, ㅠㅠ
8, 운동종목 중 우리에겐 낯선 스키점프 국가대표 이야기를 소재로 삼았고 대회까지 나가는 그 과정이 감동적이였다. 하지만 개인적으로 이야기가 전개될수록 질리는 듯한 느낌이 있다.
4, 이런 영화가 평점이 이렇게 높다니 쯧쯧...이게 바로 대한민국 영화관객 수준의 현주소다... 하정우 필모그래피 중에서 유일하게 오점으로 남을 듯... 출연진이 괜찮아서 보고 나서 속은 느낌이 들어서 봤더니 감독이 김용화...젠장... 개쓰레기 미녀는 괴로워를 만든 감독이었네...이게 바로 우리나라 영화의 현 주소 에효
10, 난생처음 극장에서 시계를 한번도 안본 영화. 완전히 몰입하게 만드는 영화였습니다
3, 그냥 볼만했었는데 ㄷㄷ; 너무 평점높네;
10, 정말 최고!!!
10, 정말 최고 입니다.!!!!
3, 이런 영화가 이렇게 평점이 높다는게 대한민국 문화의식을 반증한다고 생각한다.
10, 으흐 짱ㅋ ㅋㅋ
8, 열악한 환경에서  이룬 승리의 감동메세지 욕은 듣기불편
10, 재미있고 감동적임
9, 뻔한 스토리지만  재미잇는
10, 괜히 흥행영화가 아님 .. 최고다 진짜 ㅋㅋ
10, 진짜 굳..!이거 10점안 주는 사람 ㅌㅅ
10, 재밌고 감동적이고 쓰릴 만점이라서 완전한 느낌을 모르겠다앙~ 최고야아~~~~
10, 국가대표는역씨.....씨에씨에
10, 감동의 쓰나미
0, 과장된 감동...
10, 너무감동적이네요~
10, vbgfhd
0, ..
7, 재미와 감동면에서 평점7.5 예상..
10, 영화보면서 울었던 첫 영화~
5, 그저 그런 영화... 취지는 좋지만 이젠 그만 만들어도 될듯.
0, 유치~
10, 정말 재미있다
10, 최고 b
10, 솔직히 이런영화는 계속만들어줬음 한다..전체적으로볼때 정말 좋은 영화
9, 나도 날아가고 싶다 ㅋㅋㅋㅋㅋㅋㅋ
0, 이 따위 영화가  알바들의 활약에 힘입어  역대 평점순위 상위에 랭크되어 있다는 사실이 나를 슬프게 한다. 개쓰레기같은 한국영화알바들에게 죽음을...
0, 영화관에서 안보길 정말 잘햇다는 영화중 하나. 공짜 다운로드로봐도 시간아까운영화 왜이딴게 9점이 넘어 ㅡㅡ
8, 한국형 미원 넣은 맛있는 한끼.
7, 소재 좋다!  연기 좋다! 감동 있다!!...  떡볶이 맛있지  순대 맛있어  족발도 맛있지... 이걸로 비빔밥을 해먹으면? 맛있다는 사람도 있겠지...ㅡ .ㅡ;;
9, 영화가 방영되는 내내 몰입해 있었다.웃음과 감동을 동시에 주는 영화!!
8, 욕 많이 나오네 ㅋㅋㅋ 어린이들아 욕나오는 부분은 듣지만 마랔ㅋ
10, B급영화라는 글보고 처음으로 이런곳에 글을 남겨보네요. 사람들이 화려하고 자극적인  영화를 많이봐서인지..만족을 못하나 봅니다..  그런 평점들때문에 이 영화를 놓치시는일이 없길 바라는 마음이네요..
6, 한마디로 조잡함. 소재는 탁월한데 이야기 구조가 허술함. 장면 하나하나를 놓고 볼 때 꽤 웃기고 유쾌하지만 그것을 전체적으로 연결시켜주는 유기성이 약한듯하다. 애국가장면은 차라리 삭제했더라면.
9, 이 짜릿한감동을 누가 잡을까
10, 감동적인소재에 적절한 코믹한 요소가 가미되어 웃음과 진한감동을 한꺼번에 주는영화 역시나 평점은 거짓이 아니듯.....
10, 재미+ 감동적인... 영화~~
7, 9점대는 오바지..
9, 재미잇게 봣습니다.. 이런 영화 앞으로도 많이 나와서 우리나라 영화가 더욱 발전햇음 좋겟네요.. 국가대표 화이팅!!
10, 명작
10, 아깝다ㅠㅠ 해운대한테 밀려서 왜 밀린건지ㄷㄷ 이게더 재미있는데ㅠㅠ 감동도ㅠㅠ 무튼 돈이 아깝지 않았음ㅎㅎ
5, 초딩 중딩한테는 볼만한 영화일수도 이런 b급 영화가 명작 대작인거처럼 인식되는게 이해가 안되네
9, 볼만한 영화
9, 김용화 감독표 영화에는 확실한 감동포인트가 있다. 거기에 하정우  성동일 등의 섬세하고 맛깔난 연기까지~
8, 재미가 있긴 하지만  신파적인 요소가  느껴져 조금의 아쉬움으로 남는다
10, 넘사벽
10, 감히 이 영화를 최고의 영화라고 말하고 싶다. 웃음과 감동.. 스토리도 정말 탄탄하고..  별 10개로도 표현할 수 없는 최고의 영화다.
0, ㄹ
10, wow
10, 아...... 넘슬퍼요.. 흑흑
10, 저도 국가대표가 되고 싶네요... 스키 점프 말고...ㅋ
10, 웃겨.
10, 웃음 감동 둘 다 주는 좋은 영화
4, 남는 게 없는 영화.
10, 감동적인 영화^^*
10, ㅜㅜㅜ재밌어는데 ㅜ.ㅜ
6, 실화이고 실제의 주인공들의 고난과 역경을 생각한다면 좋은 점수를 주고 싶지만 썩 그런 것을 잘 반영한 것 같진 않아서 안타까움...
9, 실화를 다룬 영화. 영화적 완성도를 따지면 블랙북보다 약간 아래. 개봉 당시 마케팅이 주효했던 듯
6, 작위적인 눈물을 뽑아내느라 드라마는 자꾸 산으로 간다! 하지만  이야기의 흠을 구원한 스포츠영화의 성공적인 클라이맥스!
10, 감동적입니다 ㅠㅠ 한명 발목 꺽여 다쳤고 ㅠㅠ 그리고 동생이 성공하니 기쁩니다
10, 감동적입니다^^
6, 실화라고?
10, 넘 감동(??)적이에요~^^
8, 우리나라는 국제대회에서 왜 맨날 호구 취급이냐--+ 심판들 미니홈피있으면 악플달텐데
10, 해운대랑은 비교할 수준이 아니죠.. 정말 최고의 영화!
10, 헐 어이없다 이게9.5라구?난 이거 재밌는데
0, 9.5라니
10, 개인적으로 해운대보다 더 잼있었던 더 감동적이었던 영화 짱짱짱!!!!!!
10, 비인기 종목인 스키점프를 주제로해서 스키점프가 사람들의 관심을 받게된점이 너무 좋아요
10, 와...생긴건 완전 필리핀인데 외국말 졸라 잘한다.. 헤이헤이 양키양키~ 우리가게 쭉쭉빵빵 언니들 졸라많아~ 마이 베리베리 부킹~ $#%^$&@#$#&&
10, ㅎㅎㅎㅎ최고의 한국 휴머니즘 영화.
10, 5번을 봐도 재밌고 감동적인 영화 !! 결말을 알면서도 왜 점프대 위의 장면에서는 항상 조마조마할까요...
10, 가슴이 따듯
1, 기본을 지킨 진행이지만 어떤 참신한 면도 보여주질 못한다. 비인기스포츠인의 대우에 대한 문제제기 마저도 제대로 이야기하지 않고 국가주의  성과주의로 포장된 결말로 달려간다.
1, 솔직히 B급 영화..
10, 최고~~~ㅋㅋ
5, 락카룸에서 애국가 부를 때 손발 오그라들어 죽는 줄...난 이영화 진짜 유치해서 혼났는데 의외로 평점이 좋네.
10, 열악한 환경속에서도 포기하지 않고 열정과 도전정신으로 해낸  실제 대한민국 국가대표 선수들을 바탕으로 한 영화.. 완전 감동~~재밌게 잘 봤습니다..
10, 최고
10, 좋아요
10, 최고최고
10, 멋있고 감동이예요!
10, 굿굿
5, 최곱니다!
2, 기대보단 별루
7, 히히. 정말 재밌었음. ^ ^ 근데 좀..과장요소가 적잖이..^^;; 7점 줍니다~I Can Fly는 진짜 짱이었어요. ^0^*
10, 말로 표현할 수 없는 최고의 영화
6, 재미와 감동을 주는데 큰 무리는 없는영화. 근데 늘어지는 구성  조금 과장된 억지웃음과 감동유발요소가 눈에 거슬린다.개인적으로 같은 스포츠관련 영화인 킹콩을 들다에 비해 완성도나 감동면에서 떨어진다고 봄
0, 말이 필요없는 영화!!!
0, 때깔좋은 컨셉씬 뽑아내기가 이 감독의 탁월한 재주.  그 재주만으로 매번 대박치는 걸 보면 신이 내린 운빨이 아닌가 함.
10, 유머있고 감동까지
0, 평점좀깍아야지...... 그래도 이건 너무하자나...
8, 유치한 연출이 거슬리기는 했지만 어느 정도 감동은 있는 영화였습니다.
6, ㅎ 역시 사람들은 단순해
10, 굿
5, 클라이막스로 가기까지 쓸데없는 군더더기가 너무 많고 길었다. 후반부가 좋긴 했으나 너무 과대평가 받고 있는 것 같다. 좀 더 담백하고 깔금하게 처리할 수는 없었나??
10, 대박 진짜 좋음!!!
10, 국가대표 최고!!
0, 밑에님말에 공감
0, 진짜 이건 평점좀 깍고싶다... 많은 명작들이 이런영화에 밀려있는게 보기거북하구나 한국인들 수준 알만하다
10, 국가대표 괜히 첨나왓을떄 해운대봣어 -
10, 너무 감동적인 영화! 특히 멋있음!!!
10, 감동적이고 재미있는 영화!!
4, 티비로 봐서 그런지...;; 별로 잘 모르겠엉   
10, 눈물없는데 마지막에 코끗이 두어번 찡해짐 ㅋㅋㅋ우리나라 역대 영화중에 갠적으로 5위안에 든다고 봅니다
10, 국가대표는 대단하다 멋지고 성공의 끝이 보였다 정말 좋았다 그리고 음악도 멋졌다  국가대표 화이팅
7, 음악이 좋다..드라마나 영상미도 참 훌륭했다.하지만 몇몇 인물은 영화에 잘 동화되지 않고 과장된 연기를 펼치거나 겉도는 모습이다.영화관에 가서 봐야할 몇 영화중에 하나
8, 감동적이고 재미있는 영화!!
0, 거품되있는 평점을 깍을 필요성이 있다.
4, 나만 재미없었나... 어설프고 집중이 안되더라..단순취향차인가
10, 우연하게 보게 되는데 장면하나하나가 기억에 남는 영화!
10, 혼자봣을때 울엇고  친구들이랑봣을때  아주 다같이울엇던... 감동적이라서 10점!
10, 감동과 재미가 함께 들어있는 멋진 영화
10, 정말 감동적이고 재미있는 영화였습니다. 실화를 바탕으로 해서 더욱더 흥미진진하네요
10, 너무 멋있어요
10, 금메달을 따서 기쁘고 출연한분들 연기를 너무잘하셨어요^^
10, 김용화감독은 날 울게 하는 마력의 소유자 ㅋ 미녀는 괴로워에서도 날 울리더니 ㅎㅎ 국가대표 아주 감동적인 영화입니다 ㅎㅎ 사나이 울리는 신라면? No No~ 사나이 울리는 국대!
5, 나중엔 감동적이지만 거기까지 가는게 별로...
10, 지금 sbs서 해주는데 처음볼때 울뻔했음...
10, 마지막까지보면서 울뻔함 감동적임
10, ㄷㄷ
10, 최근에 봤던 10개 넘는 영화 중에 이게 최고!!
9, 9
10, 정말감동이였어요;ㅅ; 스키점프할때소름이!
10, 좀 포스터가 이상했는데 보면서 계속 울었음. 대박대박 제일맞막에 우리나라 지는게 진정한 영화였츰
10, 진짜 대박 그냥대박 3번이나 봤다
0, 인간적으로 이게 국내영화 1위는 아니잖아
7, 난 왜 이 영화가 별루지? 제목 때문인가? 그래도 한국 스포츠 영화 중에서 가장 장르적 특성에 충실하게 만든 영화.
10, 볼만한영화입니다.
9, 감동적이고 재밌게 본 영화. 해운대보다 관객수가 적은게 의문...
10, 정말 재미있고 감동적
10, 너무 재미있어요~~~~~~~~~~~~~``
10, 재밌어요~~~~
10, 넘 재미있음
10, 너무 재밌게 봤어요
9, 아주 재밌게 봤고요  더 긴 이야기면 좋았는데 ㅠㅠ 2편이 안나오네요
8, 좋은영화였으나 흔한 성장이야기 단지 실제를 바탕으로 제작하여 국민들이 좋아하는 실화 리얼 이라 빵 뜬것같음 | 스키점프대표팀 파이팅~
10, 진짜 좋다
9, 알차고 재밌어요~!! 다단계 판매 특히~!!
8, 도전의 의미를 다시금 새겨주는 영화.
10, 제 인생에서의 최고의 영화였습니다^^ 주연과 조연의 연기가 압권이었습니다.
10, ㅎㅎ 감동~
5, 흠...
9, 한마디로 감동적이었다~!
10, 다시보고 다시보고 다시봐도... 그 음악속에 떨린다
0, zz
6, 중간중간 재밌는 부분도 있으나  편집이 좀 허접했고 군더더기가 많음. 소문난 잔치 정말 먹을거 없었음.////
10, 스릴감도있었고 웃기기도했다~
10, 감동!!  재밌음
10, 감동!!!!!
9, 웃기고 좋았습니다.
10, 정말재밌다ㅋㅋㅋ
10, 짱 재밌음ㅋㅋㅋ
10, 이거 전라 재밌었어요 이거 감동적이지만 왠지 봉구 ㅋㅋㅋㅋ 지렁이 먹다가 ㅋㅋㅋㅋㅋ
10, 재밌었음
10, 감동이 찡했서요
9, 좋았어요
10, 좋을것 같해요!!
10, 이영화 최고 .....
10, 웃음과 감동!! 스포츠 영화중 단연 최고네요 ^^
6, 실화를 토대로 구성되었다고 했고 별 의심없이 봤다. 재미와 감동은 있었다. 하지만. 솔직히 왜 자꾸 쿨러닝이 머리에서 떠나지 않을까. 그저 우연이라 하기엔 겹치는 이미지가 많은게 사실이다.
4, 재미있는
10, 감동감동감동
10, 완전 감동했슴!!! 잼슴잼슴 보셈
10, 재미있어요
8, 재미있어용!
5, 영화볼때는 재미있다고 봤지만... 지금 생각해보면...  운동을 통해서 단결을 도모하고 애국심을 자극하는... 그런 영화 이젠 지겹다.
10, 완전 감동.!!!!!!!!!!!!!!!
10, 대박
10, 우리나라 영화 중에서는 제일 좋은 영화인듯ㅎ
10, 극장에서 본 한국영화중 가장 재미있었습니다.
10, 재미있어요! 스키점프에 관심을 다시 가지게 되었어요.
10, 재밌어요 우리나라 스포츠에 대해 한 번더 생각하게 되더라구요
10, 제가 본 영화중에 최고의 영화였습니다. 처음부터 후반부까진 너무 재미있었구요. 마지막에 생각지도 못한 무한 감동. 최고최고
10, 정말 최고의 영화였습니다. 중간에 다소 지루한 부분이 있긴 했지만  우리나라 영화의 장을 또한번 넓히는 영화인것 같네요~
10, 최고다!!
10, 정말 마지막 부분에 눈물 많이 흘렸습니다. 재미있었고 상당히 고생을 많이  우여곡절 끝에 국가대표가 되서  말그대로 영화같은 내용이네요 잘봤습니다.
10, 예고편을 봤을땐..성동일씨가 나온 장면 보고 빵 터졌지만.. 저게 저 영화의 전부일꺼라는 오해(?)를 가지고 봤던지라..더 잼밌고 의미 있었던 영화였음.. 우리나라 스포츠영화중에서 대표작으로 남을 것이다..
10, good
10, 굳
10, 감동적이당
10, 잼나
10, 영화가 너무 감동적이여서 전 영화관에서 3번이나 봤어요!! 이 영화 때문에 2009년이 정말 빛났던것 같아요!! 국가대표 짱! 백상예술대상 영화부문대상 못 받은거 넘 아쉬워요..ㅠㅠ
0, 솔직히 기대했는데.. 이거머..이런 영화가 흥행하고 칭찬받는게 날 힘들게한다. 1점도 아깝다. 신파도 아니고 원..
10, 보는 내내 눈을 뗄수 없게 만드는 재미있고 좋은 영화
9, 눈물이흐르는부분도. 웃긴부분에서도억지스러움이란찾을수없었다. 핸드볼도. 스키점프도. 사람들은제각각자신이관심을두는것이나이슈화되는것에만눈길을주는간사한동물이다. 나또한그랬다. 이젠관심사를넓혀야겠다.
0, 하정우 멋잇어여
8, 보통의 구기 종목이 아닌 스키점프라는 소재가 상당히 특이했습니다. 특히 성동일씨가 연기를 잘해준거같네요~
0, 억지감동뻥튀기영화!내용은거짓감동을전하기위해각캐릭터마다부가스토리를가미해진행하는드라마영화이나.보는내내손발이오그라드는유치한스토리라인과산만한전개는엉망임!!"쿨러닝"의반도못되는상업성애국쓰레기영화
10, 올림핑제목이름이니
10, 스키어가 본 최고의 영화
0, 아무리 실화라해도 억지감동은 무리.
3, 쓸데없는 욕과 쓸데없는 장면이 너무 많이 삽입되어 있다 그래서 영화에 집중하기 어렵다..
10, 전 정말 재미있게 봤습니다. 감동도 있고 재미도 있어서...
8, 마지막 올림픽경기장면은 볼만함. 근데 이 영화가 올드보이보다 평점이 높은 건 어이가 없슴.
10, 정말 감동이 뭔지 보여주는 영화 쵝오
9, 사실적이고 재미있는 영화!
10, 이건 진짜대박임ㅠㅠㅋㅋㅋㅋㅋㅋㅋㅋㅋㅋㅋㅋㅋㅋㅋㅋㅋㅋㅋ
3, 내용전개 이상했어요 끝부부만 약간 감동적 이게 왜 평점이 좋은지 모르겠네요.
7, 너무 고평가되있는 영화가 아닌가 싶습니다..
0, 장애인  비만여성.. 이젠 해외입양아까지... 자신이 소재로 삼는 소수자들을 희화화하고 상처를 들이파서 돈벌이 하는 감독.... 이 영화를 본 해외입양아들이 그 썩은 대사들 때문에 얼마나 상처를 받았을지...
3, 감독 인간성이 너무 더럽게 느껴짐.... 외국에 내놓기 부끄럽고 우리나라 선수들에 대한 오해가 생길까 두렵네... 완전 국내용이지 외국에 제발 보여주지 말아라. 한국인들 인간성 다 이렇게 더러운 줄 알겠다
10, 멋있엉
8, 명절마다 보게 될것같은 영화.
10, 재미있고 감동적인 영화네요~
8, 그럭저럭 볼만한 영화지 최고평점 영화는 아님.
10, 두세번을 봐도 정말 재밌어요...감동적이고...
10, 극장에서 상영할때 재미없을거같아서 안봤는데 티비에서 하는거 봤거든요... 근데 진짜루 재밌고 감동백배!!! 진작에 안본걸 후회하는중ㅠㅠㅠ 진짜 감동대박~~!! 스토리도 탄탄하구요 연기는 두말하면 잔소리죠ㅎㅎ
10, ㅎ
10, 재미에 감동까지 있네 10점짜리 영화임
10, 국가대표는 좋기도해요. 한국의 국가대표 한명이 미국선수였어요. 맨처음엔 졌는데 다시 4년후에 2차시기에 3위였는데 누가 실패해서 최하위로 떨어져도 기뻣어요. 그리고 슬펐어요. 평점기대해요~^_^~
3, 존나 잠오는 영화임 ㅅㅂ 보다가 존나 잤다 한 5번잔듯 근데 내 옆 병신세키가 존나 자냐? 해서 더 꼴받은 영화 ㅡㅡ 개같에
3, 애국심에 호소하는 플레이 마음에 안든다..  정정 당당 실력으로 승부하자... 아바타부터 이기고 와라.
9, 영화관에서 봤고 최근에 TV에서 다시 방송하여 또 봤는데요 연기 내용  구성 모두 잘 어울러진 영화였던거 같아요~~~음악도 너무 좋았습니다
10, 어떤 기대감 없이 본 영화가  나에게 이런 감동을 주다니...
8, ^^시작은 정말 실컷 웃다가 클라이 막스에선 펑펑 울어버린 영화였습니다
3, 뻔한 내용 뻔한 전개 뻔한 감동 영화 중반의 웃긴 개그신 말고는 볼게 없었던영화
10, ㄹㅇ
9, 재미는 있는데.. 욕이 많이 나온다.
10, 이번에는 메달획득은 못했지만 다음번에는 꼭 따시길 믿어여
0, 그저그런영화
9, 차헌태 국적 바꿀때 멋있더라 완전 소름 돋던데
9, 필요없이 욕설이 많이 나오는 영화는 참 싫은데요  요 국가대표는 그런 점을 감안하고서도 참 재미나게 보았네요.. 스키점프라는 종목을 다시보게 만든 영화죠.. 재밌습니다!
10, 대박
10, 진짜 감동...
10, 전무후무한 영화
10, 한국영화중 최고의 영화~~ 앞으로 수십년간은 절대 한국에선 이런명작은 안나올듯
10, 보는내내 울고 웃고 하면서 시간가는 줄 모르고 영화에 빠져서 보게 된듯... 영화관에서 한 번 봤으면 좋았을 걸 하면서...영화관에서 못 본 게 아쉬워 지는영화
10, rnt
10, 쩐당...ㅠㅠ
10, 내가 한국인이라는 사실에 너무나 자랑스러워하며 본 영화이다. 너무 감동적이었다. 눈물이 많이 났다.
9, 몇몇 억지설정만 없었어도 더 좋았을텐디..
5, 이게 왜 1위지?
10, 강추
10, 굿!!!!!!
10, 두세번을 봐도 재밋네요
10, 굿굿굿굿굿!!!!!!!!!
10, 굿
10, 감동의 물결... 완결판을 아직도 못본게 한이 됨
10, 말로 표현 할 수 없을정도의 인간승리 !
10, ㅠㅠ 재밌고 감동있고 더이상 말할게없음 그냥 보셈!!
7, 스포츠 영화에서 얻을 수 있는 웃음과 눈물과 감동이 들어 있다. 삶  뿌옇고 무서움이 가득해도 뛰어야만 하는 것!
10, 처음부터 끝까지 틈잡을곳이 없는 베스트영화 (추천!!)
10, 아악 왜 이번에 금메달 못딴거야 ㅡㅡ 영화한번 더보고 흥분을 가라앉혀야지 ㅡㅡ
10, 간만에 날 흥분하게 하는 영화 본거 같다. 감동적이고 작품스토리도 만점이다...간만에 영화다운 영화 보게 해줘서 감독님께 감사 드립니다.
10, 완전 감동!!! ^^* OST였던 러브홀릭스의 버터플라이도 최고에요!!! ^_^
10, 벌써3번째 보는데 또봐도 재미있군요 이렇게 1개의 영화를 많이 본적은 처음이에요!! 감동도있고 재미있고 정말 좋은 영화같아요
6, 완전기대     후 완전실망...물론장르는틀리지만 올드보이가 300만인가  살인의추억이 600만인가 밀양은한참밑이고  해운대랑이게 천만이라 실미도도..하긴막장드라마가40%시청률이라면  모  더로드 이스턴프라미스
10, 재밌어요!감동도 있고
10, 강추!!!
9, 감동과 재미를 모두 갖춘 가슴 속 까지 시원했던 영화
10, 해운대는 보고 그냥 끝이었는데 이 영화는 볼때마다 감동적이네요.  이번 동계 올림픽에서 좋은 성적을 이루지 못했지만.. 지원을 많이 받지 못하는 종목인데도.. 열심히 해주셔서 너무 감사드립니다.
6, cool running
0, 한국판 쿨 러닝  내용을 조금 재밌게 우리나라식으로 만들었지만   표절영화다.
10, 여러번 봐도 질리지 않는군요.
10, 짱짱
10, 영화관에서 이거보면서 울었음ㅠㅜ(관객들도 많이 울었음) 재밌다가도 감동적이라서ㅎㅎ
10, 완전감동!!!! 어제 티비로 또봤는데도 넘 재밋엇어요 ㅜㅠ
7, 해운대 보다 훨 낫다.  깜짝 실력발휘하게 되는 과정이 좀 약해서 (필요없는 장면들이 많았다) 아쉽지만   점프장면은 그런대로 느낌을 잘 살린것 같음.
6, 웅이ㅠㅠ이정도는 아니다..
9, 최고입니다. 감동적이면서도 코믹하고 스키점프를 할땐 저도 긴장할정도 였습니다. 정말 재미있어요. 우리나라 스키점프 국가대표 선수들 화이팅입니다!~^^
0, 정말 평점 1위여야하나  보다말았다.후반부가 재밌는지 알게뭐야.특히 툭하면 눈까뒤집구 소리질르는넘 모습 보기역겹다.
10, 솔직히 이거 봐서 한번또보면 감동이 없음 하지만 너무재미있어서 10점
9, 감동적이고 재미도 있다!! 하지만 실화를 바탕으로 만든 영화라는 기대감에 봤기 때문에 약간의 억지가 있는듯한 영화... 하지만 극장에서 나올땐 뿌듯한 기분!! 너무 좋았음..영화값이 오랜만에 안아까웠음
10, 너무 감동적이고 재미있게 봤습니다.천만관객에 못미친게 아쉽네요.그만큼 좋은 영화였는데요.제작비도 안들이고 홍보비도 안들인 영화도 이만큼 흥행성적 거둘수 있다는게 참 바람직한 현상이라고 봅니다.
10, 정말로 웃음과 감동을 동시에 주는 근간의 한국영화에서 좋다고 생각하고요 실화를 바탕으로 만들어진 영화니 더더욱 가치가 있다고 생각 합니다~
1, 억지 감동을 위한 뻔한 내용전개 단지 재미만을위해 들어간 천박하고 유치하게 웃음유도(실제와 다른 허구들..) 영화평점은 정확하게 줘야함 정확한 평점 조절을 위해 1점 !!
10, 최고예요
10, 진부할 줄 알고 영화관에서 안봤는데 엄청 후회중이다  정말 정말 정말 잘!!만든 영화
10, 뻔한 스토리로 이렇게 감동적인 영화를 만들 수 있다니...10점 꽝!
10, 마지막 시합때 정말 아무 생각 없이 봤네요.... 진짜 아깝지 않은 영화에요 ㅠㅠㅠㅠㅠ
10, 눈물나네...
10, 재미도 잇고  감동도 있어서  완전 대박이네요
10, 이정도일줄은 몰랐네요..영화관에서 볼걸 급 후회중..ㅠ.ㅠ근래에 영화관에서 본 아바타보다 더잼나게 바써요~
10, 감동  웃음  뭐 하나 빠지지 않는 대걸작
10, 진짜.. 식상할거라고 사람들이 과대평가했을거라고 쉽게생각했던 지난날을 반성한다정말.. 진짜 백점만점에 백점.. 결말이 무엇보다 맘에듬.. 진심 영화관에서 안본게 아쉽당...
10, 연기짱 외모짱 구성도 짱!
10, 감동있음
9, 보면서 계속 평범한 영화라고 생각했는데 130분의 시간이 순식간에 지나가버렸다. 집에서 눈치안보고 혼자서 울면서 잘~봤다. 내가 살다살다 씨방새 덕을 다보는구나.
10, 감동적이게 본영화 봐도 자꾸 슬프네요
9, 감정의 과잉이지만  감동적인건 어쩔 수가 없다.
9, 초반의 지루함을 한번에 스트레이트로 날려버리는 후반 전개.. 다른영화에서 보지못한 연출~!!
1, 이걸 초등학생이 보고 멀느낄가 바람직하지않는 내용전개 꼭 삐딱한 케릭을 넣어 플롯을 전개하는게 맘에 안든다.
8, 괜찮은 영화에요~ 약간 뻔한 스토리 같긴한데  제 남자친구는 정말 재밌다고 좋아하더라구요..
10, 이렇게 재밌는 영화 처음 봄
0, ㅇ
10, 굳이 없었으면 더 좋았을 여자배우의 무리한 설정과 진부한 스토리가 아쉽긴 하지만 깔끔한 연출과 배우들의 연기  훌륭한 카메라샷과 cg 등 대체로 느낌이 좋고 재밌게 봤습니다. 개인적으로 해운대보다 더 좋았음.
3, 나의 영화취향이 주류는 아닌 것 같다. 남들처럼 나도 재밌었다고 얘기하고 싶지만...(난..재미도 감동도 없었다......ㅠ_ㅠ;)
10, 감동과 웃음을 주는 영화..
0, 좋은영화지만 한국영화 1위는....... 
9, 잉글리쉬 부분은 아쉽   약간 무리였던듯....... 나머지는 10점......
8, 많이 어색한 부분도 있고 짜깁기식 느낌도 있었지만 좋았습니다.
9, 초반부에서 엉성한 연기와 약간 어색한 전개 등으로 인해 8점정도 영화로 봣는데 후반부에서 그런것들을 전부 잊게 하네요. 9점줄수 있는영화입니다. 재밌습니다.
10, 감동 대박
10, 대박임 진짜 재밌음  보셈 완전재밌음
4, 전형적인 수준 낮은 한국영화의 모습을 보여주네... 영어발음 엉망인 미국입양아  등 주인공 하나하나 구성 스토리 다 개판임...  애국심으로 영화를 보지마라. ㅉㅉㅉ
10, ^.^ 감동~
0, 아 기대하고 봐서 그런가 실망이 정말 크네요. 전개가 부드럽게 이어지지 않고 어색한 기분도 들고 욕도 너무 많이 나오고 스키점프 하는 부분을 제외하곤 모두 어이없고 짜증났어요. 평점은7점 정도가 적당한듯
10, 짱 잼씀
10, 근래들어 가장 재미있고 감동있게 본 영화..
10, 정말 10점밖에 못준다는게 아쉽네요...ㅠㅜ
0, 좀 평점이 과한데요 정확한 평점이 필요합니다
10, 더 높은 점수 없나요?
10, 보고 나서 어쩐지 화이팅 하고 싶던 영화... 쿨러닝 이랑도 살짝 비슷하긴 한데  어려운 상황에서도 열씸인 우리 국가대표님들 홧팅!
10, 아... 개봉관에서 못본게 정말 아쉽다. 아예 영화를 만들려고 인생 산것처럼 드라마틱하다.오랜만에 정말 괜찮은 영화 봤네.
10, 지금 까지 본 한국영화중 최고가 아닌가 생각해봅니다.  같이 개봉했던 해운대를 극장에서 봤었는데 왜 이영화를 극장에서 안봤을까 하는 후회가 밀려오네요 ㅎㅎ 정말 강추입니다
10, 십점 만점에 십점~~ 이영화 진짜 감동 진짜 재미있음  안보신분들 꼭 보세요 안보면 후회해요 ㅎㅎ
10, 정말재미있게보았어요 ^^
10, 마지막에좀슬프더라 아주재미있어
10, 3번이나 봤어요! 실화바탕으로 만들어지니꺼 훨씬 감동적이였어요 그리고 스키점프는 딴 종복보단 찍기 힘들었을텐데... 대단하네요
10, 정말 감동이예요!~
10, 아... 흑흑 감동의 도가니탕 이었어요 늦게나마 아버지가 보여주신 영화를 봤는데 눈물이나오고... 어쨋든 너무 감동 받았어요. 이건 10점을 팍팍 쏠 수 있습니다!
10, 정말 이정도는 되야지...감동 웃음코드 확실히 다 살렸네요..많이 울었습니다. 하지만 눈물이 무겁지 않아 좋았고 많이도 웃었네요 한국영화..이렇게 만들면 감동과 흥행 모두...굿
10, 아~~정말 감동감동 ㅠㅠ 저와같이 10점주신분들은 영화를 아시는분들이십니당당당!!
0, 별루넹 ㅎㅎㅎ
0, 별루 재미없네요..
10, 울다가 웃다가 아주 짱 이였습니다  국가대표 스키점프선수들 화이팅입니다.
10, 영화보기전엔 재미없을줄 알았는데 보니까 재밌네옄ㅋㅋ
5, 국가대표... 재밌긴하죠.. 근데 이정도까지 평점 줄 영화는 아닌 것 같은데.... 솔직히 감동적인건 해운대가 훨씬...
10, 대단하다. 스키점프가 이렇게 스릴넘치는 경기였다니..손발에 땀이났다..영화지만 ㅋㅋ 순간순간 코믹요소도 너무 좋았다 최고다!! 정말 고생하면서 찍었던거 같다. 우생순보다 훨 재밌었다.
10, 저는 중국에사는 조선족인데요  솔찍히 말씀 드릴게요  저 이영화 5번이나 봤어요  모든 영화들 한번보고는 보통 다시안보는 편인데  너무 재밋어서  다시보고 또보고 해서 봤습니다   볼때마다  눈물이 나왔어요
6, 억지스럼움이 좀있는듯 이렇게 평점 높을만한 영화는 아니죠
10, 진짜 감동&재미&몰입 어떤부분에서도 빠지지 않는 영화.ㅠㅠ 보면서 엄청 울고 엄청 웃었던 기억이 나네요~ 진짜 배우들이 연기를 잘했었던 것 같아요..
2, 쿨러닝 완전 비슷한 전개.
10, 진짜 대단  짱짱
8, 안봣다
8, 디워 이후로 한층더 진화된 애국심 마케팅의 실체  다만  디워의 내용물보다 몇십배는좋다
9, 너두나도 국가대표하길래 봤는데10점은 아닌거같아요 재미있었으나 펑펑울정도로 눈물나게 감동적이진 않았어요...그래도 한국영화로서 잘만든거같아요~~~!!!실화라서 8.7
10, 잘 봤습니다~
10, 웃다가 웃다가 마지막엔 커다란 감동 마치 내가 그안에 들어있는 듯한 착각 그렇게 시각과 내면을 동시에 흔들게 하는 파워를 느끼게 해준 영화라는 생각.
10, 이건진짜 감동 물결임 강추
10, 전 이영화를 보고  계속 울었어여 너무 감동적 이라 않울수가 없네여
10, 코믹적이고어머니를찾으려는아들의마음처럼나도어머니가잔소리하여도짜증내지않는착한딸이되겠다고느꼈습니다
0, 웃대에서 왔씁니데이~ 처음엔 네이버로 가고 이번엔 다음으로
0, 영화는 진심으로 잘봣습니다......그런데 다른영화평점을 깍으면서 까지 국가대표알바를 써야햇을까요 ?...........
10, 우와 진짜 영화재밌네
10, 배우들의 연기도 굉장했고 내용도 괜찮았습니다. 눈물찔찔짜면서봤습니다. 너무감동적이고 청말 괜춘괜춘~
10, 저는 이영화 를 보고 감동을하여서 계속울었습니다. 그래도 참재미있었고요.
9, 기대이상 재미와 감동이 전해지는 영화~잔잔히 제 가슴에 남아있네요
8, 기대이상! 배우들의 조합과 연기 무척 좋았습니다.
10, 넘 감동먹음..
0, 진짜 재밋어요 추천요
10, 보면서 감동 그자체였다.. 이 영화가 처음 나를 영화보면서 울게만든 영화였다... 자랑스러운 국가대표.. 비록 스키점프선수가 5명밖에 없더라도.. 국가대표는 자랑스럽다..
10, 대박감동
10, 눈물 웃음 그리고 감동!!!
10, 말이 필요없는 10점. 감동 그자체
10, ㅋㅋㅋㅋㅋㅋ 슬프긴한데요 그그 다른나라선수가 우리나라선수가 한욕 따라한게 젤 웃겻어요 ㅋㅋㅋㅋㅋㅋㅋㅋㅋㅋㅋㅋㅋㅋㅋㅋㅋ
0, 쿨러닝 봐라... 거의 똑같다... 내용이.... 그옛날것이.... 쪽팔린다.... 나도 이영화 좋아했는데... 쿨러닝 보니 완전 뒷통수 맞은 기분이다...
10, 한국영화보면서 이렇게 눈물과 감동의 영화를 본 것이 참 오랜만인 것 같아요. 정말 최고의 영화인 것 같아요. 감사합니다.
10, 감동.. 눈물 쥘쥘..ㅠㅠ
10, 짱!
0, 별로
10, 아 .. 완전 마니 울었다...ㅠㅠ 완전 최고...!!!!!!!
10, 진짜 많이 울었다 최고!!근데 마지막 아나운서 누구?진짜 웃겼음!!
7, 시간 지나도 두번 세번 계속 보고 싶을 만한 영화인가? 그건 아닌듯.
1, 현실을 토대로 각색했다는건 완전 빛좋은 개살구.. 이렇게 기만할수 있는걸까? 아울러 어디서 감동을 얻어야 될지도 참 난감한 영화다. 대충 좋은 소스들 끼워넣고 억지부리는 3류영화의 전형이랄까?
9, 2009년 박쥐와 마더를 통해 정신적 쾌감을  해운대를 통해 실망을 받았었는데 많은 이가 좋은 영화라 평가한 국가대표를 한파가 가득한 이번 겨울에서야 보았네... 사람들의 입소문은 역시 틀리지 않은 법.
10, 국가대표를 보고 노력이란 저런거구나 라는 것을 알았습니다. 국가대표선수들 모두 즐거운 한해 되요^^*
10, 이거 보면서 보다가 결국 울었음...ㅠㅠㅠㅜㅜㅜㅜㅜㅜ
10, 와...감동.... ㅠㅠ 와...엄청난 열정...그리고 끈기..그리고 희망...이건!! 대한민국을 대표할 국가대표영화야..말로못말할정도라니까..
0, 분명 수작임에는 틀림없다..그러나 과도한 평점은 정말로 위대한 작품들에 대한 모독이다...마음으로는 7.8점!..그러나 평점조절용 0점 드립니다.
10, 국카대표
10, 감동과 재미가 잘 어우러진 영화!
10, 이거보면서 질질짰어 ㅠㅠ
10, 굳굳
10, good
10, 엄마가 아들을 버린후에 커서 엄마를 찾으로 돌아온 아들 끝까지 포기하지 않는 우리나라 최고 얘용 따봉~
10, 대한민국 좀.... 우째 안 바뀌나..
10, 내가 본 한국영화중에서 가장 유괘하고 재미있게 본 영화~~!!
10, 와 진짜 재밌어요!!!재미감동 뭐 이루말할 수 없음ㅋㅋㅋ이거 애들이 가져와서 학교에서 봤는데요 우리반 어떤 애 울었음ㅋㅋㅋㅋㅋㅋ
10, 보기전엔 그저그런영화라 생각했는데 막상 보니 감동적이엇어요. 10점은 줘야징~
10, 이게 재미없다는 놈은 머냐 진짜....
10, 말이 필요없어요! 10점만점에 10점  !!
10, 국가대표 너무 재밌다 ㅋㅋ 특히 러브홀릭스의 Butterfly 의 노래가 너무 잘맞아떨어짐ㅋ 감동적임
10, 완전 재미있고 감동적이에요 이재응님(부를게없어서;;)은 발싸  태워줘가 제일재미있었고 하정우님도 재밌고 감동적ㅋㅋ
9, ^O^배우들의 연기도 좋았고 찌릿찌릿한 감동도 있었다. 한 가지 마지막 부분이 조금 아쉬워서 -★
10, 저 이거보고 감동 완전 받았어요.특히 미국 선수들이 놀릴때 진짜 화가 나더라고요. 이 영화는한국인이 다 보고도 아까운 영화같아요. 아 감동적이야.ㅠ ㅠ
10, 완전재미있어요~ 너무 감동이였어요! 보면서 눈물도 펑펑흘리구  애국심도 막불타흐르고! 극장에서 볼땐  소리내서 못울었는데 집에서 볼땐 엉엉 울었어요 !! 영화 참잘만들었다고 박수쳐주소 싶네용!
10, 재미와 감동과... 두마리토끼를 다잡은 영화... 연기도 좋았고 보면 후회는 않함!!
10, 완전 감동이에요^^
10, 첨으로 평점 참여해봅니다 ㅎ 이런영화를 극장가서 봤었어야 하는데...ㅠㅠ 근데 '최고의 발연기상'이란 문구보고 순간 뭥미? 하다가 피식 웃었네요 ㅎㅎㅎ
1, 난 첫장면부터 어색하더구만... 10점이 왜이리 많나.. 이상하네.. 연기나 상황도 너무 어색해서 봐주기 민망하다고 생각했는데.. 알수 없군..
10, 18년 인생동안 가장감동적인영화였음.
10, 정말 잘만들었다. 보면서 울컥울컥 거리기도 하고.. 근데 정말 아직도 5명이 전부인건가..
6, 쿨러닝은 봅슬레이다 스키점프랑 비교하면 안데지 쿨러닝도 실화고 국가대표도 실환데 그렇게 비교하면 안덴ㄴㄴㄴㄴㄴㄴㄴㄴㄴㄴㄴㄴㄴㄴㄴ다
10, 여름에 봤는데 최고 재밌음! 문득 생각나서 들어와보니 역시... 욕을 너무 많이하는 게 좀 그랬지만 정말 가슴 벅찬 이야기임!
10, 정말 한눈을 팔수없게 만든다... 감동도 좋고 ㅎㅎ
9, 이 영화는 그냥 봐야 아는 영화
10, 100점줘도모자랄영화!!!!!!!!!!!!진짜최고인영화인것같다.다시보고싶어진영화는처음이다
10, 진짜점수0점주는사람들이해가안가내요진짜보기전에는별기대안했는데진짜보면..ㅜㅠㅠ제가본영화중에서 제일제일제밌었어요ㅠㅠ국가대표는 영화관에서 봐야될것같아요영화관에서 한번 더 보고싶어요한번더보고싶어요
10, 정말 기대 전혀 안하고 봤는데 대박..이영화 꼭 보세요. 극장에서 안보길 잘했지..울다가 웃다가 아주 혼자서 쌩쑈를 했네요.. 웃음과 감동과 행복을 모두 주는 영화입니다.
10, 이거 보다가 몇번을 눈물을 감추게 되었는데 정말 보고 감동 쩔게 먹었음 ~~
10, 너무 슬프고 최선을 다하는 모습을 보아 감동이에요. 어쨌든 잘 보았어요...........
10, 아~~어렸을적에 나가노올림픽때 장면이 어렴풋이 기억이 나네요...그때당시에도 엄청 감동의 쓰나미였덜걸로 기억하는데...국가대표 정말 잘 만들었네요 김용화감독차기작이 기대됩니다.^^
10, 말이 필요없음
10, 눈물폭풍!!
10, 이거 너무 재밌고  한편으로는 감동적인 여러 감성을 느낄 수 있어 너무 좋아요
10, 재미와 감동 모든것들에 만족
10, 최..최곳!!
10, 너무 감동적이어서 눈물이 많이 나오기도 했지만 중간중간에 코믹한것도 많아서 엄청 웃어댔어요. 간만에 제대로 된 영화 본거 같아 기분이 좋네요~
10, 아 ㅅㅂ 죤나게 재밋고 감동적이다 ㅅㅂ 이영화 나쁘게 말하는ㅅㅂ 색휘들은 다 초딩이다 아 눈물나네 ㅠㅠ
10, 최고다.....찡하다..ㅋ
10, 정말 최고의 영화중 한편입니다. ~~~~~!!!!!!
4, 스포츠 영화에는 한계가 있다..
7, 김용화 감독...영화를 너무 많이 봤다
10, 대박!!! 정말 잼있어여...ㅋ
10, 난여기서하정우한테뿅갓땀니댯!!ㅋ0점준램프아이는안본건데ㅋㅋㅋㅋㅋㅋㅋㅋ왜글을쓰나?보고싶음영화관에가서직접바여기다이딴글남기지말고어이에비저리가
0, ..
10, 시끄러운데.. 재미있어요! 돈 아깝지 않은 영화
8, 적절한 구성과 동일성의 연기에 건배
10, 이런 영활 많이 만들어야 한국영화가 산다^^
10, 영화들 보면 아무리 재밌었어도 추천할정도는 아니였는데 국가대표만은 무조건 추천추천ㅋㅋㅋㅋ 진짜 점프할때 그 느낌 완전대박ㅋㅋㅋㅋ
10, 기대하고 보진않았는데 정말 기대하고 봐도 괜찮은 영화네요 ㅎ 감동과함께 끈끈함이 있는 영화인거 같아요~ 다른 영화들과는 달리 좋은 내용을 담고 있어서 신선합니다. ㅎㅎ
10, 양키  쪽발이  중국년~ 전부 나온다♥  정치적으로 아주~ 올바른 영화!!  낄낄
10, 영화 잘 만들었다 짱
10, 배경음악이 잘 어울려서 더 감동적이었던 영화..
10, 이건 대박이다
4, 옛날 코메디영화 쿨..의 재탕이다. 그거 재방송 보는줄 알았다.
10, 우리나라 최고
10, 보면서 정말 눈물을참을수가 없었음.
10, 올해 최고의 영화였습니다. 이런 영화가 또 보고 싶습니다. 선옥 화이팅!
10, 실화를 바탕으로하여 영화의 몰입감을 주고 연기자들의 연기또한 일품이었던! 또한 생소한 장르임에도 불구하고 유머러스하고 따뜻하게 그려내어 흥행한듯!
10, 지존입니다
10, 정말 제 생애 최고의 영화라고 해도 과언이 아닌 영화였습니다ㅠㅠ 계속 웃다가도 중간부터 폭풍감동으로 눈물 콧물 범벅이 돼서 정말 휴지를 안 가지고 간게 후회스러웠던ㅠ 재미있고 감동적인 영화를 원한다면..ㅋ
10, 굿
10, 다양한 케릭터 선정으로  실화다운 감동였어요 넘넘 웃고 울고 ~~일단 무주서 스키를 타고 서  다시한번 더 감상해보니 영화속으로 들어가 볼수있는 현실감 ~~점프는 안되지만 선수들의 맘 조금은 알듯해요~환전감동
10, 눈물을 흘리면서 봤던 영화에요. 실화라서 더 감동적이라는.. 실제로 요번 동계 올림픽때 좋은 성과가 있었으면 좋겠네요 스키점프 국가대표 선수여러분요.
10, 내가 이때까지 통틀어 봤던 영화 중 가장 가슴 뜨겁고 설레었던 영화!!
10, 4번 봐도 안 질리네요!! 극장에서 보고 인터넷으로 3번 보고....감동이 살아 움직인다고 해야 하나요!!! 연기하는 분들 쨩입니다^^
4, 영화는 재밌지만 사실은 소재만 스키점프로 바꾼 쿨러닝의 리메이크작품 수준 ;; 너무 똑같았다.
10, 그냥.............너무 괜찮았던 영화!!......
10, 울만큼 감동적이진 않았지만 네선수들의 깊은 우애를 느낄수 있었던 영화이자 웃겼던 영화 많이 웃은듯 .... ㅎㅎ 시간 가는줄 모르고 집중해서 봤는 영화입니다 최고네요
10, 너무~~~~~~~~~~~~~~~~~~~~~~~~~~~~~~~~~~~~~~~~~~~~~~~~~~~~~~~~~~~~~~~~~~~~~~~~~~~~ 매우매우 감동적이에요 ㅠㅠㅠㅠㅠㅠㅠㅠㅠㅠㅠㅠㅠㅠㅠㅠㅠㅠㅠㅠㅠㅠㅠㅠㅠㅠㅠㅠㅠㅠㅠㅠㅠㅠㅠㅠㅠㅠㅠㅠㅠㅠㅠㅠㅠㅠㅠㅠ
10, 처음에는 그다지 기대하고 보지 않았는데 시간이 흐를수록 기대를 하고 본 다른 사람들보다도 더욱 빠져들어 감동과 코믹을 느낀 영화
10, 이거 빵점주는 사람 모냐.........진짜 내가 태어나서 본 영화중에 젤 재밌네 감동적이고
0, 정말 재미없는거같다 실로 실화에다가 감동적인이야기지만 영화에선 별로못살린거같아 아쉽다 분위기를 잡는 장면에서 개그를하지않나 .. 별로명작같지않은 영화다
9, 정말 감동적입니다
6, 쿨러닝을 안보셨다면 9점 줄수도 ㅋ하지만 제가 줄수 있는 건 이점수 ㅠㅠ 감독의 창의성이 마니 아쉬움
3, 별로 메번 똑같은 패턴의 감동 실화
10, 해운대보다 더 먼저 개봉했으면 순위가 바뀔 수도.
0, 솔직히 영화 쿨러링 처음부터 끝까지 다~ 빼낀영화
9, 오랜만에 우리나라영화가 대박을 터트린것 같아요 감동과 웃음이 공존하는 영화. 정말 재밌었어요 ㅎㅎㅎㅎ
10, 유머를 곁들인 감동만으로도 10점이다
10, 와 진짜 뭔가 모르게 뜨거운 눈물이 흐르긴 처음이다.. 와 대박..
10, 진짜진짜진짜진짜진짜진짜진짜진짜진짜진짜진짜진짜진짜진짜진짜진짜진짜진짜진짜진짜진짜진짜진짜진짜진짜진짜진짜진짜진짜진짜진짜진짜진짜진짜진짜진짜짱이에욤
10, 진짜 최고임 ㅠㅠ이영화를 왜 영화관에가서 안봣을까 정말 후회중이고요 아무튼 정말 최고입니다 .. 아 하정우 정말 멋있다
8, 영화관에서 안봐서 그런가??물론 좋은 영화이긴 하지만 십점을 주고 싶지는 않다;;ㅎㅎ 암튼 감동은 있음
10, 정말 깔끔하게 잘 만들었습니다..이런소재로 이렇게 멋있게 만들수 있다니..대단합니다.
10, 너무너무 재미있었어요....다시봐도 보고 싶은 영화로 추천!
10, 진짜 어쩔수없지 최고다 !
10, 잼있게 잘 봤습니다~~하정우 최고~
10, good
10, 대박임ㅜㅜ
10, ㅋㅋㅋ 진짜 웃었다 근데 갈수록 눈물이 나오는일이 많아지고 김수로 뭔지ㅋㅋㅋㅋ
10, 최고다 스케일도 있는 영화이기에 극장에서 보면 더 실감나요
10, 올해 영화중 최고가 뭐였니 하면 국가대표 1위입니다.
10, 올만점   더이상 말이 필요없는 하정우의 연기력에 박수를 보낸당...^^
0, 쿨러닝 리메이크 영화! 억지 웃음 억지 감동...
3, 울릴려고만 안했어도...
10, 정말 점수를 안줄래야 안줄수가 없네요~
10, 감동이었던   실화라고 해서 더 짠했던 영화  거기에 유머까지 ^^
10, 정말 무엇인가 도전하고 싶게 만드는 영화였습니다. 최고였어요!
10, 완전괜찮은영화!!
10, 이영화를 보고 감동과 생각의 시간이었던게 행복했다
10, excellent movie!!!!!
10, 실화를 바탕으로 하여 더 감동을 주었고 배경이 너무나 아름다워요 눈물도 마니 나고요~~가족의 사랑을 다시 되돌아보는 영화이기도 해요
10, 하정우!!!!!!!!!!!!!!!!!!!!!!!!!머싯서용
10, 너무너무 재미있게 봤었어요 우리 국가대표를 바탕으로 해서 그런지 더 와닿었어요 다른분들도 공감하시는지..;;
10, 어느거 하나 빠짐없이 알차네요. 정말 재밌게 봤습니다.
10, 정말 좋았습니다 진짜 말이 필요가없는영화. 굳.
9, 말이 필요없죠 ~ 정말 재미있었습니다 !!
10, 감동을 전해주는 영화이다.
10, 감동  재미  흥미 진진함을 두루 갖춘 참신했던 영화 ㅋㅋㅋ
5, 솔직히 말하자면 뒷부분은 감동적이었으나 중간부분이 조금 아쉬웠네요ㅣ
10, 지짜재밋다굳
10, 최곱니다!! 하지만 이영화를 보면 욕이조금 나오는데.. 도움이 될지..
10, 정말 걍 최고라는말밖에ㅋ
9, 2시간반의 러닝타임이 지루하지 않다  
8, 뭐 재밌긴한데 ..이게 그렇게 평점이높네..
10, 진짜 너무 재미있었어요 감동이 밀려오는 눈물도 살짝 나게 하는 그런 영화 다른 영화보다는 정말 마음에 들어오는 영화였습니다. 정말 좋았어요 ^^
9, 감동과 코믹 그리고 스릴이 있는 영화... 그리고 기억에 남는 영화입니다^^
8, 냉정하게 8점이상은 못주겠다. 솔직하게 말하면 7.5점정도... 멋진 다이빙 영상은 좋았지만...
10, 너무나 감동적 이네요 ㅎㅎ
7, 학교에서 선생이 불법다운 받아서 보여준 영화라 그런가 그래도 스크린으로 본건데 별로 감명깊지 않았음 마지막에 스키점프때 암튼 그장면만 좀 감동적이었고 솔직히 앞부분은 전부 영화예고프로에서본 내용이전부
10, 그냥 누구의견들을것 없이 일단 보면 되는영화.
10, 감동적이었습니다~
0, 아바타보다 재밌지 않은 뜻
10, 이런 스토리와 스릴 그리고 로맨틱을 137분에 모두담아낸 최고의영화입니다 정말 역대한국영화중 최고작이라고 생각되는작품임니다
10, 영화보는 내내 이렇게 떨린적은 처음이였던것 같애요~긴장감100%!!영화관에서 다리떨리면서 봤던..그런 영화..감동도 있는 그런 영화!!보고보고또 봐도 질리지않는 영화!!사람의 마음을 줬다놨하는 영화입니다!!
10, 정말 감동!!! 이런 영화는 극장에서 봤어야 하는데..외국이라 참 아쉽다..
10, 상업성이 판치는 요즘 세태 속에서 이런 명작이 나올수 있다는건 기적입니다. 안보면 평생 후회할 영화!!
10, 영화 완전 재밌었어요^^
10, 울었어요..ㅠㅠ
10, 너무 잼있게봤어요^^
10, 첨엔 주위 사람들 말듣고 잼있다고 해서 보았는데..아쉽더라구요 아이들하고 같이 올걸..그래서 다시 아이들하고 또 보러 갔음..아이들이 잼있다고  특히 점프하는 장면이 넘 멋있다고..
6, 기대하지 않아서 재밌게 본 영화.
10, 정말 재미잇엇어요... 특히 나가노에서 2차점프할때 나오는 그 음악과 장면이 정말 감동적이엇어요... 앞부분도 재미잇고.....제가 본 영화중에 최고네요 ㅎ
10, 국가대표는 정말 추천하고 싶은 영화예요 감동에 재미까지있는 아주 좋은 영화랍니다. 스키점프할때의 스릴과 멋진 감동!!! 저는 이 영화를 가장 추천하고 권합니다. 국가대표는 영화의 국가대표라고 할만큼 짱!
7, 딱 7점짜리 영화. 별로 기대도 안했지만 뭔가 좀 많이 부족한 영화였다.
9, 너무 감동적이었다~ 그래픽이 약간 아쉬운건 있지만 그래도 내용면에서는 어느 것에 뒤지지 않는 훌룡한 영화다!!
10, 더 이상 말이 필요없다. 3류 비디오 홍보물같은 포스터에 낚일(?) 뻔한 영화. 웃음과 감동이 전혀 어색하지 않게 다가오는 영화다.
9, 비인기종목을 다루는 영화가 많은 사랑을 받게되면서 비인기종목이었던 스포츠종목자체도 사랑을 받게 된다는게 정말 좋았다. 나 또한 우생순과 국가대표를 보면서 비인기종목 스포츠도 앞으로 열심히 응원할것이다.
9, 스키점프라는 종목이 저에게 크나큰 감동을 줄지는 몰랐습니다. 국가대표가 탄생하기까지의 과정과 그들이 결국 해내는 모습은 너무나도 가슴이 뭉클했고 특히 영화에서 김동욱 너무 멋집니다 ♡
9, 좀 억지스러운 부분도있었지만(딸!!) 완전감동입니다 ost와 함께 날아오르는 스키점프 정말 대박이예욧!!! 멋져요!!
10, 배우들의 개성넘치는 연기와 재미 그리고 감동적인 영화입니다. 나무랄데 없네요..
9, 국가 대표 본 분들을 다 아실 그 감동 실제 이야기를 약간의 픽션으로 구성했지만 실제 있는 일인만큼 그 감동은 배로 느끼 실듯
10, 감히 최고의영화라 말한다
10, 10점이 아깝지않다!!너무 감동적이고~뭔가 내 가슴속에서 애국심을 타오르게하는 영화
10, 그냥 스크린에 눈을 맞추고 있으면 가슴벅찬 감동이 전해오면서 저도 모르게 눈물을 흘렀어요. 몇십억  몇백억을 투자한 거대한 블러포스터 영화보다 더 감동적이고 돈이 아깝지 않은영화!지금 보러 가세요.ㅎ
8, 이 영화가 감동적이고  재밌고  짜릿한 스포츠를 담고 있는 건 맞다. 하지만 이 영화만은 어디까지가 실제이고  허구인지 중요해보인다. 애국심으로 감동을 준 게 만약 허구였다면  이 작품의 가치는 떨어질 것이다.
8, 스포츠 특유의 감동이 있는 영화 하지만 딱 거기까지.... 완결판으로 봐서 그런지 모르지만 스토리상 끊어지는 곳이 보이고 이은성은 도대체 뭐지?? 감동을 주는 OST는 일품.
10, 우리나라 무명 스포츠의 현실을보여주는 영화  그 안에 숨겨진 감동  주변의 어떤 도움도 없지만 오직 하고싶다는 열망 하나로 하는 주인공들 실화라고해서 더 감동적이였다. ost butterfly도 너무잘어울림ㅠㅠ
10, 정말멋졌습니다!!
10, "자매님~ 좋은말씀 전하러 왔습니다." 실화를 바탕으로 했대서 막막한 현실이 힘든 국가대표의 얘기라 무거운 영화일 줄 알았거든요. 근데 정말 이게 왠일!재밋고 감동적이고 두마리 토끼를 다 잡은 영화네요
10, 최고
10, 올해 본 영화중에 탑5안에 듭니다~~ㅋㅋㅋㅋ 감동적이에요 ㅠㅠ 그리고 OST가 정말 최고!!
10, dhkswjswoal
9, 재밌으면서도  잘짜여있는 짜임새   아름다운 영화분위기  깔끔한영상  그리고 탄탄하며  재미있으며 감동또한 있는 멋진영화입니다  최고에요!!
9, 우선 배우들의 연기가 모두 좋았다. 누구하나 특별히 못하는 배우 없이 물흐르듯 자연스러운 연기가 영화에 더욱 몰입할 수 있게 해주었다. 실화를  바탕으로 만들어져서 그런지 감동도 생각보다 훨씬 많았다.
10, 무조건 최고~
6, 비슷한 시기에 본 "킹콩을 들다"와 비교되서 그다지 좋은 점수를 주지 못하는 것이 아쉽다. 심파와 스포츠 물의 평행선에서 지루함에 지친 영화. 러닝타임을 좀 줄이고 압축했다면 더 낫지 않았을까?
1, 병신이 나와서 마지막을 뛴다...... 영화 참 누가 만들었는지........재미도 없고 감동도 없고 장난하는 것도 아니고. 등장인물에 병신은 왜 끼워넣은건지....아무리 영화지만...
9, 너무 감동적인 영화예요. 영화를 보고 이렇게 깔끔한적이 없었거든요
10, 이 영화를 가장 재미있게 봣음
10, 완전잼있음!!!!!
0, 별로
10, best
9, 잔잔하고 감동있고 가끔 웃기기도 하면서 아무튼 잼있게 잘봤습니다.
10, 스토리  연기  어디 한군데 흠잡을 데 없는 영화입니다. 지금 유학중이라 3 500워짜리 다운받아서 봤는데요.. 직접 극장에서 못 본 게 한스러울 뿐이네요. 요 몇년간 본 영화 중 최고입니다!!
9, 요즘 해운대랑 국가대표 둘다 봤는데 해운대는 너무 실망했고 국가대표는 그 명성 그대로입니다. 정말 잘 만들었어요 ㅎ
10, 억지로 짜내지않고 이리저리 모방해서 갖다붙이지 않은 순도 100% 감동. 나이먹고 영화보며 울컥해보긴 정말 오랜만.  영화는 이렇게 만드는거다.
10, 정말 말도안되는 한국영화다...외국영화와 비교해도 전혀 손색없는 대한민국최고의 영화인거같다...이런 한국영화를 본적이있었나?...
10, 정말 감동적인 영화였습니다.. 최근들어 이렇게 감동적인 영화는 처음이네요... 모든 배우분들 연기도 정말 최고였습니다^^
0, 진짜이건넘아닌대....  해운대가훨빼났지   평점9.6은  진짜넘 아니다:::::::::::::
10, 해운대보다 더 잼납니다
10, 아 진짜 최고였음! 근래 본 영화중에 가장 감동적이었던 영화에요 꼭 봤으면 좋겠음!
10, 후...최근 봤던 영화중 정말 감동적이고 아직도 가슴에 남네요..여운이... 배우와 스텝들 모두가 고생한 흔적이 느껴지고... 보다가 감동적이여서 울었습니다..ㅎㅎ 아직도 배우들 모습들이 아른거리네요..
10, 친정아빠랑 봤는데 너무 재미있었어요   감동의 물~~~~결
10, 실화를 바탕으로 해서 그런지 더 재미잇는거 같앗고 몇일동안 머리속에 게속잇고 스키점프에 대해서도 알아보고 햇습니다^^정 말  짱 이 에 요
10, 정말 최고였어요 말이 필요없는 영화에요!
6, 진짜 굿
10, 최고다! 말이 필요없네구려ㅋㅋ
8, 감동적이고 끝나고나면 뭉클해지는 그런 영화입니다 ^^
10, 말이 필요없는 영화입니다.실화를 바탕으로해서 더욱더 감동있고 천만관객됬어야하는데 너무 안타깝네요 하정우씨의 연기력이 돋보인 영화 국가대표 국가대표 폐인이라는 말까지 생갈정도로 후대에 길이남을 영화다
10, 감동적이고 교훈적이엿어요. 어떤식으로든 열심히 노력하면 된다는 거에 반했어요! 정말 이런 사람들이 있었다니 놀랍네요 한번 만나보고 싶은데요? ㅎㅎㅎㅎ
10, 재미있다
9, 영화보는 내내 양쪽 옆에서 훌쩍이는 소리에 짜증이 났던기억이...ㅋ 눈보라치는 점프대에 서있던 선수들의 모습이 눈에 선하다. 실화를 바탕으로 만들었다니 감동이 한층 더했다. 볼만한 영화였다.
10, 감동과 코믹  즐겁게 보고 웃고 감동도 받고 오랜만에 맘에 드는 영화를 보게되어 기뻤습니다.  앞으로도 이런 영화들이 많이 나왔으면 좋겠습니다. 또 실화이기 때문에 더 감동이였습니다.
9, 감동과 코믹이 섞여 정말 가벼운 마음으로 볼 수 있는 영화... 가족과 함께 보십시요~ 꿈을 이루기 위한 노력..  9점을 준 이유... 정말 좋은 영화지만 좀 더 노력하시라는 뜻에서 1점은 빼고 드립니다^ㅡ^
9, 완전 너무 감동적이고 배우들의 실감나는 연기에 깊이 감동받았었습니다!
10, 훈훈해지는영화입니다.^^
10, 스릴과 감동 거기다 웃음까지 선사해주는 제가본 올해 최고의 영화였습니다. 영화끝나고 한참을 앉아 있었던 기억이 나네요. CG도 정말 압권이였구요.배우들 연기도 너무 훌륭했습니다. 10점
9, 화면전개가 헐리우드영화 못지 않게 역동적이고 영상미가 출중하네요. 쓰레기영화라고 하시는 분들의 정서는 정말 이해가 안갑니다. 그렇다면 800만 관객동원이 있을 수 없거든요. 워낙 긴 시간을 압축하다 보니 끊
9, 감동적인 선수들의 집념이 인상적이었습니다.
10, 재밌게 봤습니다.
10, 10점인 영화인듯
10, 시간이 안되서 아직 절반만 보았다. 입양아 문제와! 비인기 스포츠의 현주소와 열악한 환경... 에이즈 환자에 대한 편견 나버지 반도 기대된다.  ** 솔직히 나도 에이즈 환자를 보면 편견을 가지고 대할거 같다. **
10, 너무 재미 있었어요....모든 스트레서스를 한방에 날려 보내 버리는...얼마나 웃었는지...유쾌한 시간이었습니다...
1, 그저 요즘 유행 따라 만든 스포츠 영화 ~ 뚝뚝 끊기는 전개.. 쓰레기 코미디.. 이해 안되는 눈물.. 언플로 성공한 영화.. 1점도 아깝다.. 도입부 부터 엉성한 하승우 연기에 몰입이 안되 힘들었음..
1, 누가 헐리우드의 신파를 비난하겠는가.. 라커룸에 태극기 걸어놓고 애국가 부르는 씬에서 마시던 콜라를 부어 버리고 싶더군.. 스포츠 영화를 만들려거든 그냥 정직한 스포츠 영화로 만들것이지..
10, 아무런기대없이 본영화 하지만 마지막에 한번 다시 보고 싶은 욕구를 참을수 없어 그 다음날 다시 보게 된영화 정말 감동적이고 폭소가 절로 나옵니다^^
2, 평가보다 너무 별루였던영화.. 기대를 너무 많이 했나? 하여간..실화를 바탕으로 했다기보다... 실화보더 더 못한영화..
10, 이영화보고 너무감동적이고 가슴에 현실적으로 와닿더군요 한국영화중 제일최고에요~ 가족과같이봐서더좋았음
10, 나름 10점줘도 괜찮아요ㅋㅋ
7, 실화 영화를 좋아해서.. 이런영화가 자주 나왔으면 좋겠어요~~ 감동도 있고..재미도 있고~~ 좋았어요~
10, 최고중에 최고 다시한번 보고싶은 영화~~~~~~~~~
10, 이렇게 눈물이 나는 이유는 멀까요..? 정말 감동 깊습니다..^^  한마디로 정리하겠습니다."제가 본 영화중에서 '최고'입니다"
10, 눈물콧물 다나는 영화 오랜만에 펑펑울고 실컷웃음 정말 말이필요없는영화
10, 정말 감동 적인 영화네요..^^
10, 살아가면서 꼭 봐야할 필수 영화
10, 진짜 올해의 최고의 영화입니다!!
10, 정말 감동적이었어요 ㅠㅠㅠ
10, 정말로 재미있고 감동 있어요...^^
10, 올해 최고의 영화
10, 넘~~~~~재밌어요~~^^ㅋㅋ
10, 정말 잼 있구요.. 공부 집안일 쌓였던 스트레스가 뻥!!!~하고 풀릴정도로 ...  넘 잼있어서말을 못하겠네요^0^~ 겨울 맞이 영화로도 좋아요 아이들이랑보기도 좋고 반전도 있고 진짜 재미있으니까 꼭 보셔요~
10, 봤던 우리나라 국내 영화중에 최고임.... 어휴..노래만 들어도 울컥울컥 하는게 ㅜㅜ
10, 와..진짜 감동적이고 재밌게 봤음
10, 실화라 더 감동적인... 내가 본 올해 최고의 영화
9, 기대를 안하고 봐서 더 재밌게 본거 같아요! 재미와 감동! 가족끼리 봤는데 넘 좋았어요
