2, 정제된 공기 안에 상처 없는 영혼이 어디 있으랴
9, 이런영화가 탄탄한 저변이 돼야한다...현실이 안타까울뿐~
10, ㅎ 외로운 영화
9, 정유미씨를 비롯한 모든 배우들의 눈빛이 아직도 잊혀지지않네요.
10, 난해하면서 의미심장하다. 이런영화들이 흥행할수없다는게 안타깝군
6, 칙칙한 현실이 칙칙하게 다가온다...
10, 마음으로 울었다.
9, 배우정유미의 또다른 이미지
9, 전 좋았어요
6, 우리나라 20대 여성의 현실 그리고 방황..
9, 주연배우 정유미씨......홀딱 반했습니다. 한번 만나보고 싶네요.  다른 배우들도 아주 훌륭한 연기를 보여줍니다. 또한 훌륭한 감독이래야 훌륭한 연기가 나오죠. 다음작품 기대됩니다.
9, 그녀들의 방. 차가운 그녀들에게 촛불처럼 잠시 따스했던 방.
