10, 진정한 용서...형용할수 없는 그리움...가슴속에 사무치는 아름다움...
10, 용서와 화해 그리고... 아련한 그 길을 따라가다 보면 우리는 들을 수 있을까? 그 끝없는 구원의 외침에 대한 대답을.
10, 영혼이 정화된 듯~
10, 몽환적인 배경과 서정성이 돋보이는 수작(秀作). '길'이라는 주제에 가장 어울리는 영화가 아닐까 싶네요.
10, 세상에서 가장 아름다운 길 우리 모두가 걷고 있는 길~ 인생이 녹아든 길이지요.
10, 후반부에 계속 눈물을 흘렸다. 이렇게 많이 운 영화는 처음이다.
10, 잊혀져가는 우리의 것들을 장인 배창호감독에 의해 태어났다.
10, 처용같은 마음 사랑과 신뢰  마음이 따뜻해지는 영화
9, 한국적 정서를 잘 표현하신 듯...
10, 배창호 감독님 작품을 계속 만났으면 합니다..사라져 가는 것들 아쉬워서요
10, 아~
9, 배창호 감독님 영화 참 잘만드십니다^^
10, 가난의 시대를 배경으로 한 남자의 사랑과 의리 고통을 승화하는 방법...재밌게 잘 봤습니다.
9, 재밌게봤습니다. 한국적인 한국 영화
9, 이런 한국영화 너무 좋아요.. 삼류 조폭영화보단 백배 낫네요!!
8, 마음이 무겁네요...뭔지모를 답답함마저 들고...TV 시청으로 평점하기는 죄송하지만 그래도 감정의 기복을 느낄 수 있는 좋은 영화 감사드립니다
9, 정말 남자다운 남자(태식)의 사랑 의리를 본것같습니다.
6, '용서'와 '해후'의 투박함에 더해진 우리의 미장센
9, 무쟈게 보고 싶어 지는 영화
10, 정말 멎진 영화임....맘이 찡한...배경두 괜찬았고...배창호 감독님 싸인 감솨드려여...고래사냥 다시 봤는데두 잼있어...ㅋㅋㅋ
9, 가슴 훈훈해지는 그런 영화네요. 정말 좋습니다.
8, 향수 정 의리 배신 용서 좋은 영화인것 같아요
6, 얼마만의 영화인가요. 그래도 꿋꿋이 한 길을 가는 배창호 감독님의 영화이니 기대하겠습니다.
9, 마음 따뜻해지는 영화일것 같아요
