8, 영화가 여성을 성적도구화 한 것을 비판하면서 정작 출연 여배우들도 그렇게 사용된 것 같아서 안타까웠습니다 배우 연기와 내용 좋았는데  흥행되지 못해서 아쉽네요
10, 잘만 만들었구만 왜들 이러는지. 저렇게 몸바쳐야 되는거면 그냥 포기하자
6, 너무 밋밋했음
5, ㆍㅇㆍㅇ
7, 더르븐 세상...ㅋㅋ
5, 전개가 너무 평범하다
10, 하아
10, 법조비리 없어지길... 우리아이들 범죄세상에서 안살도록 노력합시다.
0, 연예계의 성상납 문제를 영화화 했다는 것에는 칭찬해 줄 만 한디 못 만들었네유. 혹시 성상납 한 여자 아이돌이 있을까봐 찝찝하네유. 예전은 지금보다 여자 연예인들 성상납이 더 심했겠지유.
3, 만들 필요가 없었다..
9, 기주봉 진짜 얄밉게 연기 잘하네
10, 권력앞에선 법도 결국 쓸모없다는걸 보여주는 영화!
10, 불쌍한 장자연...고인의 명복을빕니다..
10, 유전무죄 무전유죄
10, 이 영화를 만드신 분들의 용기에 대한 경의를 표합니다.  그들이 아직 살아있는 권력일텐데 말이죠.
10, 더러운 언론권력과 사법부 개들 천벌 받아라~
10, 그들은 참회하지 않았으나 우리는 이 현실을 절대로 그냥 내버려둬서는 안된다. 그들이 정의라고 주장하는 것에 대해서 항상 경계를 하고 잘못된 일은 바로 잡아야 한다는 것. 현실적으로서 정의가 진정으로 무엇인지를 다시 한 번 영화 노리개로서 분명하게 깨달았다.
8, 돈있는 쓰레기. 배운 쓰레기. 욕망의 노예가 된 쓰레기들... 기억해라.  세상은 돌고 돈다. 언젠간 똑같이 되받는다. 니들이 아니라면 니들 자식  그 자식이 다 되받는다. 양심껏 살아라. 퇫.
10, 보셔야 할 이 땅의 숨겨진 탐욕...
10, 꼭 봐야할  영화!
7, 알고 있는 결론이지만 영화 속 결론도 바뀌지 않았다. 지켜주지 못해 미안합니다.
10, 여기 출연한 배우들과 감독님들이 다  잘 됐으면 좋겠네요 분명히 좋은 영화지만 앞으로는 이런 영화가 만들어질 일이 없었으면 합니다. 보는 내내 맘이 안 편하네요. ㅡㅜ 제 점수는요.
7, 우리사회엔 다크나이트가 필요하다... 여배우님에게 존경의 박수를 드립니다.
8, 좀 부족하지만 의미있는 영화
7, 극적 요소는 그럭저럭.. 하지만 의미 있는 영화..
10, 씁쓸하네요...
10, ..…..............
7, 세상은 변하지 않았다
7, 주변 아이들 연예인에 대한 환상같은게 있는데 이런 영화를 통해서 다른 면도 있음을 절절히 실감하면 좋을텐데..
5, 말하고자하는 의도에는 공감하고 또 점수를 주고 싶지만  영화 자체만을 평가할 땐 별로... 자극적인 소재와 화면으로 이목을 집중시키는 것 외에는 이 작품의 그 어떤 요소도 영화적 완성도를 높이는데 기여하질 못하고 있다. 마동석의 뛰어난 연기력마저 빛을 발하지 못하는 그런 영화. 소재와 배우가 아깝다.
1, 단지 소재만 좋았다. 이야기를 풀어나가는 힘은 부족하고  법정을 배경으로 함에도 불구하고 극의 긴장감이 전혀 없다. 그리고 감독의 연출력은 형편없으며  여배우들의 연기력은 중하. 사회부조리를 고발하는 영화로서 전혀 분노감이 들지않는다.
4, 가진 거라곤 몸뚱아리가 전부인 사람들이 기득권에 저항할 사회적 장치는 언론의 자유가 유일하다. 왜 불합리한 판결이 나오겠는가. 왜 부패가 사회 곳곳에 퍼져있겠는가. 왜 언론의 자유를 헌법으로 보장하고 있겠는가. 언론의 자유는 인간의 존엄성 측면에서 절대적으로 필요한 민주주의 기본권이다. 말할 권리를 되찾자.
5, 상업영화 행세하는 독립영화  자극적인 데에 집중을 했다
10, 故 장자연씨 명복을 빕니다.
10, ㅆㅂ 역시 개한민국의현실을 잘 보여준 영화
6, 불편한 영화
0, 민감한 소재로 영화를 만들면서  민지현배우님께 노출연기까지 시키시고  이딴식으로 밖에 못마들다니    감독님은 배우들에게 미안해 해야 합니다.
10, 제목이 노리개인데 주인공의 알몸을 꼭 보여 줬어야 하는건가?강간 당하는 장면을 보여 줬어야 하는건가?있는 사람들을위해 법이 존재 한다면 이영화에서 피해자 같은사람들은 자기 변론을 위해 어떤 행동을 해야 하는걸까?아마 대부분의 사람들이 공감할것같다..눈에는눈 이에는이..장자연의 얼굴이 보이더라..
10, 연예계 지망생에게 권하고 싶다자살할바엔 그난두지...라고 생각했는데이또한 노예계약에 묶여 쉽지 않았고벗어날수 있는길은 오로지 죽음이였음을 알게 됐다자살 연예인 죽음을 우울증이라고만 할께 아니라전면 재조사해야 한다
6, 검사 연기자의 포스 부족 개한민국은 판사의 권한이 너무 강해서 공정한 재판이 이뤄지지 않는다 영화에서도 봤겠지만 지가 안된다 하면 중요한 증인이나 증거도 채택이 안됨 오히려 판사를 무시한다고 역관광 당함 결정적 심문도 지가 아니다 싶으면 짤라버림
10, 여성의 성을 착취하는 더러운 인간들 모두 지옥가라..
0, 노잼. 단지 사회적이슈로 관객들 관심이나 끌려는 영화의 전형적인 모습을 보여준다. 그냥 이슈를 타고 상업적으로 흥행을 위해서 만들어진 영화. 연출이 뛰어난 것도 아니고 연기가 뛰어난 영화도 아니다. 이걸 굳이 영화로 만든 이유를 모르겠다.
5, 영화 자체의 연출력은 형편없으나 사회부조리를 꼬집었다는 자체만으로도 큰 성과다
10, .얼
10, 일단 사회적 주제에 점수 주고 들어간다.
9, 진짜 변호사랑..신문사.사장인지 회장인지 개새끼들..현실 저새끼든다 파멸했음 좋겠다..ㅜㅜ불쌍해.....
10, 이 새대 나쁜 새키들을 꼭 기억해야지... 불쌍한 여배우 ㅠㅠ
7, 주제가 무겁다고 무조건 좋은 영화는 아니라능   흥미로운 소재지만 연출력과 연기등이 많이 떨어지네요~
9, 보는 내내 울화가 치밀었음....이거 찍은 여배우도 참 대단.... 이거 보고 느끼는 점이 있었음 좋겠는데..... 느낄수는 있을련지.....성상납...... 관련된 인간들 다 역겹고 더러워
0, 아무리 그럴듯하게 꾸며놓아도 재미없는건 재미없을뿐
10, 연예계가 이런데 딸을 연예인 만들겠다는 부모들도 있지 쩝....거지같은 판결...우리나라는 아직도 멀었다
10, 악마가 사는 곳이 다름아닌 지옥이다. 그곳에서 함께 살고 있는 그대는 인간이냐고 묻고 싶다.
10, 세상이 바뀌면 진실도 밝혀지겠지
7, 슬프고화난다. 여배우에게감사!
10, ㅈ진실을 밝혀야죠!
10, 역사의 진실은 언제 밝혀지려나
5, 뭔가 보면서 찝찝한 그런 영화네요.. 보는 내내 여배우님은 정말 원하셔서 이 영화를 찍으셨는지 생각만 들고.. 이토록 심한 노출없이 만들수는 없었는지.. 전하려는 내용은 알겠는데 아쉽네요
10, 더럽고 더러워서 세상 모든 욕을해도 시원치 않은 악마들은 여전히 잘 지내고 있지요.. 현재진행중인 슬픈 이 현실이...애통합니다. 도가니처럼 많은 사람들이 보고 분노하길 바랍니다.
10, 가슴아파 울었습니다아래댓글처럼제작하신분들 경의를표합니다
1, 별로다
10, 너무 열 받는다. 세상 남자들이 도대체 왜 애나 어른이나. 미쳐 가고 있는지. 다들 자신의 가족이 이런일을 당한다고 해도 이렇게 할 수 있을까? 이 영화가 좀 더 흥행 하지 못한 게 안타까울 뿐이다.ㅠㅠㅠ
10, 이런 영화 개봉에 껄끄러운 인간들 참 많을꺼다.. 시작부터 그런 논란 때문에 가상이라고 시작하는 문구가 더 인상적이다.. 아마 이 영화 보고나면 밤잠 못잘 사람들 많겠지..
10, 방가방가  이것은  영화제목이 아니다  아시는 분은 아실듯
10, 이 영화를 만든 제작자  감독 그리고  출연한 배우분들에게 경의를 표합니다.
10, 제목이 왜 노리개인지 알겠다. 상영되지 못할뻔 했다는 건 이 영화로 인해 불편해하는 불편해지는 사람이 있다는 것인가? 성접대  성상납 문제가 비단 연예계에만 국한되지 않은 걸로 알고 있는데  아직도 우리 사회는 불편한 진실들이 너무 많은 거 같다
10, 권력을 가진자에 대항하는  모습에 슬퍼진다.과연 이땅에 정의란 있는것일까? 정의는 승리한다고 했는데  정말로 그럴까?슬프다
10, 많은 사람들이 봤으면 싶다. 진짜 더러운 세상  그런 더러운 무리들이 온간 호사누리며.. 오늘도 죄의식없이 그짓을 하겠지... 법도 정의도 없는 세상.. 엿같다
10, 만든사람의 고생에 비해 빛을 발하지 못한 영화라 조금 아쉽네요... 언론에서 참 잘 묻어버린것 같기도 하고....
10, 슬픈 영화.ㅠㅠ
7, 영화에서나마 속 시원한 결과를 만들어주었으면 좋았을텐데...실제로 부와권력앞에 고개숙인 법정관계자들 모두 반성하길!!  있는자 앞에선 고개숙이고 없는자 앞에선 떵떵거리는 치졸한 인간의 모습은 영화속만 아니라 늘 현실에서 봐 왔던바!?...암튼 분노를 금할수없는 실제사건과 영화속내용이지만 영화자체로는 별로~~
9, 충격적이다..그 장면..아..ㅆㅂ 젖같은 새끼들! 여배우 60%이상이 젖같은 제의를 받은 경험이 있다니..슬픈 대한민국이다..
9, 음...
6, 이거..씁쓸하구만.
8, 작품성있는 괜찮은영화다 단지 현실에서 쓰레기같은놈들이 쩔었다는것이 이 사회의 비극적인 단면이다
9, 중간 약간 지루하였으나 이 사건을 영화화했다는것 만으로도 대단하다 여겨지는 썩은 대한민국....그리고 그들을 벌하지 못하는 무능한 법과 우리들...다시는 장자연 사건과 같은 일이 일어나지 않기를...방가집안 찔리긴 할까?!
10, 반드시 밝혀야할 진실....
8, 영화보는 내내 아쉽다는 생각을 지울수가 없었다. 너무도 뻔한 결론이라서 그 과정을 보고자 함인데 연출과 여러 장면이 아쉽다는 생각이 듭니다.
10, 지금의 우리네 부페한 전반적인 사회 그리고 반칙으로 얻어가는 그것을 큰힘에 의해 감춰지는 현실과 너무 닮았네요... 가슴이 먹먹합니다. 이런영화가 많이 나왔으면합니다...
8, 검사님의 연기력이 쩌네요. ㅋㅋ 국어책 읽는 수준에 표정연기도 완전 ㅋㅋㅋ
10, 잘 봤는데 이 사건 외에도 파고들면 수도 없이 많을텐데.. 양파처럼..
5, 의미는 있으나 전달력이 떨어지는게 사실. 좀 더 고민하고 치밀하게 전개했으면 좋았을듯
7, 연예계쪽으로 가는 사람들에게는 좋은정보를 줄수있겠지만 중간에 노출은 좀 아닌것같내요...ㅎㅎ
10, 우리나라의 현실
5, 중간에 다 벗은거는 왜 보여주는 건데?
8, 진실이 뭐지 눈치 챘어도  권력과 현실 앞에서 무능한  사람들의 모습을 잘 그렸다.  부모도 배경도 없는 여자 연예인의  성상납이 어제 오늘의 일은 아닐 것이다. 연예인을 지망하는  학생들과 부모에게 꼭 보라고 권유하고 싶은 영화이다.
10, 장자연이 생각나는 영화
9, 연예인하기 참 힘들다.
8, 민지현씨 연기가 영화를 살렸네요...도가니처럼 참 씁쓸한 영화입니다...대한민국만 이런 걸까? 전세계가 이런걸까? 답답하다..근데 중간에 넘 지루하다...좀 더 임팩트 있게 편집했어야 했는데..ㅜㅜ
10, 방가방가..
8, 진짜 장자연 영화. 연예계 정말 이런걸까? 좀 무섭기도하고 드럽기도하고 암튼... 세상엔 드러운 인간들이 드럽게 많다..
10, 단순히 영화로서는 아쉬운 부분이 분명 있지만 전하고자 했던건 충분히 했다고 봅니다 힘들었을텐데 감독님 배우분들의 용기 열연 수고하셨다고 말씀드리고 싶네요 그리고 민지현님 너무 이쁘심 다음번엔 좀 쎈역말고 로맨틱 코미디 같은거 해주시면 목소리도 귀여우시고 잘 어울릴거 같은데
10, 이런 영화 말이 필요있나 만든 것 자체가 최고다
8, 영화적으론 마니 부족하지만 현실을 영화화하는 것조차 불가능한 현실에서 도전했다는 것만으로도 점수를 준다.
10, 아직도 거대권력인 그들에 맞서서 만든 영화.  일찍 종영된 것도 그들이 조장한 무관심 때문이 아니었을까...
10, 힘없는사람은 어쩌라는건지 참..
9, 이 영화는 우리사회의 일부분을 보여주는 것이라고 본다.   예부터 일부? 자본. 언론  정치 권력이 더러운 욕망을 채우고 그 권력에 기생한 기생충들이 우리사회를 병들게 하고 있음을... 또한  우리사회에 꼭 필요한 인물들을 그 더러운 권력에 나가 떨어지게 한일들이 비일비재했음을.... 역사가 말해줄겁니다.
10, 과감하게 메시지를 던졌다는 것 만으로도 충분히 가치있는 영화
10, 변하지 않는다고 생각하고 아무것도 하지 않으면 정지해 있는게 아니라 더 퇴보하고 썪어 문드러진다. 작은 노력들이 모여도 절대 변하지 않을 것 같지만 언젠간 변한다. 자기 자신 하나 바꾸는데도 몇십년동안 공을 들여야 한다. 하물며 이 세상을 바꾸는건 더하지 않겠는가? 우리 모두 포기하지 말자.
6, 언젠가 꼭 진실이 규명될 수 있기를...
10, 언제쯤이나 대한민국에 정의사회가 구현될지.. 영화 보는 내내 참 답답했습니다 ㅠㅠ
10, 우리나라에서 성상납의 악습이 없어지기를 바랍니다.
10, 이런 악마들은 언제쯤 없어질까. 하지만 세상은 변화지 않는다. 돈만있으면 그런짓들 해대는 변태들.정말 쩐다. 여자연예인들이 기획사들 종이나 마찬가지네    마음이 정말 아프다..
9, 다시한번 그때 일을 생각나게 하는것 같네요
10, 답답하다... 또 11년전 이대생 살인사건은 왜 이슈화 되지 못할까? 요즘 방송에 2번이나 방송됐는데도....
6, 법정씬에서 적정선을 유지하는 것ㅇㅣ얼마나 중요한지 또  자살한 여배우의 목적에 초점을 둬서 고발의 본질이 드러나지 않는 것 같아 아쉽다.
10, 영화를 보고 나니 너무 가슴이 아프다.. 진짜 악마들 처단하는 날이 하루 빨리 오기 바란다. 이 시대 검찰은 정말 썩은것을 다시한번 실감한다 그것이 알고싶다 사모님 편만 봐도 그렇고 ㅠㅠ
10, 그냥 10점주고싶은 영화
10, 세상이 변하지 않는다고 포기하면 안된다... 한번에 변하는건 없다. 관심을 가져주면 세상은 조금씩 아주 조금씩 변해가는거다. 우리를 위한것이 아니라 우리 아들 딸 더멀리는 우리 손자 손녀가 살아갈때를 위한거다. 변하지 않는다고 관심도 두지 않으면 그때는 정말 변하지 않는다...
9, 뭔가 아쉽기는 하지만 메시지는 강하다.
10, 영화를 보고나서 잠을 들수가 없다..... 세상이 이렇게 되어도 되는 것인가? 사람이 사람을 농락하는 것이 아무런 제제도  처벌도 받지 않을 수 있다니....... 정말 세상이 무섭다 ㅠㅠ
9, 더러운자본주의....제발인간답게살다가자..
4, 뭔가 아쉽다는 느낌을 지울수가없는.....
8, 부러진화살도그렇고 노리개도 그렇고 감독들 고생많이했다쉽지않은 작품 선택이었을텐데 ..노리개..작품에 완성도를 떠나 시도적작품이라는 점에 용기를 보낸다
5, 뭐 어딜가나 드럽긴 하지만... 이 바닥만큼 드러운곳도 없을듯...
10, 화가 난다 ................................................. 화가 난다 ............................................. 직급과 돈에 작아지는 인간이 싫어진다.
6, 아쉽다. 사회고발성 영화로서 메시지를 던지기엔 임팩트가 약하다. 드라마틱한 장치를 넣으면서 왠지 더 밋밋해 진 느낌이랄까?!
10, 한마디로 유전무죄 영화를 보고난뒤  우리나라 여자연예인을 보기가 .......
10, 장부에있던 인간들은 잘먹고 잘살고 있을까?
10, 영화는 재미좋아야 겠지만  그보다는 감동이 더 비중이 높아야 한다. 어려운 조건속에서도 이만한 영화를 만들어 냈다는 것에 박수를 보낸다. 애초 사회고발을 목적으로 한 이영화... 훌륭하지 않은가...
10, 진실이 통하는 사회가 되길 바랍니다.1
10, 사회가 고쳐지지 않는다고 숨어있으면 무엇이 달라지나...이슈화가 되서 조금이라도 변화된다면 이 영화의 가치는 높다고 생각한다...재미로 보는게 아니다!!
1, 이렇게 만들려면 안만드는게 낳겠죠.  뭐 이리 엉성하죠. 진지한 내용을......
10, 이런 사회의 음지를 공론화시키는 영화 계속 만들어지길 바라는 마음에 만점을 준다
6, 다 이해해요.. 나도 힘이없어요 억울해요 근데 영화는 억지에요 구해주지못해 미안합니다. 살아야죠 죽은자의 복수는없습니다
10, 햇볕이 안드는 곳에는 곰팡이만 피는 법이다...ㅠ.ㅠ
6, 9점짜리..사회고발 영화가 거꾸로 누웠다..그뿐이다...
10, 최고의 영화. 대한민국 국민이라면 꼭 봐야할 영화. 사회지도층이 어떻게 국민을 생각하는지   법도 어떻게 편승하는지를 잘 보여준 영화.
7, 그 사건에 대한 사회적 고발일까?아니면 그 사건에 얹혀 흥행을 기대한 걸까?그냥 찝찌르하다. 영화도... 이 사회도...
10, 꽃다운 여배우를 죽음으로 몰고간 악마 같은 놈들...영화를 보고 난 지금 가슴이 저리고 치가 떨리네요..인과응보..살아생전에 죄값을 치르지 않는다면 죽어서 지옥불에서 장자연씨가 당한 고통의 백만배의 고통을 당할것이다.악마같은 놈들...
8, 여러분?!  영화니까 이정도 표현이 가능했다. 라고  생각하세요?!  실제는 개란으로 바위치기라는 것 여러분도 아시잖아요. 더 이상 강도높고 리얼하게 표현했다면  돈많은 그사람들이 필름을 통째로 사서 불태웠을 겁니다. 그랬으면 여러분은 사회악 어두운 부분을 조금이나마 이해하는 시간마저 없었을 겁니다.
5, 뻔한내용 너무 연출력도 부족하고 재미도없고 당췌 ..아니던데..조선일보 구속안하나
7, 퀄리티를 찾는 사람들이 있는데...   저 영화의 가해자가 누구인지 다들 알건데... 이름있는 사람들이 과연 출연할 수 있을까?  후반부에 가니 욕지니가 나오더군요... 룸 테이블 위에서 그짓 하는거 보니... 이런 고발영화 많아 졌으면 싶습니다.
3, 사회비판의미만 담으면 영화는 엉망이어도 되나? 난 뉴스나 다큐를 본게 아니고 영화를 봣으니 영화에 대한 평을 달겟다. 내 평점은 3점
8, 베스트야~ ㅅㅂ 욕 나오네~ 고발 영화에서 연기력을 찾냐? 아참 어이 없네~ 즐겁디? 묘사와 상상을 구분 못 하는 이런 어이 없는 색히들 한테 표 던지는것도 참~ 한심하다~ 너희들처럼 무심코 하니까 묻히는걱고~그래서 못 이기는거다~ 이 소수 개미 들아~~~
7, 누군가를 생각하게 만드는 영화인데... 그런 이유로 광고를 제대로 안해줘서 흥행하지 못한걸까...
8, 윤창중이 아무렇지도않게 여자를 툭 건드릴것도 국내에서 하던짓이 습관화되어 그런것이 아닐까 싶다. 방가는 그 사건 이후로도 나쁜짓을 계속하고 있겠지. 한번 저지른 범죄자는 재범을 하게 되어있다. 범죄를 저지르지 않을 사람은 아예 범죄를 저지르지 않는다.
4, 아쉬움x100. 호소력있는 메세지에 비해 영화는 다큐수준에 머무름. 전달하려는 주제의 무게나 의도는 분명하지만 영화적 재미는 많이 부족함.
10, 이런 영화는 무조건 만들어 져야한다
8, 마동석씨 출연 만으로도 기대가 됬고 아픈 여주인공의 분노에 판타지라도 그 쓰레기들을 응징 하는 모습을 보고 싶었지만 역시 법의 잣대란 우리를 한 낱 노리개로 생각할뿐..안타까운 현실과 불공정이 판치는 노예계약에 분노를 금할수 없었음. 하지만 약간의 지루함 법의 공방의 긴장감은 부족 했지만 메시지 만큼은 충만
5, 이런 기분 나쁜 소재 돈 내고 보고 싶겠어요 ㅠㅠ
8, 갑자기 장자연씨가 생각나네요. 이세상이 쓰레기?
10, 슬픈 현실...
6, 다시한번 잊지못할 아픈 사건을 기억하나 해준것은 감사하였으나  지루했고 뭔가 사건을 깊이 파고들지 못한 점이 아쉽다.
6, 돈과 권력이 이긴다는 뻔히 예상되는 결말이라 그냥 추적60분 그이상 그이하도 아님
10, 고인의명복을 빕니다.
6, 날카로운 사건이 무디게 돌아왔다.
10, 감사합니다..잘 보았습니다..~~~~~^^^^^^^^^
10, 마음이 많이 아픕니다. 명복을빕니다!
6, 보는내내 기분이 더러웠다!! 법의 존재 목적이 힘없는 서민들로부터 힘있는 놈들을 보호해주기 위해 존재한다는 메시지인듯!!  허영에 찌들어사는 여자들에게 일침을 가하는 메시지!! 나중에 편하게 살고싶었다면 계속 조용히 몸 팔고 있었으면 됬을걸!! 그런식으로라도 유명한 광대가 되고싶었는가?
10, 쇼킹한 베드씬장면만 빼고 별로 그저그런영화.............여배우 고생했겠다 ...
10, 부도덕 부정행위.판사들은.사형시키는.법을 만들었으면 좋겠다.아니면 신상털어서 평생.괴롭히고싶다.증말
10, 솔직히 "부러진화살" 이나 "도가니" 보다 연출력이나 연기력등은 미흡하다... 하지만 이런 사회부조리를 고발하는 영화는 그 자체만으로도 가치가있다!  개같은 개한민국!!!
7, 돈과 권력이 얼마나 많고 높으면 무죄로 판결을 받기까지 한건지... 참 더러운 세상입니다..
6, 기대를 하고 봐서 그런지 좀 아쉽다는 생각이 계속되네요~~
8, 어떤영화든 우리나라 검찰이나 사법부가 등장할때 꼭 느끼는거지만 검찰.사법부만 깨끗하면 우리나라는 아직 희망이있다...문제는 희망이 없어서 그렇지...
10, 물흐르듯이 아무렇지 않게 시간만 흐르고 잊혀지겠지.. 여지껏 그랬던 것처럼..  이상하고 익숙한 사회야
10, 분노
10, 방가방가~ *^^*
10, 니가 좋아 하는 연예인이 겪었다고 생각해봐
10, 배우분들과 감독님 모두 너무 수고하셨고 감사합니다 전달하고자 하는 사상과 용기 표현 모두 멋졌습니다  한방울 한방울 낙숫물이 모여 댓돌을 뚫을 그날이 오겠지요 권력이라는 더러운 손에의해 묻혀진 불편한 진실들.. 동시대에 살고있는 목격자이자  증인의 한사람으로써 책임의식을 느낍니다
5, 또한번 장자연을 죽이는구나 ...  참 억울할테고 하늘에서도 통곡을 할일이다  편히쉬길..
9, 사실과 관계없다고 첫장면에 자막으로 나온다.... 마지막은.. 아직도 진행형이라고 자막으로 나온다... 참  분노케 만드는 영화다...
10, 재벌과 언론의 더러운 권력이 성을 어떻게 가지고 노는지    분노하게 만드는 영화
8, 쓰레기같은 넘들...
7, 눈물겹고 역겹지만 부끄러움도 모르는 뻔뻔한 승자만 있다
0, 민지현이 나왔구나.. 쓰레기영화네
6, 재미로 보지 않으면 10점짜린데  영화에 몰입을 방해하는 요소들이 있는 것 같아 아쉽다. 도가니  돈크라이마미 등과 같은 여느 법정 범죄영화와는 다른 소재이지만 끝이 찝찝한 건 어쩔 수 없나보다.
10, 대한민국은 썩었다
10, 남자들 니물건 함부로 휘두르고 다니지마라 잘라버린다 같은 남자로써 부끄럽다 ..
10, 수고 많으셨습니다!!
10, 햇빛이 들지 않는 곳엔 곰팡이만 피기 마련... 극중 마동석(이기자) 배우님의 대사가 와 닿네요... 이 나라 정의가 있긴 한 걸까 싶습니다. 故장자연 배우님이 편히 눈 감을 수 있었으면 좋겠습니다. 그 역활을 소화했던 민지현 배우님 고생하셨고.. 기주봉선생님 힘드셨을 것 같습니다. 모두 고생하셨습니다.
9, 안타까운 현실. 악마들이 득세하는 세상.슬프네요.
7, 큰 파장을 일으켜주길 기대했는데 호수에 조약돌 하나 던진 기분. 배우들은 왜 또 국어책을 읽고 있는지... 여러모로 아쉬움만 남는 찝찝한 영화. 이 땅의 수많은 '정지희'씨를 응원하며 평점은 가슴으로 매겼습니다.
10, 이 영화와는 "아무 상관없는" 장자연..... 이 영화와는 "아무 상관없는" 일부 쓰레기같은 사람들....
10, 일베는 자기 누나한테 이런일 생겨도 띵가띵가
10, 현재진행형이란 말에 ..희망이 보이네요 .힘내세요
10, 보는내내 엄청 짜증났음 연예계에 아직도 이런게 존재하려나
10, 보는 내내 어찌나 화가 나던지요.... 감독님과 배우들에게 그저 고마울 따름입니다. 제작에 들어가기까지 분명 많은 용기가 필요했을터..
10, 열 받지. 이게 영화가 아니니 열 받지. 개같은 나라에서 사는 국민이라.
10, 그것이알고싶다에서다뤄주길바라지만 힘들겠죠?이영화와는!!!!!!!!아무런상관없는!!!!!"    장자연씨사건    "재조사부탁드립니다 어떻게든저도돕도싶습니다
9, 줄건줘야 받을께 생기지란 말을 듣고 받을거 생각하고 선택한거 아닌가 ㅡㅡㅋ 노리개가 되는 인간이나 노리개로 만드는 인간이나.. 똑같다... 어차피 자신의 선택... 싫다면 안하면 그만... 결국 자신의 출세를 위해 노리개로 전락... 누굴 탓하나?
9, 재미 연출 스토리 따질필요 있나???   그런거 따지는 인간들 평하지 마라.... 주제도 모르는..................
9, 사회 부조리를 고발하는 영화치고는 조금 약한듯. 여검사와 기자의 분노를 좀 더 강하게 다루었더라면 하는 아쉬움이 남는다. 여하튼 무전유죄 유전무죄  가진 자의 편에 서는 검찰의 비리와 연예계의 성상납의 문제점을 다뤘다는 점에서 추가점수를 준다...
9, 영화가 주는 메시지를 좀 더 잘 전달했으면 좋았을걸 그럽니다. 대략적인 스토리는 알겠는데  뭔가 중간중간 빠진 느낌이 들었음
10, 현재진행형
10, ㅠㅠ 만점주고 갑니다
10, 도가니보다 더 큰 공분을 일으킬 만한 영화인데 배급부터 상영관  이후 과정까지 누군가 묻으려는것 같아 씁쓸하다.
10, 최고!
8, 방씨 부자들 헌정영화
9, 방씨 일가...보고있냐..?
10, 영하 요소를 너무뺸 현실비판영화 하지만 그뜻은 나에겐 전해졋다
10, 이런 영화를 만들었다는것 만으로도 만점드립니다.박수를 보냅니다. 모두에게 고맙습니다.
8, 수고하셨습니다.
10, 사회의 은밀하고 추악한 것들을 소재를 삼아 영화를 만들어 주신 감독님과 수고하신 모든분께 감사를 드립니다.
7, 좀 많이 부족합니다. 이 영화가 꼭 성공했으면 했는데... 아쉽네요.
10, 재밌당 ㅋㅋㅋ
8, 교양있는 사람이라면 이 영화의 모든 대본과 장면 배경이 의미하는 바를 가볍지 않게 받아들일 것이다. 그것이 상징하는 이면의 내용을 알고 있기 때문이다. 이 영화는 묘사가 굵고 또렷하고 섬세하고 탁월하다.
7, 상식적인 사회라면 이런영화 와닿지 않는다.  거지같은 사회라서 영화적 메시지만으로도 몰입되더라. 희생자가 보호받지 못하고 가해자가 희생자로 둔갑하는 냄새나는 이런 나라에선 이런 영화가 그래도 희망의 밀알이다. 이런영화 만드시는 분들에게 감사를...
6, 시사하는바는 있지만 영화자체로는 긴장감없는영화. 성상납을 담보로 성공하려는 사람이나 이용하는 사람이나 모두 다 문제.
8, 영화는 어설프다 진실을 알리고자 하는 취지는 높게 평가한다
10, 몸팔아서 스타가되서 돈 엄청 많이 번 배우도 많을거고 돈이 많아 돈뿌려서 스타 배우된 남자들도 많을거야 알면 알수록 더럽고 추잡한 연예계세계... 노리개 영화 잘 만드셨어요~~ 그용기에 찬사를 보냅니다^^기립 짝짝짝
10, 영화보면서 속으로 찔끔 놀랄  사람 많겠습니다
10, 몸팔아서 스타가되면 머하나 배우가되길 원하는사람은 꼭보길 한늠주다보면 여러늠공중변소가된다는걸 명심 메이져신문대기업스폰서기획사대표늠들 욕할필요없음 어차피니가결정몸판댓가로 스타되길원한거임
6, 몰입도는 높지만 드라마틱한 요소가 부족하군
10, 솔직히.. 연기는 굿은 아니었음.. 하지만.. 아무도 투자하지 않는 영화를 이정도 만들었으면 아주 잘 만든거임!! 이거 모금한다고 할때 참여 못해서..ㅠ 난 10점 줄 꺼임!!
0, 8.5라니 미쳔네 보는내내 내가 노리개된지아러따 실화라지만 정말 수면제같은 전개  이런영화보고 자는거지 암만 [평점조절]
10, ㅠㅠ
6, 앞뒤 안 맞는 베드신  또 벗기는 건 무슨 수작인지 황당.  진실만을 가지고도 충분히 극적인 표현이 가능했을 텐데  엉뚱하게 벗겨대고 극적 요소를 쑤셔넣은 것은 고인 팔아서 반타작이라도 해보려는 것인가 하는 의심을 품게 만듬.
5, 더 자세히 파헤쳐서  피의자들의 신상을 올렸으면 좋았었겠다.
10, 모두가 알아야할 영화
1, 이딴게 8.5 라구. 평점알바들 천지로구만.
1, 감독님 깝깝하네.  다 알고있는 사실인데 뭘 더 얘기하려고 한건지. 메세지가 있어야지. 좋은 배우들이 시나리오 보구 날샛다고 생각하니 출연 안하지... 이작품을 믿고 투자한 사람들 안목두 참...  에~~~효 죽은 사람만 불쌍하네. 차라리 만들지나 말지...
10, 강추다 한시도 눈을 못떼게 만드는 장면들의 연속이다  안보신분들 꼭 보시라
10, 걍 봐
0, 잼있게 만들어야지 많은 사람들이 관심을 가지고 관람하지 너무 재미없잖아  감독너는 다음작품 같은건 하지마라 솔직히 영화보고 나니깐 죽은사람만더 불쌍하다 감독 진짜 나쁜넘이다
5, 이건 뭐 영화도 아니고 다큐도 아니고 법정영화로 껍데기 두를라면 제대로 두르던가. 변호사역할맡은 여자 목소리는 더빙같고 총체적난국이다.  고발한다는데 의의를 둘려면 아예 다큐로 만들었으면 나았을지도 모른다. 이걸 극영화라고 만든 감독의 능력부족이다.
10, 이명박이던  박근혜든 얇팍하게 생각한 이런 쨉들이 K.O 당해서 심판의 날이 올꺼다 !! 씨바  쫄지마!!
10, 질리는 시끼들 젖나 마이 있겠다         
10, ▶◀고 장자연씨가 생각이 납니다. 연예계를 떠나서 대한민국 사회에 대한 문제이다.
3, 이게 뭐야...마동석 빼고는 뭔가 연기들이 하나같이 다 어색해..스토리나 연출도 조금 어색하고.. 그래도 진짜 더럽긴 더럽다.모든 연예기획사가 다 그런건 아니겠지만 진짜 저런 배우가 있다면... 어쩔수없이 고인인 장자연씨를 떠올리게하는 영화네요.여기나오는 인물들은 이성이라곤 없는 동물보다 못한 새끼들이요
9, 보면 이런일이 우리나라에만 있는것 처럼 이런 나라에서 살기 싫다고들 하는데 외국에는 더심한 부정부패 상식밖에 인간들이 많은데...마치 남의 떡이 더커보이는 심보같네. 나라 탓을 왜하는지 ...
5, 영화가 다큐인가? 왜 이리 지루하게 만들어야 하는가? 이해를 못하겠내요.
10, 민지현씨 연기 최고!!
0, -.-; 아마추어 감독의 한계만 보는듯. 어설프다 못해.. 혼잡과 반복만 계속된다.
10, 부자든 가난한 사람이든 지위고 높고 낮음을 떠나   어떠한 평범한 사람이 생각해도 상식에서 벗어난 그런 나쁜짓을 하였기에 당신들은 탄압받아야 한다고 생각한다..
10, 정말보는내내화가났습니다....어떻게저럴수가있죠???정말....살기싫은나라입니다ㅠㅠㅠㅜ
10, 영화 자체의 완성도를 떠나서  그냥 10점 줄 수 밖에 없다. 영화 자체의 메세지를 떠나서 0점 주는 일베충이들이 있으니까 말이다.
10, 홍등가의 거리가 변했다 우리 주변 서민들 뿌리 깊게 공존하던 밤거리 문화가 변하는것 처럼 성상납 누군가를 위해 가진것이라곤 몸 밖에 없어 생존을 위해 생활전선에 뛰어든 살아가는 이웃에게 돌을 던질 수는 없어도 그것을 이용하는 파렴치한 반인륜적인 이웃도 받아 주어야 하는가? 같은 하늘 아래 미안한 마음
10, 돈 갖고서 안되는 것이 없는 나라가 대한민국이다 부패 속에서의 희망이란 오직 망상이다 ...
10, 2013년에 꼭 필요한 영화다!
1, 여배우만 고생한영화....어설프고 기분 더러운느낌.....쇠사슬?어이없음..영화어설프게 만든것같음
9, 꼭봐랴 할듯
9, 조선일보에선 어떤 영화평을 내놓을지 자뭇 기대가 되는군.
4, 스토리를 잘 꾸며야... 영화가 되는거죠...
5, 장자연
10, 정말 말도 안 되는 이야기..그런데 이게 현실에서 지금도 반복되고 있다는 아이러니...영화가 처음부터 '허구'라고 말하지만 우리에게 던지는 무게감 있는 메시지가 다가온다.
10, 화가난다;;; 진심으로 화가난다!
10, 난이영화보는 내내 화가났지만.그래두 이걸계기로다시는이런일이일어나지않았으면그리구하루빨리해결이되었으면하는바람에서10점을주고싶고감독님한테도박수를보내고싶다!!!!~~~~
8, 만든 것 자체가 대단하다 ~! 디테일이 부족한 것은 살짝 눈감아 줘도 될듯. ㅎㅎ
4, 뻔한 이야기 보러 간건 아니였어요 ㅡㅡ;;;
9, 암묵적인 계약......그것의 진리는 무엇일런지 무엇이 진리이고 무엇이 거짓인지? 고발하는 사람 고발을 당하는 사람 그들이 진짜 바라는것은 무엇인지?
9, 시사적인 영화로 봐야될듯... 내용은 좋습니다. 재미로 보실분은 안보는게 좋을듯...
5, 영화는 영화로 평가해야죠;
10, 아직 미해결상태지...하루빨리 진실이 밝혀지길 바랍니다
9, 롱런해라 제발!!
9, 더 큰 반향을 일으키길 바랬지만....
9, 잘된영화
10, 강추 아주잘된영화 파렴치한 한국의 현주소
7, 좀더 두고보고 보든가해야겟당  저런거보면 답답하던데 ㅠ ㅠ
10, 이런 이야기는 볼때마다 욱하지만.. 노리개 역시 권력에 밀려 많은 상영관을 확보하지 못하고  막을 내리게 되어서 안타깝네요. 마동석 이승연 민지현님 수고하셨습니다!!! 결론을 낼수없는 이야기였지만..어떻게든 사회는 바뀔겁니다!
7, 연예인 지망생들에게 경종을 울리는 공익광고!!
10, 조중동 언론 쓰레기넘들이 나라을 개판 만드네
9, 사회의 어두운 단면을 빛으로 내보인 용기에 박수를 보낸다.
7, 국민들의 관심을 끌 만한 소재이건만 스토리 전개가 너무 지루합니다.
7, 물질만능에 움직이는 더러운 세상.. 언제나 아름다울지....
8, 관객들의 흥미를 끄는 소재를 가져왔으나  연출부분의 아쉬움이 너무남는 작품입니다.
10, 사회 리더라고 하는 일부 기득권 새력들의 두얼굴을 그린 진한 감동의 영화! 그러나 이제 바뀌어야할 우리 사회의 어두운 성과 인권마져 우린하는 나쁜 문화! 꼭 한번 보시길 추천합니다.
10, 별 기대 없이 봤다가... 적극 추천합니다
8, 마지막에 아직도 진행중이라는 문구가 기억에 남는영화. 보는 내내 스토리가 이렇고 저렇고를 생각하기보단 그저 여주인공이 너무나 불쌍하다는 생각밖에 안들었네요
10, 잘만들었건 못만들었건.... 그래도 방사장에게 맞짱떳다는 데  감사... 수고하셨습니다.
0, 이런 영화는 꼭 봐줘야 한다는 맹목적인 사람들 때문에 이따위로 만든거냐?
0, 이미 언론으로 다 보도 됐던 이야기들. 웃긴건 그런 실태를 고발한다면서 노출로 승부를 보려고 한다는거지
9, 노리개 만들기 어려운 영화. 고마워요 꼭 봐야할 영화......... 고 장지연~~ 구멍동서 사건. ...............재벌언론이 한국을 돈으로 노리개로 ..... ....
8, 정말 이슈가되었으면하네요..
7, 족벌매국언론사 사주 검찰 대기업임원등 나쁜짓 한 놈들 제대로 심판해서 법의 존엄함을 보여야 할텐데 현실은 그렇지 않으니 .. 고 장자연씨를 추모하며 영화 추천 합니다
10, 이슈화 되었으면 좋겠네요~~
10, 흥해라~~~~추악한 진실이 드러나야지~~
8, 이 영화로 진실이 밝혀지길  연출력 등이 조금 부족하여 관객들이 안몰리는것이 아쉬움
10, 최고의 감독  최고의 배우  최고의 영화...
9, 고 장자연 사건을 바탕으로 한 영화. 대한민국 연예계의 추악한 진실을 다룬 영화
3, 비판을 하기엔 부족한내용.. 이 영화 역시 자극적인 장면.. 정지희역으로 나오는 여배우분 영화속 장면처럼 하기 싫은 노출을 한건 아닐까라는 생각이 드는건 나뿐인가? 영화속 상황이 현실인듯한 아이러니한 상황..
4, 메시지 전달로 마음을 움직이기엔 너무 부족한 연출과 구성  '악마 같은 그들'을 향한 돌팔매질도 그리 시원하지 못했다
8, 영화 속에서나마 통쾌한 결말을 보고 싶었는데... 많은 여성 연기자들이 능력으로 인정 받는 사회가 빨리 왔으면 좋겠어요~
10, 기대안하고 물흐르듯봤는데 엔딩이 슬프더군요ㅠㅠ잘봤습니다^^
9, 재미나 완성도를 기대하고 가지 않았기 때문에 전 잘 보았습니다. 많은 분들이 보고 공분할 소재라 보고 나오는데 가슴이 너무 쓰렸네요. 픽션이라고 하지만 픽션이 아닌듯. 발뉴스대신 맨땅뉴스가. ㅎㅎ
10, 좋아요~
9, 간만에.좋은영화봅니다..
10, 보지말라는 넘들은 xx일보 넘들입니다.강추합니다.영화 지루하지도 않고 잘봤습니다.정작 처벌받아야 할넘들은 아직까지도 떵떵거리고 그넘들 똥꼬 빨아주는 넘들도 많네요.부끄러운지도 모르고.
8, 조금 아쉬웠지만~! 나름 고생해서 찍었을~ cgv 에선 개봉도 안해주공~ ㅋ 힘내세용~
3, 보면 후해  연기력 꽝  감동 꽝  볼거리 꽝  재미  꽝   모임   ? 이  영 화
9, 전문가 평점 이해가 안간다.  충분히 전달력 있었고 진지하고 묵직하게 스토리도 전개된다. 다소 결론이 시원하게 마무리가 안되는 느낌은 있지만 정황상 올바른 결말이란 생각이 든다. 우리의 현실을 되돌아 보게 만드는 영화
9, 연출 연기 작품성... 전체적으로 기본은 한다. 중간에 웃음코드도 있고..마동석과 민지현이 고생을 많이 한 듯한 영화! 어려운 소재인데 펀딩도 어려운 와중에 그 정도면 훌륭하다고 생각한다.
0, 보지 마세요
5, 시나리오도 좀 그렇고 전체적으로 극을 살리지 못했다  법정 다툼이 영화의 반절 이라면 부러진 화살을 감독이 서너번 봤더라면 이런 영화가 나올까....
10, 작품성 시사성 모두 뛰어난 대작!!
10, 시대의 정의를 바로 세우기 위해서는 다소의 분노가 필요하다. "내가 가장 중요하게 생각하는 가치는 진실이야! 소위 말하는 애국이 아니야!"라고 일갈하시는 리영희 대기자의 모습이 생각난다. 누군가 정의를 자리매김하기 위해 분노라는 불쏘시개를 지피고  대중은 진실의 연기가 피어오름을 알게 되고...좋은 영화야!
8, 많은 사람들이 봤으면 한다. 배우들 연기도 좋았고 이런 영화들이 나와서 조화로운 영화시장이 되길 바라며...
9, 감정이입이 쉬운 소재임에도 불구하고 사회고발 영화가 한국 관객 호응을 이끌기에는 역부족이네요. 관람내내 분노를 느꼈답니다.
7, 실제 사건이 가진 무게가 너무 컸던 듯. 극영화가 갖는 극적 긴장감이 잘 살지 않고 다큐적으로 흘렀던 것은 혹 고인에 대한 예우는 아니었을지.
6, 소재 자체는 나쁘지 않았으나 너무 자극적인 장면을 괜히 들어가있는거 같았습니다... 내용이 좀더 알멩이가 있었더라면 좋았을텐데..
9, 아직 못봣지만 ㅠ.ㅜ 등장하는 인물을  멋있게 나타낸 수작이다.
8, 보고 왔네요! 음...의도는 좋은데...영화로는 좀 허술한 것 같네요......안타깝게도...큰 반향을 기대하기는 힘들지 않을까...싶네요...
10, 공권력에 힘과 더러운 세상을 잘 표현햇고 기자를 중심으로 이야기를 풀어가서 피해자의 억울함이 잘 느껴졋다
6, 원래는 다른거 보려고 했는데 예매율1위고 평도 나쁘지않아 선택한건데.... 후회했습니다. 짜임도 허술하고 우리가 기사로도 보고 뉴스로도 봤던 다 알고있는 '성상납 이야기' 정말 딱 그것만 다룬 이야기네요. 더도 덜도 없네요...
6, 연예계 뒷이야기에 관심이 없는 사람들은 거의 없기에  안봐도 뻔한 얘기를 좀 더 좋은 구성으로 풀어냈더라면 도가니처럼 흥행으로 연결이 될 수도 있었을 텐데...  이젠 법정공방을 틀로 하여 이야기를 풀어나가는 방식은 진부하다... ㅇ어퓨굿맨을 비롯한 외화  도가니  부러진화살  안방극장의 사랑과 전쟁등등등
7, 모두가 사실은 아니겠지만  누군간 이 헤게모니 속에서 오늘도 고뇌하고 있을듯
8, 마지막 엔딩컷에서 밝히 이 영화의 메세지는 당연하다. 아직도 진행중인 사건이라는 사실...
5, 빈약한 스토리~!! 안봐도 알 수 있는 얘기들. 굳이 영화관까지 가서 돈주고 보려 하지 않아도 된다.
10, 차정혁왈"금방끝나 잠깐이면돼"->이게 정지희와 현회장의 엽기적인 성폭행장면을 보고 고달영에게 한말이다.  "금방" "금방"이라니 이대사가 계속 뇌리에 남는다. 지가 당하는거아니니까 금방이겠지  정지희에겐 1초가 영원같았을거다. 방가부자들 그렇게 힘없는 여배우 권력으로 유린하고 변태성행위하니까 좋으슈?? 좋아?
10, 넘슬프고 화가나고 이가 갈리더군요..꼭보세요 비록 영화완성도는 좀약하지만 진실을 전하고자하는 내용이 중요하다고봐요..저영화속이야기는 아주 작은 일례에 불과할텐데..노리개가 되었던 장자연씨 넘불쌍합니다..얼마나 힘들었으며 억울했을까요..거대권력가들 정말 인간쓰레기들..휴..
5, 영화 자체만으로는 흥미 재미는 없다. 하지만  진실(?)규명에 있어서 호소력이 느껴지는 작품이다.
10, 이게 아직도 현재진행형이라는 게 참 슬프네요. 장자연 씨를 농락한 놈들은 아직도 떵떵거리며 잘 사는데 말이죠..
10, 깨어나라 국민들 그리고 민초들 한심한 ... 많이 보자  두번이나 보았음
10, 재미를 논할 영화인가? 이 영화는 찜찜하다  뻔하다  지루하다  재밌다  야하다 이런 반응이 나올 영화가 아닌 듯 싶다. 그저 사람들이 알아야하는 현실이고 그렇기 때문에 만들어진 영화다.
10, 그녀도 하늘에서 모든사람들이 봐주길 바랄꺼에요보는내내 그녀가 얼마나 힘겹게 버텨왔는지...조금은 알수 있을것 같았어요.ㅠㅠ
10, 꼭보러갈께요.
10, 이런영화가 잘되야 바뀌는게 많아진다
10, 보고나면 생각이 달라지는 영화
10, 자살한 여배우가 너무 불쌍하다..
10, 왜 이런 영화는 항상 전문가 평점이 바닥일까?ㅉㅉ 전문가님들 어떤 영화여야지 평점이 높을 수 있조?ㅉㅉ
10, 이 시대의 검찰과 법원에 대한 현주소를 표현한 것에 대해 깊은 찬사를 보내고 역시 아직 까지도 유전 무죄 무전 유죄가 이사회를 지배하고 있는 것 같아 씁쓰레 하다. 돈의 화신도 마찬가지!!!!!!!
10, 누구보다도 방가부자가 꼬옥 관람하고 느껴야 할 영화입니다.
7, <노리개>는 단순히 '신인 여배우의 성상납 문제'만이 아닌  '권력자와 비권력자  강자와 약자  남성 대 여성'의 문제 등으로 확대하여 생각되어질 수도 있다. 상업영화와 사회고발성 영화에서 주춤한 주제의식은 좀 아쉽지만  그 용기만으로도 본인은 어느정도 만족한다.
9, 도가니에 이은 가슴속에 분통을 자아내는 고발 영화더군요  법치국가에서는 법이란 권력을 가진자들인지 참으로 분노케 하는 현실 이었습니다. 故)장자연씨 사건뿐 아니라 고위층 성상납 사건 그냥 잊혀지면 절대 안됩니다. 제대로 법앞에서 심판하게 만듭시다! 아직도 사회속에 뿌리박혀있는 무전유죄 유전무죄..
9, 영화보는 내내 열이 받아서 미치는줄 알았슴. . .  정말 우리나라 연 예계가 과연 저 정도일까? 하는 생각에  맨붕에 빠졌습니다. 정주희역으로 연기하신분 연기에 빠져서. . . 연기 너무 잘하시ㄷㅠ넘 블쌍해서 눈물이 나더군요. . .  영화끝나구 가슴이 답답 했습니다. . . 연기자 여러분 스텝 여러분 고생 하셨습니다 .
8, 영화 도가니와같은 느낌 화가나는데 끌어오르는 꿈틀대는 지렁이가  발아래 100마리쯤 있는  그런느낌이에요  연기자분들도 수고하셨고요 무었보다도 제작기획하기 예민한 부분 이었을텐데  많은분들이 보셔야하는데
8, 다 좋은데 임펙트가 너무 약했다 난 이영화가 재미있든 없든 꼭 뜨길 바란다. 제발 우리 나라 여배우들을 위해 이영화 띄웁시다 재미로 보는 영화는 아니니 평점 연연하지말고 다들 술 담배값아껴서 이영화 보시길
9, 널리널리 퍼지길
9, 꼭 보시길
1, 10점 준 애들 영화봤냐? 정말 알바가 존재하는구나 네이버하고 다음에다 처음 남긴다. 함봐라 이게 영화인가! '사랑과 전쟁'보다 못한 영화다. 아니 그것 조차 비교불가다. 제작팀한테 미안하지만 내생에 최악의 영화다. 시나리오는 물론이거니와 카메라무빙  편집 연기 하나 할거 없이 연영과 새내기 수준
10, 힘든 여건 속에서 이 정도의 퀄리티를 낼 수 있다니 놀라움. '낮술'에서 나온 송삼동씨의 매력도 진미 ㅋ
8, 고 장자연 추모합니다장자연씨는 죽음으로 저항했습니다정말 그 더러운 소속사 대표와 감독이왜 집행유예로 선고됐는지 분노하게 되는 영화였습니다  신문사대표는 무죄 ㅠ여주인공이 그만두겠다고했을때 위약금30배와 손해배상을 요구한 사실을 볼때 장자연씨자살은 강요된 자살 또는 사회적타살 입니다
10, 보고난 후 마음이 너무 아팠네요  진실이 꼭 밝혀졌으면 합니다.
10, 이런영화를 구성하고 연기한 배우들의 용기와 열정에 10점을 드립니다!!! 수고하셨습니다... 이렇게 해도 쉽게 바뀌진 않겠죠... 하지만 이거라도 해야 희망의 불씨가 꺼지지 않을꺼예요!!! 고인의 명복을 빕니다~*
10, 대박입니다.
9, 다시한번 묻혀버린 이런이야기 환기시키는 좋은 계기가 됐으면 하네요...
3, 도가니 같은 정도의 사회파급효과 까지는 아니더라도 기대한 만큼 실망이크다. 이미 알려진 내용 그 이외의 진실도 없고 죽은 배우에게 오히려 치욕스러울만큼  메세지가 엉성하고 지루했다.
9, 볼만해요...그리고 법으로 심판하지 못햇지만...그 리스트에 잇던 사람들...결코 용서받지 못한다는걸...댓가는 치를거라는걸로....위안을 하면서 나왔어요....ㅠㅠ
10, 가십거리로 늘 끝나는 대한민국의 현재.
10, 영화의 완성도는 나중에 논하더라도 누군가는 말해줬어야 할 이야기다. 내용상 아쉬웠던 점은 성상납의 구조적인 문제를 다 빼고 만든 것입니다. 그래도 감사하고 가슴 아프게 보았습니다.
10, 볼만합니다.
10, 보고싶네요
10, 일베충들아 여기와서 평점테러 지랄을 하는구나 밖으로 나오면 찌질이들이 자판가지고만 지랄이구나
5, 장자연
8, 꼭봐야할영화네요...도가니때도 노리개도 가슴이 아픈 현실이라는게...;;
10, 오늘 남친이랑 보고왔습니다 보는 내내 이를 앙 다물고 봐서 영화가 끝나고 나니 턱이 얼얼 하더군요.. 룸에서 당하는 장면을 볼때에는 정말이지 절로 욕이 나오고 정말 너무너무 화가 났습니다.. 너무너무 맘이 아프고 아픈 영화 였습니다...
10, 마음이 아픈 영화입니다.단순한 영화가 아니기에 동시대의 시민으로서 책임감을 가지고 보고 반성하게되는 영화입니다. 어려움을 닫고 만둔 영화인만큼 너무 영화라는 잣대로만 평가하니 말고 미안함으로 보시는게 좋을 듯합니다잘 보았고 마음이 아픈 영화였습니다.
9, 너무 "픽션"임을 강요한탓에 실제 성접대사건과의 매치가 잘 되지못한 아쉬움이있지만   몰입도는 좋네요 정지희역으로 나오신 민지현씨 연기가 와닿네요
10, 이런 시사영화는 보통은 스토리가 빈약하거나 실망을하고 돌아오는 경우가 대부분인데  좋았음  러닝타임도 90분정도로 적당해서 지루함도 없었어요  너무나 아프고 고통스러운 영화였다고 생각합니다.
0, 영화 넘  재미없어서 잠잤음. 몃 사람들은 영화상영중에 나갔음. 내돈 돌려줘랏!~~~~~~
10, 추천
10, 보지도 않고 별점 테러하는 놈들은 무시하세요 좋은 영화입니다.
7, 개봉날 보고왔는데 같이 본 언니는 결말이 찜찜하다고 .... 뭐 현실이 그런 것을... 조금 아쉬운 점이 많은 영화... 판사는 갑자기 왜 그랬는지도 이해가 안가고 마지막 재판씬이 전체가 이해가 잘 안됨..
7, 좋은 내용인데  안타깝게도 나빳던 것들이 배우들의 연기>연출>시나리오 순이였습니다. 좀 더 좋을 수 있었던 반전 요소들이 있었음에도 충분히 살리지 못한 것 같아서 아쉬웠습니다.  확실한 건 한마디로 "대한민국 사법부 젓까라~" 고 말씀드리고 싶습니다.
6, 까발리려면 확실하게 까발리던가 아니면 화끈한 응징을 통한 카타르시스라도 느끼게 해주던가 이도 저도 아닌 느낌
10, 이런 영화는 왜 전문가 평점은 낮은 걸가요?
7, 욕심  자기기만적 희생이란 다른 이름
0, 같은영화가 네이버랑 다음이 이렇게 차이가 날수가 네이버는 영화상태만보고점수주고 다음은 사회비판영화면 무조건 10점주는경향이 강한듯
10, 방가붕가 식구들 강제 관람 강추~~
8, 다소 밋밋하고 지루하고 한정된 느낌이 있기는 하지만  가슴속에 분노와 씁쓸함을 느끼게 해주는 영화.... . 공공연한 비밀 같은 사회이슈. 모른척 눈감으면 될꺼라는 안이한 생각들로 피해자들은 늘어가고  괴물같은 가해자는 더 승승장하는 사회 모순이 다시한번 이슈화 되기를 빈다. 더이상 피해자가 늘지 않도록....
10, 이건 봐야 한다.
10, 조금 아쉬움은 있지만  ~~~꼭 필요한 영화 입니다  많이들 보세요  ~~~
9, 법정으로 공간이 좁혀져서 좀 아쉽긴 했지만  잘 만들었다는 생각이
3, 꼭 밝혀보여주어야할 좋은 소재를 다루었지만  영화적 창조성의 부족  스토리가 너무 밋밋하여 이야기의 흡인력을 너무 떨어뜨렸습니다. 좋은 소재를 갖고 영화를 이렇게 밖에 못 만든것은 부정적인 비평을 받아 마땅합니다. 소재의 무게만 믿고  너무 안일하게 영화를 만든 것 같습니다. 지루하고 실망스러운 영화.
10, 너무나 먹먹하지만 꼭 봐야 할 영화입니다.
10, 도가니처럼 꼭봐야 하는 영화입니다.
10, 우리나라에두 이런 영화를 자유롭게 다룰수 있네요보는 내내 생각하며 분노하며  마동석님의 연기에 빠져드네요 멋진영화 화이팅!!!!
9, 재밌게 본 영화... 한국영화도 이제 한 단계 업그레이드.
10, 보는 내내 화가 났어요.이런 더러운 현실을 너무나도 잘 알면서도 스타가 되어보겠다고 그들이 원하는대로 해주는 이들이 있으니 아무리 법으로 다스린다해도 답이 없는겁니다.수요가 있으니 공급이 끊이지 않는것처럼.
9, 스토리가 좀 부족하지만 온몸이 부들부들 떨리고 울컥하게 만드는 영화아직도 저런 사람들이 잘사는사회  참 더럽다
10, 관심이 필요한영화.. 보는 내내 .. 안타까웠는데  마지막 자막이 더욱 슬프게 만들엇다...
10, ㅠㅠ스토리가 조금 아쉽긴 하지만 영화를 통해 그들과같은 악마들이 더이상 생기지않았으면 합니다.
8, 정말 보는내내 끔찍하고 역겨워서 눈물이났네요.보고나오고 나서도 한참을 멍..했어요. 왜 자살할수밖에 없었는지 충분히 이해가가고..극중 배우들도 괴로웠을거 같네요.내용은 꼭 알아야하지만 추천은 못하겠어요 너무 끔찍해서..
6, 여배우가 권력에 무너져 내려가는 모습을 심도있게 그려야 하는데 그게 부족했다. 신문사 사장을 변태성욕자로 표현했는데 그런거말고 좀더 현실성있게 탐욕을 휘두르는 걸 보여줘야 했는데...장자연사건을 이정도로 밖에 그리지 못한게 아쉽다. 여배우의 노출연기를 언론에서 많이 다뤘는데 은교에 비하면 부족하다.
9, 영화를 보고 나오는데 뒤에 있는 여자 관객이 남자 친구에게 하던 말. 뭐야? 결국 자기 욕심이잖아. 한심하게. 정말... 정지희가 한심한 사람인 건가???? 묵직하게 가슴으로 다가오고 머리를 복잡하게 하는 영화.
9, 주연을 맡은 여자분도 노출연기 힘드셨을 듯...이 영화가 사실이라면 ....휴.....사회고발성 영화라 그런지 속상하네요~
10, 악마들..
8, 현실을 밀도 높게 그려낸 허구입니다. 영화 속 여배우가 매우 안쓰럽네요.."제 이름은 정.지.희.입니다." 몇 번이고  되내이는 그녀가 참 아프게 와 닿습니다.. 영화는 허구임을 여러번 얘기하지만  영화 속 성상납 여배우  기자  언론사주  기획사대표  그리고 유명여배우까지..다 누구인지 명확히 겹치네요..
3, 어쩌라는 얘긴지...
10, 보다 많은 사람이 봐야
6, 브라운관  스크린 너머 애써 외면해왔던 현실과 맞닥뜨린다는 건 결코 쉬운일이 아니다.
2, 이게 무슨 제2의 도가니.. 그냥 고발을 빙자한 비디오물이다
2, 영화가 뭘 표현하려 했는지 전혀 모르겟네요. 기존사건의 신문 타이틀을 시간만 때운것 같아 아쉽습니다. 스토리 전개도 연결이 안되고 전반부의 수사내용이 전혀 후반과 연관도 없고...도대체 뭘 표현하려 했는지...암튼 이런영화는 강하게 표현을 했어야 했는데... 역시 감독도 후안 정계가 무섭나 보군요...
8, 이 영화의 주제에 크게 공감하며 제작지원을 했다. 진상고발에 중점을 두어서 예술성이 뛰어난 영화는 아니다.대안을 제시하는 단계에 이르지못한건 아쉽지만 많은이들이 보길 바란다. 현실을 직시하고 불편한 진실을 외면하지 않는것에서 개선은 시작되니까..
10, 엄청난 시나리오를 바라며 본다면 실망할 영화  사회고발성 영화를 바란다면 재미있게 집중할 수 있는 영화..
10, ㄱㄱㄱ
9, 정말 재밌게 봤다...상영시간이 짧은게 흠이다.. 그래도  거기에서 감독이 하고 싶은 얘기는 다한것 같다..만족한다...
10, 영화를 보는내내 마음을 아프고 뭉클했다. 두번다시 일어나서도 안되고 묻혀진 사건이 재조명 되어서 많은 사람들이 관심을 가져주었으면 좋겠다. 무엇보다 힘든 연기였음에도 큰 결심과 캐릭터를 잘 소화한 젊은 신인 여배우 민지현 멋지고 응원하고 싶다.
10, 할말이 없다....
10, 정말로 이런 세상을 우리가 살아가고 있다는게 마음이 아프네요 슬픈영화인겨 같아요 민지현씨 파이팅!!!
10, 연예계 성상납. 연예지망생이라면 꼭 봐야 할 영화 같아요. 순진한 사람 속이는...쩝쩝...
10, 더 이상 이런일이 일어나서는 안된다.  변태 방씨도 처벌하자.
10, 마음이 저려옵니다. 야한 영화가 아닌 슬픈 영화네요. 무서운 세상입니다.
10, 제발 이영화만큼은 꼭 봐줘야하지않을까요? 다신 이런 일들이 버젓이 너무나 당연하게 일어나선 ㅠㅠㅠ 안됩니다  재수사해야하지않을까요? 이미 답은 다 나와있는데 범인들도 다 알면서 안하는건 이또한 오만이지 싶네요
5, 장자연 이야기 가~ 가희는 30대 넘어셔 상납 하고 대뷔 한것가~
9, 꼭봐야할 영화!!!!!!!
10, 이 영화는 반드시 흥행되어져야한다 영화보는 내내 마음절이며 애잔했던 영화 이러한 사건들이 반드시 해결되고 가해자들은 마땅히 처벌받기바란다 전부터 보고싶었던영화였는데 역시나 너무 만족했다
10, 고인이 된 배우가 생각나 영화 보는 내내 마음이 아팠습니다 모든 것을 가진 이가 그리 추악하게 행동하는 모습을 보니 도저히 사람이라고 생각이 들지 않네요
8, 개봉날에 맞춰 찾아간 영화관   영화보는 내내 안타까운 마음뿐!!!
8, 그 사건이 일어난 그때 사실 아무런 관심이 없었다.. 오늘 한사람의 인생을 생각하니 가슴이 아주 많이 쓰라렸다... 헤어나오지도 못하고 그길을 택한 그사람에게 가슴깊이 조의를 표한다..........
8, 불편함과 분노가 치밀지만 아무 것도 할 수 없다는 현실이 너무 무거워 보였다
10, 표현에 무관하게 영화목표에 10점 드립니다. 누군편없이 자기일 바쁘게 사는 현대에서. 한 사람의 죽음을 다시 되돌아 보게하며 자신도 되돌아 보게 하는 영화입니다. 흥행을 떠나 용기와 시도 자체를 응원합니다.
5, 생각보단 별로...
0, 댓글이 다 알바네 -- 제점수는요.... 빵점 드릴깨요 ^^
10, 방가방가~ 꼭 봐라~ 방가방가~
10, 아쉬운 부분도 있지만 만들어져야할 영화재미를 떠나 한번은 봐야할 영화
10, 호오.......제작금 모금한다고 그러던데 드디어 개봉하나요? 보러가고싶네요 ㅋ
6, 사실 동종업계 종사자들이...더 잘 알텐데....더 새로운것도 없고...기사를 재구성 할 필요가!!! 새로운걸...추가 해서 내부폭로를 했어야지!!!
9, 불편한 영화.. 많은 이들이 봤으면 한다.. 이슈가 되야할 영화.. 힘을 가진 남성들의 추악함을 더욱 극명히 드러낸 영화..
9, 근래 가장 몰입해서 본 영화!!
10, 국민을 바보로 만들어버린 사건. 먹먹합니다
10, 사회가 봐야할 영화입니다. 먹먹하네요.
10, 가슴이 먹먹하다. 여배우 얼굴이 계속 아른 거린다...... 고통이 고스란히 느껴지는 연기력에 너무 맘이 아프다.
10, 아놔 진짜 짱짱짱 진짜 꼭 봐줘야되요~~ 몰입하느라 시간가는줄 몰랐습니다. 나쁜넘들 꼭 벌받아랏!
10, 진정 보아야 하는 영화!!!
10, 정지희역의 여배우의 눈빛이 떠오른다. 그녀의 음성도... "제 이름은 정지희예요  정 지 희" 마치 '장 자 연'이라 말하는 듯하다. 그녀의 원혼이...
10, 기다리고 있었는데 드디어 개봉하네요!
10, 이런영화는 봐줘야 하지 않을까요...
10, 개봉을기다린영화!꼭봐야하는영화이다
10, 현실 사회 비판을 잘 나타내는 영화가 나왔군요. 이런 영화가 흥행해야 하지 않을까 싶네요. 힘내세여!!!!
10, 장기흥행해서 그들이 꼭 봐야함
10, 재밌더라
10, 꼭 응원하고싶은 영화
10, 노리개 흥해라!
10, 영화 잘봤습니다
10, 역시 마동석
10, 현실적으로 잘만들었더라
10, 여주인공이 연기를 너무 잘해서 더 가슴아팠음
10, 간만에 제대로된 법정드라마였음
10, 생각보다 괜찮았음
10, 극장에서 꼭 봅시다!
10, 짐승같은 놈들!
10, 보고 울분이 터졌다
10, 그녀가 좋은곳으로 갔기를
10, 현실에 가슴이아팠다
10, 너무 기다렸던영화!
10, 이런걸 꼭 봐줘야함
10, 극장에서 우연히 골라봤는데 .. 후회없었다
10, 꼭 보세요 후회안함
10, 누군가 보면 정말 찔릴듯
10, 강력추천!
10, 배우들이 하나같이 연기를 잘했음
10, 마동석 이런 역도 괜찮더라
10, 걱정보다 훨씬 괜찮은영화였다
10, 신인연기자가 연기 참 잘하더라
10, 오늘만 기다렸었음 그 기대는 역시
10, 역시 마동석이 고르는 작품은 믿고 볼만
10, 보는 내내 그녀가 생각났습니다
10, 이런건 극장에서 꼭 봅시다
10, 주변사람들도 보도록 추천할 영화
10, 잘보고왔습니다
10, 진작 만들어졌어야할 영화
10, 긴장하고 본 영화
8, 더러운 권력이 심판받을수있는 날이.. 5년간은 안오겠군.
8, 소재가 정말 좋고  배우들의 연기력 또한 좋았지만 루즈한 감이 없지않아 그점은 조금 아쉽다. 하지만 이것은 자극적인 소재인 만큼 고인이 된 '그녀'를 배려한 의도라 생각한다. 많은 배우들과 스텝들이 참여를 꺼려했을 것을 감안해서는 그래도 잘 나온 작품
10, 노리개를 응원합니다
10, 간만에 긴장하며 본 영화
10, 보고왔는데 잘만들었더라구요
10, 추천합니다!
10, 같은 여자로서 보다 눈물이났습니다
10, 꼭 보십시오
10, 금고아의 현대판 영화...
10, 사회를 비판하고  고발하는 영화가 쓰레기같은 언론을 대신해 진실을 전달하기도합니다.
10, 이런영화가 많아져야합니다. 흥행에 또 흥행하길 기원합니다.
8, 사회의 잘못된 부분을 고쳐나가기 위해서는 국민의 관심이 절실히 필요합니다. 배우 민지현씨 파이팅~~
10, 만점
10, 10점 만점..
10, 됐고 동석이성 나오니깐 무조건본다 !
10, 하아...왠지 뭔가를 다시 생각해보게끔 만드는 영화 흥미진진하네
10, 배우 민지현의 재발견!!꼭 보세요~~
10, 꼭 봐야합니다! 노리개 응원합니다!
0, 성매매 노래방도우미 성상납하는 여성이 피해자? 연예계 도우미 때려치면되잔아 월급150받고 떳떳하게 살면돼잔아 성상납까지하면서 스폰서받고 돈많이벌려고 하는거잔아 물론 어쩔수없는 여성도있겠지만 대부분 싫어도 돈많아벌려고 하는거잔아 그리고 왜 맨날 연예계만 성상납 하는지 ..구멍가게 피자가게도 성상납 있다
10, 도전에 의의를 둔다 시사고발프로가 없어지니까 이런것도 영화로 봐야되는 세상이라는게 씁쓸하네
10, 영화 기대됩니다
4, 창의력 떨어질때 마다  슬쩍 꺼내는 유치한 카드;; 한국영화계 반성해라. 챙피한줄 알아야 !! 이런 실화극으로 가면? 대체로 한국시장에선 손익분기점은 먹고들어간다고 판단 했을것? 피해자의 복수 악행의 합리화를 위해 현실성 떨어지는 악인 남자 캐릭터들;; 차차리 애로영화들이 솔직하다.
10, 봐야 할 영화
8, 관람전이라 정확한 평점은 어려우나 예고편만 봐도 사회적으로 큰파장을 일으켰던 소재로 어떻게 영화로 표현됐을지 기대가 크다.
9, 아주 독한 법정영화가 나왔습니다. 여성은 물론 남성도 분노하게 만드는 이야기... 연예계의 풍문으로만 돌던 성상납 부분을 전면적으로 다루었네요. 문제는 아직도 현재진행형이라는 것이지요.
10, 모든걸 다 떠나서 신이 아닌 이상 하나의 인격이 하나의 인격을 짓밟을 권리는 없다 허나 신이 존재하는 우리나라... 거기에 그걸 인정하고 현실에 순응하는 국민... 망할 머가 어쨌든 이것좀 많이 보고 본 사람들이 구데타는 아니더라도 분개하여 투표라도 제대로 해줬으면 한다
1, 이 영화 광고를 보며 느낀 건 슬픈 이야기를 가진 고인의 생애를 돈벌이 장사로 애용하려 든다는 것 뿐. 도가니는 참 좋았는데 그 이후 왜 이리 사회적 이슈를 돈벌이로 만들려는 사람이 많은지 모르겠다... 씁쓸하다... 진실은 밝혀져야 하지만 그 진실이 밝혀지지 않은 지금 이 영화를 만든다는 건 참...
10, 언론사등 그들과 연계된 높고 낮으신 모든분들 에게 보내는 이메일 같은 영화 기대 된다.
9, 궁금했던 진실...제2의 부러진화살인가~  영화로 시원하게 풀어줬으면...
10, 제목부터 확 와닿네요..빨리 보고싶군요~~
10, 반드시 밝혀야 할 진실...
10, 소재가 신선하네
10, 현실이얼마나잘반영될지....기대되네요
10, 좃선일보가 영화평 뭐라고 쓸지 궁금.
5, 제목 근대로네요 기대만땅이네요^^
10, 기대되는 소재다. 잘 만들어진 영화였으면.
10, 기대지수는 당연히 10점
10, 내용이 내용인 만큼 기대가 되네요...
10, 기대합니다
10, 왕 기대중입니다!!
10, 기대... 슬픔  분노
10, 무거운 마음으로 꼭 챙겨보겠습니다. 그녀를 잊지않고 기억해야겠습니다.
10, ㅎ잼있겠네요ㅎ
10, 기대하고있습니다.
10, 올해 정말 기대되는 영화에요..  꼭 보러 갈게요
9, 소재는 모르겠는데 95분이라는 러닝타임이 조금 신경 쓰이네요. 완성도가 어떨지...혹시라도 돈 크라이 마마 꼴 나는 건 아니겠죠.
10, 부당한 사회에 대한 정의로운 외침
10, 깊은 교훈을 줄 수있는 잘 만들어진 영화이길 기대합니다.
10, 고인의 명복을 빕니다. 제발 진실이 밝혀지길..  기자는 이상호랑 주진우를 모델로 한거 같군요. 에휴
9, 기대해보게습니다
10, 고인의 명복을 빌며 ... 영화도 꼭보러갈께요~
10, 기대합니다. 분노하겠습니다.
10, 마동석씨 주연 기대됩니다.
10, 제발 잘 만들어진 영화였으면 좋겠다
10, 꼭 봐야할 영화 입니다.
10, 기대합니다~
10, 현실에서 잊혀지는게 무섭습니다. 영화에서 모든걸 알려 주었으면하네요. 고인의 명복을 빕니다.
10, 이영화는 꼭 개봉되어야 합니다. 이거 개봉 못하게 막는데요 꼭 개봉되길..
10, 과연 현실과 영화는 어떻게 다를까?
10, 다시 한 번 이슈가 되었으면 좋겠습니다!! 정말 기대되는 영화에요!!!!!!
10, 이런 영화로 인해서 조금이나마 진실이 밝혀 졌으면 좋겠습니다. 화이팅~!!
10, 마동석씨 드뎌 주연을... 기대되네요    저런영화는 꼭 봐야 한다고 생각하는 1인
10, 현실의 결과와 영화의 결과는 다를까?
10, 기대되는 영화입니다. ...^^
10, 개봉이 언제입니까? 빨리 나와서 진실이 밝혀졌으면 합니다 아니더라도 모든 국민이 진실을 알고 잊어선 안되고 언론들.. 오늘 방상훈 취하했네여 개x끼가
10, 영화의 완성도를 떠나 지금 우리에게 이러한 영화가 필요하다
9, 기대된다
10, 기대하고 있습니다!!후원한 2번째 영화!!!
10, 시사회 꼭보러갑니다!!! 아직 영화"노리개"홍보지원금이 없어서 굿펀딩에서 지원금 모집하더군요.. 전 후원하고 시사회보러가렵니다!!
10, 꼭보러간다
10, 꼭 보러간다. 흥행하기를...
10, 반드시 보러갑니다 누구 긴장타겠네 ㅎㅎ
10, 이런 영화는 꼭 봐야함
10, 방가와 그 일당들은 지금도 저런짓 하고 있겠지.......
10, 꼭 보겠습니다
10, 영화정보에 나온 것처럼 2013년 02월 00일에 개봉하는게 확실한가요? 특이한 날짜를 선택하셨네요..
5, 내가 잘못보고 들어왔나? 화면에는 연예인 성상남이라는데...  성상남씨라고 있나?
10, 오 강심장
10, 기대되요!
10, 돈의 맛 이후 기대되는 영화!!!!!
10, 조선일보 긴장 좀 타겟는데
9, 처음 취지가 끝까지 가는 영화이기를 기대할께요^^
9, 모 신문사엔 허락 받고 만든거냐 ??
8, 기대됩니다. 기대해도 되죠?
10, 이 영화는 진정성이 다분 하무로 150만관객 확보
10, 성상납하고 뜬 연예인도 있을거야....
10, 진짜 친척누나가 연예인 연습생에서 계약한다음에 성상납이나 이런거 강요받아서 나왔는데 계약파기했다고 오히려 돈내노라는 일이 허다하다네여 와 진짜 이거 보고 정신좀 차렸으면 좋겠내여 연예계 세계에도 발잘못들이면 안돼여 정말 진짜 좋은영화같습니다.와
10, 마동석이다!! 꺄!!ㅋㅋ
10, 대놓고 여배우 여가수들 강제로 데려다가 주색잡기 난봉질을 하던 색골 박정희  전두환 이런 난봉꾼들 좀 제대로 다뤄줬으면 좋겠네요
10, 이런영화가 쫌 많이나와야되는건데
5, 민주당 의원들 줄줄이 구속되겠네.
10, 기대되네요
10, 기대된다.
10, 이런 시대비판 영화는 꼬옥 필요하다 좀더 활발하게 만들어지고 봐줬으면 좋겠다
10, 부조리가 잊혀져있다가 영화가 나와서  다시 공론화 된다는게 참 웃긴 현실입니다. 따끔한 비판을 하는 이런 영화가 많이 나왔으면 좋겠네요.
0, 이건 우익들을 음해하려고 만든 명예훼손 영화임 저런 거 보면 당장에 정신병원에서 평생 살아야함
5, 이 영화 개봉했나보지도않고 10점 매기는 인간들은 머지
10, 재미와 줄거리를 떠나서 꼭 보고싶고 보아야할 영화
10, 사회의 어두운 부분을 조명한 영화 
10, 슬프지만  묻히지 않고 보아야 하는 진실을 담은 영화    
10, 안타까운 죽음의 어느 연애인을 애도할수 있도록 모금에 동참합니다
10, 기대되네요 영화관에서 꼭 볼께요
10, 뉴스에서 사회를 다루지 않는다면 영화라도....
10, 마동석배우 의 카리스마 있는 연기가 기대된다
