7, ...
7, 서인국 별로 안좋아 했는데.. 이영화 보면서 서인국 연기 잘함에 엄지척!!
6, 배우들 연기는 무난하지만 감독의 역량이 부족하지 않았나 싶어요. 무엇 보다도 영화적 좋은 소재에도 불구하고 강력한 임팩트도 없고 배우들 이름 값에 기댄 영화라는게 진하게 느껴졌습니다.
4, 나름 괸찮음~ 돈주곤 보기 글코 시간 죽이기 좋음
1, 그냥 정춘물이자나 감독 증말 거저 먹었네
10, 유리 볼려고 본 영화. 가볍게 볼만해요
9, 유리 연기 잘했는데 sm이라 욕먹는듯
10, 귀여운 서인국ㅋㅋ
1, 영화가 참 어이없소
3, 소녀시대 " 유리 " 가 왜 이 영화에 나오는 걸까?
10, 서인국 잘 생겼다.
7, 수영선수들도 지병이 있네요
8, 스포츠를 이용한 청춘드라마 느낌이지만  두 명의 아버지 이야기만큼은 뭉클
7, 개인적으로는 괜찮은 영화. 단  소녀시대 끼워넣기 때문에 줄거리와는 상관없는 오디션이 몇 차례 나온 것과  여가수의 어색한 연기는 단점. 그리고 전체적으로 배우들의 애드립이 자연스럽지 못하고 민망함. 볼만한 영화는 맞음.
5, 이종석 서인국 얼굴보려고 봄
0, 뭐지 이건
2, 서인국  이종석  좀 천천히 영화를 고르지 그랬어!!! 나중에 많이 후회할꺼야....
4, 이 영화는 그냥 B급 영화일 뿐이다..
0, 평점 10점이나 9점에  한줄요약 최고다라는내용이면  거의 99% 알바
5, 좀 별루였음...진짜 90년대초에 만들어진듯한 영화;;;;아 재미없어
3, 유리야 발연기 하느랴 애썼다 그나마 이종석 서인국 때문에 3점준다 시간 때우기용도 아닌 시간 낭비용 영화임
1, 어색왕자들 총 출동이다..ㅋㅋ
5, 유리 때문에 그나마 5점
0, 와 손발 오그라들어 죽는 줄. 누가 내 손 좀 펴줘. 진짜 요즘 중딩들도 안보겠다. 대사 하나하나가 오그라든다. 귀여니가 시나리오 썼냐.
5, 유리가 예뻐서 5점
4, 피끓는청춘과 비슷한 수준이길 기대했건만 이건 뭐 한숨만. 권유리양은 소시나 열심히 하시길.
7, 스포츠 영화라고 하기엔 긴장감이 많이 부족하나 하이틴 영화로 보기엔 나름 괜찮음...극장에서 보기엔 돈 아까울 수 있으나 TV에서 한다면 재밌게 볼 수 있는 작품입니다..
10, 난 평점이 낮아서 별론줄 알았더니..재밌는데 왜이러지.. ㅡㅡ;; 근데 주인공이 서인국 아니야? 인국이 같은데..ㅎ 유리도 너무 이쁘고 배우들 완전 맘에 들어..특히 인국이 캐릭터 완전 사랑스러움.ㅎㅎ
1, 내가 졸면서 만들어도 이보다 낫겟다
6, 뻔한 스토리에 조금 유치한 감도 없잖아 있지만 이정도면 뭐 교육용으론 괜찮다고 본다..!!
2, 클리쉐의 첨벙첨벙 ㅋ 동감 ..어색한 연기와 현실성 없는 스토리로 성장드라마의 기본 감동도 이끌어 내지 못한 영화.
10, 시발 배우들의 열연이 영화를 살렸다. 명작이다. 다들 꼭 봐라.
2, 클리쉐로만 만든 영화 같음. 서인국과 이종석 박철민을 대리고 이런 영화 만드는 것도 재주인듯.
3, 이렇게 만들기가 더 어렵겠다 ㅜㅡ
5, 유리씨...연기...더 공부하고 주연하면안될까요.?  연기하고싶으면 조연부터  차근차근 키워올라왔으면 좋겠네요....
9, 잼나게 봤네요
6, 수영 영화인데 수영 자체에 집중하지 못했다. 그리고 쓸데없이 노래를 부르고 있는 유리의 모습만 자꾸 많이 나와서 내가 지금 영화를 보는건지 소녀시대 콘서트를 보는건지 헷갈리게 하더라. 유리의 연기력도 꽝. 서인국의 연기력이 돋보이는 것은 장점. 감독의 연출력과 판단력은 많이 부족한 듯. 그냥 오락용 영화다.
0, 유리.... 시발.....
1, 내 눈을 파내고 싶었다... 작품을 제대로 고르지 못하는 배우는 일단 스스로에게 끝없는 질문을 해야한다
4, 오글거림. Disgusting위험한(여성부 입장) Dangerous연기가 Dirty그야말로 3D첨단영화.
9, 재밌고 볼만하네요..그리고 젊은 배우들이주를이루니더욱더보기좋네요
2, 오글거려서 숨이 안쉬어진다. 젠장.
9, 오랜만에 만나는 청춘영화라 기대!! 중간에 늘어지는스토리에서조금실망 ㅠㅠ 서인국 이종석 유리의 풋풋한러브라인도 재미가쏠쏠하구요 서인국의 삽겹살먹방은 쵝오입니다!!!  마지막장면  물살을가르며 헤엄치는 라이벌씬 정말멋있었습니다.서인국 이종석멋진배우들입니다.
5, 박진감 없는 스포츠 영화라... 베스트극장 태릉선수촌이나  닥터 챔프가 더 박진감 넘치겠다..
3, 영화 제작해주는곳이 고기집인가뵈여 고기 먹는 장면 말고 딱히 기억안남 고기굽는 장면은 명장면임 잘굽던데여
6, 스포츠영화 특유의 감동코드를 좀 더 살렸어야 했다. 중간마다 나오는 유리 오디션씬은 거부감만 느껴졌고 성장기 영화지만 풋풋함이 없다. 그나마 서인국의 연기력 깊이가 상당하다는 것에 기립박수를 쳐주고 싶다.
0, 소재가 신선했다는 것 빼놓고는. 별 다를 것이 없었던 영화. 배우들의 연기며 프레임의 사이즈며. 시놉이랑 본영화와는 다른 얘기로 느껴지는 거며...총체적인 부실이었다. 이종석이나 서인국의 팬들만을 위한 영화.
4, 차라리 만화책이 더 재밌겠다
10, 가끔  노브레싱처럼  순수하고   담백한 영화가 필요하다
10, 너무  자극적이지 않고  잔재미도 있어 재밌게 봤다
0, 개쎔..또 한건했네...  유리를 데리고 영화??...
2, 이종석 때문에 보긴 봤는데....뭐지... 재미도 없고...감동도 없구 참.. 유리 연기 참 못하고... 최근 본 영화중 젤 별로인듯함... 아....허무함
1, 아~~ 이 영화 왜 만들었지? 우짜든지 핫한 애들 출연시켜서 기본빵 할려는 의도가 명확히 보인다! 재미도 없고 감동도 없고... 너무나 뻔~ 한 영화! 시간 아깝다
10, 서인국이랑 이종석 완전 잘생겼어요!!ㅎㅎ
10, 이 영화를 보면 기분이 힐링 됨 동시에 우울했던 내 맘과 꿈을 향한 의지가 되살아났다. 이 영화 보고 욕하시는분들... 인생을 위해 노력이나 해보쇼. 다 지 멋대로 될대로 되라는식으로 사는 사람들같다. 욕하는 사람들
3, 와...진짜 이건 아니지 뭐 이딴 각본이 다있어 여러분~~~우리 인간적으로 평점 알바 뛰지 맙시다 사람들 낚입니다 그나마 서인국 연기 때문에 이정도라도 준거라고 생각하삼
1, 이종성 서인국 팬이라면 보고 아니면 볼 생각 하지마라..진짜 하루만에 쓴 대본인 듯..
3, 하...아무리 원작이 따로 있었다 해도 편집을..;;
6, 딱 어린청소년용(이러면 청소년 무시하는 걸까ㅎ) 박철민이야 워낙 그런 줄 알았지만 서인국 연기하는 거 첨 보는데 의외로 잘 하네요.타고난 끼가 다분한 듯.몇몇 배우는 목불인견ㅋ 노래 나올 땐 귀를 막고 싶었네.쟤 노래스타일이 워낙 그런 진 모르나 무슨 청소년이 노랠 그렇게 느끼하게 부르니;;
8, 큰 자극은 없어도 소소한 웃음과 감동이 있다.  서인국은 영화 첫 작품이라는데 꽤 잘함. 배우로서 크게 성장할 재목.
10, "영상물등급위원회는 5일 '노브레싱'이 2013년 4사분기 청소년을 위한 좋은 영상물 극영화 부문 선정작이 됐다고 밝혔다"  이렇게...좋은 영화입니다^^
10, 서인국 연기 정말 잘한다! 이젠 믿고 보는 서배우
6, 훈남들덕에 눈이 즐거웠네~ ^^
2, 예고편이 전부
5, 평 읽어보니까 결론은 초딩영화네요.  초딩들은 10점 만점! 성인들은 1점!
9, 재미있어요
2, 할말이없음
2, 청소년 관객 대상으로 만든 영화이긴한데..우리나라 청소년들은 입시공부에 바쁜 몸들이시라 이런 시덥잖은 영화에 시간과 돈을 낭비할 여력이 없으시다..-_-;;;;
3, 휴~~솔직히 끝까지 보기가 힘들었습니다. 과잉된 감정의 분출들  손발 오그라드는 클로즈업..진부한 우정놀이 등 남자들을 위한 영화는 결코 아니구요  그렇다고 여자들이 좋아할지는..왠만한 팬심 아니면 좋은 평은 못할듯 싶네요..3.3
10, 수영하는 청춘들의 성장드라마
1, 보면 볼수록 제목따라 숨이 막혀온다.
9, 집중력이 떨어지는 단점이 있고 배우들의 매력을 좀더 살릴 수 없었던 게 아쉽지만 청춘영화인 것을 감안한다면 후한 점수를 줄 수 있을 듯 함. 요즘은 지나치게 자극적이고 폭력적인 게 넘쳐서 오히려 신선하고 괜찮았음. 우리 아이들에게 보여줄 수 있을 듯 함.
10, 도전을 주는 건강한 영화  간만에 좋은영화봐서 좋다ㅎㅎ
10, 완전! 감동이야~ 내 꿈에도 나왔음~재미있음 `
0, SM의 입김이 너무 쎄서 쓰레기가 된 영화 ㅋㅋㅋ 별 1개도 아까운데 평점 8은 뭔가요??? SM에서 알바 쓴듯 ㅎㅎㅎ
5, 스포츠드라마에 대한 감동은 아무리 찾아봐도 없고  성장청춘드라마라고 하기에는 순수함이 없고  오로지 배우들의 클로징으로 오글거림만 있다. 눈은 즐거우나 이외에 아무것도 없다.
1, 여배우 캐스팅 최악! 시나리오 최악!오버 연기의 연속이었음.이종석은 영화에서 CF 찍고 있고영화에서 헛도는 유리 음악은왜자꾸 나오는 지..감독님! 이건 아닙니다~~~~!!!
2, 보는 내내 노브레싱에 허우적허우적
2, 두 훈남 배우에게 각각 1점씩!!!!
3, 소재부터 줄거리 전개 연기 엔딩까지 캐스팅 빼고는 맘에 드는건 하나도 없고 오글거리는 대사 탓인지 배우들의 연기는 어색하고 여주인공이 제일 부가되야하는데 뭍혀서 보이지도 않는 재미는 없지만 배우 보는 맛에 보게되는 그런 영화
3, 훈훈한 모습의 두 배우는 좋지만... 약간 유치하고 오글거리며 과장된 대사와 연기들의 향연 옵션으로 진부하고 식상한 스토리... 그나마 귀여운 먹방과 해맑은 애교(?)를 보여준 서인국 보는 맛에
3, 보고나서도 뭔지 모르겠다.. 그냥 만화로나 만들었으면 더 좋을뻔했다
0, 소녀시대유리가 아닌줄 알았다 ~너무 평범하게 나오고 영화진짜 지루함왜 이런걸 만들엇을까?????????????????? 킬링타임용도 안됨ㅠㅠㅠㅠㅠㅠㅠㅠㅠㅠㅠㅠㅠㅠㅠ
4, 그저그런 하이틴 영화.. 이종석 서인국 불러놓고도 흥행 안된 이유가 있다.
0, 수영 선수가 설정인 영화에 겨털도 안깍고 수영한다? 장난하냐?
4, 진부한 설정이 별다른 흥미를 끌지 못하는군
0, 브리딩 아니냐?
1, 우와. 진짜 오랜만에 느껴보는 진정한 망작을 봤네요. 이종석이랑 서인국을 좋아해서 그래도 조금은 기대를 했는데.. 2시간동안 엔딩을 보기위해 몇번이나 포기하고 싶었는지 모르겠네요. 감독은 도대체 뭔생각인건지....
10, 서인국 연기가 좀 오바스럽긴 하지만 몰입력도 높고 재미있음.
5, 코치 연기 되게못해
10, 솔직히 작품성 떠나서 재밌다. 원일이 캐릭터도 매력있고.보고나면 개운하고 기분 좋아지는 영화다.
7, 이 정도면 쏘쏘한 듯..
10, 재미있고  착하고 순수한 영화...그리고 서인국의 재발견!!  조원일 역..쉽지않은 캐릭터인데 소화 잘 했네요.  코믹씬에서 오열씬까지..최고!!
0, 진짜 무슨 90년대 청소년 드라마도 아니고 무슨 연기가...EBS교육방송 연기서인국 노래나해라 연기 안된다
9, 부담없이 담백하게 볼 수 있는 영화... 서인국의 물오른 연기가 일품이었음 심한 갈등도 불필요하게 복잡한것도 없어 편하게 보았음...굿.
0, 150m 노브레싱으로 가다 죽는다 해서 안보게 됨...아무리 영화라도 말이 되는 소리를 해야지 ...
10, 오글거릴거 각오하고 보러갔는데..생각보다 안그럼;; 박철민 연기는 두말하면 잔소리일정도로 잘하니 패스고..서인국의 연기는 드라마에서도 놀랐지만..영화를 이끌어나가는데 부족함없는 연기력에 또 한번 놀람..사실 이 영화는 이종석이 서브고 서인국 혼자 주인공이나 다름없다..재미로치면 최근 본 영화들중에 젤 낫다.
10, 잼있어....
0, 감독은 어디가서 "나 영화감독이요" 하지마라.  영화에 대한 기본 이해도 없는 작자가 무슨 영화감독인가? 영화가 장난이냐?
2, 연기는 발철민 서인국 둘이하고  남는건 오글거림 뿐 .오글오글 일본 만화책 대사
9, 요즘 가장 핫한 두 남자 캐스팅에  라이벌의식 안에 우정과 성장이 빗어내는 긍정적 스토리가 청춘들에게 권하고 싶은 영화이다. 다소 흔한 스토리이지만 서인국의 익살스런 연기는 간간이 박장대소하게끔했고  한마디로 여자중고생들은 정말 재밌게 볼수 있는 영화인것 같다
3, 손발이 오그라드는 내용에  불편한 배우들 연기력... 유리는 왜 나왔는지
10, 사실은 내용이 너무나도 재미있지는  않았습니다. 하지만  이 영화는 초 중 고등학생 들에게 포기하지 않고 힘을내서라도 도전한다는점으로는 좋았습니다. 그렇게 내용이 깊지도 않고 욕도 나왔지만 전 좋았슴니다. 저가 이종석을 너무나도 좋아해서 보게되었습니다. 감동도있도 웃음도 주는 이 영화가 좋다고 생각합니다.
1, 아오.. 정말... 초딩영화.. 영화 국가대표를 생각하며 기대해서 본 내가 바보지.. 스토리 뻔하고 편집을 넘 심하게해서 개연성 떨어지고 어떤컷은 영화 카타카에서 본 컷도 있었고... 일단... 불필요한 연애모드 ... 주제를 확실히 하든가... 마지막엔 실소를 터트렷음.. 판타지여 ㅋㅋㅋ 서인국 먹방 잘봤움..
1, 한국영화에서 나오는 전형적인 캐릭터와 전형적인 내용 전형적인 결말. 감성팔이 가능한 분들에게나 괜찮은 영화가 될듯.. 졸았습니다.
10, 생각보다 너무 재밌었다. 국가대표같은 감동을 기대했다면 실망하겠지만 보고나면 시원하고 기분이 상쾌해짐. 주연이 연기를 잘하고 예상외로 너무 웃겨서 꿀꿀한 기분 한방에 날아감.기분이 좋아지고 싶다면 강추
5, 서인국.이종석 연기는  빛을 발했으나  연출과  각본이 꽝이라....이렇게  좋은  배우로  이런  드라마보다 못한  영화가  나올수  있나  싶었음 배우들의  연기는  만점  ~
8, 생각보다 재미도 있고 트레이닝복 임에도 불구하고 간지나주시는 종석이와 웃다가 울게 만드는 서인국의 연기가 정말 인상 깊었네요. 비맞으며 수영하는 장면에선 빗소리가 정말 듣기 좋았어요^^ 가족과 함께 보기 좋은 영화임다~
8, 화면가득 물살을 가로지르는 청량감과 통통튀는 발랄함을 느낄수 있고 잔잔한 감동에 눈물까지 흐르는 영화.
6, 기대보다는 별루였음... 좀 깊이가 떨어진다고 해야할까...? 코믹스러운 장면이나 유리의 노래부르는 장면 등 조금은 억지스러운 면도 있었고.... 국가대표나 코리아처럼 잠깐이나마 진한 감동이 묻어나오긴 어려운 영화였다고 봄.....
10, 재미이 ㅆ음  근데 내용이개재민
9, 시원한 물살을 가르는 청춘 영화 캐스팅은 대박 스토리는 중박 개그가 대박 ㅋㅋㅋㅋㅋ
10, 수능 수고많앗써 노브레싱 영화보고 잠시 한숨돌리며 미래의 설계를.... 영화에서 아직끝나지 안앗써 ...... 우리도 이제부터 시작 ...   ......  ...
10, 애기셋낳고  3년만에 아내와본 조조영화 대박입니다. 웃음과 감동을 모두 주는 그런영화인것 같아 너무좋았고요  국내최초 수영영화 멋졌습니다. 1000만명 정도 봤음하는 영화입니다.
9, 너무 감동 받아서 할 말이 없네요. 다시 보러 가야 겠어요. 정말 좋은 영화 추천합니다! ^^
0, 영화보고이렇게후회한적처음임 아무리이종석하고서인국팬으로서점수를줄래도 줄수가없다 그냥이종석 서인국좋으신분들은 복근보러가세요 내용은쓰레기
10, 넘잼있게봤어요  이종석씨 짱이요
9, 폭력과 자극만이 영화의 모든것은 아니죠 간만에 맘 편하게 하는영화였음다 아쉬운건 유리는 첫장면빼고 그냥 소녀시대 분위기로 나와서 좀 아닌듯ㅎㅎ
7, 부족함도 있지만 청춘의 싱그러움 등 장점도 많은 오랜만의 상큼한 청춘영화네요
8, 이 영화에 배우들의 연기는 진짜 대박사건이다. 영화를 보면서 눈은 자꾸 정우상에게 향하는데 연기는 왜 조원일이 더 웃긴지.. 그리고 소녀시대 유리의 연기도전 정말 대박사건이다. 대사가 그것만 기억나고 노래부를땐 진짜 예쁘더라!
1, 살다살다 이런 영화처음봐요 ... 완성도도 낮고 산만하고 줄거리는 질질끌고.  박철민씨 연기말고는 볼게 없네요 영화관에서 처음으로 나가고 싶다는 느낌이 들게한 영화였습니다.
8, 수능 특수를 노린  청소년 스포츠 영화로 열정과 우정과  첫사랑에 대한 경쾌한 만화같은 영화이다. 관객의 90%가 여중 여고생들이었다. 수능을 끝낸 여고생들이 스트레스를 한방에 날릴 수있는  오락영화이다. 딸과  엄마가 함께 보기를 권유한다.
9, 오랜만에 동심으로 돌아간 듯...그냥 많이 웃고 울었어요.  꿈을 향해 부단히 노력하는 우상이  잃어버린 열정을 찾아가는 원일이   두 주인공의 청춘이야기네요.  젊음이여~~화이팅!!
0, 이건 영화도 아닌  쓰레기야!학생이 찍었는줄알았음
10, 재미있게 보고 왔어요~
2, 보다나옴발극본그나마 서인국이종석땜에 표는 끊었으나..인국이는 이쁨 이종석도 근데 유리 그냥 아줌같음 그옆에 있는 여자애가 훨이뿌더만근데 투자자는 그 극본에 오케하다니 대!다!나!다!
10, 요근래 보기드문 청춘영화 웃다울다 정말재미있게 봤습니다... 이종석과 서인국연기에 진심어린박수를보냅니다... 노브레싱 천만을기원합니다.. 이종석화이팅!!!!!!!!!!! 서인국화이팅!!!!!!!!!!! 노브레싱 화이팅!!!!!!!!!!!!!!!!!!!!!!!!!!!!!!!!!!!!!!!!!!
5, 박철민씨랑 서인국씨 없었으면 망작중에 망작될뻔..여자 밴드는 도데체 왜 넣은건지 이유좀 묻고싶네요 이게 바로 다 된 영화에 유리뿌리기네요 진짜 보는 내내 관객들 전체가 오글거려서 신음했어요 캐스팅에 신경만 좀 썼으면 볼만했을듯. 그리고 진짜 냉정하게 말하면 이종석씨는 대본때문에 망함.. 대사하나하나가...하
10, 정말 두 주연배우에게 홀딱반해버렸네요 영화넘재미있어요
0, 조조로 본 5000원도 아깝다. 올해 본 영화 중 최고의 망작임
8, 두 주연배우의 연기도 좋았고  간만에 본 젊고 건강한 느낌의 영화라서 더욱 즐거웠던것 같아요.
1, 두주인공중 한명만 팬이면 평점x 2/3둘다 팬아니면 평점 x 1/3
8, 원일이 나올때랑 우상이 나올때랑 다른 영화같음. 서인국  이종석의 매력 대비 좋았음. 동심으로 돌아가 순수한 맘으로 감상하면 좋을 듯...^^
6, 배우 땜에 봤지요  사실.... 이종석 아니었으면 안 보러갔음....
9, 주인공 친구들이 별로여서 그렇지 재밌어요 ㅋ
0, 한국영화는 cg개발 캐릭터개발보다는 아이돌에 의존하는 개거지같은 영화 그만 만들어라.
1, 권유리 빼면 그냥저냥 볼만한...한숨만 나옴..친구가 서인국 팬이라 그나마 앉아있었지만.. 권유리 연기...ㅠ_ㅜ
0, 주인공들을 봐라. 애초에 기대가 되더냐?ㅋㅋㅋ
3, 아무리 팬심도 중요하지만서도.. 그래도 이건 좀... 스포츠 소재를 가지고 이렇게 연관성 없는 스토리로 좌우지 되면서 감동도 없이 긴장감도 없는 진짜 무슨 계몽 영화 보는 줄.. ㅠㅠ 간만에 오글거림 제대로 ㅜㅜ
5, 이종석  서인국 외모 아니였으면 보지도 않았을 스토리도 연기도 뻔한 청소년 드라마 수준. 러브라인도 뻔하고 긴장감이 없었음. 그래서 TV용이지 극장용은 아니였다고 생각함. 물 속에서 잡은 카메라 장면이 많아서 여름에 개봉했으면 시원한 맛이 좋았을텐데..
0, 정말 보는내내 나가고싶음....지금보는중에 댓글을쓸정도로 지루..이종석 서인국을쓰고 어떻게 이렇게만들지..아..속상할지경..정말 연기들이오버의 극치! 아..정말 속상함..
5, 지루함. 영화 중간에 나가려다 이종석의 외모로 겨우 영화 끝까지 보는걸 버팀.
1, 스포츠를 빙자한 조잡한 삼류멜로영화
7, 그냥 맘 편하게 볼 수 있는 영화인것 같구요... 유리가 노래하는 장면은 진짜... 영화의 흐름을 좀 끊어 먹네요... 여튼... 수영연습하면서 많이 힘들고 애 많이 썻다는 생각듭니다...
8, 생각보다 재밌고 달달하고 ...재대로 만든 로맨틱 코메디 스포츠 영화~~무슨 엄청난 기대감을 가지고 영화를 보는게 아니라면 보면서 생각보다 재밌고 괜찮은 영화라는 생각이 들것임다 !!
0, 야 빠순이들아 평점 뻥까치면 디진다
0, 평점만 보고 영화봤다가 대박 당한느낌~ 억울한 느낌입니다.  처음부터 중.고등 여학생을 타겟으로 한줄 알고있었지만 요즘 여학생들도 이런영화 안봅니다. 오히려 TV에서 방영중인 상속자들이 훨씬 재미있어요~ 그 흔한 키스씬한번 스킨쉽한번 없는 영화~ 요즘 대세인 이종석과 서인국으로 이런 영화를 만들다니 ㅠ.ㅠ
7, 30일 개봉인데....좀늦게 봄!!   [그랑브르(바다)]=[무호흡(수영장)] 느낌을받음!! 나름힐링 할 수 있는영화!!  재밌게 볼수있는  영화다!!
5, 영화 안봤는데  댓글 반응들 보면 알바는 엄청 티가남 ㅋㅋㅋ 거의 백프로 구체적 설명도 없이 두루뭉술한 말로 딱 한줄정도 적어놓고 점수는 다 10점이래 ㅋㅋㅋㅋ반대로 실제로 보고 점수 낮게 준 사람들은 구체적으로 이런이런점이 별로다 설명하고 ㅋㅋㅋㅋ
0, 와 완전 다알바네??이런...영황에 대채뭘기대하신것들인지??ㅋㅋㅋ근대 평점이 엄청높네?? 어떻게 저러지??
6, 장르도 드라마  수준도 드라마  집에서 티비로 청춘드라마로 보면 딱 될 듯. 원일은 제 역할을 다하고  우상은 배역과는 잘 안맞는 것 같고  정은도 상큼발랄 청순의 이미지와는 거리가 있고. 우상의 역이 좀 아쉬웠다. 원일은 만족할 듯. 셋중 서인국이 돋보였던 영화. 이종석은 아쉬움. 학교와 너목들의 이미지 지키길
2, 제돈주고봤으면 아까울영화... 이종석의 명대사를 응용해서 노는 재미가 쏠쏠합니다ㅋㅋ 여주연기는 발연기  그나마배우들은좋지만 전체적으로별로에요
2, 팬심으로도 어쩔수없는 수준이라... 이 과도하게 높은 평점은 좀 아님...ㅡㅡ::
0, 알바가 많으니 0 점
4, 알바를 얼마나 쓴거야;;
1, 진짜 영화 보다 중간에 나갈뻔한거 처음.....한관에 사람 얼마 있지도 않은데 다 똑같이 한숨을 쉬게되....슬프지도...재밌지도....그냥 영화보면 화만..화만나...
4, 거기 나오는 애들 죄다 발연기..그나마 유리 아버지로 나오는 분만 배우 같음..오늘 보러갓다왓는데 짱낫음. 조조 봤으니 그나마 다행이지 제돈주고 봤으면 욕할뻔.
5, 오글거림주의보 보는 내내 오글거림 그리고 굳이 유리 노래하는 걸 내가 왜 봐야함? 스토리 끊기신공을 제대로 발휘하던데 그냥 서인국 박철민 콤비 덕에 웃었음
9, 청춘 영화로서는 충분히 즐길 수 있는 명랑 쾌활 유쾌한 영화! 서인국의 연기와 이종석의 매력 콤보!
8, 요즘 너무나 자극적인 영화에 길들여져서 이런영화가 재미 없을지 모르겠지만 신랑이랑 보면서 나름 요즘 보기드물게 건전하고 훈훈한 영화다 하면서 봤습니다. 지금도 서인국의 연기가 기억에 남네요. 사실 유리의 출연이 흐름을 끊어 놓는다는 생각은 했습니다. 우리 신랑이 유리팬인데도 불구하고 말이죠?
9, 감동과 코믹의 영화 넘 재밌었다 약간 유치한면도 있었지만 가볍기만한 영화는 아니다
2, 돈 내보기엔 너~~~무나 아까운 영화
1, 이런 영화보고 10점 주는 사람들은 알바거나 영화보는 수준이 극히 낮을것으로 예상된다
10, 정말 잼있었다  처음엔 어쩡쩡했지만 그래도 감동적이었다
2, 권유리 부분 통째로 들어내도 무방하고요. 수영 대역쓴거나 빨리감기 한건 그렇다 치고. 걍 이종석 서인국 몸매 보러간다고 생각하시는게 빠를듯 하네요.  수영하는 사람한테는.. 무호흡영법에 관해 생각한번 해보게 만드는점 아주 조금 있다는거정도?
4, 권유리 역은 보통 내공으로는 할수 없는!!!역이다.. 근데 일반 내공도 안되는 사람이 하니까..  이종석이 대사 치고 화면 바뀌고나서 이보영이 있어야 하는데 권유리가 있는 느낌?
0, 알바들 티나잖아...티 안나게해야지...에잉.
0, 알바분들 열심히시네요~ 진짜 평점보고 가지마세요.스토리도 집중안되고 유리씨 배역 자체를 빼야 스토리가 그나마 나올까말까인데 유리씨 배역이 스토리 다 끊어먹고 그냥 이종석배우나 서인국배우 몸보러가야 그나마 볼만할듯?전 진짜 이 영화 본걸 후회합니다.
7, 딱 하이틴 영화입니다. 쫌 오글거리기도 하고요... 거슬리는 씬들 짤라내고 했으면 괜찮게 빠진 영화가 될듯했는데.. 좀 아쉽지만  점수가 후한것은 내용보다 배우보러 간 영화였기에.. ㅎㅎㅎㅎㅎ  이종석 보러 갔다가 서운국에게 빠져 극장을 나오게 되었네요~~ 서인국을 위한 영화인듯합니다~ ㅎㅎㅎㅎㅎㅎㅎㅎㅎ
10, 감동도 있고 재미도 있고... 3대가 같이 봤는데 다들 재밌게 잘봤어요^^
5, 오글거리는 연기...
9, 이 영화 재밌게 봤어요...서인국의 코믹연기가 볼만하구요.. 솔직히 전 종석이보다 인국보려고 영화봤는데  괜찮은 선택이었어요.. 꼭 보세요~ 재밌어요^^ 서인국의 매력이 보여요 ㅎ ㅎ
6, 초반에 너무 지루했는데...유리 나오는 부분은 오글거리고... 서인국 연기말고는 볼게없는... 이런 영화 진짜 오랫만이네.
5, 평이한 우정타령만 있다
2, 영화 안봐도 이 영화 수준을 알겠다 ㅋㅋㅋㅋㅋㅋㅋㅋㅋ
8, 기대없이 봄 의외로 재미있음 치밀하거나 무게감은 크지 않지만 가볍고 편하게 보기엔 좋은영화 오랜만에 가벼운 마음으로 볼수잇엇던 영화였음
5, 네티즌 평가는 말그대로  촛불좀비와 비슷한거같다. 시간이 지난뒤 아닌척하겠지?
3, 알바분들 오늘도 열심히 이신듯..
8, 10점 주는 사람 많에 ㅜㅜ     갠적으로 나쁘지도 않고   잼남 남자들은 비추 여친 데리고 가던지 여자들에게 추천 여자들이 좋아하는 청춘스토리물정도     남자들은 오글거림을 참고 견뎌야함 ㅎㅎ 나름 나쁘지 않음
1, 보는내내 오글오글 거린다.
3, 전문가 평점 그대로 3점줌  영화보기전 항상 전문가평점부터 찾아보는데 평균3점은 거의 처음보는듯    10점준애들은 빠가인가 빠가라서 빠순이라고 하는건가
4, 오글오글 청춘! 캠페인 광고 드라마. 먹브레싱!
1, 이종석이랑 서인국 보러 왔다가 나였음..아놔. 권유리가 자꾸 방해해.. 스토리가어쩔. 이렇게 지루한적 처음이고 핸드폰만 만진적은 처음임.수영 영환데 왜 로맨스를 찍냐고. 난 박태환 생각하며 보러 왔구만. 어서 아이돌이랑 로맨스를..할인받고 올껄. 아놔.
1, 연기를 이렇게 못하는지 몰랐다 ㅡㅡ 시트콤 같은 연기...시간 낭비임
8, 서인국과 박철민의 연기는 역시 굳굳!! 나머지..오글거리는연기들뿐..
1, 이배우들을 데리고 이렇게밖에 영화를 못만드나요.툭툭 끊어지는 내용 불필요한 장면 도데체 여자배우의 노래장면은 왜 넣은걸까요? 서인국의 연기밖에는 볼게없는.이종석 유리는 그냥 화보만 찍는듯..넘 아니네요.드라마였음 차라리 나았을라나
5, 미적지근한 내용... 그냥그랬어요
10, 아주 상큼하게본 영화네요. 우상과원일 두 남주 아주 케미돋는다는 안보셨다면 꼭보시길 쌀쌀한 겨울 시원한 영화보니좋네요
10, 이종석 너무 멋져요~ 강츄~
9, 역시 기대 이상의 캐스팅 파워! 보는 내내 즐거움!
0, 와 알바대박ㄷㄷ 이 영화처럼 알바 쩌는 영화 처음 봄평점 잘 안주는 편인데 이건 어쩔 수 없이 남김 피해자 생길까봐... 5~6점정도 주면 딱인 영화임
9, 애들과봐도 전혀 거리낌 없는  때론 눈물도 자극하며 잔잔한 웃음도 짓게 하고 배고픔을 느끼게도 하는ㅋㅋ 전 재미있게 잘 봤구요 멀리서나마 서인국을 비롯한 두친구 무대인사로 안구정화도 했어요ㅋㅋ
0, 아놔 평보고 갔었는데.. 영화연출 잘 모르는 일반인인 내가봐도 이건 뭔가 아니지 싶다 뭐여~이게 중학생이 쓴 팬픽으로 만든영화같음  이종석이 아깝
0, 알바들ㄷㄷㄷ
8, 유치하고.. 10대들 고등학생이나 관심 끌범한 내용이라고 생각하며 아무생각없이.. 봤는데요.. 의외로 볼만 하더군요.. 서인국 먹탐연기가 젤 웃기더군요 ㅋ
9, 정말 재밋게 봤어요  배우들 연기 너무 잘하는거 같아요...^^ 웃고   울고   하면서 영화를 본거 같아요.. 영화보고 나면 삼겹살 이 먹고 싶어 질거예요... 서인국  삼겹살 먹는장면    재밋어요 ^^ 강추
1, 이걸 8~10점 주는 사람은... 정말이지 최악의 영화~~` 왜 이런 영화를 만들었을까?? 의문점은 남기는구나
10, 젊음이 참 좋다
10, 진짜 재밌어요ㅜㅜ뭐...눈호강 제대로 한것도 있지만ㅎㅎ이종석은 걍 서있기만해도 화보구요 서인국은 너무 귀여웠어요>< 개인적으로 서인국캐릭터인 조원일이 더ㅎ
10, 나름 재미있었고 강추~
9, 대략 만족
0, 드라마만도 못한 스레기 영화 ㅋㅋㅋㅋㅋㅋㅋ여기나온 배우팬들은 꼭 극장에서 보시길바래요~^^*
9, 친구와의 우정이 얼마나 소중한지 다시 한번 알게 됬어요^^ 드라마 같은 영화를 좋아하진 않지만 서인국과 이종석 때문에 본건데  스토리 전체가 짜임새 있어  재밌게 봤습니다.
10, 오랜만에 웃으면서영화봤네요^^그냥즐기면서보시면.딱좋은영화서인국연기는~~대박
8, 재미있게 보았어요. 평가는 영화를 본 후에 하시길.... 폭력적이지않고 잔잔한 감동과 재미 
8, 부담없고 기분좋네여
0, 내 인생 최악의 영화.. 이 돈으로 다른 영화 두번보세요
9, 기대없이 봤는데 볼만합니다뻔한 스토리지만 중간중간 재미있는 부분들도 있고얼마전에 컨저링하고 그래비티 봤었는데개인적으로 그것들보더 훨 잼있네요
10, 재밌게 잘 보고 왔습니다. 서인국씨 캐릭터 참 좋더군요. 박철민씨 너무 웃겼어요.
10, 즐겁게보았어요
6, 15세가 아닌 12세나 전체관람가에 알맞은 등급의 영화. 내용도  개그도 유치하고 뻔한 게 무슨 20세기에 만든 청소년 만화 보는 줄 알았음. 여자 관객들 취향에는 맞는 듯 웃고  울고 재밌어 함.
10, 잼있어요 ㅎㅎㅎㅎ
9, 분석하지 않고 보이는 대로 보면 재미있는 영화일 드.서인국 이종석연기 너무 좋았다.호불호가 분명할 것 같으니 자신의 취향을 잘 고려해야 할 듯.개인적으로 헐리우드대작 안 좋아하고 관상보면서 시계3번 봤는데 이 영화는 2시간동안 웃으며 지루하지 않게 봤다.가볍고 웃는영화 좋아하면 추천함.
9, 생각보다 괜찮았고 감동도 있고 주말이라 많이들 보는 것 같음
5, 영화'관상' 본 후 그 느낌일 듯  대충 어느 수준인지 알 것 같다~  평점  평가내용 보니 돈주고 영화관까지 가서 볼 필요없는 영화일 듯   영화관 가서 보는 건 패스~ 나중에 케이블에서 그냥해줄 때 보면 될 듯  
10, 딸과함께봤는데...재미있구 감동적이구  완전잼나게봤어요..
10, 서인국 이종석의 의리와 감동이 있는 영화입니다  최고최고 화이팅~~~~~
10, 개봉날 제천에서  제일 처음으로 보았어요. 사실 기대 안하고  보았는데.. 웃다 울다......넘  재미있어요. 등장인물들  다  좋았으나  기억에  남는건 서인국뿐~~ 돈주고 보아도  안 아깝습니다. 꼭  보세요.....
5, 다른 스포츠영화랑 차별성은 좋은데 개콘코너 불편한 진실이 나오는듯한 장면은 뭐지? 마치 김기리 김지민이 오글거리는 대사를 극장에서 하는듯해 그래서 손발이 실종된줄 알았다ㅋㅋ
10, 이종석보고 설렌여자들 많았을듯. 나도설레든데 ㅋ ㅋ 서인국은 진국같은 느낌이고 두들겨패줄때 통쾌ㅋ   유리 노래  좋아서 음원받았네요.
9, 영화 재미있네요 특히 서인국의 재발견 이라고 생각합니다 가수 서인국은 더이상 생각나지 않더라구요 조금 뻔할수있는 청춘영화이긴 하지만 그래도 웃기고 감동적이고 참 좋은영화 아쉬운건 서인국 연기력이나 캐릭터가 너무 좋아서이종석이 조금 죽은듯한 느낌은 있네요
10, 부담없이 그리고 머리아플필요없이 편하고 즐겁게 잼있게 볼 수 있었던 영화^^ 그리고 중간중간 웃음코드에서 캐폭소ㅋㅋㅋㅋㅋ 그러다 원일이울때는 또 폭풍눈물흘렸네ㅠㅠ 넘 재미있었고 서인국 연기가 진짜 볼만했음ㅋㅋㅋ 대박사건ㅋㅋㅋㅋㅋ
9, 시간이 맞는게없어서 별개대하지않고봤지만 의외로 넘 재밌게본 영화ㅋ
9, 감동과 웃음과 식상하지않는 전개의 맘 따뜻해 지는 영화~서인국 이종석 유리 박철민씨등. 애정가게 만드는 영화!!영화관 나온후 ~수영하고 싶어지는 영화^^수영재미에 빠져 사는 요즘~ 부채질하넹~올핸만에. 만족도 업!!!
9, 기대 이상으로 재밌게 보고 왔어요  이종석씨 서인국씨 박철민씨 너무 연기를 잘하고 유리씨도 나름 괜찮았어요 마지막 수영씬레서는 몰입도가 끝내줬구요 신선하고 청량한 느낌의 영화 였어요 아이들과 보기도 좋았구요 강추합니다
0, 개쓰레기 단순한 빠순이년들을 유도한 단순 돈벌이용 영화
10, 오늘 보고 왔는데  결국 서인국이 수영 경기에서 이기네요. 이 영화 보길 잘했습니다.
1, 기대하고 봤는데 이건 머.. 90년대식 유머인가요? 유치하고 스토리나 캐릭터도 빈약하고.. 실망입니다.
3, 사전조사 없이 생각나는대로 막 쓴 인소같은 스토리. 몇몇 배우는 코미디 콩트 하는 것 처럼 연기함. 총체적 난국.
10, 서인국을 위한 영화. 웃을때 울때 그 연기가 얼마나 감동적이고 생생하던지 보는 내내 박태환 선수가 생각 나더이다.
10, 요거진짜재밋러며~재미없을까걱정안해도됌~진짜재밌엉며~짱짱 !!우상이땜시기절합니다~정말재밋음~~ㅋㅋ
9, 오빠들  너무 멋져요!! 내용도 훈훈하고 볼만 하던데요^^ 서인국님의 첫영화! 다음 영화도 기대되요
10, 감동 코믹.. 간만에 잼나게 봤습니다
8, 풋풋한 청춘물이고 밝은 느낌이라 좋았습니다~ 서인국의 엄청 늘어난 연기력 보는 재미도 쏠쏠.. 그런데 유리양도 패션왕 때보다 좋아진 연기를 보여주긴 했지만  연기나 노래하는 부분이 영화의 맥을 자꾸 끊는다는 느낌이 있어요. 국가대표에서 이은성씨 역할이 새삼 생각났다는..^^;
3, 휴
10, 너무 재미잇구요 잘밧어요
10, 여배우가 나오는 사랑부분만 유치한듯 하지만  원래 사랑이 유지하지 않나? 스토리전개에 아무 문제없고.. 열혈회원과 전문가들의 평점만 보고 영화를 보지 않았으면 아쉬웠을 영화다. 영화 '소원'처럼 가슴이 따뜻해지고 유쾌해지는 영화.
2, 최악. 유치하고 오그라드는데 이종석만한 연기자가 없다더니...
8, 일단은 대세스타들이 나오지만 . .아쉬움이마니남는다. 감독은왜이정도까지밖에 . .? 배우들이아깝다ㅡㅡ스토리도갠찮긴한뎅. . ㅇㅇ뭔가진부?그래도 중간중간웃기고뭐 볼만은하다 ㅎㅎ
8, 기대를 안하고 봐서 그런지 재밌었다.  물론 빈구석이 무진장 많은 영화다.
8, ㅋ 풋풋함 잼났어ㅇ요 코미디 같기도하고 감동도있고주인공들 보는  잼두있고 가족과 봐도 좋아요
10, 노브레싱 넘 재미있고 감동스럽다. 얼마만에 이런 영화를 만난건지 !!! 보는 내내 웃음과 눈물이 반복되었고 마지막에는 박수가 절로 나왔다. 특히 청춘들이 보면 많은 도전을 받을 수 있을 것 같다고 생각된다.
10, 개잼!!!!!
10, 노브레싱 볼 기회가 생겨서 봤는데 웃음과 눈물이 함께하는 영화~ 조원일이라는 캐릭터가 같은 친구하나 있으면 좋겠다는 생각이 듭니다. 즐겁게 잘 봤어요 볼만한 영화라고 생각 됨
10, 박철민씨 대사 칠때마다 빵빵 터졌다는ㅋㅋㅋ보는내도록 부담없이 재미닌고 감동코드까지 있는 영화였어요!!
10, 재미있게봤네요
7, 그런대로 재밌어요. 서인국이 연기잘해서 빛난 영화!!!
4, 이야기가 너무 넘쳐난다. 서인국이 아니었으면 망가졌을 영화. 유리는... 모두 다 덜어내도 이야기가 될 느낌
2, 흔하디 흔한 스포츠 드라마의 시눕과 플롯을 그대로 답습한데다 뚜렷한 방향성 없이 영화를 이리저리 표류하게 만들어버린 연출력까지 더해진 수준 이하의 스포츠 영화였네요. 그냥 보고 나면 한숨만 나오는 영화랄까요?? ^^;;
10, 기대이상으로 정말 잼있었던 영화!!!~~~서인국 먹는신 진짜 대박!!~~~특히 까메오도 좀 주목..ㅋㅋ
10, 저도 시사회 보고 왔는데  정말 재밌게 봤어요~ 강추합니다...
10, 조원일에 완전 빙의된 서인국 연기 하나만으로도 충분히 강추할 영화!! 특히 마지막 수영씬 기대하시라!
10, 훈훈한 영화네요.
5, 알바님들 개구라치지 마시고 보시고 평점 먹이세요...^^ 곧 보러가고 평점 달러 오겠습니다.. 우선 5점은 드리고 갑니다..
9, 아이들 어른들 모두 보기 좋을듯해요 서인국의 역경을 이겨나가는 캐릭터나 부자지간의 부정도 볼만하구요 애들데리고 한번 더 보려구 해요  연기모두들 너무 잘했음.
8, 칭구들이랑 심야로 보고왔는데ㅎㅎ 중간중간 웃기고 재미있었어용!! ㅎㅎ 훈훈한 시간 보내고 왔어요~ 그냥 가볍기 보기 좋아용!! :3
7, 청춘 스포츠물이고 작가의 전작을 알기에 큰 기대 안하고 갔는데 생각보다 괜찮았어요. 부담없이 보기에 좋네요. 이종석씨 비쥬얼에 눈호강하고 서인국씨 비글같은 캐릭터 귀여워요.
10, 전혀 생각않하고 봤던  영화인데 기대 이상으로 배우들 연기 잘하고 너무 재미있게 봤습니다.
0, 영화 좋아하시는 분들은 평점 보고 관람하지 마시길 ㅋㅋ 정말 재미없습니다^^ 평점이 높은 건 출연진보러 간 팬들이 올린게 대다수 일 겁니다 ㅋㅋ 저도 제친구가 이종석 팬이라 종석이 몸보러 갔다는;; 딱히 좋아하는 배우 없으면 내용은 인내를 부르는 영화 ㅋㅋ
9, 욕설과 폭력이 없어서 좋고 보고나면 즐거워지는 영화 . 편집은 약간 아쉬웠지만 오랜만에 가족과 함께 봐도 좋은영화같아요 .
10, 오랫만에보는 수체화같은 영화 잔잔한 호수가 그동안 한국영화는 바다의 폭풍 대비된다
8, 잔잔한 영화예요... 서인국의 연기가 돋보이네요
10, 재미있으면서 잔잔한 감동이 있네요~~ 그냥 편하게 즐기는 가족영화 수영영화 청춘영화 인듯~~
9, 약간은 뻔한스토리 지만 재밌게 봤어요.서인국 연기가 물오른듯 ^^
10, 정말 재미있어요~깊어가는 가을 아름답고 산뜻한 영화 보고 나오면서 한동안 입에서 미소가 떠나지 않았습니다. 영화관 분위기 자체도 좋았고 모든연령층이 골고루.. 나오시면서 웃으시고 재미있다고 하셨어요. 강추입니다. 폭력이나 액션이 없어서 넘 좋았어요~~
1, 500만불의 사나이와 쌍벽을 이루는 작품이네요 언제 끝나나 지루해한 몇안되는 영화중의 하나 그냥 보지마세요 진심으로 보지마세요
3, 아놔 .. 이걸 .. 어덯게 표현을 해야 하는지 .. 아주 화가 난다. 이걸 영화라고 만들어서 대대적인 홍보를 하다니 ...으...
2, Tv용 드라마를 굳이 영화로 만들어 어린여성분들 지갑털어 가려고 만든 드러운 영화. 뻔한 설정과 연출 한심한 스토리에 어설픈 연기등... 돈벌이를 위해 급조해서 영화를 만든 티가 많이 난다. 은.위같은 예술영화를 감명깊게 본 분들에게는  깊은 감동을 정상인에게는 돈 구천원과 시간의 소중함을 깨닫게 해주는 명작.
9, 재미있었어요  조직 폭력배 나오는 자극적인 영화보단  애들 하고  즐겁게 볼수있는 영화였어요 여배우는   좀 배역이  많이  안어울렸어요. 서인국 연기짱 종석이  피부  꿀피부~~
10, ㅎㅎ 너무 잼나게 잘봤슴돠.
8, 영화는 재미있는데.. 정말 여주인공의 연기가  발연기라 캐스팅 미스까지 느껴진다  영화보다가  여주인공만 나오면 몰입이 안되서  힘들정도였다 특히 오디션 볼때 노래부르는것 보고는...할말을 잃었다 정말 영화랑 따로 노는듯한...  그것만 아니여도10점 줄건데..........아쉽다
10, 완전 제밌어요~~~간만에 한국영화 추천!!!!
9, 서인국의재발견. 수중촬영씬 멋졌습니다. 악-소리나는 범죄영화 이제그만 나왔으면 할 정도였는데 간만에 재밌고 & 따뜻한 한국영화 좋았음.
10, 대박예감.  부담없이볼수있는 스토리가 있는 영화....
10, 감동적이고 재미있다~ 다만 요즘 날씨에 보기엔 좀 추워요
3, 시계만 자꾸 보게되는 영화. 
9, 재밌었다.역시 선입견은 좋지않아..서인국 진짜 웃기다.이종석은 멋있는 척을해도 항상 밉지가 않고..소녀시대 연기 어색  걔만 나오면 오글거림 민폐다..비겁하지 않은 멋진 두 남자들의 멋진 승부!!둘다 이겼다고 생각하지만 결과가 궁금한건 나뿐?ㅋ
10, 기대안하고 보면 즐겁게 볼수있는 영화!! 눈호강했어요~ 특히 서인국 기대이상!!
0, 이딴걸 영화라고 만드냐?? 스토리도 없고 무슨 이딴 영화나 만드니 한국 영화가 욕먹는거야
10, 클리셰의 물장구만보셨다면 평론의 의미를 모르시는듯 청소년 영화와 간만에 정말 예쁜 영화 한편감상했습니다 클리셰의물장구라는 문장을 무색케만드는 배우들의 꿈과열정속에 좋은에너지를 느낄만큼 청소녕영화가 주는 영향력은 최고라하고싶습니다 어른이시라면 오랫만에 만난 꿈을 꾸게될지도...
10, 신선한 주제로 편안하게 볼만한 영화...간간히 눈물샘 자극 해주기도하고..곳곳에 숨겨진.오글거림도...청춘이기에 가능한 것들...유쾌하면서도...뭔가가 있는 영화...대박 나길...서인국...연기 넘 잘한다...승승장구 하세요...강추...
9, 화이와 그래비티는 졸작  노브레싱 최고! 다크월드 최고!
10, 건강한 청춘영화의 귀환!!! 한국영화에서 이처럼 상큼하고 밝고 건강한 영화가 얼마만이더냐!!!
9, 별 기대 안하고 좀 앞시간에 있길래 보러 갔다가 중간에 눈에 눈물이 맺힐 정도로 찡함도 있었고 어찌보면 뻔한 스토리일수도 있지만..감동적이며 훈훈한 영화였습니다~인국군 너무 귀여웠어요 ㅋㅋㅋ
10, 원일의 다양하고 넓은 감정선을 잘 나타내어준 서인국의 명연기가 돋보였고  택시기사님... 그 배우는 정말 단 한 컷에서  울컥하게 하는 능력을 가졌더라구요. 꿈은 모든 역경을 이겨내지만 그 꿈을 갖게 되기까지는 더 어려운 과정들이 있는거같아요. 노브레싱은 한 사내아이가 그 꿈을 다시 갖을 수 있도록 도와주는 멋진 영화였어요.
9, 이종석의비주얼~~여주보다더이쁨!!!여주만나오면흐름이뚝!!!그래도나름볼만했음~~
10, 큰 기대는 안하고 봤는데... 재미있네여!! 아이들에게 보여주면 좋을듯 합니다... 저도 친구들이랑 봤는데  초등 아이들 꼭 보여 줄려구요!!
9, 재밌기도 하고 감동도 좀있고   보고나니 기분 좋아지는 영화~~눈호강도하고 ^^   가볍게 즐거운맘으로 보세요~~
8, 언제부터 무거운영화 반전있는영화가좋은영화였는지 몰겠네요...오랫만에보는 싱그런 청춘물 좋아용~서인국 연기..넘 잘해서 깜놀
1, 후...아까운 내 시간...................1점도 아깝다.
0, 이걸 영화로 찍는넘이나 좋다고 보는뇬이나......영화사적으로나 국가적으로나 일고에 가치가 없는 쓰레기들이다. 이거 찍을돈으로 달동네 노인네들 연탄이라도 사주면 뿌듯하기라도 하지......
7, 재밌겠네요 나중에 꼭 다운받아서 봐야겠다
10, 상큼하니 웃고 즐기며 재밌게 보았습니다. 이종석씨 앞으로 더욱 기대됩니다. 화이팅!!!
9, 주조연배우들 연기 좋았음 다만 편집이매끄럽지못해 내용이 산만해  보임
10, 같이 웃고 같이 울며 손에 땀을쥐다보니 영화가 끝나더라구요...넘~~재밋어요... 청춘의 열정과 감성이 가득한 아름다운 영화예요.... ^^
10, 우선 잼났음 !!   유리의 연기도 생각보다 자연스러웠고 보고나면 기분이 좋아지는 영화   삼겹살이 급 땡기는 영화 ~ 무엇보다 서인국의 연기는 와우~ 원일이 얼굴만 나와도 웃음이 ㅋㅋ 박수를 보냅니다 ~안 보신분들께 추천!!
9, 어제  딸과함께 노브레싱 보고왔다  원일캐릭이  서인국이라 깜짝놀랬다  연기를 참잘하더군
6, 신선한 소재와 좋아하는 배우들이 나와서 기대가 컸는데 대본이 아쉽다. 수영  스포츠에 대해 깊이있게는 아니더라도 조금만 더 조사해봤더라면 어땠을까? 수영 영화인지 오디션 영화인지 모르겠다. 편집은 뚝뚝 끊기고 부족한 대사  대본을 채우려다 음악은 과해졌다. 박철민 씨를 비롯한 주조연 배우들의 연기는 좋았다.
8, vip 시사회 다녀왔는데 싱그러운 영화!! 서인국과 이종석  권유리의 상큼하고 건강한 성장영화! 물론 스토리의 진부함과 여러가지 어색한 연결등이 눈에 거슬리기도 하지만.. 눈이 호강하고  즐겁게 웃으면서 볼수 있는 따뜻한 영화!
10, 서인국이랑 박철민 웃겨서 죽을뻔! 재미와 감동이 모두 있는 영화
10, 대박사건~!! 너무 이쁜 영화.. 간만에 실컷 웃고.. 서인국~!! 완전 멋지심................
10, 잉구기 대박~~! 매력터진다잉! 서배우 영화 대박나랏~~!! 500만 가자!!
10, 웃다가 울다가~~ 간만에 따뜻함까지 느낄 수 있는 영화!!!!  사춘기 아들을 키우고 있어서인지 아버지와  아들의 관계속에 찐한 감동이  흑흑~~~ 울 집 두남자를 꼭꼭 보여주고 싶다는~~~ 그리고  대박사건~~~서인국의 재발견!! 노력파 서인국의 10년 20년 후를 기대하게 만드는 영화
10, 간만에 웃다 울다한 영화. 개인적으로 너무 재미있었음.
10, 서인국의 영화라고 해도 손색이 없을만한 것 같네요 거기에다가 이종석씨까지 서인국씨와 박철민씨의 연기호흡이 아주 보기 좋았습니다 :) 그리고 수영장면도 너무 멋있었어요 원일이  우상이 !
3, 보는 취향들이 다 다르겠지만 평점이 지나치게 높은감이 있는것 같다. 영화 중간에 박차고 나오고 싶었지만 다른 사람들에게 민폐 될까봐 꾹 참고 앉아 있느라 정말  힘들었다.
10, 재미있어여 꼭들 보세요 서인국 짱짱짱
10, 아주 재미있고 기분좋아지는 영화!  주연배우 서인국의 연기가 아주 돋보인다~!!! 감독과 주연배우의 차기작이 더욱 기대된다!!
10, 우상이가 자꾸 생각나요 종석씨♡
9, 여주인공이 없었다면 더 좋았을뻔ㅠ 어쨌든 서인국은 진심 멋있다~!!
9, 서인국 박철민 굿굿 수영장면도 멋있었다
10, 배우들의  열정과 노력이 엿보이는 영화.이종석은 이 영화를 통해 수영을 처음 배웠다고  하던데.얼마나  연습하고 훈련받았을까!배우들의 땀의 결과에 박수 쳐주고 싶다!!!!!
6, 서인국 연기만 볼 만.. 웃기고.. 여주는 모든 흐름을 뚝뚝!! 아.... 여주 오디션 안 보고 뽑았나.... 미치는 줄 알았다..
10, 혼자 기분전환겸 첫개봉날인줄모르고 갔다.강남cgv 에서 영화끝나고 서인국  권유리  그리고 2명의 배우와 감독이 나와서 무대인사를 해서 직접배우를 본 운좋은날이었다. 눈물도 나게 하는 감동도 있고 서인국과 이종석과 특히 박철진이 맛갈나게 조연으로 잘받쳐준 돈아깝지않은 영화로 평하고 싶다.
10, 박철민ㅆㅣ의 맛깔나는 재미와 서인국의 땀의 결정체를본듯 2시간 엉덩이아프고 그랬지만 내용있고 잘봤네요 꿈을향해 도전하는 청춘과 뒷바라지하는 부모의 사랑과 응원이 멋지고 가족과 하께보면 더 좋을것 같아요
10, 재밌어요... 감동도 있고...
10, 훈훈하다...ㅋㅋ 직접봐야 왜 그런지 알지ㅋㅋ
10, 매력적인 영화!! 수영이라는 소재도 흥미롭고  출연진들도 다 사랑스럽고 좋은 영화!^.^ 영화 보는 내내 유쾌함과 훈훈함 때문에 영화 끝나는게 아쉬웠다는..ㅎㅎ 노브레싱 대박!!
10, 서인국이 너무 귀엽고.. 이종석의 몸매는 정말 좋더군요..초반에는웃다가 후반에는 울다 그러면서 봤네요.
10, 아니 그냥... 이런 아름다운 비주얼이란 ^-^.....
10, 감동과 웃음..그리고 스포츠 영화가 주는 긴박감까지 무엇 하나 빠지는 것이 없는 영화였어요.^^ 특히 서인국씨 연기는 진심 대박~ 너무 귀엽고 매력적이었어요.
10, 정말 대박사건~!!!ㅋㅋ 두번 봐도 넘 재미있었네요~ 내용도 배우들 연기도 맘에 들었어요
10, 목표를 위해 열심히 노력하는 청춘들~숨어있는 재미들 덕분에 두시간이 어떻게 지나갔는지 모르겠어요~^^ 요즘 힘든 청춘들을 위한영화로 추!천!합니다!!!!
10, 너무 재미있었어요
10, 완전 잼있게봣어요ᆢ내용도 있고 웃음과 감동까지ᆢ첨부터 끝까지 잼나게 봤네요
10, 굿
10, 내가 좋아하는 연예인들이 나오는 영화!!오늘 보니까 은근히 재미있었다.
10, 웃음 감동 따뜻해요~
0, 안 볼란다
10, 신선 재미 서인국과 이종석의 캐미 짱~
9, 넘 감동적이고  기대한만큼 재미있게 봤어요.  계속 쭉 대박나세요. ^^
10, 훈훈하고 마음을 어루만져 주는 영화
0, 빠순이들아 평점높으니까 좋지?
10, 아쉬운점이 없지 않아 있었지만 이종석은 연기도 비쥬얼도 좋았네요 배우들 연기는 무난
9, 웃기고 울리고 메세지도 주고 이만하면 정말 괜찮은 영화네요이종석씨역이 표현하기 어려운 캐릭터던데 역시 연기파 배우네요앞으로 더더욱 기대가 되는 배우입니다~^^
10, 서인국 짱! 암청 울고 웃으며 봤어요~
10, 이종석씨 연기 넘 좋았고 멋있었어요
6, 일단 줄거리나 편집이나 요런거는 드라마 수준을 크게 벗어나지는 못하구요. 전개가 매끄럽지 않 고 끊기듯 흘러서 감동이 왔다가 지나가고  웃음이 터지는데 또 심각해 지고..휴먼청춘드라마인데..어째 유리연기도 못하지는 않는데  그냥 어색하고...여하튼 서인국 연기 괜찮음. 먹방 연기 대박!! 누나가 고기 사주께.
10, 오랜만에 보는 청춘영화... 보는 내내 미소가 지어졌다. 강사탕과는 완전 다른  서인국의 연기~~~ 정말놀랍다. 재미났다.
10, 서인국하고 박철민아저씨 넘 웃기고 재밌음!!
10, 서인국씨의몰오른연기와 박철민씨의 재미난연기! 재미도있고감동도있는영화잘보구왔습니다^^
9, 이종석씨 절제된 연기 넘 좋았습니다.  세련된 외모와 몸매도 너무 좋았구요. 몸 만들기 고생하셨을듯^^  싱그런 청춘영화 조금 스토리가 부족하고 일상적이지만 연기자들의 연기가 좋아서 재미있게 보았습니다.  이종석씨와 배우들의 매력을 흠벅 담아낸 영화  지루하지 않고 재미있게 볼 수 있는 영화입니다 
10, 오랜만에 청춘물 보네요 대세들이 함께한 수영영화 웃다울다 재미나게 봤네요 서인국연기 짱!!!
9, 너무 풋풋하고 좋았어요..원일이는 대박입니다!!
9, 개인적으로 어두운 영화보다 이런 밝은 영화를 좋아해서 오래간만에 기분좋은 영화였답니다 다소 아쉬운 면이 없진 않지만  배우들의 열연으로 충분히 커버가 된 듯 합니다 가벼운 마음으로 화면가득 싱그러운 젊음을 만끽할 수 있는 상큼한 영화였네요
10, 평범할거라 생각했는데 결코 평범하지 않던 영화~!! 거기다 서인국의 원일이 연기는.. 대박!! 이정도일줄이야!! 캐릭터에 푹 빠진게 느껴졌음!!
10, 최고!
10, 기분좋은 영화~ 기대치보다~ 훨씬 재미있는 영화~
10, 보는 내내 웃다가 울다가.. 경기장면도 넘 좋았음. 서인국의 맛깔스런 연기  칭찬해 주고 싶음.
10, 보는동안 시간이 어떻게 지났는지... 너무 재밌었어요. 서인국씨의 연기가 참 돋보이네요^^
10, 웃긴다! 진짜 웃긴다!! 막 웃다가 나중에 남몰래 휴지로 눈물 닦았다...
9, 박철민씨의 홍보처럼 통속적인(?)  스토리이지만...배우들의 노력이 보이는 영화...경기 장면에선 나도 모르게 긴장케되는.. 재미와 감동까지.. 서인국의 연기가 볼만하네요~~!!
10, 아침에 보고왔어요. 웃기고 멋있고 ... 서인국완전~~~~~ 귀엽다. 힘들고 지친요즘 강추강추 그냥 가볍게 영화한편보세요.
10, 오늘 두번봤는데.....첫번째 볼때보다 두번째 볼때가 더 재밌고 인국오빠의 연기도 너무 자연스럽고... 뭉클하고 ..... 한번쯤은 꼭 볼만하네요.... 안보면 후회!!! 서인국의 재발견이네요.....기대이상!"
10, 상큼하고 기분좋은 영화입니다. 수영장면도 실감나고요. 몸만드시느라 배우들 수고하셨네요~ 모두들 보시고 기분전환하세요~ 가을하늘처럼 업됩니다!!!
10, 서인국 연기 이렇게 잘했나..
9, 막 엄청 잘만든 웰메이드 영화는 아니에요. 근데 제가 머리아픈 영화를 싫어해서 그런지  기분좋게 웃고 또 때로는 감동먹으며 나름 재밌게 봤네요ㅎㅎ 약간 친구따라 보긴 했지만 피튀는거 싫고 건강(?)한 영화 찾으시면 괜찮은거 같아요ㅎㅎ
1, 영화 자체는 노브레인
10, 넘 재밌고 감동도있고  희노애락이   있는영화 두번째 보는데도  넘 재밌다~
9, 통속적인데 재미있고 눈물도 있고~~~청춘이란 이런 풋풋함이구나 느껴지는 영화~ 신인영화배우 서인국 이라 불리워도 될듯~~^^
10, 정말 간만에 유쾌 상쾌한 영화다! 웃음과 감동이 영화끝까지 이어지는 노브레싱! 강추 강추
10, 엊그제 시사회 당첨돼서 보고 왔습니다. 수영하는 장면의 그 물들을 너무 아름답게 잘 찍으셔서 보는 내내 감탄을 하면서 봤습니다. 남자 배우들의 몸도 수영선수역이라 그런지 수영장 씬과 잘 어우러져 아름답게 느껴지더라고요.  추운 날씨라 수영영화 어떨까 싶었는데 생각보다도 훨씬 재미있엇습니다. 눈도 즐겁고 중간
10, 너무 감동적이다~ 배우들 연기도 좋고~ 기대이상~!!
10, 현 시점에서 노브레싱이 갑이다..가족영화 최고
10, 어제 시사회 봄.. 가족들이 같이 봐도 재미난 영화~
10, 완전완전~ 재밌게 봤어요. 개봉하길 기다렸었는데 보람있어요 역시 느낌아니까^^
10, 청춘영화로만  보기엔 아까운 영화네요. 서인국 이종석 두사람의 연기가 멋있었어요.
10, 평론하지 마시고 감상하며 즐기러 가시면 좋습니다..... 잼있어요~^^
0, 전문가 평점이 3점이야 .. 3점 3점 ㅋㅋ ㅋㅋ  빠순이들은 좋아하겠네 ..
10, 잘못하연기했다면 정말 느끼남 +중2병맛 같을수도 있는우상캐릭을  저렇게 멋지게 담백하게 청량하게 감동적으로 연기해준 이종석배우에게 박수를!!!역시나 바보스럽지만 멋지고 귀엽고 개멍뭉이캐릭을완벽하게 소화해낸 서인국배우에게도 박수를 보냄!편집은 심히 아쉽지만 두주연배우의 호연에 점수를 바칩니다!!
10, 완전 기대 이상이었네요
10, 완전 재밌게 봤네요 이정도면 괜춘괜춘
10, 최근에 본 영화중에서는 제일 볼만한 영화.
10, 내용이 상큼 돋아요...나름 감동 도 있습니다 재미 있게 잘봤습니다
10, 웃음.눈물.감동까지~완전 재밌게 봤어요.대박 기원^^~
4, 배우들의 연기는 좋았다. 웃음도 있었다. 그러나 이게 다인 영화.
10, 말이 필요없어요~~~ 깨알같은 재미가 있네~~~
10, 29일에 건대롯데시네마에서 시사회 보고 왔습니다~!! 주인공들 매력이 대박이에여!~
10, 주인공들의 넘치는 매력! 정말 끊임없이 웃으면서 봤습니다. 웃기기만 한게 아니라 눈물도 낫구요~ 최초의 수영영화에 도전했다는 것과 박태환 선수의 희노애락에서 모티브를 얻었다고 하니 의미도 있고  개인적으로는 마냥 가볍게 볼 영화가 아니라 숨막히는 사회에 대해서 한번쯤 생각을 하게 하는 그런 멋진 영화에요!!
10, 25일 코엑스 매가박스에서 시사회 보고왔습니다! 마음이 편해지는 영화입니다!
10, 재밌어요~
10, 재밌었다. 이 말말고 또 무슨말이 필요함?
10, 영화 보고 나왔는데 원일이가 자꾸 눈에 아른거림 T^T
6, 내용은 괜찮았지만 주인공들의 연기가.오글거렸다. 그러나 조연들이 중간중간 살려준 덕분에 재미있고 즐겁게 영화를.볼 수 있었다. 그러나 남 녀 커플은... 이 영화는 봐선 안됀다..!!손발이 더더욱 오그라 들며 남배우들의 멋진 몸매 대문에 남친과.. 싸울확률이 높다!
10, 너무 재밌게 봤어요! 어우... 배우들 몸....어쩔
7, 지금 영등포시사회에서 보고옴ㅋ스토리를기대하지않는다면 추천하겠음~개그로 알차게 구성함 비쥬얼폭탄 연기자에 옵션으로 손발오그라짐을줌~ㅠㅅㅠ 샴푸바꿨네에서 쓰러진 1인ㅋㅋ
10, 이종석은 너목들 때문에 서인국은 주군의 태양 때문에 완전 좋아졌습니다. 연달아서 드라마나오더니 영화에 같이 나오는걸 볼 수 있다니
10, 서인국이랑 이종석이라니 ㄷㄷㄷ 요즘 대세의 두사람 연기 호흡이 기대됩니다
10, 처음 캐스팅때부터 눈 여겨 봐왔습니다. 올해 가장 기대하는 영화기도 하구요.
8, 어제 시사회 다녀왔는데 기대 안하고 가서 그런지 재밌게 잘봤어요~~ 개봉하면 다시 보러가려구여!! 서인국씨 먹방 넘 웃겼어요 ㅋㅋㅋ 이종석씨는 그냥 너~~무 이뻤음.. 그냥 가볍게 보기 좋을꺼 같아요~
10, 바라만봐도 좋은  두 배우 고생 많았어요~영화 대박 날듯
9, 후회없으십니다. 볼만합니다. 산뜻한 영화  보세요
10, 저는 영화볼때 절대 기대는 안하는 편인데 그래도 자꾸만 기대가 되는건 어쩔수가 없나봐요  어떻해  재밌어 보이는데
10, 대박 스멜 쫠쫠~ 재밌어보여요~
8, 시작부터 스토리전개가 예상된다는 점에서 -2점! 그외에는 모두 좋았습니다. 자극적인 소재가 난무하는 요즘 보는내내 건강하고 밝은 에너지를 한껏 받았습니다^^ 시작부터 끝까지 미소띄며 볼수있는 영화...흔치 않아요~이종석 서인국 파이팅♥
10, 오오오~ 이런 종류 영화 좋아하는터라 진심 보고 싶습니다!!
10, 옴마야 서인국씨 몸짱이셨군요~ 멋진 수영 실력도 기대할께여
8, 스토리가 살짝 어설프긴 하지만..^^;;가볍게 보고 웃다가 나올 수 있는 영화입니다~
9, 힝 삼성쪽으로 가셔서 안타까웠지만 연기도 너무 잘하고  많이 웃어서 너무너무 좋았어요 ~!!! 약간 아쉬운건 약간의 스토리?    그렇지만 스토리가 영화를 보는데 방해는 안되서 패스 ~~ 너무너무 재밌었습니다.
9, 롤러코스트같은 영화를 힘들어 하는 십대남자아이들도 좋아할만한 영화 마지막 마무리가 만화보는 느낌
5, 제목부터가 문제임...breath는 명사이므로 동명사형인 ~ing를 붙힐수 없다.따라서 호흡하다라는 뜻의 동사형인 breathe에 ~ing를 붙혀 breathing 즉 호흡동작을 강조하는 명사형으로 사용하는것으로 판단되는데... 이때 발음이 명사와는 완전히 달라진다. 굳이 한국말로 표기하자면 "브리딩"에 가깝다
0, 보기만해도 오그라드네 ㅋㅋ 미친 연기도 못하는 것들이 뭘하겠다고
10, 시사회 다녀왔어요. 너무 괜찮은 영화입니다. 개봉하면 또 볼거에요.
8, 세 배우 연기 다 좋았으나 특히 절제된 내면연기와 오그라들을수 있는 씬들을 연기해야했던 우상캐릭터가 소화하기 어려웠을거 같은데 이종석씨 특유의 담백함으로 잘 풀어서 돋보였던거 같습니다. 그리고 후반으로 갈수록 산만해지는 스토리가 아쉽지만 가볍게 볼수 있는 싱그러운 청춘 영화라 추천하고 싶습니다~
10, 시사회 다녀왔는데 자극적요소 하나없이 상쾌하고 깔끔한 영화... 오랜만에 이런영화 나와서 좋네요
10, 두시간의  시간이  순식간에  지나가네요여러  요소가  다  포함된  영화네요
10, 서인국연기가점점물이오른다 이종석은무난하게소화 유리연기가생각보다괜찮았고 김재영신민철박철민등조연들이진짜잘해줬다 웃고즐기며보기좋은영화!
10, 시사회다녀왔어요. 울다가 웃다가ㅋ 대만족
9, 완젼짱이넹 ~조원일^^멋지당~~!!
10, 국가대표에 이는 수작의 탄생!
10, 서인국이랑 이종석 연기 기대된답!! PS.SM연기 지켜보겠슴!!!
9, 노력하는 모습이 너무 멋진 서인국의 새로운 도전을  응원합니다.노브레싱 대박!!!
10, 멋있는 배우 이종석 서인국! 기대됩니다
10, 너무너무 기대됩니다 ! 요즘대세인 서인국과 이종석 그리고 소녀시대 유리까지 !! 배우들의 연기호흡 너무 기대됩니다 !! 노브레싱 화이팅 !
10, 이종석 서인국!!! 노브레싱너무기대되요~
10, 최고의 배우들 서인국 이종석!!!  노브래싱 너무나 기대된다~~~
9, 멋진 스포츠영화 청춘영화 되길 바래요.. 우상 원일의 비상 기원합니다.... 이종석 화이팅
0, 동창생이훨나음
0, ..................
9, 개봉 전부터 화려한 캐스팅으로 주목했던 영화..제목과 같이 관객숫자도 호흡을 멈추고 물살을 갈라서 500만 돌파하길 기원합니다~!!! 권유리 서인국 이종석 배우님들 모두 아자아자 화이팅!!
5, 파랑주의보를 만든 감독 7번방 파파로티을 만든 작가...줄거리를 읽어보니 딱히.. 입소문이 안 나는 이상...지난번 은밀 때 극장의 여자들의 소리에...짜증 여자들 때문에 극장에 조용히 못 보겠네요
10, 노브레싱 대박 서인국 연기 최고 청춘스포츠물 bbbbb
6, 이 영화가 망해야 한국영화가 산다.
0, 김치년들 눈요기꺼리...보나마나..
0, 뻔하네 빠순이들 찌찌 파티용 영화
10, 정말루 기대되네요~~기대 짱짱!!
10, 노브레싱 완전기대 서인국 흥해라!
10, 정말 기대돼요. 빨리 30일이 오길...종석씨 화이팅!
10, 연기돌 거듭난 서인국 화이팅!!! 첫 영화 대박을 기대하며  원일의 실력을 보여줘~~~!!!! 서인국 화이팅!!! 조원일 화이팅!!! 천만가자~~ 노브레싱~~!!
10, 기대만빵!!!^^ 언릉 개봉했으면!!!^^ 종석  인국 연기 완죤 기대!!!^^
10, 기대하고 있음당ㅋㅋㅋ
10, *^ㅡ^* 봐야지
9, 완전 기대 만발...  서인국   이종석 짱. ..ㅋㅋ
10, 이종석씨는 요즘 그야말로 청춘 그 자체인 것 같습니다  첫 주연 영화 기대하고 있겠습니다
9, 가을에 수영영화! 기대됩니다 배우들 비주얼과 함께 내용도 깔끔하고 신선하게 뽑아졌길 바래요 일단 영상은 합격..원일 서인국씨 연기가 넘 기대돼요 주군의 태양보다가 노브레싱 예고 보니 완전 다른 캐릭에 진짜 배우는 다르구나 생각이 들 정도! 이종석 유리씨도 기돼돼요 응원합니다
10, 노브레싱 기대많이 하고있어요 특히 서인국씨 응원합니다
10, 우상이 이종석의 노브레싱 기대됩니다. 예고편 보니 재미있을것 같네요
10, 기대 안할 수가 없쟎아!!!!! 서인국~~~~
10, 영상과 포스터들이 공개될수록 기대감이 커져만 가네요. 반짝이는 청춘들의 멋진 영화~ 모든 배우들 응원합니다~ 노브레싱 대박나자!!!
10, 서인국 대박나자!! 믿고있어 조원일!!!!
10, 너무너무 기대되는 영화~~서인국S2
10, 메인포스터가 너무 풋풋하쟈나~ 배우 권유리 너무 예쁘쟈나~
10, 완전 기대되요 서인국 첫주연 영화지만 연기력 예고편만봐도 후련하네요 이종석과 함께 요즘 핫한 20대 배우로 기대중입니다 괜찮은 영화 기대할께요^^
10, 원일역 서인국 기대~
10, 기대작!훈훈하고재밌고감동있겠죠?
5, 제목을 좀 똑바로 표현하지. 브레싱이 아니고 브리딩이 맞네.
1, 망하기 위해 영화를 찍었네
10, 우리학교에서 찍어서 보러가야짘ㅋㅋ
10, 종석오빠 서인국오빠 홧팅!!!
10, 이종석 사랑해요 이종석땜에 이거꼭봐야겠다~~><
10, 기대만땅입니다. 양화보고 진짜 만땅평점 주고싶네요. 노브레싱 흥해라!! 이종석도 홧팅!
10, 이종석의 첫 주연영화인 노브레싱 넘 기대된다. 이 영화에선 어떤 모습을 보여줄지.. 함께 웃으며 볼 수 있는 영화가 되길.. 대박나자!!ㅎㅎ
10, 아 요즈음 남자가 보아도 서인국~!! 짱! 멋짔쪄~
10, 완전기대 서인국쨩
10, 완전보고싶어요!!!!
10, 노브레싱 개봉일 기다리고 기다리는 있습니다~^^우리나라 최초 수영영화라서 더 기대되고 또 종석님이 주연으로 나오는 영화라서 너무 기대되는 영화입니다. 어떤 멋진 모습으로 우리를 놀라게 할지~^^개봉일까지 어찌 기다리노?하얀 피부에 잔근육~~빨리 보고 싶네요~^^전 개봉일까지 눈 빠지게 기다립니다~^^
10, "노브레싱이 스포츠영화고 청춘물이다 보니까 어쩌면 한 수 읽힐 수도 있다. 그렇지만 신선한 부분들이 있으니 잘 지켜봐달라." 라고 말한 종석이ㅎㅎ어쩜 말도 이쁘게 잘하는지. 영화 자체의 퀄리티가 잘 빠졌으면. 제발.ㅎㅎㅎㅎ이종석 화이팅! 잉국씨와의 케미도 기대기댇
10, 기대됩니다.!! 화이팅!! 전 이보영 팬이지만 너목들로 이종석씨에 대해 너무 좋게 봤어요 노브레싱 대박나길!!! 화이팅!! 이종석! 수하!!
1, 난 별로일세 ~ 열혈팬들만 가서 볼듯할세~
10, 잉구기를 스크린 화면으로 보게 되다니~~ 기대된당!!
10, 완전 기대!!  잉구기랑 종서기 빨리 보고싶다~
0, 안봐도 뻔하다 진짜
10, 서인국 연기가 기대된다!
10, 이종석 ㅜㅠㅜㅜ
10, 이종석 첫 주연 영화~! 국민남동생 마린보이 정우상~! 이렇게 기대되는 캐릭도 없을 거예요~ 노브레싱 대박~!
10, 서인국....최강...너무너무 기대됩니다. 꼭볼거예요
10, 서인국 영화배우 진출작...완전 기대만땅
9, 소재가 신선해서 기대하고 있어요 ㅎㅎ
10, 얼른 보고싶어요 ㅎㅎㅎ 이종석의 수영선수 변신이라니 ㅎㅎ
10, 나 완전 기대하고 있음! 한국영화 최초로 수영을 소재로 한데다가  배우들까지 핫하니! 꼭 봐야겟음ㅋ
10, 이종석 기대하고있음!열심히 촬영했으니 결과물도 잘 나왔으면 좋겠네요. 서인국씨와의 앙상블 기대할게요!ㅎㅎ
8, 아~~늑대들... 멋있도다.
10, 서인국이 수영을 한다는데 100접줘야되는거 아닙니꽈?
10, 율~~
9, 유리양의 영화 데뷔작. 기대되네요.^^
10, 얼른보고싶따...
10, 개봉일만 기다리고있어요~~
10, 짱 재밌겠다^^
10, 노브레싱
8, 다 좋은데 여주인공이 ㅋ 갑자기 확 볼마음이 없어지네
10, 이종석 수영선수라니 정말 기대되네요 멋진 시크남으로 변신하는 이종석 기대합니다
10, 종석씨~  바쁜 스케줄 속에서도 건강 잘 챙기세요 관상에 이어 노브레싱까지... 기대되네요 꼭 보러 갈게요 화이팅♥
10, 종석씨 그냥 나와도 좋은데 벗;;;고 나오신다니 10점이요 ㅋㅋㅋㅋ 여러번 보러갈께~홧팅!! 인국씨도 홧팅!!!
10, 응칠 연기신 서인국의 수영 영화~ 기대된다 빨리 개봉했음 좋겠다~!
0, ㅎㅎㅎ
10, 기대..연기파 소리 듣자~잉국앙~
10, 재밌겠다ㅎㅎㅎ
0, ㅋㅋㅋㅋ
10, 궁금해지는 영화.. 빨리보고 싶으다
10, 에셈 소속가수 출연한다고 까지마세요;;; 연기 논란도 잇는거 아니고... 못하는 멤버가 있으면 잘하는 멤버도 있기 마련인데 그렇게 깐다고 해결되는건가;;;; 솔직히 억지로 캐스팅되서 하는것보다 본인이 하고 싶고 또 작가가 할만해서 캐스팅 해서 열심히 연습해서 나오는 것도 있는데..그렇게 까면 다임?
10, 예고편 보고왔는데 해설자  목소리  어쩔꺼냐!!여주랑  사랑놀음 말구  수영 도전 대결  우정 으로만 가자
9, 다 좋은데 여주만 다른 사람이였으면 참 좋았을뻔했다..
10, 완전 기대기대^^
7, 여주가 참 기대안된다....
10, 쫑오빠 너목들 넘넘 잼나게봤져요 ~ 종석오빠 살인적인 스케줄속에서 바쁘게일하고계실텐데 .. 기대할게요 .. 얼른 영화나왔음하네요 ^^
10, 간만에 청춘영화 완전 기대되요~~ 우리쫑석님 멋진모습 빨리 보구파요~
10, 종슥이 관상 노브레싱 연타로 성공하길! 천만관객 배우에 타이틀을 올릴수있기를 바랄께 화이팅!월차내고 꼭본다잉~
10, 쫑오빠영화찍는다고 살많이빠지셨던데ㅜㅜ화이팅하세요!!!
10, 서인국연기를스크린에서볼수있다니ㅠㅠ그거도 수영영화를ㅠㅠ언능개봉해라 보고또보고 계속봐야지
10, 종석오빠화이튕!!!  지붕뚫고하이킥도대박났구학교2013두대박났구 너목들도완전대박대박이었으니까노브레싱도 분명히대박날끄에욧!! 이종석오빠홧팅!!!
10, 으아아아아아ㅏㅇ아ㅏㄱ~!!!!!!!!!!이종석이종석이종석 영화하는데 무리말고 조심히 끝내용 이종석오빠 화이팅 사랑해용
10, 너목들 인기가 노브레싱끼지 이어가길~ 종석오빠 파이팅!!!!
10, 이 영화 기대하고 있어요.
9, 종석이랑 인국이는 연기가되는데... 유리..암튼 대박나길~~
0, 연기들이 참으로 걱정되는 영화..
10, 간만에 청춘드라마에 캐스팅도 마음에 듦
4, 영화를 해본적없는 배우들이 주연이라..영화망할듯..
10, 권유리 화이팅~~~~~♡ 배우 캐스팅도 좋고 청춘 영화라 더욱 기대됩니다ㅎㅎㅎ
10, 배우 권유리 화이팅 :D 빨리 보고 싶어요~~
10, 이건무조건본다
10, 종석이 형. 홧팅!!노브레싱 기대할게요^^
10, 권유리 포에버~~
10, 서인국 이종석 ~ 극장가는거 실어하는난데  이번엔 꼬옥 가서 볼꺼임 화이팅!!!
10, 서인국 짱bbbbbbbbb 조원일 짱bbbbbbbb
2, 촬영팀 왔을 때의 비매너..................아직도 생생함.. 개봉 전에 이미지가.. 이미 깎여서 인식됨..
10, 인국 너무 기대된다..개봉 빨리해라..
10, 종석찡~누나가 많이 애껴요 대박 기원할께요^^
10, 서인국 레알 기대한다능ㅋㅋㅋㅋㅋㅋ
10, 꼭보러간다
10, 수하앓이중이요   울 딸이요~ㅎ 대박났으면 합니다^^
10, 이야~종석씨 기대만땅이에요.
10, 울 종석군 완전 기대만땅입니다~ 최고에요^^
10, 난 이종석씨 땜에 10점 준다.울나라에서 스포츠영화가 그닥 흥행이 되지 않는다는 선입견을 영화신인들이 모두 깨주길 바란다.흥행성적이 중요한게 아니라 영화가 얼마나 잘만들었냐에 따라 감독도 출연배우들도 향후 입지에 중요한 작품. 입봉하는 신인감독과 주연으로서는 첫 작품인 이종석 서인국 유리씨..홧팅
10, 유리♥ 유리화이팅! 완전기대~
10, 서인국 & 이종석 너무 좋은데 기대된다 ㅎㅎ
10, 아웅~ 종석씨♥더운데 힘내시고영화 대박 기원할께요^^
10, 종석씨 노브레싱 대박기원~~ 멋진 활동 모습 기대할께요. 계속해서 바쁜 일정에 몸 건강 체력이 좋아야 합니다. 응원할께요!! 홧팅!
10, 종석오빠 기대되요!! 노브레싱 대박나길!!♥
0, 유리가 완전 미스캐스팅~ 서인국 이종석 프로필에 금가게 생겼네 ㅠㅠ
5, 유리가 에러네
10, 이종석...이종석...역시 대박예감 임다~~서인국도  화이팅요!
10, 서인국 너무 멋있을것같아용~~~~~~~~~~~
10, 오옹
10, 종셔기 오빠 쨔아아아아아아아앙
10, 유리씨랑 이종석씨 나오는군요!!꼭봐야지요.!!!후훗#기대
10, 완전 기대!!
10, 서인국 이종석 둘다 너무 좋아하는 배우 개봉하면 보러 갈께요
10, 이종석쨩쨩쨩 !!!!!!!!!!! 이종석 서인국 유리 화이팅 !!!
10, 이종석짱!
10, 잉구기! 완전 기대됨!! 개봉만해봐라! 당장 보러간다!! ^^
10, 스크린에서 보는 서인국 완전 기대 기대 !!!!!!!
10, 대전에서찍엇다니!!!!!!!!!!
10, 오호~~~~ 서인국 화이팅
10, 아영이의  매력  기대되네요
10, 영화개봉날이 기다려 지네요 ㅎ.. 서인국 화이팅~♥♥
10, 이종석 화이팅~~~!!!!!!!!!!!
10, 서인국의 연기에 기대 만땅~~^^
10, 완죤 기대 만땅^^ 서인국 화이팅!!!
10, 서인국씨 열연 다시 한번 기대할게요
10, 소녀시대 유리 화이팅 짱
10, 기대가됩니다
10, 빨리 보고 싶어요~ 수영을 소재로 한거라 더 흥미진진~
10, 엄청 기대만땅~~서인국 화이팅^^
10, 유리 화이팅
10, 와 이거 언제 찍엇나요?
10, 서인국 첫 영화 기대할께요 화이팅!!!!!!!!!!
10, 드라마에서 감정연기가 너무 좋아서 서인국씨 첫영화 기대해요 홧팅!!
10, 유리 화이팅!! 부담감 가지지말고 경험삼는다고 쳐
10, 이종석   서인국 홧팅!!!!!!!!
10, 이종석 화이팅 입니다. 사랑하오
10, 인국님에 영화 연기도 기대되여!!!
10, 빨리보고프다고요!!!!♡♡♡
10, 노브레싱 흥해라 흥♥♥
10, 응칠의 윤윤제가 다시 고딩 까칠한 수영천재로 돌아온다니 반항아  터프가이 연기 기대되요
10, 완전 기대합니다 ^^ 이종석 연기하는 모습을 보기 좋습니다 ^^ 이종석 홧팅
