8, 다들 한마리 정도는 키우시죠? 대리 만족들 하시고 속에 있는 들개는 잘 다스려 놓도록 하십시다. 오늘 하루도 터트리고 싶었을 청춘들이 그저 하루하루 잘 갈무리 하길 바랍니다.
7, 씁쓸하고....갑갑하고~ 슬프고. 복잡한 마음.
9, 제목을 정말 잘 지은것 같다 들개
9, 이 영화에 반했다
10, 인생꼬이는게 답답했지만  배우들 연기 볼 만 했음
10, 배우들의 연기  연출  각본까지 완벽했다. 그들은 들개였고  내 마음 속의 그 똑같은 들개를 그들이 대신 표현해줬다. 가끔 미친 들개이고 싶은 날  열이 받는 날  그러나 표출할 수 없을 그런 날  나를 대신해 나를 위로하고 들개가 되어줄 그들을 꺼내어 보고 싶게한 영화. 마지막 정구의 표정이 계속 아려오는 영화.
6, 답~답~하다 ㅎㅎ
7, 우와! 영화가 리얼리티가 살아있음.변요한씨가 지금 굉장히 유명하던데 난 이 영화에서 처음 봄.  얼굴이 굉장히 잘~생겼다. 굉장히 잘생겼음에도 어떤 캐릭터를 연기해도 자연스럽게 묻어갈만한 그런 느낌..보는내내 그런생각이 들었다. 박정민씨라는 사람도 또라이같은 연기  후덜덜했음. 난 여자임에도공감이 많이 갔다
10, 각본 연출 연기 모두 잘 어우러져서 몰입감 높은영화!! 들개로 살고 싶으나 애완견처럼 살 수 밖에 없는 청춘의 현실이 짠하다...
3, 저런 또라이가 진짜 있겠지
10, 최고~!!!
10, 진짜 저예산으로 이정도 작품성 뽑아낼 수 있는 감독은 천재다!!  최고다!!
10, 쟝 보드리야르의 <소비의 사회>를 읽어보진 않았지만 이 영화는 자본주의 시장경제의 역사 같은걸 음미해본 영화다. 생산이 소비를 이끌었던 18~19세기를 지나 20세기 언제쯤부턴 소비가 생산을 리드하는 소비사회지. 사람들의 욕망은 더이상 제품의 기능을 소비하는데에 있지 않고 그 제품이 상징하는 기호-가령 내가 그
8, 어떻게 사는 것이 잘 사는 것인가?  그냥 사람들 살아가는대로 살아가야하는건가?  극본과 연기  연출이 잘 어우러진 작품이다
9, 1억도 안되는 돈으로 이런 작품을 만든 감독님 배우님 스텝님들 존경하고요...
7, 야성이 거세된 애완견으로 살아갈 것을 강요하는 세상에서 살아남기 위해  자기 안 깊은 곳의 내면적 자아와 싸우는 표면적 자아의 갈등과 투쟁.
7, 결국...우리들은 자신도 모른체 거세당하고 살아가는 것이다.
10, 진짜 연기력이랑 소재 스토리 진짜 최고였음 보려고 미루다미루다 이제야 봤는데 정말 좋았다 몇번더 보고싶은 영화
8, 요즘 우리사회를 보면 충분히 공감되고 가능한  뿌리박힌 사회의 부조리와 그것을 보호하고 향유하는 그지같은 권력층과 그 시스템들  시스템에 종속되느냐  아님 저만의 방식으로 들개처럼 송곳니를 드러내고 물어뜯느냐  두 주인공이 보여준 긴장과 갈등이 좋다.
10, 효민하고 정구 누구할 것 없이 연기력도 최고고 스토리도 최고
9, 한석율이라고요? 달라도 너무 다르다.. 달라..
9, 청춘의 불안함이 잘 표현된것같다. 주인공이 폭탄을 만들는 것은 사회에 대해 뭔가 폭팔시키고 싶은 우리들의 마음의 한켠이라고 생각된다. 주인공 변요한의 심리적 표현이 너무 좋았다.
10, 변요한 박정민 연기 굿!
10, 과대 저평가된 영화로 본다
10, 두 명의 배우가 마치 한 명의 분열된 자아를 연기하는 듯한 인상을 받았습니다. 요즘 대세인 변요한 씨 연기가 정말 좋았구요. 열연으로 인해 숨막혔던 긴장감 표현이 인상적이었습니다. ^^
10, 남자주인공의 연기가 괜찮았어요..
7, 까불다가 몽키로 몇대 맞았다 .. 
8, '이렇게 또라이인줄 몰랐다...' 명대사네요..
8, 재미있게 잘 봤습니다  지루하지 않고 긴장감있게 끝까지 가더군요~  우연히 고른영화인데 시간이 아깝지 않네요 ~배우들 연기도 좋았습니다
9, 중간에 조금 지루한 면이 있지만 현실을 잘 반영한 것으로 보인다.
8, 진부할수 있는 구성으로 시대성에 맞는 절제된 감정으로 긴장감을 잘유지한 괜찮은 작품 이라 생각 한다.
8, 좋은 영화다... 스토리를 읽을 줄 모르는 사람도 있으니... 인간의 두면을 .. 너무 적나라하게 들어내서... 인간의 도 다른 한면인..섹스가 빠진게..  좀 아쉽기도 하고
9, 긴장되고 괜찮던데...
9, 왠만한 한국영화보다 훨씬 괜찮았어. 왜 일본 영화제 초청작인지 이해가 되더라구 ! 근데 관객수가 2000명이 안된다는게 씁쓸해 ~
5, 들개가 어글리 생산자였다는 결말이 좀...
10, 저예산으로 유명 배우 한 명 없이도 이런 좋은 영화를 만들수 있다는 걸 제대로 보여준 들개! 박정민 변요한의 연기가 정말 훌륭했습니다 혼돈스럽고 불안한 심적 상태를 그대로 보여주네요 너무 돈만 되는 영화들 보단 들개 같은 영화도 상영관이 많았으면 좋겠습니다
5, 사회적 지위는 허상에 불과하다. 사람의 참 모습과는 상관없이 사회를 지배하는 사람들이 만들어 놓은 이미지 속에서 배회한다. 그것이 실체와 다른 위선적인 행위에 불과할지라도 왜곡된 구조로부터 벗어나려고 하지 않는다. 불안한 사회 구조와 환경이 지속될수록 사람들은 절박해진다. 결국은 허상 속에 갇혀 살게 된다.
8, 배우들 연기 좋다. 결말이 씁쓸하게 느껴지는 이유는 주인공이 바로 우리의 모습이기 때문인듯.
0, 평점 보고 봤다가 낭패네ㅡㅡ시간 아까워 죽겠네 ㅡㅡ
4, 나 참.. 평점이 왤케 높은지..ㅋㅋ
8, 비현실적이지만 현실로 다가올지도 ....!
7, 오묘하다. 다초점렌즈인마냥 여러시점으로 영화를 감상할 수 있다. 제목대로 들개를 볼 수 있었고  애완견  유기견 등 풍부한 상상을 하며 표현되는 자체를 즐길 수 있었던 듯 싶다.
6, 집개가 아무리 주인한테 천대받더라도 들개 흉내를 내면 안되는건가..
6, 돌아이 역을 맡은 배우의 연기가 훌륭해서 보는 재미는 있는데 생각보다 스케일이 작다.좀더 크게 나아갔더라며 훨씬 더 재미있을 뻔했다.
9, 남자 주인공 연기 정말 잘하네~~굿~~
6, 둘을 하나의 인격으로 보면 흥미로운 접근이 가능하다. 발전이란 미명아래 한쪽을 죽이고 반쪽으로 비참하게 살아가야하는 대부분의 문명화된 인간들이 보편적으로 살아간다. 하지만 세상이 발전하는 분명한 목적은 철저히 파괴당하기 위해서다.
9, 시나리오  캐릭  연기가  뛰어나고 재미진 영화  하지만 마지막 결말에서 아숩게도 불발탄... 2% 아쉽지만 이만큼 오늘날의 파산한 오발탄- 젊은 세대를 그린 영화가 또 있었던가?
9, 시놉시스만 보면 이우혁님의 소설 파이로매니악이 떠오르는군요.. 기대되는영화입니다
7, 결말에 대한 궁금증을 줄곧 유지하는군
10, 들개가 길들여 지는 모습....딱 어울리는 표현이네...
10, 주인공 변요한은 점차 길들여져서 집개가 되어가고 들개 박정민은 결국 길들여지지않는 들개  집개가 된 들개는 더이상 들개의 동료일수 없지
8, 여자 조교 이름 뭐에요? 왜 안나옴?
6, 전반에는 세상에 불만을 가진자들의 내면을 볼수있었고 후반에는 긴박함과 스릴감은 부족하지만 나름 영화를 보는사람에게 인간의 이상적인 감성을 전달할려는것을 엿볼수 있었는 영화.
8, 세상에 폭탄을 던지는 청춘의 이야기. 두 배우의 완벽한 연기가 영화를 더욱 완벽하게 만든다.
9, 말도안되는 내용같지만  내 속 이야기일지 모른다!
8, 똘아이와 꼰대가 사는 더럽고 비열한 세상... 사제폭탄이라는 아주 민감한 소재를 가지고 만든 작품으로 일시적인 분노로 인한 묻지마 범죄의 허상을 보여주는 작품입니다. 영화 '명왕성'의 주인공이 성장했다면 아마도 이러지 않았을까요?
10, 먼저 두 주인공의 자연스러운 멋진 연기에 박수를 보냅니다. 영화가 시작부터 끝나는 시간까지 그렇게 금방 흘러갔는지 모를정도로 재밌게 봤습니다. 다른 영화하고는 다르게 관객들 각자의 시선에서 많이 생각할 수 밖에 없는 여백이 많은 영화였습니다. 강추합니다.
10, 세파에 일그러진 청춘의 모습 ..
7, 박정민 변요한 두 주인공의 들개같은 거침없는 연기는 좋았으나... 좀 더 짜임새를 길들였으면 좋았을듯 하다.
10, 화팅
