10, 케이블에서 중간부터 하길래 아무 생각 없이 보다가 전 내용이 보고 싶어서  IPTV에서 구매해서 처음부터 다시 봤네요~~~ 영화 한편 만들기 정말 힘들겠네요~~ 좋은 영화 잘 봤습니다~!!!
10, 독립영화에 대해 다시 생각하게 되었다. 배우들 연기를 너무 잘한다.
10, 개봉날 기다리고 있어요^^ 디렉터스컷 화이팅!!!!!
10, 기대되고 기다렸던 영화.. 아자잦!!!
10, 믿고보는 배우 박정표~ 이번에도 역시 기대됩니다!
10, 배우만으로도 기대되는 작품^^
