3, 현대적인 얼굴의 성형 느낌의 어색해 보이는 여성 배우들. 오버 호흡하는 남 야마다 포주  대사붙지 않는 주요배우들  배우도 배우지만 영화 전문스탭이 만든게 아닌 듯..미나미병사  기무라군의관이 그나마 좀 나은 듯 하고요. 프로덕션 과정이 어딘가 모르게 엉성했을 것 같아요. 사정이 있겠죠. 아쉽네요..조명과 앵글도
0, 의도만 좋고... 허술한 구성과 엉성한 연기가 오히려 묵직한 주제를 삼류로 만들어 버렸다.
0, 음  정말 어디서부터 지적을 해야 하는 지 모르겠습니다. 분명한 건 감독/각본 자체가 이런 무거운 주제를 다루기에는 역량이 부족하다는 생각이 드네요. 연기도 연희가 울부짖는 신 빼고는 모두 어색합니다. 연기도 연기지만 그런 부족한 연기를 더 돋보이게 한 것이 대사네요. 각본가는 도대체 무슨 생각인 걸까요. 일본
10, 무서워요~ 처음 잠깐 보다 말았네요.상상만해도 너무 끔찍합니다.
1, 차라리 역사 다큐멘터리라고 하던지...너무나 가슴 역사지만 허술한 연출과...끊임없이 발연기(몇명은 지독한 로봇연기)를 펼쳐보이던 배우들 연기에 그저 한숨만...
2, 전형적인 국뽕 영화라 제작 의도는 좋았다고 말 할 순 있어도...영화적인 구성은 완전 구닥다리에 촌빨까지 날린다..
10, 일본의 침략 전쟁...피해자의 아픔을 누가 위로와 보상을 해주나...절대 용서가 안된다...엔딩 아리랑 노래에 그냥 눈물이.... 잘봤다.
10, 배우들의 연기가 왜 저러는지??? 영 부자연스럽고.. 책읽는듯한 느낌이다 배우들의 연기땜에 보기 불편했지만 하루빨리 일본의 진실규명과 진심어린 사과발표가 있길 바라는 마음에서 가슴아프게 봤다
0, 무겁고 심각한주제를 너무 가벼운듯하게 표현한 감독능력이 많이 아쉽다
10, 이건 평가하고 관람하는 영화가 아니다. 당신의 마음을 움직이는 실화. 그리고 잊지 말아야 할 이야기. 꼭 많은 사람들이 보고 전쟁으로 상처입은 모두와 현시대 모두를 위해 더이상 전쟁으로 다치는 사람들이 없기를 간절시 바랍니다.
10, 일본의 무자비한 성착취와 잔악무도함에 새삼 이가 갈린다. 사과 한마디 하지않는 일본은 없어도 되는 나라이다.
1, 위안부의 실상은 꼭 기억해야 하지만꼭 봐야하는 영화는 아닌듯... 주제와 상관없는 뜬금 로맨스에..여튼 이 영화룰 보면서 역사를 잊지말자는 것만 기억합시다
7, 불편함이 있겠지만 이 또한 역사. 용서는 하더라도 우리가 반드시 기억해야 할.
2, 감독의 뜻과 의지만.
4, 현실적으로 내용이 너무 약하다  삼류영화를 보는거 같다  공감과 시대의 아픔을 느끼기엔 너무 부족한 영화
10, 너무 마음이  아프고 슬펐어여 ㅠㅠ
10, 볼게요
10, 톱배우들이  찍기 꺼려할수도  있어서  연기  못한다는말 말고 일본의 잔인함을 보시길.. 과거에도 그랬고 현재도 땅 빼앗을려고 눈에 핏대 세운 일본을 보시길...
10, 우리나라국민이라면 꼭 봐야할 영화입니다.투자가가없어서어렵게만들었다고들었습니다.다행이상영을할수있어서넘기쁘네요.잊지말아야할우리의 역사입니다.아직안보신분들이계시면꼭~봐주세요영화의나오는이소녀들은우리의할머니이고어머니이며 누나이고여동생이였습니다.선뜻내키지않더라도꼭봅시다.우리는한국사람입니다
1, 배우들의연기가정말심각하네요.재연드라마하는것도아니고.. 여명의눈동자짜집기한것도아니고..참... 이런영화도개봉하는데  왜 귀향이개봉을못하는겁니까? 개인적으로 귀향이 진짜 기대됩니다...
10, 쪽바리 일본은 똑똑히 봐라! 너희들이 이러고도 히틀러를 욕할 자격이 있는가? 천황의 사주아래 저지른 만행을 후손대대로 역사에 길이 길이 알려야된다.
10, 5천만 흥행 영화다. 일본의 만행을 낯낯이 세계에 알리는 영화! 일본의 천왕은 황군처럼 변태다.
10, 잘 봤습니다. 쪽바리들의 잔인함을 아주 잘 알수있는 영화였습니다.
10, 세상에 널리널리 실상을 알려주세요. 꼭 일본이 망할 때까지... 사과하지 않는자 망할것이다.
9, 부족한 만듦새보다 존재적 당위성에 더 한표를 주고 싶다.
10, 정말 가슴이 아리고 아린 아픔이 있는 역사를... 배우의 연기와 연출이 많이도 아쉬운건 어쩔 수 없네요
8, 아이디클릭-관람후 8 0 4 편 관람전 8 편-(알바아니라는증거임ㅎ)-영화초반부에 떼거지로 나오는 강간장면 줄줄이 들어가는 일본군 그중에 순진한 일본군 ~~영화자체가 보면 착찹하다 솔직히 스름이 막 돋는다.이런점에서 높은 점수 드림니다.소름이 팍팍남 조선사람 일본군이 들어와서 좀 쉬어요 이말할때 울컥함
0, 소재는 괜찮은데 서프라이즈 재연 보는 듯한 연출과....연기에 실망했다....나중에나올 귀향이라는 영화에 기대를 걸어본다.....
9, 영화가 너무 엉망인것에 화가 나는게 아니고 슬픔이 밀려온다...제대로 투자 받아서 월드개봉을 목표로 만들었으면 하는 바램만 가득해지누나....
10, 감독의 연출과 몇몇 배우들의 연기력이 아쉽네요. 하지만.. 그 소재와 내용.. 꼭 기억해야 한다고 생각합니다. 아쉬운점이 많지만 그래도 10점 주고 갑니다.
10, 결코 잊어서는 안될 역사..역사를 잊고서는   또 다시 같은 일이 벌어진다!역사를 왜곡해서는 발전 또한 결코 없을 것이다!나라가 힘이 없으면  또 다시 이와 같은 일이 벌어질것이다!국력을 키워라!
10, 눈물나네요. 잊고 살았던 우리의 역사!광복절이 정말 뜻깊게 느껴지는건 처음입니다. 감사합니다.
1, 역량 안되는 감독이 건드리면 안되는 소재였다.
9, ..아베새끼야보고있나...빨리사과해쌍년아베너거엄마도위안부출신이다
5, 감독님 죽기전에만드러보겠다는 의지는 존경합니다 하지만 좀 연기가 되는 ㅇㅇ을 쓰시질 글구 화면들이 열린도시(네오리얼리즘)냄새가 너무나요
10, 눈물난다
10, ....
10, 개봉관 정보좀..........
10, 꼭 보고싶어요 개봉관이 어디에있나요.
10, 어디서 개봉하나요? 대구에서 개봉관이 있을까요?꼭 보고싶어요
10, 꼭 봐야될 영화 상영관이 어디에요 꼭보고싶어요..꼭 꼭
10, 70 광복주년 우리 역사를 되돌아 보는 의미있는 영화!!
10, 감독님이 애국자시군요. 이런영화는 필히 봐야합니다.
10, 기대됩니다.다음은 극장이랑 일정 정확하게 알려주쇼
10, 친일 독재자 빨갱이년 부정선거년~~~~~~박근혜  친일파~~~조중동언론 김무성 남경필~~~친일파들 모조리 사형 적극지지 합니다
7, 7 점
10, 8월 11일 13일에 시사회 열리고 광복 70주년 기념으로 8.15일부터 개봉한다는 기사를 봤는데요  의미있는 영화로 남길 바랍니다.
10, 언제 개봉하나요? 2014년 10월에 시사회도 열렸다는데....도통 개봉소식이 없네요.........기대하고 있는중인데요.....
10, 모든 국민이  꼭  ...
10, 꼭 봐야겠네요^^
9, 지금까지 봐왔던 위안부 영화보다는 차별화 된 느낌이네요... 마음 아플것 같아서 걱정이지만 함 봐야겠네요
10, ^^
10, 애국에 호소하는 거 별로 안좋아하는데  이런건 꼭 의무적으로 라도 봐야할 거 같아요 재미도 있을 것 같고..
10, 예고편 만으로도 왜 이영화를 봐야 하는지를 말해주는것 같네요 한국인으로서 꼭 봅시다.
10, 꼭보고싶네요.하루빨리 세상에나와주었으면합니다.
10, 빨리 개봉해서 볼수있었으면 좋겠습니다!  응원합니다! 기대하겠습니다!!!
10, 꼭 보겠습니다
10, 역사는 항상 새롭게 다시 쓰이며 따라서 모든 역사는 현재의 역사이다.  다시금 위안부에 대해 고찰 할 수 있는 영화 기대 많이 할께요.
10, 꼭 한번쯤은 봐야 할 영화!! 역사를 잊은 민족에게 내일은 없다!!!!
10, 영화를 사랑하는 사람으로써 기대되는 작품이네요    여주인공이 참신하네요 신인배우인가?
10, 예고편 마지막 한가영씨 연기보고 소름돋음 기대합니다
10, 여주인공 한가영  예쁘다          연기 기대 할께요~
10, 주연배우의 연기가 기대 되네요~
10, 올 여름 꼭 봐야하는 영화이네요. 하루빨리 극장개봉하길 바랄게요!
10, 대한민국 국민이라면 꼭 봐야한다는 말에 백만표!!!!
10, 예전부터 개봉하길 기대했던 영화인데 8월에 개봉한다니 너무 반가운 소식이네요!!
10, 예고편 보니 가슴이 찡하네요!! 여주인공 연기 기대되요~!!8월에 꼭 극장에서 볼꺼예요!
10, 빨리 보고싶아요
10, 일생에 한번 꼭 봐야 된 영화 빨리 보고싶다.
10, 역사를 잊은 민족에게 미래란 있을 수 없다.  우리는 그 치욕의 역사를 자손대대손손 기억해야만 할 것이고  일본은 인류의 미래를 위해  역사를 무력으로 유린했다는 사실을 군말없이 인정해야 할 것이다
8, 촬영이 완료 되었다고는 작년? 정도에 들었던 것 같은데  이제서야 개봉 하나보네요. 영화가 어떻게 나왔을지 궁금합니당
10, 다시 슬픈 역사를 되새길 수 있는 계기가 되기를
10, 8월에 딱어울리는영화.. 꼭 봐야하는 영화입니다.
10, 꼭 개봉했으면 좋겠습니다.
10, 암울했던 역사의 상처를 이겨내고 나라의 힘이있어야함을 일깨워주는 영화일것입니다... 자녀들과 함께 대한민국의 아픈과거를 정확히 알수있는 계기가 되기를 바랍니다.
10, 8월에 개봉할 것을 기대하며!!!! 기다리겠습니다.
8, 이런 영화도 있네? 다음 메인에 있네 잊지 맙시다!!
8, 8월에 딱 어울리는 영화인듯   예고편 보니 마음이 참.. 아프네여... ㅠㅠ
10, 있었던 사실만을 바탕으로 제대로 만들었음 좋겠네요.. 부족한시간과 돈에 대충만들어진망작아닌 대작으로 만들어졌으면 합니다.
10, 예전에 기사로 검색하고 알게되었는데  드디어 개봉하네요~!! 이런 영화가 잘되어서 많은 사람들이 봤으면 좋겠어요!
5, 고생 하셨습니다.자료 수집에 10년이라는 긴세월을보네시고 열정을 바쳐서 역사를 이루신임선 감독님 고생하셨습니다.눈물없인 볼 수 없었던 우리 할머니들께다시한번 고개숙여 명복을 빌며 살아계신분들께는건강하시라는 메세지도 전해 드립니다.
3, 이영화는 어린소녀만이 내용을 잘 전달하는거네요..
0, 이 영화 촬영 아직 못마쳤나요? 2014년 가을인데 아직도 소식이 없네요
10, 언제 개봉될까요   올해 가을로 알고있었는데   자꾸 미뤄져 아쉽네요...
