7, 나쁜남자가 뜬건 조재현이란 대중성 영화자체의 새로움 때문이였다(피에타)  작가주의라고 틀안에 갇힌다면 답답할수도있다혼자라면 새로움이지만 다같이하고있다면 더이상 새로움이아니다 새로운건 창조가아니라 있는것의 변형이다 대중이원하는건 사회고발 타큐가아니라원초적인 진실이다
7, 방금 오씨엔서 봣는데 ㅋㅋ 영화가 좀 머랄까.. 디게 매력적임 연출이 어색하고 영화 진행도 ㅎㅎ 좀 어설프기는 해도 전체적으론 매력적임 영화가
1, 참 간만에 보는  쓰레기  영화 배우가  아깝다
0, 한국인은 쓰레기고 외국인들은 착하다????  미친것!!!  일부 인권주의자들의 과대 망상!!!   ㅂㅅ들 정신차려라.
0, 어우..냄새ㅋ 곳곳에 쳐박혀 암약하는 암적짱캐들 우기기냄새에 질식하고 싶으면 강추ㅋㅋㅋ 반대를 위한 반대를 끝도없이 늘어놓는 어거지는 역시 마데차ㅋㅋㅋ
10, 차도녀 한채아 화난모습도 이뻐
2, 무슨 말을 하고싶은 지는 알겠는데 억지를 정도껏 부려야죠
7, 영화의 러닝타임을 줄였어야 했다. 그러면 8점은 줄 수 있었겠다.
0, 핵노잼
9, 한채아 이쁘다
0, 역대급 영화 이렇게 모든게 최악인 영화도 참.....보기 어려운데...참...
4, 김기덕 스타일이긴 한데 난 뭘 본거지?
10, 장어먹고 자란 힘좋은 남자가정부
4, 밑에 댓글처럼   갑자기  뜬금없이  왜 ㅜㅜ
4, 디테일이 부족함. 갑작스런 침대씬도 뜬금포.
6, 재료는 신선한데  요리가 서툴다.
1, 이해 할래도 ;;  살점 떼서 감별기에 넣을때 뭔 성적 욕망이라도 솟구쳤나 뜬금 없이 ;; 김기덕 점점 산으로 가는듯 산은 산이요 물은 물이로다 허 ㅋ
3, 중국산 장어 판매촉진 위원회 홍보 영화를 김기덕 거장께서 직접 제작하셨다.
1, 스토리 위주로 갔으면 훨씬 좋았을텐데.. 남녀가 갑자기? 장면들 중에 관객의 궁금증을 만드는 부분이 상당히 많은데  그게 참.. 자꾸 이런 궁금증이 쌓이다 보면 영화 전체를 ... 장면이 넘어가면서 개연성이 너무 부족하거나 인과의 묘사가 너무 삭제를 한 건지.. 보는 내내 답답 그 자체였음.
3, 기덕아 그냥 막장 드라마 작가로 데뷔하는 게 어때? 임성한처럼.
6, 이야기가 신선하고 연출이 매끄럽군
9, 시원한 영화네요.한국 한국인의 더러움 예전 영화들처럼 어렵게 비꼬아서 말하시지 않고 무대뽀로 몇몇의 국민들을 위해 자신의 영화를 통해 발언하신 김기덕 감독님 존경합니다.
1, 아이디클릭-관람후 7 9 2 편 관람전 8 편-(알바아니라는증거임ㅎ)~~소소한 재미 그러나 영화가 증말 미치도록 졸립고 지루하다.짱깨에 대해서 생각하게하는 영화~배우들이 영기는 잘하는데 줄거리가 개판임 ~보여주지도 않는 사까시 장면은 왜 넣은건지 이해가 안간다
6, 일부를 한국 전체가 그런 것처럼 일반화시켜 여주인공을 통해 분노하고 부르짖게 해놓은게 황당했음. 중국산 아닌게 없고 경제력 세계2위가 중국인데. 김기덕은 너무 자신의 세계에 함몰되어 있어 세상을 넓고 공평하게 못보는 듯. 특정층을 전부라 여기지말고 최소한 보통 사람들만이라도 제대로 알고 영화 만들길.
6, 소재랑 시나리오는 단연 쵝오인데 .. 뜬금없이 남녀가 사랑을 나누는건 좀 생뚱맞음 ..
10, 상영중자나요?왜 영화관에 없는 것 같은데?! 인테넷에 보고 나서 기쁨이 진짜 더러워요. 진실은 꼭 이렇게 잔인해야 되나요? 전쟁도 없는 곳에서 사람들은 착하게 살면 안 돼요? 나쁜 놈들......
10, 한채아
3, 음..  여기에 왜 로맨스가 들어갔는지가 모르겠어요로맨스 부분?감정?이 나올때마다이것봐봐 엄청 치명적이지? 그치? 그렇다고해! 라고 계속말하는 답정너같은 영화
1, 음식유통시장에서 저런일이 곳곳에 있긴하겠지만  그 한마디 할라고 이렇게 수준낮은 영화를 만들다니? 내가 만들어도 이것보단 낫겟다라고 생각이 든 영화.
8, 영화라지만... 너무 현실성는 장면이 많아요.. 바다에서 헤엄쳐서 육지에 도착했는데 옷이 너무 깨끗하고 물에 들어갔던 중한사전이 멀쩡하구요... 택시기사들 한테는 어떻게 설명들 해서 이동을 한건지... 식당에서 일하는 조선족 중국말이.. 학원에서 정확히 2주공부해서 말하는 거랑 수준이 똑같아요....
7, 섣부른 얘기겠지만 망작의 삘이 온다. 이런 류의 소재는 좀 더 티켓파워가 있는 배우여야 하지 않을까 싶다...
10, 임화영이 나오네요
5, 연극 많이 봤는데유재명님 많이 기대합니다
10, 기대할께요 ㅠㅠㅠ
