5, 이준때문에 봤지만..영화내용은 정말 허접하다..서영희는 여기 왜 나온거임? 서영희가 오영의 초심? 암튼 좀 애매한 역활이다..그리고 배우가 망하는 지름길이 결국 문란한 사생활이라는게 전부임? 유명배우들이 성추문으로 하루아침에 무너지는것을 봐왔기에 공감은 가지만..너무 단적으로 그부분에만 치중한것같아 아쉽다
8, 이준의 연기 돋보였고 이준 과 첫 베드신 찍은 강소라+박세영 닮은 여배우(조영애 라고 알고 있는데 이상하게 다른배우-자꾸노란염색 단발여배우 만 나옴...)는 출연진에서도 빼버렸네요....어떤 사정인지는 모르지만 부디당당하게 이름 밝히고 양지로 나와 활동하시길 빕니다~! 팬으로서 응원하겠습니다~!!
10, 훌륭한 영화  스토리도 탄탄함이 돋보이고
5, 영화적 상상력이나 즐거움을 느낄 수 없다 자연히 몰입도가 떨어진다  재연극장 방송프로그램같은 밀도  배우와 소속사의 갑질 낙하산 배우의 로비와 연기같은 소재는 좋다  아직도 영화판에는 실제로 저렇게 양아치 깡패같은 폭력이 넘쳐나나?
7, 세상에 뻔한 스토리 아닌게 어딨나? 개차반 같은 배우들 세계나 우리나 똑같군!!! 재밌는 작품
7, 뻔한 스토리에 뻔한 이야기 전개~
5, 열정의 뜨거움에 비해서 영화자채로는 차갑다. 창선이가 좋은 배우가 되길 !!
0, 살다 살다 이런 쓰레기 영화는 첨이다. 와...진짜 감독 해도해도 넘한다.
0, 수작이였던 전작을 이렇게 망가뜨려놓냐
6, 처음부터 계속 나오는 연극의 대사는 마치 연인들의 이야기보다 대중들과 저물어가는 스타의 대화처럼 들린다. 사랑한다며 어떻게 변할 수 있냐는 스타에게 질린다는 대답만큼 어쩔 수 없는 것도 없을 것이다. 그런 그들은 대중의 관심을 원하면서도 어느 순간에는 목 졸라 죽이고 싶을 만큼 증오하지 않을까..
2, 내가 방금 이걸 OCN에서 봤는데보고있던 시간이 아깝다
7, 영화내용은 평면적 느낌.. 평점 6점이준  아이돌 출신 연기자라는 것이 믿기지 않는.. 주인공 연기  평점 9점'톱스타' 내용  연기자 평균 평점 5점이라면  이 작품은 그래도 연기자 때문에 평균 평점 7점! 엄태웅 연기 잘하지만  적어도 '톱스타'와 '배우다' 비교만으로는 이준이 더 확 다가옴!
8, 이준 묘하게 매력있다.
7, 이야기 자체는 너무 날 것의 느낌이 강해서 공감은 잘 가진 않지만 배우 이준을 발견하다...
6, 높으나낮으나 배우는 배우다? 하고싶은 말이 뭔진  무르겠으나 이준에의한이준을 위한영화네요 엄태웅나온 톱스타라는 영화랑도 비슷한느낌
9, 총관객 수가 11만인걸 오늘 알았네. 내가 저 중에 하나라는게 부끄럽지 않은 영화다.
10, 앞으로가 더 기대되는 이준
9, 이준 연기파 배우로 거듭 나시겠어요~ㅋ좋은 평점 드립니다
7, 연기도 역시 타고나야되는듯
10, 이준연기대박
9, 김기덕과 이준의 조합이 의외로 좋네.. 아이돌 같지 않고 이준 같지 않고 그냥 오영 인듯. 배우는배우다 라는 타이틀은 이준을 위한  이준이 쟁취한 타이틀인듯. 상업 영화로 개봉했지만 상업 영화 같지 않은. 재밌는 영화는 아니지만 묘한 매력이 있는. 역시 김기덕.
6, 한 10년후쯤엔 배우는배우다2 나올듯 제목은 아이돌은 아이돌이다 이런제목으로  열정과 실력부터 남다른 무명배우들을 발굴할 생각은 안하고 죄다 한두달 과외받고 바로 조연 주연한 아이돌투성이   이준?이준이야 원래부터 배우가 꿈엿고 배우로 데뷔햇던 사람임..기획사서 아이돌도 해봐라해서 한거임
10, 어떤 평론가들 말 처럼.. 이준 건진것 하나만으로도 의미 있는 영화. 첫장면 부터 깜짝 놀랐다. 연기 왜르케 잘함? 멋진 역할 아닌데도 겁나 매력있다. 겁나 섹시하고 흡입력 ㄷㄷ. 짧지만 힘 있는 영화. 묘해서 가끔 꺼내보게 된다.
10, 영화 본지 어느덧 일년이 지났지만 지금 또 보고 싶은 영화다
8, 이준의 연기에 감탄. 몰입도도 좋고 호소력도 좋았다.
8, 초반부터 이준의 연기력에 중독되는 느낌
9, 긴장을 늦추지 않고 사실과 허구를 미묘하게 넘나들며 이야기를 끌어간 감독의 연출과 이준의 연기에 높은 점수를 주고 싶다.
9, 좋다. 연기도  내용의 파급도.
8, 뭐지.. 재미지다...
7, 배우들이 열심히  했네요.  소재는 그다지... 좀 식상스러운...
1, 거지같은 것들의 자기 합리화 영화~
7, 연예계랄까 영화계랄까.. 아무튼 그쪽 세계의 더럽고 지저분한 단면을 보여준 것 같다. 이준의 연기는 아이돌 치고는 잘 하는 것 같다. 잘생겼다기보단 개성있고...
8, 나름 괜찮았음~
6, 서영희때문에 봤는데 이준이 주인공이고 서영희는 그냥 단역수준이네요..ㅠㅠ 네네..배우란 세계가 그런 곳인가요? 넘 극단적으로만 밀어붙였네요..물론 그런 세상도 있겠지만 마치 뒷골목 매춘골같은 이 불쾌함니라니..제목이 에러..쟤들을 배우라기엔...반짝스타는 반짝스타일뿐이다..정도? 6.1
2, 오그라드는 주연배우의 연기
5, 배우는배우다~~영화가 영화로 보이지않음...저 충무로의 세계는 이다지도 엉망진창이란 말인가~ 이런류의 영화속 여배우들은 어찌 그리 다들 매춘부같이 나오는지. ... 영화는 현실인가
8, 오~잼있네...이준도 이준이지만 조연들도 연기 좋은데...마동석 술집에서 먼일 있을까봐 긴장타며 봤네.. 연예계가 무섭다..
7, 의미전달을 하기 위한 과장된 모습들이 조금은 아쉬운 영화였다.
7, 의외로 유쾌함 + 배우 이준^^=생각보다 괜찮음... 포스터랑 예고편  홍보했던 이미지와 실제 영화는 이렇게 다를수가 있구나!!
10, 이준의 재발견  탄탄한 구성까지 최고최고!!
5, 살얼음판 위 시한폭탄 같은 그들의 세계. 누구나 순수함을 잃고 싶어하진 않지만 영화는 식상하다.
7, 꽤 재밌게 봤다. 이준의 발견. 그러나 배우는 배우다를 등에 업고 시작한 영화로서 넘지는 못한것같다.
7, 선입견을 벗게한  이준의 연기에 박수를..
10, 이준. 배우로서의 끼가 다분히 느껴져 좋았음
10, 이준의 연기가 압권인듯~
9, 괜찮군
5, 김기덕 감독이 각본을 썼건 변함없는 연예계 스토리
7, 탑스타보다 낫다.
7, 배우는 배우다. 이준은 배우인가? 강렬한 캐릭터가 관객을 사로잡지만 2%로 부족한 무언가..이준의 잘못이 아니라 그간의 예능적 이미지가 겹치기 때문이 아닐까. 탑스타에서 나락으로 떨어지기 까지. 인생은 건방지면 안된다
8, 이준의 연기 자체는 좋았지만 발성이 너무 안좋아서 대사를 알아 듣기가 힘들었고 배우의 무게감이 떨어지는 아쉬움이 남네요~
7, 이준 연기 좋다..근데 영화가 메소드 캐릭터를 이어가진 않구 중간에 사라져버려서 좀...오히려 그 캐릭터를 영화내내 살리던가 아니면 쭉~~이어갔으면 더 멋졌을텐데...
7, 완벽하지 않은 영화임을 알면서도 계속 보게만드는 힘은 말하고자 하는 분명한 목소리가 아닐까 싶다. 신감독의 영화는 앞으로도 계속 찾아보게 될듯. 대놓고 찌르는 김기덕의 시나리오도  열정가득한 신인배우 이준의 다음작품도 보고싶게 만든다
10, 짱짱최고
6, 하나만 보고 달려든 영화... 다음을 위한 잠깐의 외도.... 조연들이 좋았고 이준은 가수인줄 몰랐을 정도였으니 적당한 수준의 연기였다는 것... 호평까지는 아니다
6, 이준  연기 좋다. 거의 이준만 보인다. 친구이자 매니저인 강신효가 단역에 가까운 조연임에도 눈에 띈다. 영화 속 영화와 현실이 잘 구분 안 되는 게 매력으로 다가오기 보다는 혼란을 준다. 그래서 보기가 힘들다.
9, 한국 상업영화에서 쉽게 보여주지 못한 말하기(!)로 영화를 연출한 듯해서  다소 어색하기도 했지만 전반적으로 영화에서 말하려는 메시지도 어느정도 분명했다고 보여지는 작품이네요.  상업영화 코드에 눈과 귀가 익숙해있다면  좀 더 어색하고 낯설게 느껴질 영화겠구나~란 생각도 들더군요.
3, 너무 압축적인 스토리전개때문에 산만하고 집중하지 못한 영화다..이준의 연기력은 상당했지만 영화 전체를 끌고가기에는 약간 부족함이 있다. 또한 우리들에게 매체를 통해 보여지는 배우들은 예쁘게 포장되어있다는 것을 충분히 느낄만했다.
1, 모든배우들이 이렇다라는걸 보여주는구나
5, 캐릭터도 단편적이고 줄거리도 없고 설정만 있는 영화. 이런 걸 보여주고 싶었다면 성공. 스토리테링의 실패담을 두눈뜨고 목격. 도대체 어디에 감정이입해야하는지 궁금. 작가의 필요성을 다시한번 실감.
7, 뭔가 어설프지만 그냥 킬링타임으로 볼만한 영화 이준이 연기가 조금 늘긴 했지만... 씬스틸러는 역시 마동석이였음...ㅋㅋ
0, 감독이 머리 좀 쉬고 싶었나봐
8, 단순히 킬링타임 여흥거리로 보게된 영화인데  많은걸 담고 있는 영화인듯싶다. 인생이던 삶이던 배우는 배우로써 배운다는 것을 보여주려는 영화같다.
9, 집에서보면 몰입이 잘 안되는데 이영화는 끝까지 쉬지 않고 다 봤다. 이준이 하길잘했다 기대이상이었고 서투름이 있었지만 오히려 그게 이역할에 잘 어울렸다. 연기열정 많은거 알고 있었고 그게 이 영화에 잘 묻어났고 앞으로 연기공부 꾸준히 하면서 열정 잃지않는다면 충분히 휼륭한 배우될 수 있다. 아이돌이라고 불리긴에 넘 잘한다
7, 이준이라는 생소한 신인배우 때문에 영화가 살았다. 다만 연기력이 다소 아쉽다
5, 어디다가 포커스를 맞춰야 하는지 모를 영화. 배우를 보여주고 싶은 건지. 깡패를 보여 주고 싶은건지 억측스런 연기와 역측스런 설정이 너무 강했다. 차라리 B급 영화물로 갔으면 이러한 아이러니함은 없을 듯... 러닝타임 동안 남은건 배드신뿐 그리고 마동석!
8, 이준 다시 봤어 그래도 베드신은 너무 리얼하더라.... 그 부분은 실망이야
7, 음 6.5정도...보기 시작하면재미없는듯한데 엔딩크레딧 까지 붙잡아 논다
7, 정리가 안되는 영화  수습은 괜찮게 됐다.
0, 평점 조절용
6, 이준 연기는 잘하는지잘모르겠다... 조금 오버하는듯한 연기가 신인티가나는듯... 어쩌면 시나리오자체가 좀오버하는지도...
0, 왠만하면 끝까지 다볼려고 했는데도저히 못보겠다오글거리고 최악
7, 이준씨 연기보고 감명받았습니다. 한장면 한장면이 임펙트있네요.
5, 단 번에 톱스타가 되기까지의 리얼한 배우의 삶... 영화보다 좀 과장되게 느껴지던 연극 한 편을 본 기분... 현실과 환상을 구분 못하며... 마네킹하고 자연스럽게 대화하던 이준의 인상적인 연기...
7, 욕망을 향한 질주와 그것을 성취한 후의 허무함. 식상하지만  거친 화면과 대사로 버무린 어둠의 파노라마. 세 번의 성애 장면은 오영의 성장과 나락을 상징화한 의도인 줄 알겠는데  그 외의 인물 관계는 그저 지저분한 찌라시를 보는 느낌. 일취지몽을 관객에게 주지시키고 싶었나  건질 건 이준이라는 진짜 배우의 탄생.
10, 베리굿
1, 영화가 난잡하고 지져분하다 했더니 역시나 김기덕 ..쓰레기다 쓰레기 비슷한 시기에 나온 톱스타?는 스토리라도 있지 이건 머 내용도 없고 또 자극 적인것만 쑤셔 넣었네 알바인지  빠수니들인지 평점날린거 봐라 투자비나 뽑았나싶다...
8, 기대 안하고 봤는데  상당히 인상적이네요. 이준의 연기에도 놀랐고요
8, 이준 너 이제부터 아이돌 하지말고 배우다.  이 새끼 이거 잘만 다듬으면 ...
5, 익숙한 존재에 관해 계속 되풀이하는 지루함. 하지만  이준의 발견!
6, 아.. 모르겠다. 톱스타  영화는 영화다 다 비슷 비슷해.. 분칠하는 것들은 믿지 말라는건가?
6, 이준 이제 아이돌 그만 할려나 ㅎ  노출신이 너무 쎄고 장훈 감독을 재조명 하는 영화.이준 고생 많이.한것 같은데 기획사 진심 미울듯. 앞으로 어찌할려나 ㅎㅎ
8, 좋은 영화다. 탑스타와 비교될 수 있는데 훨씬 더 깊이 있고  그 이야기 보다는 덜 오버스럽다.    김기덕 감독의 특유의 강렬한 이야기와  함께  신 감독의 각색으로 조금 더 부드러워진 듯한 느낌을 받는다.  이준의 연기도 뛰어나고  조연들의 연기도 훌륭하다.       수작 정도 되는 듯.
5, 이도저도아닌.
4, 밑도 끝도없는  오버의 장을 새롭게 쓴 영화
10, 복잡한 감정을 연기한 이준이 대단하다.여배우들도 잘했다.7점짜리는 아니다.
6, 영화는 영화다의 속편정도 느낌. 영화는 영화다같은 라이벌 구도가 아니라서 원맨쇼로 전체를 끌고나가기에는 아직 이준의 포스는 부족하다.
10, 재밌기만 하구만 ㅋㅋ
5, 푸하하하핫.. 서영희님 연기파이신줄 알았는데.. 앞으로 시나리오 잘 검사하고 출연해주세요.. 이준 이건 아니지 않나...머리스타일부터 바꿔라..  아이돌이 연기하는거 같아서 심히 불쾌했다.
9, 기대 많이 안해서그런지 나쁘진 않았음. 이준도 솔직히 연기경력 많이 없는거 치고는 진짜 칭찬해줄만한 연기였고.. 내용도 연예계의 뒷얘기 등 괜찮았음 7점대 평점은 아니라고 본다
1, 시간을 잃은 사람으로부터 배울 것은 없다.
2, 감정의 과잉이 불러온 재앙
5, 이준의 번뜩이고 서늘한 연기는 다음을 충분히 기대하게 함. 하지만 구조가 매끄럽지 못하고 도구화된 주변인 설정도 아쉬움.
5, 이준 연기가 뭐??? 다들 보는 눈좀 열어라...아직 시작은 풋내기 단계이더만...
8, 이준은 연기 잘하는데... 나머지는 책을 읽어라...읽어.......
9, 기대없이 봤는데. 이준 매력 있어요이 영화. 진짜 배우 하나 만들었슴
8, 볼만했음
5, 스토리를 알수 있게 좀더 깔끔하게 화면을 정리했다면.. 완벽했을까?
9, 초반에 이준뿐만이 아니라 모든 배우들이 연기를 '척'으로 하는 것 같았는데 후반부로 갈 수록 자연스러워지고 보기 거북한 면도 없어지는 듯 하네요 영화가 좀 산만한 것 빼고는 볼 게 많은 영화네요
4, 맵고 짜기만 한 영화 속 이준의 재발견
6, 이준 연기는 좀하네 배역때문인가? 과연 정극은 어떨지? 영화는 좀 과도하게 영화판을 그린 느낌이고 스토리가 뒤죽박죽 베드신 슴가좀 더 보여주지
4, 투박하고 재미가 없는게 문제다
5, 모든 연예인들한테 일반화시킬수는 없지만 어쨌든 환상같은건 와장창깨졌고 기분도 정말 나쁜 영화
7, 파우스트의 독백 이였으나 영화적 감흥 은 없었다.
6, 시나리오며 연출이며 편집이며 점수주기가 아까운 영화. 심지어 뮤지컬에선 멋지게 연기하던 서범석까지 스크린에선 발연기를 펼치고 있고.... 그나마 이 영화가 살릴건 이준의 연기 하난데  어색한 베드씬이 다른 좋았던 연기까지 다 말아먹는 느낌.... 이준이라는 배우 하나만 건졌을 뿐  정말 돈아깝고 시간아깝던 영화.
10, 굿
8, 이준 너 연기 왤케 잘하는겨 ㅎㅎ
5, 취향차이도 있을거고 사전 지식이나 정보 없이 봐서 그럴수도 있지만 퀄 이야기 하려고 한건지 모르겠다. 불필요하게 자극적인 장면들도 아쉽고 스타  배우 세계의 비슷한 이야기를 보여주지만 영화보단 자극적인 드라마로 느껴진다.
3, 영화라는게.... 감동이고 웃음이고 뭐 취향차이지만 기본적으로 보게끔은 만들어 줘야지  이렇게 재미없게 만들어 놨냐... ㅠㅠ
0, 에라이.. ㅅㅂ... 영화가 장난이냐?
7, 편견을 가지고 봐도 이준의 연기는 훌륭했다고 봄~
9, 몰입도있게  이준이 한시간반을 이끄는 힘이 있다. 편집이나 연출에 아쉬움은 있지만  영화자체와 배우로서의 이준은 충분히 매력있었다.
0, 김기덕 사장님 작품인가 몇번생각됨? 김기덕사장님 작품에 말처럼 늙으면 죽으십쇼 먼 개 늙은이가 영화찍는다고  이런 개 젖 같은거 봐준 김기덕감독님이 배상해줄꺼요?
6, '영화는 영화다' 만큼을 기대하지 않는다면 나쁘지 않은 영화.
3, 내 스탈아니다. 연기도 정말 못하고 내용도 뭐 그닥 별거없다. 솔직히 지루하고 재미없다. 평점이 높은 이유는 예술성이 높다고 알려진 제작자의 네임벨류때문인건가......
0, 그냥 ㅃ ㅏ ㄱ ㅜ ㄹ ㅣ 빼곤 볼꺼 없는영화 그냥 빨리 누르기에하다가 베드씬 나오면 천천히 보고 하면 되는영화 그냥 TOKYO-HOT 보다 못한영화라고 생각하면됨
7, 도대체 이영화는 베드신이 왜이렇게 많이나오는지.....베드신이 감점요소네....너무많어 ~!! 스토리도 그런대로 좋은데 신인배우에게 너무많은 비중을 주었고 베드신이 너무 많아서 7점 ~~~~
9, 의도했는지  온통 연기 같은 연기가 신선했다. 김기덕 특유의 촌스러움이 거의 없어서 놀랐음. 김기덕은 앞으로도 감독은 하지 말고 조역이나 하길 바람.
6, 보는 사람마다 보는 관점이 다르겠지만 솔직히 연기도 별로였고 내용도 별로였다고 생각이 든다. 이준의 연기는 목과 눈에 한껏 힘만 넣고 하는 연기라 좀 어색한듯 했고 줄거리도 너무 급작스럽게 진행되고 일부 장면은 왜 넣었나 싶을 정도로 좀 황당했다.
10, 대박 난이준이연기를이렇게잘하는줄모르고있었음 처음마네킹이랑연극하는부분이랑 마지막에 서영희씨랑 하는연극....정말인상깊다 잘봣음 ㅠㅠㅠ
6, 뭘 말하는지 모르겠다~서영희랑 나오는 장면은 뭐지??이준때문에 점수 준다~
4, 지루하지는 않지만전체적인 이야기나 극중 캐릭터가 흥미를 끌지 못하는군
9, 이준의 연기력이 정말 기대 이상! 현실과 극을 모호하게 오가는 뫼비우스 띠같은 구성이 참 좋았음
10, 연예계의 치열한 현실을 이준이라는 젊은이가 어느 정도 보여줬다고 생각.  원래 김기덕 감독의 작품은 별로 선호하지 않는데..  이 영화는 신연식 감독이 찍어서 뭔가 섞어진 것 같아  볼만 함.   그리고 이런 류의 영화는 흥행 보다는 배우에게 초첨이..
10, 이준 기대이상이었어요
9, 이준은 배우해도 되겠네요.엠블랙에서는 별로 눈에 들어 온 적 없는데 이 영화 보고나니 연기가 꽤 괜찮은 것 같아요.
5, 오버연기가 쩐다  가수는 노래만 불러야 한다는걸 이영화 보고 느꼈따  배우는 배우다 배우는 가수가 아니다  한가지만 잘하자 ^^
5, 빨리봐서 그런가...고생했습니다.
9, 피에타 본 후로 김기덕 감독님 특유의 영화색때문에 감독님 영화를 좋아했었는데요... 배우는 배우다도 처음엔 아이돌 주연이라 갸우뚱? 싶었지만 연기도 나름 평타이상은 쳤었던 것 같습니다...또 영화볼때는 시각적인 것에만 집중했다면  영화가 끝나고 나서는 오영이라는 인물 자체도 생각해보게 되었고..좋습니다^^
9, 어제 4 500원 주고 텔레비에서 봤다 흥미위주의 감각적인 영화에 취해있는 사람들이 보면 지루하고 어둡고 재미없을것이다 하지만 오영이란 인물을 본다면 영화속으로 빠져든다 오영을 연기한 이준을 정말 다시봤다 정말 매력적이다 오늘 하루종일 영화속의 이준에서 벗어나질 못하고 있다 신인상은 이준이 받아야한다
3, 배우는 배우고  가수는 가수다. 아이돌가수의 배우로의 가능성은 높다 할지라도 영화 자체는 별로. 영화가 아닌 아이돌가수의 연기력에 평점을 주는 팬심들로 인해 주객전도의 상황이 아쉽네.
0, 살다 살다 이렇게 ㅄ같은 영화는 참 오랜만이다. 김기덕의 제일 문제는 언제나 각본이 믿을 수 없을 정도로 후지다는거. 열등감에 사로 잡혀서 글로 표현을 제대로 못하는 각본이니 그걸 다른 사람이 만든다고 더 잘 될리가 있나.
8, 평점 깍으려는 알바들이 나대네 이정도면 괜춘하지~재미있더만 뭘
5, 고생햇다고생햇어...
0, 배우없는 영화
1, 역시 개쓰레기 김기덕! '영화는 영화다'가 잘돼서 배가 아팠나 쓰레기 아류작을 만들었군.
0, 배우들의 애환을 그리..기는 개뿔 그저 빠굴에 나가요끼고 술쳐먹는거 아니면 조폭. 요즘 한국영화들 뭐이리 쓰레기가 많냐. 이러니 말만 개봉이고 케이블급 영화로 바로 빠지는거지.
9, 난 원래 김기덕 작품이라하면 치를 떨며 욕을 해댔었지만 아번 작품은 꽤나 유해졌다. 또 관객들을 이해시키려는 노력도 존재했던 것 같다. 마지막으로 아이돌중 연기는 이준이 갑이구나.
10, 이준 ..신인같은데 생각보다 연기를 너무 잘해서 놀랐다. 원래 아이돌 가수라는 데 표정이 다채롭고 묘한 매력이 있다
9, 이준에게 박수를 ~~! ㄷㄷㄷ
6, 덜어내고 나니 남은 것은 자극적이고 단순한 동어반복뿐.
8, 톱스타보다 훨 낫다. 사실  이준이 최초 연극에 몰입하여 못빠져나온 정신병자의 설정이었으면 더 흥미로웠을 듯 싶다.
6, 백치미 이준도 배우였네. 초심과 남자의 욕구에 대한 경고.
7, 가수 이준이 아닌 배우 이준을 보는 재미.
3, 한마디로 재미없다
7, 이 영화는 특별출연 하신분들이 더 빛나던데...
6, 이준 연기만 기억에 남음
1, 알바들 댓글에 속지 맙시다!~ 이 영화 절대 보지 마세요!~ 정석원의 짐승 이후로 최고의 코미디 작임...살다 살다 왜 이런 영화를 만들었는지.....스토리는 초딩작품인데 연기자들은 엄청 진지하게 연기하는게 더웃김
10, 이준 제가 참 좋아하는데요
10, 연기가 훌륭했음. 그걸 높이 사고  담아내고자 한 걸 잘 보여준 것 같지만 좀 동 떨어진 연예계이야기라 남는 건 없는 느낌.
10, 연기도 멋지고 생각도 하게 만들고 재미있네요~
8, 뭔가 빈구석이..허섭한..공간이 있어보였는데단역은단역처럼스타가된 후는 스타처럼과하지도 모자르지도아이돌이란 선입견을벗게하고새로운 면과 매력을봄연기자로엠블랙과  더불어 가수로도 잘되시길
7, 내용 전개가 조금 빠른감과 뻔한감이 없지않아있었지만 그런점만 제외하면 아이돌의 베드신이라는 도전적인 부분에서 성공적인것같고 주연이 아이돌이라는 점에 많은 우려가있었지만 영화를본뒤 그런 우려가 눈녹듯 사라졌다.배우들의 연기는 만점을주고싶다. 특히 주연을맡은 이준  기대 이상의 연기를 보여줬다.
7, 영화는 안봣고 포슷터 이준 자세는 왜 저렇게 어정쩡하지?
5, 가수 아이돌 이준으로 바라보지 않음.. 그 연기력은 인정해줄만 합니다~ 뭐.. 연예계 뭐.. 그럴수 있다 정도 스폰도 그렇고.. 막 사는것도 그렇고... 근데 재미는 없어요.
10, 이준 연기 완전 새로 봤음. 신연식 감독은 우리나라에서 화면을 가장 아름답게 찍는 감독인 듯. 다만 전반적인 진행이 네러티브와 자기표현 사이에서 왔다갔다 하는 듯한 느낌. 애초에 김기덕감독이 자기표현중심으로 만든 시나리오를 신연식 감독이 자기표현과 이야기를 다 담으려다가 그 중간에 걸친듯.....
9, 이준 다시봤어요~ 연기 잘하더라구여~~^^ 김기덕감독이 만들었으면 더 어두웠을듯...^^;
7, 낮시간에는 한가한 영화관이 너무 마음이 편해서... 주로 영화관에서 모든 걸 잊고 휴식을 취하는 시간이라   모든영화가 다 재미있을수는 없지만  그래도 영화보는시간이 너무나 행복한 시간이다
9, 까메오같은 배우들볼거리도 있고 이영화에선 가수이준보다 배우이준이 더낳네요..다른씬 다필요없고 처음과 끝 연극무대 독백씬에서의 몰입은 왠만한 아이돌들은 소화못할 연기였던건 확실합니다..좀빠른듯한 스토리라인은 있지만 이바닥루머로만돌던 스폰서 건달개입  미성년자 성폭행루머까지 예상은햇지만 신선하네요
10, 소름끼치는 이준"군의 연기! 최고입니다.
1, 한마디로 보면서 잤던 영화임
3, 기대 안하고 보면 재밌을수도 있는 영화. 이준 팬들이라면 모를까 8~9000원 주고 보기엔 굉장히 아까운 영화. 영화 끝나면 기억에 남는건 욕이랑 베드신밖에 없음..
9, 영화는 영화다를 재미있게 봤었거든요.적나라한 배우의 세계를 보니  보기엔 불편했지만  좋은 영화인듯 합니다.
1, 그냥 쓰레기...진짜 재미없음...알바들한테 속지 말길..
5, 자극적인 장면과 빠른 전개로 수박 겉핥기식의 뻔하고 어정쩡한 내용을 감추려 한 것 같고  결정적으로 재미가 없다.
10, 너무 보고싶은데 간판 빠리내릴까봐 혼자가서 봤어요~~ 이준 연기는 정말 최고에요. 가수보다는 연기를 하는것이 더 멋있네요.
9, 솔까 9점은 아니고 7.5정도에 영화 단점은 내용 전개는 별로지만 캐릭터에 임팩트가 강하다     그리고 이준 연기 솔까 가수보다 연기가 더 맞는듯 ㅋㅋ    순간 순간 몰입하는 장면에 죽인다 진짜 어린 나이에 ㅋㅋㅋ 잘했다 그래서 9점준다 이제까지 아이돌 나온 드라마 영화 하나같이 쓰레기같던데 이게 변신이란다 ㅎㅎ
8, 감시자들에 나왔던 아이돌 가수도 연기 괜찮았는데... 수준들이 많이 높아졌네요.
10, 굳
8, 이준  정말 작정하고 찍은듯.열정과 끼의 화산같은 분출.. 연기 훌륭했어요!!
6, 스토리가 좀 허술한 듯... 뭔가 던져놓은 떡밥은 많은데(서영희가 맡은 역  처음 주인공을 키워준 매니저 등등)  시간에 쫓겨서 제대로 풀어나가지 못 하고 서둘러 주연에 관한 이야기만 결말지었다는 느낌임.
7, 러닝타임이 좀더 길었더라면..오영이 밑바닥에서 정상  그리고 다시 밑바닥으로 추락하는 과정이 짧은 시간안에 어정쩡하게 표현된 느낌이 들더라구요 그리고 필요이상으로 과해보였던 베드씬은 참..ㅋㅋ영화자체는 아쉽지만 그래도 배우들 연기는 좋았습니다!
8, 김기덕+이준=? 밑바닥부터 톱스타  다시 밑바닥으로 살아가는 한 청년의 이야기를 다룬 작품입니다. 아이돌 이준이 아닌 배우 이준의 진가가 확실히 보입니다. 최근 비슷한 소재의 영화가 많다는 점에서 차별화에 얼마나 성공하느냐가 관건!
9, 주인공 캐릭터처럼 진짜 독기품고 한듯. 연기 잘하더라.
10, 연기좋네요
10, 이준 연기 진짜 잘하더라
10, 일단 이준연기가 기대를 넘어선다. 신인배우라해도 아깝지않을정도로 연기를 잘했고 내용도 이정도면 재밌는듯 오영이라는역할이 이준이 너무 잘 소화한거같네ㅋㅋ 나중에 한번 더 보고싶은영화다
6, 별로던데요 이준연기는 좋타는 평을 하고 싶고요..내용도 별로 엔딩도 그저그렇고...지루한면도 있고 베드신?? 그저 그렇고
7, 톱스타들과 비슷하면서도 다른영화. 다만 적당한 길이의 영화 그에 맞는 스토리라서 지루하지 않게 볼수있었다. 연기자들의 연기는 흠잡을데 없는것 같다.
2, 배우는 배우다 실망적이네요 인상깊게 남는장면도 없고 전체적으로 별로였어요
7, 이준은 주연이다!  아무튼 예상외로 괜찮았다...   공범 화이  보다는 후다렸지만.. 전체적으로  분량을 더 뽑을 내용이 없을 만도 하다.. 그래도 괜찮았다.. 하지만 그래도 뭔가 한 방이 없었다 아쉽다..
9, 배우는 배우다가 이준이라는 배우를 남겼군요. 생각을 하게 하는 영화  신연식감독의 연출이 흥미롭습니다. 흥행을 떠나 오래 기억될 영화!
7, 배우 이준의 모습을 봤습니다. 정말 영화제목 그대로였습니다.
9, 디렉션에 의한 연기치고는 기본적인 잠재력이 좋다. 성격파 배우로 거듭날 것 같은 이준
10, 이준의 연기력 정말 또 한번 놀랐습니다!! 차기작 까지 기대가 되네요!!
7, 전반적으로 무겁고 우울한 영화인것은 분명한듯...  하지만 현실과  영화 사이를  연기하며  감정 기복이 심한   그러면서 점점 피폐해지는 심리 묘사와  비교적 강도 높은 노출신도 잘 연기 한 것 같습니다.
5, 오늘 본 영화 모두 실패....... 그래도 그래비티보다는 나음.....ㅋ
0, 여기도 알바와 빠순이들이 문제군.
5, 익히 풍문으로 들어 봤던 쇼비즈의 복마전을 시각화했지만 식상한 내러티브 탓에 감흥이 떨어짐. 눈요기로 동원됐음직한 몇 차례의 정사 씬은 흐름을 툭툭 끊어 놓는 사족으로 전락. 1)영화 오프닝과 엔딩의 창의적인 연출(이준  서영희)은 두고두고 기억에 남겠다 싶음. 2) 신예 강신효의 눈빛이 인상적임.
9, 실제 영화계가 이렇다면..  참 할일 아닌듯..
8, 영화판 실정을 비판하는 건가 하는 생각이 들었음. 영화판이 어떻게 굴러가는지 모르겠지만 촛점이 좀 편향적으로 맞춰져 있음. 노출수위가 꽤 높음. 주인공이 진정한 연기(혹은 삶?)을 찾아가는 과정 뭐 이런 거 같은데 예술적인 거 좀 넣고 눈에 익은 조연들 출연해서 약간의 개그 코드  여배우들 섹시 섹스... 걍 볼만
8, 영화계를 참 양아스럽고 동서?스럽게 묘사해놨네. 진짜 그렇진 않겠다만 암튼  마네킹신은 끝나서도 이해불가. 인간은 결국 비굴해지는건가?
10, 이준연기잘하네
7, 나름 볼만했는데 배드신이 너무... 길어 ㅋㅋㅋㅋㅋㅋ
5, 이준의 고군분투. 앞으로도 배우로 꾸준히 성장하길 바래본다. 초반에 픽업매니저로 나오는 아저씨. 영화에서 혼자 연극하면서 말투며 표정이며 정말 몰입도 왕창 깨주던데 뮤지컬계에선 알아주는 배우로 알고 있는데 영화는 연기연습 좀 하고 나오길... 특별함 없는 다소 지루한 여정이었지만 엔딩은 굿!!!
8, 그 무엇보다도 강렬하고 우직하게 밀고 나가는 영화. 서영희는 당연히 좋고 이준도 의외로 강한 무언가를 보인다.
10, 기대안했는데 기대이상 !!
10, 기대됨
8, 신선했습니다 연기를 하는배우뿐만이아닌 영화를 보는 관객으로서의 정체성?을 느끼게해준영화같습니다 이준씨의 열연도 돋보였고요 다만 생각보다 얘기의호흡이 짧아서 아쉬웠어요 그만큼 빨리지나갔습니다
1, 연기는 좋으나 내용 전개는 너무 진부함
9, 배우들의 연기가 다 자연스러움. 영화자체도 좋았는데 너무 순식간에 지나간듯한 느낌임. 그리고 주인공 이준의 차기작을 기다리게 하는 연기였음.
10, 이준  홧팅  진정성있어요
4, 본걸 후회한다.......
3, 조악하다  별 로  건질만한것도  없는  평작이하
10, 사실적표현과 적당한 유머가 적절히들어가 있고요  이준과 조연들도 연기를 잘하더라고요
7, 영화는영화다본사람은 이영화수월하게볼수있다   근데 아무생각없이 이영화보면 이해못한다   같으간사람은 이해못해서 해매는근데 나는 영화는 영화다보고봐서 그런지 영화괜찮은 어려운건 어쩔수없는듯   흔희말하는 오락영화는 아니니말야
10, 좋네요!여다친구는 뱔로라는데 전 좋게봤네요
10, 아이돌 이준이 아닌  오영의 영화를 본 듯한 기분
10, 나는개인적으로인상깊게본영화. 이준...연기잘하네
8, 내용은 그닥 신선할것도 특이할것도 없지만 영화가 절대 지루하지 않고 재밌다...이게다 이준이라는 남주의 힘인것 같음...이준 흥해라..연기 나무랄데 없다 ..
10, .
6, 냉장고 속 반찬을 모두 꺼내 비빔밥을 만들었는데... 먹으면서도 맛이 안나 계속 이것저것 섞으면서 먹다보니... 배는 벌써 불렀는데... 진정한 맛을 못보고 아직도 재료만 섞고 있네요...음...배우들 연기 테스트하듯 막부려 찍었네요... 안타깝습니다...
7, 김기덕 감독님께서 각본만 쓰시고 연출은 하지 않으셨던 작품들 중에서는 가장 김기덕스러웠던 영화가 아니었나 싶네요. 하지만 잘려나간 장면들이 많아서 중간중간 맥이 끊기는 듯한 점은 아쉽더라구요. '배우'로써의 존재감을 각인시킨 이준씨의 연기는 정말 인상적이었어요. ^^
9, 신인배우의 열정이 그대로 전해지는 영화였습니다. 날것의 파닥거림이 느껴진다랄까. 그안에 잠깐이었지만 이준의 몽환적인 섹시미가 아직도 아른거리네요. 영화의 구성이 독특하지만 주제는 그대로 전달되어 졌구요. 연극배우 단역시절 톱스타 추락 ..을 보면서 주변사람들에 의해 변화되어지는 오영의 연기가 인상적임.
10, 영화도 재밌었어요. 처음과 끝 장면이 기억에 남네요. 한번 더 보러가야겠어요. 이준 연기 잘하네요.
1, 미안해요. 신인배우들 이준 모두 연기가 붕 뜨네요.. 화내고 울부짖는건 오히려 쉽다던데
10, 어제 신촌아트레온에서봤음.  재미도있었고 이준 연기가 정말 대단함~~ 미친놈처럼 보이다가도 불쌍한놈으로보이고..
10, 끝나고 여운이 느껴지는 영화  무엇보다 이준의 연기가 돋보였다.
10, 아이돌출신을 잊어버릴만큼 오영의연기에 빠져 인상깊게 봤습니다 이준의 연기력은 어느 배우 못지않게 훌륭히 소화했네요  극적흐름이 집중을하게 압도하고 중간중간깨알같은 유머스러움도 너무너무 재미있게 잘봤습니다  배우는배우다 추천!
10, 확실한건 이준은 배우다.
10, 방금 보고 왔는데 정말 이준연기가 대단하네요.. 아직도 여운이 남네..마지막 서영희씨와 연기할때 울컥.. 앞으로도 계속 좋은연기 보여주었으면 좋겠어요. 배우는 배우다 거의 1년동안 기다린 보람이 있네요.
8, 이준의 연기가 돋보이고 영화가 말하고자하는 게 무엇인지 정확히 표현해내었다고 생각한다.세상이 참 열정이나 그 본질만 가지고 열심히 사는 사람들을 가만히 두지않는다는 생각이 들었다.본질을 흔드는 그 매니져같은 사람이 도처에 깔려잇는데 난 과연 얼마나 싫은건 싫다고 말할수 있을까?
10, 이준은 앞으로가  기대 되는 배우 기대 이상으로 연기 잘하더라   잔상이 많이 남는 영화
10, 내 취향이어서 재밌게 봤다 조연분들 감초연기도 좋았음
5, 누가 보여준다고 하면 봐라 절대 자기 돈 내고 보면 후회한다
1, 롤러코스터 봤니??? 그거보다 더 재미없다...내돈내놔!!
8, 양동근 엿먹이는 여인은 뜬금없고 김형중? 이 친구는 신인이 선배한테 그렇게 군다고? 이런 극적인 부분 때문에 꺼림칙하기는한데 시작과 끝 마네킹 장면에선 아! 하면서 아지랑이 같이 알 듯 모를 듯 하더라
0, 미스캐스팅
6, 억지스러운 장면들.. 누가 팬사인회 가서 배우에게 연기못한다고 하고  스포츠신문 제목 뽑아내는 것도 너무 노골적이더라
10, 이준연기 좋아.
10, 이준씨 연기를 매우 잘하던군요. 아이돌이라..볼까말까했었는데 정말 좋게 봤습니다. 아이돌들이 이준씨의 연기를 보고 배웠으면 좋겠네요..정말 앞으로도 멋진 모습 기대할께요. 멋진 영화를 선보여 주셔서 감사합니다 이준씨
0, 이준은 눈빛이 싫다. 악령이 깃든 눈빛 같다고나 할까. 보기만 하면 소름 끼쳐
8, 이준연기 좋아요 기대보다 괜찮아요
10, 이준!! 매력적인 배우라는 생각이 든다..변신에 변신의 매력^^
3, 가슴 3번 나와 3점 준다... 꽁짜로 봤지만 시간이 넘 아까웠다
9, 별로일거라는 예상을 완전히 뛰어넘은 영화입니다. 이준도 생각외로 연기 잘 하고 내용도 생각보다 심오한 것 같고... 특히 마지막에 서영희씨와의 호흡은 인상깊었습니다. 추천해요.
10, 아....이준  연기 잘하는군요....잼나게 봤습니다...
7, 역시 헐리웃배우인가? 여튼 연기는 잘하더라. 근데 짧은 시간에 너무 많은부분을 보여주려고 해서 그런지  드라마 혹은 TV만화 1시간 만에 요약해서 보여주는 듯한 느낌이 들더라.
10, 이준 역시 진짜 다재다능하다 김기덕 영화라서 좀 무거운 영화였지만 재밌게 봤음!
10, 이준 연기 많이 늘었다~김기덕 감독이 왜 땅에서 솟았다고 하는지 알겠음ㅎ난 개인적으로 재밌게 봤다!!
6, 무대위의 이준을 보다 영화속 이준을 보니 정말 매력적으로 느껴졌습니다. 연예계의 실상일수도 있다고 생각되는 일을 간접적으로나마 본 것 같아 충격적이었어요. 대중에게 보여지는 화려한 모습과  실제모습이 겹쳐지면서 영상으로 나온것이 인상적이었습니다.
6, 스토리전개에 있어 편집이라고 하나요? 그게 다소 거칠게 느껴졌습니다. 그리고 예상외로 주연 이준의 연기가 관람하는데 불편하지 않고  좋았습니다.
4, 방금조조로보고왔습니다...마동석 양동근밖에기억나질않네요..ㅎㅎ 배드신은..아이돌치곤파격이네요..^^
7, 배우들 연기는 대체로 괜찮았다. 근데 의도적으로 그런 건지 모르겠지만 장면전환이 너무 확확 넘어가서 편집이 좀 거칠다는 느낌이 들었다. 초반에 나왔던 연기가 결말과 연결되는 장면이 이 영화에서 제일 좋았다.
4, 배우들의연기는 좋았지만  스토리가 너무 애매하네요. 중간중간에 유머는 있지만  그 장면때는 재밌지만  나중엔 왜 재미있는지 생각하게 되는 장면이였어요. 보고나서도 무엇간 아쉬웠던 영화인 것같네요 
1, 그래...배우는 배우다...더 배우길...비추;;
10, 아무 것도 모르고 영화만 보면 이준이 아이돌이라는 게 상상이 안 갈 정도네요. 스토리는 뻔한데 연출이 색달라서 흥미로웠습니다.
0, 한마디로 정의하자면 이상한영화. 할인받아서영화받는데 그돈조차아까운영화였 다 평점에속지말길바란다 그냥 이준팬들이  영화보지도않고남긴 평점이니... 뒤로갈수록 이게뭔가싶었다 영화관나오면서든생각은 앞으 로 김기덕감독영화는 보지말아야겠다는생각
1, 진심뭔내용인지도 모르겠고 보고나와서 뭐지뭐지....후회했음
10, 독립영화 생각나는 영화
10, 이준의 연기 너무 좋았습니다. 정말 몰입하며 봤어요 앞으로도 배우 이준 응원할께요^^ 배우는 배우다 화이팅!!
9, 이름은 모르지만 신인배우들이 많아서 신선했어요..스크린속 주연배우는 TV예능에서 봐왔던 이준은 없더라구요..늘 먹던 밥이 싫증이나셨다면 한번쯤은 다른 밥을 드셔봐도 그리 맛없는식사는 아닐것같아요..하지만 입맛이 다르기때문이니까..ㅎㅎ
10, 이준 정말 매력적인 배우♡ 영화 재밌게 봤어요
7, 영화가 전체적으로 거칠고 투박한 느낌이 있다. 다만  그 속에서도 오영이란 캐릭터는 강렬하다. 이준은 배우로써 극 중의 오영 못지 않은 연기 욕심을 가진 것 같다. 상당한 감정의 진폭과 수위높은 베드씬까지 생각보다 잘 소화해낸 것이 대단하다. 영화보다 배우가 더 돋보이는 영화.
9, 김기덕감독님 시나리오 느낌은 납니다.  연출가는 뭔가 말하는데 2% 부족한 느낌...조금  아쉽네요.  근데 이준씨 연기는 확실하게 남네요.다음 작품이 기대되는  연기였어요.   나름 재미도 있고..철학도 있고.. 개인적으로  볼만한 영화였어요.
0, 하...
10, 초반과 후반에 오영의 감정에 이입되어 울 뻔 했네요.. 편집의 흐름이 살짝 아쉬우나  주연배우의 연기력과 흡입력으로 커버됐다는! 또 보고 또 생각하게 되는 영화. 감독판도 궁금해요~
10, 처음에는 지루했지만 후반부로 갈수록 재미도있고 몰입되서 좋았네요. 이 영화를 다 보고 생각나는건 이준이 연기를 잘하는구나 생각이 들었습니다.
7, 김기덕의 시나리오를 신연식감독의 연출... 그렇게 빛을 발하지 못했지만... 여기서 유일하게 빛나는건 이준의 연기뿐이다. 이준의 연기만으로 이영화는 볼만하다.
10, 처음부터 한신 한신 집중해서 보게 되더군요.보는내내 자연적으로 집중이 되면서 영화에  몰입이 되어서 너무 좋았네요. 이준의 연기가 생각했던데로 아주 좋았어요.이영화를 관람할때 주인공의 입장이 되서 보게 되면 재미 있더라구요. 앞으로 이준의 연기 활동이 더 기대 됩니다.
8, 처음부터 끝까지 모두 '오영'으로 가득한 영화에서  이준은 반짝반짝 빛났다. 김기덕의 모든 작품이 그렇듯 은유가 넘친다. 오영의 스크린 데뷔작 타이틀이 뫼비우스라니. 햐 김기덕 증말 ㅎㅎ 암튼 기대했던 것보다 더 좋았던 영화. 결국엔 돈과 명예가 전부가 아님을...
6, 김기덕과 신연식의 만남은 시너지를 내지 못했고 내용 역시도 기존의 비슷한 스타일의 영화에서 한발 더 나아가지 못하고 있다. 하지만  이 영화 최고의 수확은 단연코 이준이라고 말할수 있을 것이다.
10, 이준의 연기는 최고임! 많은 것을 생각하게 하는 역할이고 배우로서 하나의 캐릭터가 아니라 여러가지 모습을 다 어색하지 않게 잘 연기했다..
10, 이준의 연기가 좋았다. 그냥 주인공 오영이 이준 같았다. 불친절한 영화인거 같아 나와서 쫌 생각하게 되었음. 김기덕 감독과 신연식 감독 느낌이 모두 나는 영화라 흥미로웠다. 배우 이준의 앞으로가 더 기대된다.
9, 마동석의 연기는 연기가 아니라 진짜 리얼합니다. 누가 그를 깡패두목이라고 의심하지 않을까요. 모두 훌륭한 연기를 보여주는 영화입니다 주인공보다 조연으로 나온 관록있는 배우들의 연기가 영화를 더 재미있게 만들어 주었습니다. 왜 이런 영화가 흥행되지 않는건 지 잘 모르겠습니다.
10, 영화 자체가 재미있었고  구성도 특이하고  이준 연기보는 재미만으로도 만족!
10, 영화 생각보다 굉장히 괜찮았어요. 배우들 연기도 하나같이 좋았구요.
10, 보는 내내 아이돌 이준은 안 보이고 오영만 보였다
4, 인기라는 권력만이 존재하는 배우들의 세계. 빈곤하다
10, 오늘 조조로 보고 왔는데 재밌었어요. 이준 연기도 좋았구요. 신인인데도 영화를 끌고 가는 힘이 느껴졌습니다. 영화의 첫씬과 엔딩씬이 기억에 남네요.
10, 영화 재미있게 보았고 이준 연기도 기대이상으로 좋네요.
10, 작품성있음! 김기덕이 왜 김기덕인지 조금 알것같음! 영화와 현실이 구분이 모호한게 특히하고 멋짐! 영화는영화다만큼 괜찮음!
10, 이준 이라서 그냥좋았다. 연기력은 정말 박수받을만하다.
9, 일단 밑에도 어느 분이 얘기하셨듯이 기승전결이 좀 약합니다. 그래도 신인배우의 연기가 괜찮았어요 영화가 포장 되어있지 않고 날 것(?)이라고 해야되나 현실감이 있어서 몰입하며 잘 봤습니다 .
6, 이준이란 배우가 아까울 정도로 좋았지만 이야기 기승전결이 다소 약했다고 봅니다. 중간에 연극과 현실을 교차 시켜 무마한 감은 있는데 마지막 장면에 맞는 신으로 돌아가는 건 좀 억지 같았습니다. 불필요한 욕이나 구타장면은 부담스러웠어요    ~
10, 아이돌 배우의 편견을 깨버릴 정도다 김기덕 감독과 신연식 감독의 작품을 좋아해서 보게되었는데 이준의 팬이 되서 나왔다 다른 인터뷰에서 김기덕 감독이 말한 최고는 아니지만 최선을 다한 연기라는게 느껴졌던 것같다 이준의 앞으로의 발전이 기대된다
9, 이준씨 연기나 영화가 거친면이 있지만 그 거친면이 매력있게 다가오네요
10, 영화보고 왔는데 시간이 지날수록 여운이 더 남네요 이준씨 연기 잘 봤습니다 왜 연기 칭찬하는지 알겠더군요
9, 배우들 연기가 좋았습니다. ^^ 이준  마동석씨 ㅎㅎ
10, 어색하지 않아 어색하지 않아 아이돌답지 않아 아이돌답지 않아~ 오랜만에 영화에 몰입하게 만든다. 대박 흥해라
10, 기대이상  혼자서 이렇게 끌수있다는거에 대단함
10, 이준 연기 굉장히 좋게 봤습니다. 기대를 뛰어넘네요.
10, 이준은 가수보다는 배우로 나아가길    헐리웃 진출하자 영어 공부좀 해서
10, 배우이준군 연기굉장히 인상깊었어요 영화는 거칠고쎘지만 연기는노력한 흗적이역력했어요 앞으로가기대!
8, 아이돌 가수가 연기를 한다는것에 대한 편견을 깨 준 영화였던것 같습니다. 연기에 대한 그의 열정이 이 영화속에 녹아 있다고 하면 될 것 같아요. 그만큼 열정을 가지고 연기를 한 모습이 보입니다. 적절한 유머와 위트가 있는 대사들도 있고 연예계의 어두운 뒷모습을 과감하게 보여주는 배우는 배우다 추천합니다.
9, 생각했던 것 보다 좋아서 기대 이상입니다!! 배우들 연기도 그렇고.. 이준씨는 진짜 신인 배우라고 할 수 있겠네요..
10, 잼있다
10, 진부할수 있는 소재를 나름 신선하게 이끌어가는게 좋았음. 이준의 연기는 기대이상
7, 처음에는 전달하려는 의미가 뭐지 ??? 라는 생각을 가지고 이준씨 연기 잘 하는구나 생각하면서 봤네요. 보다보니 메세지가 있는 듯하고 연예계가 그닥 동경할만한 곳은 못되는거 같아요. ㅎ 저는 지루하지 않게 봤네요 ^^
7, 배우들의 연기는 괜찮았습니다. 다만 영화가 보여주려고 하는 메세지의 전달이 좀 약하지 않았나 라는 생각이 듭니다.
5, 영화는 영화다에 이은 또하나의 졸작입니다. 참...너무합니다. 필름좀 아끼세요. 인류를 위해서...
8, 아이돌 엠블랙 이준에서 배우 이준이 더 어울리는 것 같네요!!좀더 다음 작품이 기대되는 그런 연기였어요!
5, 영화를 보는 1시간 40분 동안 시계만 10번 보았다.
10, 이준이 연길잘하는줄은 알고있었지만 이정도일줄은 몰랐어요. 정말 인상깊은 배우 이준의 영화입니다.
9, 이준 연기짱~연예계의 비하인드 스토리가 적나라하게 표현한작품이네요.대박 나세요.
5, 어제 시사회를 봤어요~ 기대한만큼음 아니었네요.   스토리의 문제인지 살짝 지겨운감도 있어요..  무슨얘기를 하려고 하는건지....
7, 배우 이준보다 아이돌 이준으로 알고 간  저로썬 매우 충격적이였습니다. 아이돌 이준이라서 충격을 먹은건지 영화 자체가 제게 충격적인건지는 영화를 보고 난 후임에도 불구하고 아리송하네요.  근데 이영화에 생각지도 못했던 반가운 얼굴 계시네요.뮤지컬을 통해서 알게된 서범석씨를 스크린에서 보다니 색달랐어요
7, 이준을 위한 영화예요~연기도 잘하고 새로운 발견이었어요~정말 열심히 한듯!!몰입도 높구요 다들 예상하시겠지만 오락적재미를 논하긴 어렵구요 하지만 볼만한 영화였습니다~ 이준씨의 연기로 보는 영화 헌데 쪼금 지루한 면은 있어요 이건 스토리상의 문제인듯~ 보지마~란소린보단 추천하지만 강추야!!는 아닌 정도였어요
9, 완전 몰입해서 본거 같아요! 생각지 않은 코믹적인 요소도 많았고 마지막 장면에서 눈빛이 정말.. 기억에 남아요.. 내일 배우는 배우다 개봉!!! 또 보러 갑니다. 대박기원!! 파이팅.!
10, 영화  연기 대체적으로 좋았고 지루하지 않고 이거면 되지 않나
10, 이준의 새발견  푸른 색조의 몽환적인 장면이 교차되면서 신비로운 분위기가 압권이었음. 하지만 편집된 부분이 너무 많은듯 함
9, 예능에서의 어리버리 이준 그는 바보가 아니였다 어쩜 천재였을지도 예능에서의 이준도 무대에서의 아이돌 이준도 우리가 알고 있는 이준은 영화에선 없었다 오로지 주인공 오영이 있을뿐
5, 배우 이준의 연기는 아이돌 같지 않았다는 점..거의 혼자 영화한편을 이끌고 가는 배우로서 대단하다고 느껴지지만  전체적인 영화 스토리는 이해가 안감. 연예계의 뒷이야기를 하는 건 좋지만 스토리가 이어지는 부분이 매끄럽지 못하고 서영희의 존재감을 알수 없음.
7, 생각보다 웃는장면이 많아서 무겁기만한 영화는 아니어서 좋았음 찍어둔 장면을 많이 잘라냈는지 편집이 친절하지 않음 알아서 생각해야함  러닝타임이 좀 더 길었다면 더 설득력있는 영화가 됬을것임 이준 연기 진짜 인상적이고 신인 배우란 생각만 들었음
6, 연예계의 뒷이야기이긴한데.. 스토리구성이 아리송.... 중간부분부턴 좀지루하고 무엇을 전달하려는지 잘이해가 안되더군요.. 그러나 배우로서의 이준의 연기는 좋은듯...
6, 배우로서 이준을 다시보게 되었습니다. 영화는 조금 지루하지만 남배우 혼자 끌어가는 건 정말 대단해보였어요. 잘봤습니다.
6, 아이돌이 아닌 이준이라는 배우의 연기는 기대 이상이였습니다. 혼자 극을 이끌어 가기에는 무리인듯 했지만 앞으로의 작품이 궁금해집니다.오영의 심리변화를 보여주는것같은 현실과 극의 구분이 애매했던 장면은 특히 인상적이였지만 배우탄생의 뒷이야기는 수없이 야기되었던 인간의욕심이불러온 뻔한 이야기 그 정도..
8, 영화 볼만 했어요! 진짜 연예계가 이럴까? 란 생각도 들구....
6, 이준이 가수가 아닌 배우로서 보였다. 하지만 이야기의 흐름은 엉켜있었다.
8, 가수 이준의 팬분들이 보았다면 적잖은 충격을 받으실지 모르겠지만 저는 배우 이준의 팬으로써 박수를 보내고 싶습니다. 현직 아이돌이 이래도 되나 싶을 정도로 강도 높은 애정신도 있고 꽤 강한 캐릭터의 연기를 정말 잘 해낸 것 같습니다~ 영화 중간 틈틈히 코믹 요소도 자연스럽게 들어가 있어 재미있게 관람 했습니다
7, 이준의 연기는 정말 열심히 노력했다는것들이 보인다. 짬짬이 보여졌던 익살스러운면도 나쁘지는 안았다.스토리구성은 좋았다. 혼자서 이 영화를 끌어가기엔 좀 부족함도 있었다.
8, 영화와 배우의 불편한 진실같다고 해야하나... 사람사는게 그런건지...이준연기는 기대이상이었고 영화는 좀더 재미있게 풀어나갈수는 없었는지 조금 아쉬웠지만 이런영화도 볼만은 하죠!!!
9, 기대 하나도 안하고 갔는데!!!! 이준님 연기도 자연스럽게 어우러졌던 것 같고  반가운 배우님들 보는것도 좋았고 군데군데 빵빵 터졌음^^  굿굿
10, 이준이라 기대된다..
8, 영화 좋았어요.
10, 연예계 뒷이야기~ 기대한만큼 리얼하고 잼났음!!
10, 쎄고 야한데 뭔가 재미있는 ㅋㅋ 소재가 되게 호기심 가고 볼 만 했어요 ㅎㅎ
10, 부산에서 보고 왔는데 힘든 예매 전쟁 치른 보람이 있었다! 영화 좋았음
10, 신연식 감독의 연출과 배우들의 호연이 만나 또하나의 볼만한 영화 탄생
3, 무엇을 말하고자 하는건지는 알겠지만  짦은시간에 너무 많은것을 전달하고자 하여 조잡한듯한 느낌이 들었음
10, 부국제에서 미리 영화를 볼 기회가 있었는데   이준씨는 아이돌 안 하고 그냥 배우하셔도 되겠던데요  앞으로도 좋은 모습 보여주시길!
10, 먼 길 돌아온만큼 좋은 결과있으리라 믿어요~
10, 연출 시나리오 연기 다 좋습니다. 거기가 조연들의 연기까지...특히나 주연 이준의 연기가 대단하더군요 다음작품이 기대되는 배우가 될것같습니다.
8, 생각보다 재미있고 생각보다 야하고 생각보다 쎘다! 개봉하고 나면 이슈 좀 될 듯
9, 시간 가는 줄 모르고 완전 집중해서 봤네요~!
10, 아이돌중에 응원하는 이준!!  예능에서 멍한역 그만하고 훌륭한 배우로 성장하길~!! 성격이 솔직하고 남자다운게 딸있으면 사위삼고 싶음^^
10, 에이플으로서 정말 기대하고 있었는데ㅠ청소년 관람불가라서 슬프네요ㅠㅠㅠ슬픈 소녀팬들 대신 많이 관심가져주시길 바래요~ 배우는 배우다 화이팅!!!
10, 부산영화제에서 너무 재밌게 봤어요 ^^ 개봉하고나서 대박나셨으면 좋겠네요. 배우는 배우다 화이팅!♥
10, 이창선♥
10, 이준쫂
10, 이준
10, 아이돌 이준이 아닌 배우 이준으로 기억될 수 있는 작품이라 생각해요. 많은 분들의 댓글처럼 솔직히 아이돌의 연기가 어디까지일지에 대한 약간의 걱정이 들었는데 쓸데없는 걱정이었네요 :)
10, 음...정말 기대되네요 ^^ 얼른 보고싶다
10, 좋은 시나리오부터 독특한 교차편집과 좋은 배우들의 연기까지 완벽하게 조화를 이룬 수작
5, 뭔가 부족한 스토리 전개. 이준의 연기는 쏘굿. 배우의 탄생과 절정 그리고  끝을 보여주는 과정이 매우 압축적이고 간결했다. "좀 더 섬세했더라면.." 하는 아쉬움이 든다. 처음과 끝이 주는 의미를 명확하게 전달한 영화. 배우_이준에게는 박수를
10, 이준연기좋네요
10, 10점 드리겠습니다. 앞으로 이준씨의 브라운관에서 활약을 위해
5, 거시기하네요...(?)
10, 보고 왔는데......이준 정말...카리스마와 연기 소름끼칠 정도에요. 예능에 나오던 이준 맞나요?? ㅜㅜ
10, 첫주연작인데다가 원톱주연이여서 잘 이끌어갈 수 있을까 걱정했는데  영화를 보니 괜한 걱정을 했다는 생각이...
10, 배우로써의 이준이 기대됩니다.
8, 김기덕이란 동그라미에 얼굴을 그린 신연식
10, 개봉만을 기다리고 있습니다....흥행하길 바랍니다!!!!!!!!
10, 그 동안 드라마 단역부터 성장해온 아이돌 배우니 믿음이 갑니다.
10, 예고편만 봐도 흥행할 것 같네요~ 빨리 보고 싶어요ㅠ
10, 신연식 감독  김기덕 시나리오  배우 이준 등 뭐하나 빠지는거 없이 완벽하네요!!!ㅎㅎ
9, 노력하는모습이 되게 보기좋은듯! 영화는영화다의 후속작인 만큼 그만큼 기대도 많이될듯!!
10, 배우로서 더 성장할수있는 계기가 되길!!!
10, 아이돌중에 연기잘한 분 못봤는데 이준씨는 예고만 봐도 임팩트있게 잘하는것같아요 기대됩니다^^
10, 배우는배우다 흥해라!! 이준화이팅!!!!
10, 김기덕감독님의 시나리오에 신연식감독님의 연출  이준씨의 열정과 매력이라면 좋은 영화일것이 분명합니다.
10, 우리 이배우님 최고!!!!!
10, 짱~
10, 이준 연기 기대된다~!!!! 이준 화이팅!!!!^^
10, ><
10, 이준씨 연기 기대할게요~
10, 예고보고 기대중~~  이준 화이팅!!
10, 배우는 배우다 너무너무 기대하는 영화입니다.   빨리 보고 싶어요.....  부국제때는 못가서 10월 24일 만 되길 세고 있습니다....
10, 부국제 공식초청작이라니 더 기대되고 빨리 보고싶어요
10, 허허..19금이였군요ㅠㅠ그래도 배우 이창선 사랑하고 항상 응원할게요! 이준씨러블리♥
10, 이준 주연작! 너무너무 기다려지네요. 김기덕  신연식 감독과 함께라니 더욱더  청소년들도 볼 수 있으면 더 좋았을 것을..난 볼 거지만  보고 싶어도 볼 수 없는 다른 펜들은 많이 아쉽겠네요 '배우는 배우다' ~ 대박나길~~~~
10, 이준씨의 연기  야누스적 매력이 굉장합니다!!! 이 영화에 크게 기대합니다❤부디  일본에서도 공개해 주십시오.
10, 티저만 봤는데도 너무 기대되네요!
10, 배배다화이팅
10, 배우 이준의 멋진 연기 너무너무 기대됩니다!!
10, 배우는 배우다 진짜 기대하고 있어요!!
10, 배우는 배우다 대박기원합니다!!!  이준 아자 아자 화이팅!!!
10, 사랑합니다
10, 응원합니다이창선화이팅♥
10, 예능에 감춰졌었던 연기열정 폭발일듯
10, 배우는배우다
10, 김기덕 감독의 이유도 있고  상당히 많이 기대하고 있습니다. 빨리 개봉했으면~
10, 이준
10, 이준의 표정연기가 넘 대박이네요. 개봉일이 벌써 기다려지네요. 언능 보고 싶어요. 배우의 질곡의 삶을 어찌 풀어놨을까요?  배우는 배우다 대박!!!!!!!
10, 부산국제 영화제갑니다 기대가 커요
10, 기대됩니다~^^
10, 기대되요!꼭보러가야겟어요
10, 관람 후 도 기대만큼 별 10개 영화가 되기를
10, 빨리나왔으면 좋겠네요ㅠㅠ
10, 개봉 빨리 좀 하면 안되나? 궁금해 죽겄다
10, 기대하고 있습니다
10, 배우는배우다 티져보고진짜소름돋음ㅠㅠㅠㅠㅠ꼭봐야지
10, 기대 많이 하고 있어요 빨리 개봉했으면
10, 기대하고 있어요 거칠지만 신선한 느낌의 영화가 될거같아여
10, 이럴때 나이 먹엇다는게 좋구만 19세 ㅜㅜㅜ라니 기대함
8, 풍산개를 너무재밋게봐서 기대합니다..
10, 영화는영화다 패러디인가. 서영희 나오니까 봐야겠군. 연기잘하는 배우.
10, 많이기대되요!! 예고편만 봤는데도 재미있어 보이네요!! 화이팅! 대박나세요♥
10, 굿굿
6, NEW 배급사지만 스크린을 얼마나 확보할 수 있을까...배급사만 보고 6점 준다 .
10, 진짜 기대되는데.. 창서니 오빠 사랑해요.. 제발 19세만 아니기루ㅜ
10, 나도복앂다 ㅠ 왜19세야 ㄸㄹ
10, 빨리 보고싶다
10, 19금이라는점
10, 아진짜기대됨
10, 이준연기진짜기대되요ㅠㅠㅠㅠㅠㅠㅠㅠㅠ
10, 넘 기대돼요~ 꼭 보러 갈께요~!
10, 영화 정말 기대됩니다^^
10, 이준기대돼♥
10, Viva actor Joon!!! can't wait to watch this movie!!! ^__^
10, 뭐든 열심히 노력하는 이준을 알아봐주신 감독님께 감사. 이준 연기 완전 기대 만땅!!! 두근두근
10, 빨리개봉했으면좋겠네요 너무기대됩니다^^
10, 드디어 개봉함 완전기대 얼마나 기다렸던지 이준의 연기를 볼수 있는 날이 얼마 남지 않았다 부산국제에서도 등장하는 모습 보고 싶다 부산까지 가자 이준!!!!!!!!!!!!!!
10, 이준 영화 기대되네요 빨리 보고싶다 ㅠㅠㅠ
10, 빨리보구싶네요ㅎㅎ개봉날만기다립니당 ㅜㅜ
10, 기대하고있습니다ㅎㅎ
10, 올해 하반기에 가장 기대되는 작품입니다. 배우 이준으로서의 모습 기대하겠습니다^^
10, 기대됩니다. 빨리 보고싶어요.
10, 빤니빤니♥♥
10, 기대중 빨리 개봉했음 좋겠네요^^
10, 김형준기대됐다
10, 영화 개봉하기만 기다려요~ 이창선 ^^b
10, 김기덕이라면
10, 꼭 보러가겠습니다. 배우는 배우다 파이팅!
10, 청소년관람불가만아니길.제발.....
10, 서영희 보고싶다 ......다시한번 화이팅>>>>>>ㅌ>>>>ㅣ>>ㅇ
10, 많은 노력을 했을텐데 대박 나고 개봉 빨리했으면 좋겠다ㅎㅎ 이창선 배우님 기대할게요♥
10, 대박나라!!!!!!! 이준 화이팅
10, 이준이 인정받을 기회다 개봉하면 꼭 보겠어! 모든사람의 마음을 훔칠 영화가되길 기도합니다
10, 기대만땅  좋은 영화 대박나길
10, 이준 연기에대한 열정이 큰거 같던데.. 좋은 연기 보여주길 바랍니다.
10, 핳....이준..!!.
0, 미스캐스팅.. 배우의 삶을 그리는 영화에 이준이 주연이라니..ㅋ 제발 아이돌 안쓰면 안되나요
2, 김기덕 영화에 이준이라...이준 좋아하지만 얘 연기 별로던데 정글피쉬서 보니까. 못하는건 아닌데 먼가 오그라드는 연기...
10, 기대기대
10, 김기덕 감독님과 관련된 모든 영화는 무조건 만점이다!!! 이준도 참 좋아하는 연예인인데 암튼 대박나라
10, 이준 양동근씨 나오신다고하시니 기대만땅^^
10, 19금일것같은삘링이...ㅋ
10, 이준오빠영화기대되용~이준오빠화이팅!!
10, 이준완전 기대되여!!! 꼭챙겨볼게요
10, 오  이준  완전 ~기대
10, ♡
10, 이준 첫주연 영화 배우는배우다 정말 기대됨. 이준 연기도 기대되고 줄거리도 흥미로움
10, 형준이랑 이준이랑 나오는구나 ㅋㅋ 기대되긔 ㅋㅋ
10, 김형준 완전 기대된다  화이팅♡
9, 이준... 이번에 제대로된 연기 보여주셔서 배우라고 불리셨으면 좋겠습니다~ 그리고 서영희씨 작년에 여우 주연상 받으셨는데.. 이번에 기대됩니다~
9, 감독님과 배우 ! 완전 기대합니다 ^^
10, 오 이준~
10, 준이라면 아니 이창선이라는 남자라면 잘할수잇을거야 ㅎㅎ 늘 팬들도 주위사람들도 양화관계자들도 응원하고 기대하니깐 열심히해여ㅎㅎ 이준 화이팅!!^^ 잘할수잇어ㅎㅎ
10, 영화 완전 기대되네ㅎㅎ 이준♥ 연기완전잘함 꼭봐야지
10, 이준 오빠 나오다니........ 정말 좋네요. 기대되요^^
10, 준오빠가 주연..ㅎ 좋네요! 기대중입니다!
10, 진짜 대박ㅋㅋㅋ이준나오네 꼭봐야겠다
10, 쭌오빠 나온당><♥♥♥♥♥♥
10, 너무 기대되요!!!!!!!꺆!~
10, 1빠
