9, 인디영화 중에서 이렇게 유쾌하게 영화를 본 적이 없어요. 참 좋은 영화인데 연극과 영화의 차이를 계속 생각하면서 보게 되는 영화
5, 카페라는 한정된 공간에서의 여성들의 수다..거기에 감초같이 끼어있는 바바리맨과 카페 사장.ㅋ 신선한 접근 자연스런 연기는 좋았다...그렇지만 그 수다 뒤에 남는 감동은 글쎄..??ㅋ
8, 있을 법한 이야기  자연스럽게 잘 풀었습니다. 주인공 연령대에 비해 영화나 대학 다닐 때의 추억이 좀 오래돼 보이긴 한데 감독의 영향인 듯 싶네요. 남성 감독이 여성들의 일상적 수다를 영화로 만든 동기가 궁금해집니다.
9, 전 영화재밌게봤어요! 보면서 좀 놀랐던게 배우분들이 연기를 진짜 잘해요 자연스럽고 사실적으로! 감정 표현도 잘 드러나고 개인적으로 재밌게봤네요
9, 연극으로 호흡을 했더라면 더 좋았을 영화이다. 좋다.
10, 영화 괜찮더만...꼭 액션이 들어거고 야한 장면이 들어가야 영화가? 이런 영화가 분위기있고 좋은 영화인데..별 5개
0, 별1개도 아깝다..영화를 보는 관객들은 이런 시덥잖은 잡답을 보길 원하는게 아니다..잡담도 잡담다와야지..아니 뭔가 감독의 철학이나 세상을 향한 시선  혹은 생각을 하게 만드는 잡담이던지..이건 뭐 진짜 20대 골빈년들 남 뒷다마 수다타임을 그대로 옮겨다놓으면 무슨 비포선라이즈같은 웰메이드 잡담영화가 되나??
1, 저런 시덥잖은 잡담을 왜 보고 앉아 있어야하나.. 나 자신이 한심하게 느껴지는 영화..-_-
8, 예상밖으로 재밌네요
8, 난남자다 생각없이 봤다가 생각하게한 영화      내용은 진부할지라도 여운은 진부하지않았다       여자들이여 활활타오르는 사랑에 실수하지말아라  그 불이 꺼질때쯤 그불씨를 소중하게 지키는사람을 만나라   아픈사랑은 보다 커보이지만 그게 당연한사랑이되면 다시 진부해질것이니까
7, 자연스러운 연기와 깔끔한 연출이 일품이군
10, 남자가 봐도 좋을영화.신선했다.
6, 이야기의 얼개는 이미 주인공이 말했으니 카피이고.... 그러나 그것을 이끈 연기자들의 힘에 대해서는 그나마 위안이 된다. 조금만 더 참신하고 조금만 덜 인용하고 치기스러웠다면  그 앎이란 것에의 진일보가 필요했다........ 카페 주인의 모습처럼 난 보는내내 민망했습니다.
1, 골빈년들 존나떠드는 개쓰뤠기영화
6, 그냥 언니들 수다떠는거... 남자들은 보기 힘들지...ㅎㅎㅎ 언니들이 진짜 친구인 것 처럼 연기는 잘하더라...ㅎㅎㅎ
2, 아이디클릭-관람후460편- 관람전10편-알바아니라는증거임ㅎ)~~대사를엄청치네요 지루한 영화인데다가~~~ 제작비 정말 하나도 안들었을 영화 ~~!!
10,   
3, 모든 대사가 진부함과 썰렁함으로.
9, 괜찮네요. 남자라서 수다에 계속 몰입하긴 쉽지 않았지만 연기자들 연기가 참 자연스러웠고 후반 약간의 긴장감도 있었죠. 전체적으로 따뜻한 느낌을 받았습니다. 한마디로 평하자면 카페의 세여자와 손님들을 통해 현실의 일상을 보여준 좋은 영화네요.
3, 새로웠지만 지루해도 너무 지루하다!연극의 장점도 영화의 색갈도 찾을수없는
9, 괜찮네요~ 예전에 mbc 에서 하던 베스트극장 본 느낌 이랄까~^^
