3, 두번째예기 빼고2가지예기 압뒤가않맛는요즘젊은얘들 예기나도학교때이영화같은상황에많이싸우고맛고다녓는데저런얘들만보면줘패서작살내버리고십네 그러고배달업체다니면서환승못한할배 나도늙어서저렇게않될라고 많이저축해고 내돈관리하는인간들똑바로않하는것같다 그런가세상은돈주는사회가아니라벌은돈뺏어가는세상이
10, 많은 것을 다시 생각해보게 하는 영화입니다.
10, 나 스스로는 측은지심의 시선을 갖고있다고 생각해왔는데   한없이 부족하고 편협된 시각이었음을.
7, 쏘쏘 그냥 생각이많아지는 영화 ㅠㅠ
6, 1.가난한 아이와 몸이 불편한 아이 사이 혹은 누구나 우정엔 용기가 필요한법. 2.노인에게 세상은 너무 빠르고  호의가 악의로 쉽게 바뀔 정도로 각박하다. 3.흑백의 이분법이 편하지만 회색은 갈곳이 없다. 얼음강이 best
6, 앞으로도 계속 뿌려져야 할 시선들. '얼음강'이 인상적이다.
5, 두한에게는 자막이라도 넣든가 짜증나서..봉구는 배달중 되게 재밌었음..얼음강은 그래 좋다 양심적병역거부 가족을 그리는건 좋은데 감독이라는 작자가 관객을 강요하는 느낌이 든다 un이고 나발이고 병역은 의무다
9, 독립영화 실력자들의 스타 리그  옴니버스라는 피로감이 극복되는 수준이다. 개인적으로 '봉구는 배달중'을 가장 재미있게 봤는데  '얼음강'은 단독 장편으로 만들었어도 좋았을 듯. 주인공이 혹여 - 평소라면 1%도 공감 안되는 - 여호와의 증인이라도 납득이 될 정도로 감정을 설득하는 솜씨가 탁월하다.
7, <봉구는 배달중>이 하나의 단편만으로도 충분히 볼만한 가치가 있는 영화
6, 이런 양질의 단편들이 많이 나와야할텐데.....병역거부에 대한 시선을 영화로 풀어낼줄이야..신선했다.
8, 문자적 성경 해석으로 총을 들수없는 종교관..!! 그럼 계시록에 검을 드신 예수님은 무엇인가?
10, 두한에게  좋아요
8, 첫번째는 사실적이고 두번째는 유쾌하고 세번째는 씁쓸하다.  그래도 인권에 대한 문제 제기라면 세번째가 가장 시의적절하지 않았을까?
6, 의미는 있지만 전체적으로 깊숙히 파고 들어가지는 못한 느낌...특히 세 편중 마지막 이야기는 어긋난 종교집단을 대변하고 있는 느낌이라서 상당히 불편했다!
8, 상대적으로 약하고 외로운 사람들에게 조금더 관심을 갖고 따뜻한 시선으로 바라봐주면 더 좋지 않을까 하는 생각이 들었다..무시하고 냉대하고 등쳐먹을 생각만 하지 말고   쫌!
9, 사회적 약자 그리고 우리의 배려가 필요한 사람들의 옴니버스 영화. 봉구는 배달중 마지막 장면에서 글을 모르는 할아버지가 난생 처음 영상메시지를 보는 장면에서 그만 왈칵했고  얼음강은 글세.. 이건 좀 생각을 해봐야될것 같은 문제네요.
2, ..내용 연기 편집..다 별로다..대학생 습작 보는 듯 너무 부족한 영화를 왜 돈주고 보라느 건지.. 모든 면에서 떨어진다.. 특히 엔딩크레딧을 단편 끝날때 마다 올려서 맥이 뚝뚝 끊긴다.. 그나마 내용은 두번째 할아버지 나오는 스토리가 젤 나은 듯 한데.. 사실 이것도 말은 좀 안된다..
10, 첫번짼 별로고요 두번째는 볼만하고 세번째는 폭풍 눈물이 ㅠㅠ 대체복무제 빨리마련해주세요 ㅠㅠ
10, 현실에 겁먹어 갑갑하게 느끼기도 했지만 영화가 보여주고자 했던 것들이 풋풋  발랄  진지하게 다가왔다. 좋았음  많이 좋았음.
8, 국가인권위원회 제작이라길래 꽤나 계도적일줄알았는데... 아프고 어려운 이야기들을 따스하게 일상처럼 잘 그려내서 좋았습니다.
10, 무겁지 않고도 과감하다. 깊이있게 생각하게 한다.
10, 가슴짠하고 많은 생각을 하게하는 영화네요... 이런 좋은영화가 많이 만들어졌으면 하는 바램입니다~^^
7, 세 편 중 두한에게 가 제일 낫다. 가장 일상적이고 영화적이다. 보면서 이게 영화다 라는 생각이 든다. 다음에 봉구는 배달중 전체적으로 재미있기는 하지만 좀 현실적어지 않다는 생각이 든다. 세번째 이야기는 너무 무거운 이야기를 무겁게 다룬다.
10, 세가지 이야기 모두 크게 공감합니다. 배우들의 연기도 훌륭합니다. 세상을 보는 나의 시선에 대해 생각해 봅니다.
10, 영화가 끝났지만  납덩이보다 더 무거운 마음이 나를 자리에서 못 일어나게 만들었습니다.  경제적으로는 선진국을 바라본다지만  인권에 대해서는 무심함을 넘어 무지함을 안고 있는 이 사회  언제나 바뀌려는지...
8, 진지하고 사려깊게 접근해야 할 무거운 인권문제를 가벼운 마음으로 즐기며 볼 수 있는 드라마로 잘 풀어낸 세 작품이 예쁘게 어울려 모였다. 픽션 장르를 차용해 보다 다양한 관객층을 담보할 수 있을지 모르지만 '어떤 시선'의 제목처럼 인권문제에 대해 편협적인 시각을 주입시킬 우려는 피할 수 없다.
8, 첫번째 작품은 지체장애인에대해 다시한번 생각해보게 하는시간이엇고 두번째는 독거노인의 복지에대해 생각해보게하엿으며 세번째는 양심적병역거부자들에 대해다뤗는데 배우들이 연기를 잘해서..몰입하게만듭니다 전체적으로 수작인듯..  죽어도액션 스토리개나줘버려 생각따위필요없어 하는분에겐 바로잠들수잇는소재
10, 잔인하고 성적인 소재만 가득한 영화들 속에서 그래도 이런 훈훈한 영화들이 있어서 다행이네요~^_^
10, 좋은 영화입니다.
9, 안내하시는분들 덕분에 일행분과 무사히 영화볼수있었네요 너무 감사했습니다ㅠ 첫번째 영화 제외하고는 다 좋았습니다. 첫번째영화는 주제는 보이는데 제가 이해하기 힘들었던 영화라.. 너무 좋았습니다
10, 저는 작품 하나하나가 다 정말 좋았습니다. 우선 영화로 이런 문제들을 마주한다는 것이 특별하고 귀중한 경험이었습니다. 세 작품 모두 소수나 약자를 향한 우리의 시선에 관해 고민하게 할 참신한 도전이었다고 생각합니다.^^
8, 세감독의 각기 다른 세가지의 이야기 세상사는 이야기속에 묻어나는 편견도 볼수 있었습니다 나만은 열린 마음으로 봐야겠다는 생각도 했습니다
7, 시사회로 보게되어 영화관에 찾아가는 불편함은 있었지만.. 볼만한 소재들로 되어있었습니다. 단편을 모아놓은  평소 생각지 않았던 소재에 대한것들.. 가끔은 소소하게 웃음짓게되는 그런 장면들도 많았네요~
9, 마지막 에피소드는 생각하게 만드는 소재입니다. 이해하기 힘든 인권입니다.
8, 영화 소영화 소재도 좋고 스토리도 좋고 정말 재밌었습니다! 표현도 좋았고요!
9, 부산국제영화제에서 매진 될만하네~ 감독님들이 말하고자 하는 내용이 영화를 보면 바로 알수있다.
8, 영화로 보기 힘든 주제들. 시사회로 볼수있는 기회가 되어서 좋았다.
9, 계몽적이지 않게 세련되게 인권을 얘기한다. 특히  <얼음강>편은 용감했다! 덧붙임... '서프라이즈'란 액터 그룹의 김동현(공명)군은 눈여겨볼 만 하다!
8, 함께 이야기를 해야만 하는 세 가지 주제. 신체가 불편한 소년은 양심에 망설이는 청년이 되고  외로운 노인이 된다.
10, 꼭 봐야겟다..ㅎ 공명오빠가 나왓엉♥
10, 3편의 작품모두 감동이였습니다 그 중 민용근 감독님 작품 얼음강 함께하며 눈물을 안흘릴수 없었습니다 정말정말 감동이였습니다 주인공역의 선재역을 맡았던 신인 배우또한 관객들에게 깊은 감정 전달을 잘 해주신것 같습니다
10, 역시 서프라이즈 "공명"김동현  연기력 대단합니다.  첫영화라면서 신인답지 않은 감정표현과 전달이 정말 한류배우가 될만한 배우가 될듯하네요. 작품성도 좋았고요. 눈물 찔찔 ~~~
10, 기대가 많이 되는 영화입니다!
