7, 소재도 잘 선정했고 배우들의 연기나 전반적인 화면구성 연출 등은 괜찮았음. 다만 시사점이 다소 설득력이 부족하고 복잡하게 변하는 플롯에 비해 시점 변환에 대한 장치부족은 아쉬움. 불친절한 영화. 무엇보다 가장 아쉬운건 관객들의 영화 이해 수준.
7, 너무 많은 이야기 연관성으로 짜맞추기식 편집을  배우들 연기로 극복했다
8, 이상한 평점이 더  문제다 그래서 평가 자격제가 있어야할듯~ 이정도 연기력에 연출이면  국제영화제  남우상이나 감독상 받아야하지않나?
0, 어거지로 점철된 한심한 영화~
4, 의미없는 교차편집으로 멋있어 보이거나 있어보이려고 했다면 대단한 착각.  정상적인 이야기 전달마저 힘들게 만든 이유가 무엇인지.
9, 숨겨진 명작이다. 배우 태인호의 재발견! 연기 정말 대단했다!
5, 그가 벗어나지 못하는 게 아니라 벗어날 수 없게 옥죄는 우리들. (태인호의 다른 영화가 또 보고 싶다.)
7, 영도  꽁  모두 팬인데.. 역할이 별로 어울리지는 않았어요~ 그래서인지 몰입감이 약간 떨어지더라고요...두분다 각자의 개성이 강하다보니 역할에 대한 몰입감 보다는 그냥.. 웃음이 나더라고요..;; ;;; ;;
10, 무슨 영화인지 이해가 안가면 빵점이냐.
4, 연좌제...라고 하기엔 너무 거친 언행들..충분히 연쇄살인범의 아들답다?라고 느끼게 되는 세상에 대한 폭력과 불만은 동감을 이끌어내지만 그렇다고 그것만 영화내내 끌고가는건 스토리의 부재라 하지 않을 수 없다. 불편함을 참고봤지만 결말이 너무 황망해서리...4.3
7, 상당한  퀄리티가  느껴진다.  좀 더  심플하게  편집했더라면..
2, 볼 영화가 아님 감독이 한심하네요
7, 폭력 빼면 줄거리를 이야기 할수가 없다!~ 폭력을 보여주는게 목적은 아니었을텐데...
5, 보는 내내 불편했다. 그냥 그랬다.
7, 살인자의 가족은 가해자인가 피해자인가  영도를 통해 고통스런 삶을 사는 또다른 이들의 내면을 들여다 볼수 있다. 주인공의 날선 연기와 조연의 구수한 사투리가 기억에 남는다.
3, 독립영화 특유의 어두운소재   독립영화가 상업영화와 맞짱뜰수없는 주된이유   독립영화만드시는분들아   밝은 영화 좀 만드세요  
6, 연기  영상  미장센 모두 좋았습니다. 영화 보는 내내 영도에서 벗어나고 싶었습니다. 굿~
0, 저도 이런 영화 이젠 좀 그만 만들었으면 좋겠네요.
2, 독립영화같은데  도대체가 무작위 욕설에 이유를 알 수 없는 폭력과 신파같은 어설픈 요소에 ㅡ 남주는 아무 대사도 없고ㅡ 정말이지 인내심을 갖고 보려해도 어이없는 영화 특히 결말은 정말 욕 밖에 안 나온다
10, 새로운 증오를 찾아서 달리는 우리.
10, 간만에 몰입하게 만든영화네... 정말 11점이 없어서 아까운 영화..
9, 미친놈에 의해 미친놈이 되가는 영화
10, 11점이 없어서 아까운 영화!
10, 다양한 생각을 하게 만드는 정말 좋은 영화. 이야기와 연기들에서 고생한 모습이 역력하다. 밑에 한심한 평과 댓글을 보면 저예산 한국독립영화의 갈길이 아직 멀고 험한것같아 씁슬하기 그지없구나. 힘내세요!
7, 내용이 완전히 이해되진 않았지만 태인호의 연기는 괜찮았다. 미생 성대리와는 전혀 다른 이미지!!
0, 말 그대로 쓰레기 영화
10, 연기를 너무 잘 하시네요..
3, 마지막은 일종의 단죄에 대한 종교 의식과도 같이 느껴지지만...그래봤자 겉멋에 치중한 무의미한 배설과도 같은 영화일 뿐....이런 영화에 그 이상의 의미부여는 사치다.
0, 병신...참 영화 좆같이 찍었네..저것두 감독이라구..아마도 부산영화제 로비로 들어갈듯함
5, 그냥 그런 안타까운 인생극장을 보는듯한....
2, 이런영화 좀 안 만드렀으면 .. 사실 이런 인생 거의 없습니다.
8, 사회성 있는 소재로 만족할만한 분위기와 배우들의 연기가 썩 괜찮은 작품 이였다.
9, 볼만하네 똥파리랑 비슷한거 같기도하고..재밌다
2, 영화 만드느라 수고는 하셨지만  우리 쫌 잔인한 영화 좀 그만 만들자~ 미국의 미디어 연구가들에 의하면 사람이 시각적 폭력에 노출됐을 때 두뇌의 크기가 쪼그라든다고 한다. 얼마든지 감동적인 스토리로 메세지를 전할 수 있는 방법많다. '정신 차리자'는 의미에서 1점은 준다.
10, 개그맨 홍경준이도 보이네. 영도 윽씨 재밌다.살마이 찟다 홍경쥬이
8, 아 미생보고 뻑간 배우 영도로 마음을 다시 흔드는구나.. 지옥같은 인생의 굴레... 영도야 울지마라.~
9, 내가 어떻게 살아야 하냐고 울부 짖던 영도의 모습이 영화를 보고 나오는 내내 잊혀지지 않더군요.
9, 미생&만국유람기 팬으로서 두분의 연기력 짱입니다 (영도)출신으로 재미있게 잘봤습니다
10, 몰입해서 재밌게 봤어요
9, 지독한 인생의 굴레...
7, 나쁜피를 기어이 만들어 버리는 세상의 편견들! 그러나 그 누구도 탓할 수 없다.  두려움과 원한을 벗어버리기에는 우리 인간이 너무나도 연약하고 사악하기에 ㅠㅠ그리고 꽁! 연기 너무 잘해! 나도 꽁 같은 친구가 있었으면 좋겠다!
8, 영도를 보며 영화 피에타의 강도가 생각났었다. 누가 더 불쌍할까... 강도와의 차이점은 어느 날 갑자기 당한 교통사고처럼  어느 날 갑자기 씌여진 낙인으로 인해 궁지로 내몰린 인생이라는 점.
8, 태인호의 명연기가 영화를 살림 초반부의 연출은 부자연스러워 좀 지루할 수 있음
8, 나쁜피란게 있긴있나봅니다. 많이 거칠고 잔혹하지만  그 삶이 영도의 운명이었나봅니다.
7, 어릴적부터 연쇄살인마의 아들이라는 이야기에 분노조절 장애아가 되어버린 사람의 이야기를 꽤나 터프하게 풀어냈다. 마지막 이야기를 버리고 아트로 선회한듯한 망상이 조금은 아쉽다. 터프한 그의 일생만 보여주고 마무리를 덜한 느낌이랄까? 그래도 전체적으로 나쁘진 않았지만 아쉽다.
9, 지루한듯하나 박진감과 감동이 함께 다가 왔습니다. 무엇보다 죄의식에 대한 생각을 깊숙히 느껴보는 소중한 시간이었습니다.
8, 영화 완성도 높다. 미생에 나온 태인호가 이런 면이 있었나 싶다. 살인마 자식의 인생을 다뤘다는 영화가 심각한 소재인데 주인공 친구 때문에 폭소도 나오고  소름끼치는 장면도 있고. 재미있다.
0, 이영화 보고 생각나는게..딱 3가지...욕 잔인함.지루함.
10, 개봉했나요 
10, 미생 성대리 태인호의 충격적인 연기변신!!! 소재자체가 파격적  다큐멘터리 느낌. 태인호의 마지막 내면연기는 볼만하다. 태인호 눈빛은 갑!
10, 성대리 태인호씨의 연기력이 장난아니라고 들었는데  정말 기대되어요. 포스터의 눈빛이 예사롭지 않네요. 영도 기대백배입니다~~~
10, 제가 이런 장르는 잘 안 보는데 샀던 햄버거도 먹지않고 집중해서 봤네요 영화보면서 느낀점이 많아요 기회되시면 꼭 보세요! 좋은 영화입니다
