7, 임ㅈ당정을위한 안내상의영화
8, 뻔한내용  임창정의 에드립...그래도  그 순수함에 높게 평점내리고싶다.. 엄정화씨와 같이 노래면노래 연기면연기  ..아주 그냥  왕 팬임
10, 손은서 진짜 이쁘다 대박 자주 티비에서 보고싶다
0, 임창정연기를 묵사발낸 영화 ㅠ  최악~ 임창정님 이런영화는 출연하지 말아주세욤~
0, 임창정 영화 중 최악. 연출도 허접. 안내상 사무실에서 흰셔츠 검은정장에 피칠갑으로 담배 피던 머리흰 늙은 중년의 임창정이  납골당으로 장소가 바뀌니 머리가 새카만 청년에 검은정장만 입고 있음. 스토리 개연성 없고 주인공은 멍청하게 당하기만하고 왜 제작비 낭비하며 이런 병맛영화 만드는지. 느와르 축에도 못듦.
0, 안내상한테 쳐맞고 실제 연기 상대 안된다는걸 보여준영화 안내상을 위한영화임 막판도. 주먹도 안날리고 쳐맞다 칼맞음 임창정 전에 경상도 사투리연기 장난하나 연기경력이 몇년인데 사투리가 어색하노 인자 노래만 해라 안내상 고상하게 담배피다 죽죽음??  장난하나
9, 재미있다ㅎㅎㅎㅎㅎㄹㅎㅎㅎ
6, 연기는 좋았는데...스토리 연결이 너무 엉성하다..
9, 시간가는줄 모르고봤다 임창정연기는 진짜bbb 슬프고 기분더럽고 잊혀지지 않는 영화...
8, 내맘대로 태어난 것도 아녔고 내맘대로 살지도 못했는데죽는것만이라도 내맘대로 하고싶다.내맘이 시키는대로.B급정서양아치느아르라 하지만 임창정이 보여주는 처절함이란 6점으론 아깝지않나.
6, 빛나는 임창정..하지만 칙칙한 연출과 이야기...
10, 쵝오
8, 기대 않고 봤는데 나름 괜춘
6, 양아치 ?
7, 복수가 가능한게 조금 억지스럽다.
9, 인간보다 벌레가 더 인간적인 세상.....................세상은 .....버러지보다 못한 인간들이 너무 많구나 담배맛 좋다....씨벌...........쿨럭.................
10, 남자는 말이다.한순간 이었어도...가슴에 담은 여자를 절대 잊지 않는 법이다.그것이 남자다.....그것이 바로 양아치와 남자의 차이다.
8, 임창정 노래면 노래 연기면 연기 악역을 해도 왠지 마음이 가는 멋진 배우 최고   근데 여배우 뭐냐  발연기가 최악
5, 소주한잔  뮤직비디오에 나오는  창수랑  동일한 이름이네요^^
0, 이런영화 찍지마 .............짜증나 ............ 안내상의 연기가 더 인상적이야 ......................창수 정말 내가 저렇게 살까 너무 겁난다 .. 인생 막사는 넘이야 ...인생 사는대로 느끼는거야 자기 생각대로 인생 못살면............... 벌레같은 인생
4, 안내상씨 연기가 훨 인상적...
8, 그래 여자를 때리면 안되지
5, 클리셰 범벅의 사랑 이야기. 울고 싶어 봤는데 울지 못했다.
10, 임창정 영화라 봤어요.마지막 장면이 좋군요."그래도 지구별 소풍엔 행복했던 순간도 있었드랬다."임창정은 물론이고 안내상과 정성화의 연기력에 만점 드립니다.
10, 완전 감동
5, 임창정은 코믹으로 나올때가 낫다 여기선 폼잡는 역활좀 해보려고 한것같은데 무지 안어울리고 어색함 영화는 핵노잼
9, 임창정만큼 인생의 희노애락을 표현할 수 있는 배우가 한국에 얼마나 될까. 그는 정말 좋은 가수이고 또 배우이다. 임창정을 위한  임창정에 의한  임창정의 영화  잘 봤습니다.
10, 다됬고.. 임창정은 연기를 하지않는다. 실제다 실제..대사를 외우지 않는다는데 그래서 이런연기가 가능한듯.. 대사에 갇히고 감정에 갇히면 저런연기 못한다.. 임창정때문에 10점
0, 평점에 마이너스가 없다는게 안타까울뿐. . . 분위기 잡고 제대로 만든 시트콤 같은 영화
8, 첨엔 코믹영화인줄ㅋ..살벌하고 결말도 암울한..ㅠㅠ
10, 내용은 크게 대박은 없었지만 연기력 하나는 정말...연기력 때문에 감명깊게 본 영화.임창정은 정말 본업이 가수출신 배우같다는 생각마저(가수로서도 엄청난 사람이지만)...임창정을 보면 내멋대로 해라의 양동근과 더불어 연기같지 않은 연기의 쌍벽을 이루는 나에게 있어서 유일한 2인...
0, 임창정은 왜 항상 동네양아치나 백수건달  또는 어리버리한 배역만 맡냐..
10, 어느 사람에게는.. 감동이 있는영화. 어느 누구에게는 감동이없는영화가 있을뿐!
4, 그닥   뭔가 많이 미진함. 볼거리나 여운도 부족하다.
7, 임창정의 연기는 정말.훌륭하네요 그리고 스토리.자체가2000년대 초반스타일 개연성 자체는 부족한게.사실이지만그래도 훌륭한 연기자들 덕분에 나쁘지 않게 관람했어요
7, 특별한 거 없는 임창정이 잘 할 수 있는 평범한 이야기.
4, 스토리의 개연성이 안습...진짜 스토리가 억지스럽네요
7, 이야.... 진짜 옛날 스타일 영화네요. ㅎㅎ 한  90년대 00년대 초반 유행하던.. 오랜만에 옛생각 하면서 봤습니다.  임창정도 많이 늙었군요. 시간 참 빠르네요.
8, 재주많은 엔터테이너 임창정.
10, 창정표 양아치영화 역시재밌어요. 시나리오가 병맛이어도 연기가재밌고 배우자체가 유쾌하게 만들어주네요~창정이형 저도좀 키워주세요~
4, 거참 지금 시대가 어느시대인데 요따구 영화를 만드냐~ㅋ
9, 우연히 케이블서 봤는데 여배우가 눈길이 가네요. 앞으로 좋은 영화에서 자주 볼 수 있었으면 하네요.
10, 창정표 영화 ^^
4, 영화 초반까지는 그럭저럭 볼만했는데 마지막으로 갈수록 재미와는 멀어진것 같다.
9, 난 재밌게 봤는데 평점이 왜이래....결말이 좀 이상해서 그렇지..
0, 최악의 영화를 물으면 항상 이걸 꼽음.. 이걸 왜 극장에서 봤을까..이게 뭐라고 포토티켓까지 출력했을까..뫼비우스도 같이 보는 사람들 세어 보니 나 포함 다섯명이서 시작했는데..창수도..세 명쯤 봤던가..어설프게 파이란 최민식 설정 따라한 것 같았는데..정말 개연성도 없고..
7, 캐이블에서 봤지만 여운이 남는 영화였다.. 임창정 연기는 명불허전이었고 안타깝게 죽은 여주인공도 나름 매력있었음.. 여자들 눈엔 안차겠지만.. 정성화연기도 넘 좋았는데 문제는 안내상이었다! 존재감이 없어 보였음!
6, 오버연기는 코미디에서나 빛을 발하는 법. 몰입을 방해하는 한계에 다다른 연기가 아쉽다. 비겁함내지 찌질함  잔머리를 끝까지 유지한 점은 갑자기 싸움 영웅이 되어 돌아온 창수라는 설정보다 훨씬 좋았다.
7, 바닥인생에 갑자기 어여쁜 여성과의 사랑에빠져 하늘에 감사하며 반지와 고기를 사서 집으로 향하는데..현진건의 운수좋은날 .....뇌리를 스치네..수원수구하리오 창수복이 여기까지 뿐이라는데..찌질이 역할은 창정이가 탑이다.
4, 영화 처음은 유치하고...영화 끝은 너무 억지스럽네요.. 임창정 때문에 봤는데 다음 임창정 영화볼때 망설여질거 같아요.
5, 임창정님을 좋아해서 기대감가지고 봤는데 이영화는ㅠ최악 여배우 진짜 미스캐스팅이네요~이분 발연기때매 첨부터 몰입도 안되고 반말이랑 존댓말이랑 같이 대화하는 억지스런 설정까지~창정오라버니 필모중에 불명예등극ㅠ 감독님?우리 임배우님 데려다놓고 무슨짓을 하신거죠?!ㅠ
9, 창수
0, 죄송하지만...임창정의 소주한잔 뮤직비디오가 더 나은것 같습니다. 임청정을 좋아하는사람이지만..아닌건 아니거예요 ㅜㅜ
2, 와 정말...일관성 없는 캐릭터 부터 엉성한 전개  어거지 설정. 임창정이란 배우를 이정도로 밖에 못써먹는 감독이 한심.
2, 억지스럼과 뻔한스토리   그리고 임창은 연기 그만 접는게 나을것 같다.
10, 찡햇네ㅜㅜ
7, 뻔한 스토리나 임팩트 없는 연출이 아쉽긴 하지만 배우들 연기만으로도 볼 만한 영화
8, 마지막에 장면 전환부분에서 도저히 이해안되는 부분만 뺀다면 10점 주고 싶은데... 납골당으로 장소변경부분... ㅡㅡ;;
10, 임창정식 느와르
7, 임창정식 사랑 이야기... 그래도 안죽고 살아 있는것 만으로도..
5, 와닿지않은..순애보..
0, 아 시바~ 개색히들아! 이런 쓰레기영화에 무슨 평점이 6이넘어??? 영화보다 시간이 아까운건 처음이네.... 절대보지마라! 이건 허접함의 극치다 극치!!!
7, 영화적 완성은 부족하지만 느낌이 참 슬프다 내가 당해본 것 같고
0, 진짜 존나 이상한영화 ㅋㅋㅋㅋ
7, 임창정은 3류 건달역을 넘 잘 소화해...ㅋㅋ
4, 피식 웃는 썩소외에  더이상 할만은  없구나
10, 그냥 찡하더라 첫사랑의 추억만큼
7, 소주한잔 뮤직비디오에서도 임창정 이름이 ‘창수'
8, 스토리가 약하지 않았나 보여진다 흘러가는 흐름상.. 마지막도 아쉬움이 많이 남았다는거
7, 이제는 이런 내용들이 지겨워질만 좀 더 색깔있는 시나리오와 연출력이 있어야하지 않을까?
4, 감독이 말하고자 하는건.  찌질한 남자의 순정인가?그건 순정이 아니라 그냥 찌질한거다. 보는 내내 답답한 창수때문에 끝날때까지 짜증났던 영화.
9, 재밌다  재밌어.. 3류라고 영화평  쓰는  인간들아~  임창정 연기가 부실한 시나리오를 채우고도  넘친다  좀  가짢은 평은 하지마라 최소  8점은  받아야할   " 임창정  영화의  최고 작품이다 "
5, 아쉽내요 주연들의 열연에 비해 연출각본이 부실한듯한 느낌이 너무 들고 편집에서 중요 내용들이 다 날라 가버린듯한 느낌마저 들정도로 내용이 뭔가 허술해서 공감에 잘 안갔내요. 그러나 임창정씨를 비롯한 다른 주연급 배우들의 연기는 인상 깊었습니다
0, 여자라면 사죽을 못쓰는 보빨러의 최후는 비참하다는게 영화를 보고 얻은 교훈.
3, 임창정은 꽤 괜찮은 배우다. 3류 감독이 제멋대로 찍은 코믹멜로물에서도 6점 이상은 꾸준히 찍어 줄 수 있는 배우. 최고는 아니지만 분명 자기만의 영역이 있는 배우다. 그런데 이 영화는 실력없는 감독이 임창정을 데리고 10점 짜리 영화를 찍겠다고 온갖 무리수를 다 두었더군. 결과? 3류라는 말도 아깝다.
4, 8-90년대 3류 홍콩느와르 복사판부실한 전개까지 비슷시대는 2014년인데 ㅠㅠ
7, 웬지 파이란 냄새가 좀 난다 했더니...조금은 시대에 뒤진 시나리오  그냥 봐줄만
7, 짧았지만..사랑의 감정이 한 사람을 바꾸는 모습...그리고 나쁜놈들이 소속단체 이름만 바꿔가며 잘살아가는 현 사회적 모습들을.. 잘보여준것 같다...아쉬웠던건 영화의 방향성..그리고 공감대를 형성할수있는..한방이 부족해보였던것 같아 아쉬웠다.
8, 전반부 여배우신 알콩달콩 더 나오고...후반부 좀 스피드 했으면 중대박은 났을텐데..아쉽네요...전반부가 약하니까 임창정의 라스트신이 공감이 안가잖아요 ㅠㅠ  그래도 별 네개 ㅎㅎ
8, 그냥 재밌는 킬링타임정도..재미는 있는데 감동이 안오고...공감할것 같다가도 달아나버리는..
3, 모든게 부족해서 머라 할말이 없네
10, 간만에 괜찮은 영화 나왔네. 재미만 있구만 뭔 악플이 이렇게 많데.
8, 임창정 연기는 좋다
1, 멉니까 이 영화. .
5, 이런 사랑도 순애보라 할 수 있을까? ..참 이상한 사랑이다..이상한 조폭들이고..왠지 보다 지쳤다. 불현듯 다가온 사랑이 매개체가 되어 인생이 변한다는 주제의식은 알겠는데 많은 부분 동의하기 힘들다..ㅠㅠ 5.4
3, 부디 자학은 이제 그만.
6, 좋은배우데려다가 이렇게밖에찍을수없엇는지 감독님 각본연습더하시구요 더뷔작 같은데 이전에조연촐한영화들도 좋은영화들은아니네여 다음작품은더나아지길빕니다
5, 임창정 좋아하는 분만 보시길!!! 시나리오도 캐스팅도 엉망!!!
7, 마이너 느와르...실험작 같은 작품... 스토리가 너무 빈약했던 ... 뭔가 상당히 아쉬운 작품.
6, 참고로 이런 이미지는 임창정이 답. 연기로만 충족할 수 있었지 나머지는 살점 없는 뼈다귀같다. 스토리도 진부하고
7, 그냥 저냥 보기는 봤는데 좀 기대를 해서 그런가..
7, 평하기고 귀찮네요. 임창정씨에 대한 애정으로만 7점 ^^
2, 여자와의 사랑이 깊어 보이지 않아 개연성이 떨어짐
6, 그냥 저냥 킬링타임용으로  괜찮은듯
7, 노래는 물론 연기까지잘하는 임창정씨가 너무 멋있고 부럽다. 영화속에서 '창수'가 한 여자를 만나 반해서 알콩달콩 서로 호감을 갖고 행복한 장면들이 너무보기좋았는데 상대 여자역이 너무 빨리 죽어서 아쉽고 영화보는내내 겉으로 쎈척하고 강한척하는 '창수'가 너무 안쓰럽고 불쌍한영화였다.
9, 나름 재미있게 보았습니다~~창수가 결국은 아다로 죽으니 더 불쌍하군요.. 마지막 결말이 나름대로 상상하던거와는 약간 다르네요..
7, 마지막  부분만 좀 다른결말로 했으면 더 재미있는 영화가 되었을텐데 처음 몰입도에 후반에 약해지네요
8, 90년대 홍콩느와르를 살짝 양념한 느낌.. 재미있어요
6, 창수씨. 그 여자의 어떤 점 때문에 당신이 그렇게 변할 수 있었던 것인가요? 그저 두 말할 필요 없는 운명적인 만남이었기에 그녀의 죽음에 당신이 자신의 인생을 스스로 바꿀만큼의 의지를 갖게된 것인가요?  바꾸어 말해 당신이 정말 원했던 것은 무엇인지요? 불현듯 나타난 그녀의 사랑? 아니면 사람다운 당신의 삶?
10, 재미있게 봤습니다. 할리웃 영화도 예고편만 거창하지 막상 보면 별로던데... 한국영화가 여전히 저평가되고 있는 것이 현실이니 힘내시기 바랍니다.
4, 개콘 시청률의 제왕을 본듯....
5, 이해가 안가는 영화그니깐 실패하지!
2, 임창정씨...내20년펜인데요 창수돈주고보다..중간에끄고이새벽에문자해요..비트빼고 볼게옴는 늘조연이구려..
4, 40%부족 ㅠ
8, 그래도 난 시간이 짧게느껴지고 슬프고 안타깝고 재밌게 봤습니다 잘봤습니다.
6, 실내포차에서 술에 취해 혼자 읊조리면서 눈물 흘리는 장면 대박..
6, 초반 여주인공과의 로맨스가 더 있었음하는 아쉬움이 들지만 머 임창정 연기는 역시였음. 전체적으로 영화가 너무 짧고 화면화면이 너무 끊기는듯한 느낌이 듬
9, 난 재밌게 잘 봣는데 시나리오 탓 하는 사람들은 첫눈에 뻑 가는 사랑이 뭔지를 모르는듯 사랑을 머리로 하나?? 가슴으로 하지..... 니들은 사랑을 몰라 ㅋㅋㅋㅋㅋㅋ
0, 임창정씨..좋아했는데..스토리도 액션도 재미도 한개도 줄수가 없습니다.임창정씨 때문에 돈주고 봤는데..진짜..진짜..돈 아까워요.주변에서 본다고하면 말리고싶어요..진짜 돈아까워요.진짜.진짜.아우~~내돈~~~~ㅠ
6, 동내 양아치 건달의 순애보적인 사랑을 그리긴 했지만 결국 욕설이 난무하는 흉내내기식의 조폭 양아치 영화.
9, 임창정씨 제발 시나리오 끝까지 확인하시고 영화 찍으시길 바랍니다  창정씨를 사랑하는 팬으로써 가슴이 아픕니다  이런 쓰레기 시나리오라니요  팬으로써 님의 가치는 너무나 높습니다 아니 아름답습니다  차라리 찌질이 캐릭터로 아름다운 사랑을 엮어가던 님의 영화가 더 그립습니다  님이 출연으로 9.0입니다
7, 임창정의 임창정에 의한 임창정을 위한
6, 파이란에 대한 오마쥬는 제대로 숙성되지 못한채 부족한 개연성과 캐릭터의 비약으로 흔하디 흔한 신파극이 되어버리다.
7, 뭔가 아쉽다. 여자 관점의 이야기가 좀만 더 있었더라면..행복했던 시간도 너무 짧고.. 그래도 임창정의 연기 하나만큼은 최고인듯..
6, 영화의 끝장면은 제목을 생각나게 해서 좋았지만  감정이입이 되기도 전에 빠르게 전개되는 뜬금없는 이야기는 당황스럽다. 영화내내 창수의 담배피는 시간을 좀 줄이고 여자 관점에서도 이야기를 좀 풀어나갔다면 이정도까진 아니었을듯
5, 스토리가 진부하다라는 평이 많던데 좀 그런 면이 있긴 하네요..
6, 뻔한 스토리지만 충분히 가능성 있는 시나리오였는데 연출력과 몇몇 배우가 망친 케이스. 임창정. 넌 정말 지지리 복도 없다. 넌 잘하는데 모자란 10%를 채우기엔 힘겨워 보이고 그래서 너만 튀어 보여서 더더욱 엉성해 보이기만 한다.
5, 스토리가 너무 엉성해서 그런가 임창정 연기도 뭔가 어색하고 붕 떠있는 느낌.
1, 너무 찌질함...
8, 솔직히 사랑 빠지는것도 좀 어이없고 복수도 좀 그렇긴 한데 뭐 재밌게 봤어요
9, 임창정....그의 연기력이 넘 좋았다 그러나 1점이 부족한 이유.... 잔인함...너무 진인해~!!!!
1, 임창정왜그래 다도ㅔ나/
2, 여주가 뭐 저래? 개나소나 여주하니? 배우가 그래 없나?
10, 임창정 이라서 좋다.
8, 재밌게봤다~임창정 연기가 좋았다
6, 이야기와 장면의 전개가 오바스러워 불편함.
3, 미숙하고 미약하다. 전형적인 인물들과 스토리를  허세롭게 연출했다. 핸드핸들을 쓸데없이 집착하는 이유는 끝까지 의문.
5, 개연성 없는 상황과 빈약한 스토리는 그 흐름을 뚝뚝 잘라먹는다.
10, 임창정의 연기가 멋지다. 뼈속까지 연기 달인... 반전과 마지막의 감동~
4, 뻔한스토리 진부한전개 허술한연출 삼종세트 그나마 창정연기땜에 4점 준다.
7, 잘 보긴했는데.... 뭔가 허전함과 아쉬움이.... 억지스러움이 강했음....
10, 소재 뻔한 영화는 많다. 대신 연기의 울림이 있지 않은가!
0, 욕만 하면 연기를 잘하는거고 영화가 잘되는거냐? 이 씨바 로므 ... 개 젖같은 영화다..
5, 소재는 무난합니다  그러나 감독의 역량부족으로 주 포인트인 여자주인공(이라고 불리기도 민망한)과의 사랑이 전혀 느껴지지 않아 후반부 역시 그대로 별로네요. 하지만 배우들의 연기는 괜찮네요
5, 연출과 시나리오가 배우들 연기력을 살리지못하고 망쳐놓은 케이스다. 책읽은 손은서의 대사연기  예상되는 결말  식상함이 묻어나오는 진부한 스토리...많이 부족한 영화다. 그나마 임창정의 연기가 빛이 났지만 이제 캐릭터 변화가 필요하다.
1, 심하다 .. 정말 --
5, 창정이형을 이정도로 봤다는게 실망스러운 영화입니다.
5, 아무리 영화라지만 스토리 너무 막장이네유. 임창정은 이런 양아치 역활 많이 해서 그냥 익숙하네유. 연기 잘하는 건 인정해유. 건달과 양아치의 스토리 영화 많아서 새로운 건 전혀 없네유.
10, 임창정씨 연기 좋았습니다 ㅋㅋ
6, 임창정의 연기를 기대했는데 크게 변한 건 못 느끼겠더군요  임창정과 여주인공의 사랑을 좀 더 심도있게 그렸으면 어땠을까요? 그럼 창수는 더 비참한 주인공이 되지 않았을까 생각합니다.
3, 기대하고 봤는데... 너무 뻔하더라... 안내상씨 연기도 어색하고...
9, 이정도면 재밌고 괜찮지 재미없다는 사람들 이해가 안되네요. 0점 준사람들은 고전 명화나 골라서 보셔요.
3, 과유불급....
9, 임창정 연기 괜찮았다
8, 여주 이쁘고 임창정 연기도 좋고 다만 주인공이 너무 어리석은 선택을 하는것이 안타까울 뿐이네요.
10, 스토리도 있고 연기도 잘하고 재미있다참고로 난 평점 같은거 절대 거짓말 안함
9, 첝장지구의 부분적 결말이 겹치는 느낌이지만  파이란 조감독의 각본 감독 작품이라 밑바닥 남자 순정의 애잔한 삶이 먹먹하다. 완성도나 개연성을 떠나 초겨울 추위를 잊게 하는 영화다.
0, 창수 간만의 임창정 영화 솔직히 영화 내용보단 임창정 연기를 보고픈 맘에 보았지만. 이건 해도 너무한다. 창정의 변함없는 연기패턴. 내용도 별로고 개연성도 부족하고 암튼 최악의 영화.
0, 정말 너무하네
0, 사랑 같은 소리하네. 2013년 최악의 영화 중 하나. 임창정은 좀 모자라면서 의기로우며 여자 뒷꽁무니 쫓아다니는 찌질이역에서 도무지 역할 변경할 용기가 없나보구나. 조연들 캐스팅도 구리고 여러모로 쓰레기다. 마이너스가 있다면 0점이하를 주고 싶다. 제작비를 다른 독립영화에 썼더라면..
6, 조폭영화와 건달이야기가 많아서인지 식상 했지만 창수란 인물을 통해 순애보와 그리고 밑바닥 인생에서 치고 올라가 평범한 삶을 원했던 창수를 연기를 임창정씨.표정연기나 껄렁하면서 코믹한 연기까지 휼륭했다.다만 개연성과 액션영화로선 부족하고 드라마라 하기엔 아쉬운 연출..뻔한 결말에 지루함..캐릭터는 굿..
8, 여자하나때문에 저렇게되는게 참 어이없지만.. 창수의인생을 생각하면 .. 저리생각될수도있겠단생각이... 임창정안내상정성화연기때문에 8점준다.. 연기들은 다 갑이었음..
6, 임창정식 로맨스에 잔혹함만 더했다  .임창정이 아니 였다면 창수는 없는 캐릭터가 될뻔 한 작품.  전체적인 스토리라인이 아침 드라마처럼 뻔하게 흘렀고 그로 인해 몰입도가 떨어졌다.  특별한게 없어 볼 만했지만 너무 건강한 맛의 엄마표 낙지 볶음이 됫다
3, 청소년들아... 절대 보지마라. 저런 삶은 낭만도 멋도 아니고 그냥 젖도 아닌 삶이다.
9, 세련된 건 아닌데 웬지 끌리는 그의 음악세계가 영화 창수에서 정점을 찍는듯.. 화려한 볼거리 없이도 잔잔한 감동 그 자체.. 임창정도 많이 늙었다. 그만큼 연기도 성숙한 듯..
7, 오  괜찮은 한방
7, 임창정 기대를 져버리지 않는군... 손은서 이쁘다... 안내상 평타이상 그런데 손은서 죽음 이후 스토리가 뻥 뚫린 느낌...
6, 하룻밤 사이에 천국과 지옥을 오갔던 한 남자의 처절한 이야기... 어디서 많이 접해봤던 소재이긴하나... 찌질하고 없어보이지만 허세부리는 역은 역시 임창정씨가 갑
1, 무슨영화가 이래 내용도없고   
10, 내가 영화에 나오는 여주인공 보고 입술에 침발라보긴 처음이다.
6, 극적인 캐릭터들과 빠른전개로 집중도 안되고 공감도 안된다. 하류 인생의 복수 마저 처참하다.  캐릭도 영화도 안타까울 뿐!
10, 반전있다. 꼭 봐라!
7, 모든거 다 쓰레기라고 해도 캐스팅만큼은 제대로 아니냐? 이 배역 임창정이 말구 누가 하겠냐 이병헌이 할려 장동건이 할려? ㅋㅋ 7점 준다
1, 허술한 구성.... 아직도 이런영화를 만드는구나 라는 생각이 떠나지 않았던....
9, 그래도 나름 연기는 좋았다
1, 이게 볼만하단애들도있네???ㅉㅉㅉ
1, 그냥 찝찝한 영화 사랑을 지키기 못해 한이 된 한 남자가 10억을 요구하고 찌질하게 몰래 술과 담배에 독을타는짓을하나. 돈없으면 그냥 죽을때까지 찌질하게 살으라는 메시지.
5, 임창정이 연기를 잘해서 그런건가.. 그냥 한 루저가 여자 잘못만나 인생 끝나는 영화로만 느껴졌다.영화가 슬픈 것도 아니고  그냥 우울하다. 슬픈 영화를 보고난 후 여운이 남는 기분이 아니고  그냥 처음부터 끝까지 우울하고  찜찜한 기분이 드는 영화.
6, 임창정씨 때문에 영화 많이 기대했는데... 너무 실망 했습니다.
9, 그냥 볼만함..
4, 장난치는겨? 공감이 안되자나
6, 임창정 영화 다 봤는데...한국 배우 중 탑은 아니더라도 언제나 기대는 저버리지 않는다고 생각했는데..이건 아니다 싶네. 초반엔 창수가 창정이구나 창정이가 창수구나 생각되는데 이야기가 너무 찌질하게 흘러가. 찌질이가 그냥 찌질하게 끝나면 뭔 재미로 영화를 보나. 여자는 너무 빨리 죽고...
0, 볼 필요도 없는 영화이며 드라마이다.
4, 이 영화가 90년대 중반에 나왔다면 또 모르겠다. 질기고 독한 영화로 회자 되었을지도. 허나 이 영화는 비열한 거리도 달콤한 인생도 심지어 똥개도 될 수 없다. 왜일까? 관객과 대중들은 알고 있지 않을까 싶다. 이래저래 실망스럽고 아쉬움이 많이 남는 영화다.
0, 나이쳐묵고//.. 제발 이젠 이런거 고만찍어라..  세월이 흐르면서 니 자신이 초라해지지도 않냐???? 이 배알도 없는 눔아.
5, 창정씨 참 안풀리네요.. 예전 그 허세는 멋스러워 보였는데 이제는 안쓰럽기까지 하네요. 시간도 거스르고 상처도 치유되고 공간도 초월하는 구성이라니~~ 참 짠하다.그나마 임창정을 좋아했기에 5점 준다는...
0, SG워너비 느림보 뮤비가 더 잼있음. 이건 뭐...어휴...
10, 이 정도면 볼만 한 거지   장르다운데 뭘  
4, 곧 2014년인데 90년대 감성의 영화라니....
5, 실제 ~~현실속의 깡패들 이야기~~^^
6, 어느 찌질한 건달 아저씨의 슬픈 사랑예기... 그리고 안내상아저씨가 조강지처와 하이킥의 그 아저씨가아니란걸 간만에 깨달았고 임창정씨도 코믹영화서 벗어날 수 있다는걸 보여주고 있는 영화.
0, 와우 찌질이의 일생 ㅋㅋㅋㅋ 어쩌라고 뭘 얘기 하고 싶은데 힘이 없어서 찍소리 하지 말고 당하라고 ㅋㅋㅋ
3, 정말 기대한 영화였는데 왜 망했는지 알것 같다 . .정말 실망스럽네 소주한잔 뮤비와 비슷하다더니 4분짜리 뮤비보다도 못한 졸작이다.정말 . . .임창정영화는 그동안 평타는 쳤는데 . . .진짜 역대 최악의 졸작이다 . .
1, 임창정이 라디오스타 나와서 배우들 많이 거쳐간 시나리오라더니 맞네 정말 쓰레기였음..초반엔 뭔가 대단해보이나 갈수록 개판
0, 어이가 없어서 영화내내 유치하고 재미도 전혀없다가  후반부에 술에 약타는거보이다가 사실은 담배로 보스죽이는데 관객 모아놓고 장난?? 너무 실망인 영화 ㅠㅠㅠ
1, 포스터 부터 못봐주겠다~  처절하고 불쌍한척   완전 거부감 들어..
4, 이렇게 뜬금없어도 되나 싶다
7, 임창정나오는영화 좋아하는데..이건 좀 별로네
1, 창정아 어여 다시 일어나자... 폼나게는 아니더라도 니가 이렇게 끝나는 건 아니잖냐... 임창정  그래도 한국 영화에 있어서 없어서는 안되는 인물인데 이리 가면 안되지... 시나리오 제대로 골라서 제대로 부활하자
8, 박창수 이짜식 한방있네 착한게 멍청한게 아냐어떤 양아치들이 착하면 안된다고 그래근데 처음부터 창수한테 불만늘어 놓을때부터 동생이넘 배신때릴줄알았지임창정 연기대박 쏠쏠한 재미가있다 어중간한 깡패영화보다 낫다
0, 이건뭐 동네초딩이 쓴 시나리오
10, 안내상의 재발견.....눈빛이 진짜 무섭다....
1, 뻔한 스토리 뻔한 연기 뻔한 결말. 임창정은 십년 내내 건달역할이네.
5, 창정아 해피엔딩으로 끝나면 좋을텐데중간에 딸래미뒤져서 잼도없고 시시하네걍 색즉시공3 준비해
10, 임창정은 사라있네.글구 손은서도 새로알고..대박나세요
4, 감독은 임창정으로 창수를 써먹지 못했고 연출력은 아직 감독을 하기엔 너무 미흡했다
1, 니미 스테프들 고생한거 생각해서 1점준다 아니면 정말 0점 주구 싶내
5, 비현실적인 사람과 상황이 만나면 벌어지는 일. 그렇기에 흥미도 공감도
6, 용두사미
7, 초.중반까진  재밋다  후반부터 스토리가 조금약한편이고 손은서가 너무빨리죽어서 아쉽다
6, 그냥 손은서는 이뻣다 영화평 끝
4, 처절하기는 한데 와 닿지는 않는다
7, 낭만적인 이야기가 흥미롭게 전개되는군
6, 파이란을 넘기에는 너무 부족하고 임창정 팬이라서 평점6점.
9, 밑바닥 인생 남녀의 순수한 사랑 그리고 찌질한 인생이지만 끝까지 사랑을 지키고싶었던 남자이야기
7, 거친 연기를 선호하는 사람이라면.. 충분히 볼만한 영화다. 안내상  임창정의 연기는 뭣하나 나무랄께 없다... 단지... 스토리가 너무 진부하며... 편집에 안타까움이 크다.
0, 이런 걸 영화라고... 임창정 연기?  개폼만 잔득 들어간 쓰레기... 시나리오도 꽝... 배우들 연기도 꽝... 이런 쓰레기 보고 나서 나오는 첫마디...'싸*~"
7, 높은 점수를 줄 수는 없지만 7점은 준다. 임창정만의 연기 괜찮았고 느리게 그린 영화지만 끊김감없이 이어지는 연출 더 높게 평가한다. 주위 받쳐주는 연기가 좀 아쉽다. 스토리면에서 약하지 않았나 아쉬움이 든다.
10, 임창정 정말 연기잘함.. 소름끼칠정도로 잘함   난 이런영화 개매니아~
10, 좀 길게 미니시리즈로 해도 되겠다.임창정영화는 볼 만 하다.늘.
0, 초반 쫌 보다가...어디서 많이 본듯한 내용으로 전개되길래....."파이란" 짝퉁 영화구먼 더 웃낀건...파이란 촬영지도 인천송월동신포동동인천에서 이영화도 거의 장소가 흡사 에라이 짝퉁인생들아.....ㅎㅎㅎㅎㅎ
6, 내용 자체는 별로지만 연출이 살린 듯 싶다. 그런데..임창정 연기도 이제 뭔가 좀 식상하고 다 알아버린듯 한 기분은 나뿐인 건가......
9, 이영화 욕하는애들은 영화를 분석하면서 보나?? 영화를 머리로 생각하면서 보는건가?  아니면 영화평점 깎으라고 시키는 타업체 대표들의 알바생인가?  영화를 눈으로만 보지말고 가슴으로 봐라!! 임창정 연기 하나만으로도 재미있게 봤고 만점이다!
10, 찌질하지만 절대 안찌질한 임창정에게 만점준다 .
1, 와....정말 이건 뭐라 할 말이 없게 만드네... 너무 망작이라 할말이 없다....ㅡ_ㅡa
1, 감독하고 무술감독이 영화를 다 망쳤다.연출가는 뭐냐... 조양은같은 살인마 연기에 안내상이라니..  2013 최악의 영화로 꼽겠다. 비추!!
2, 진짜 임창정 연기력이 아까울정도네..
2, 이거  아사다 지로작가님의 은빛비 달빛창가  표절같은데요 ㅋㅋㅋㅋㅋㅋㅋㅋㅋㅋㅋㅋㅋㅋㅋㅋㅋㅋㅋㅋㅋㅋㅋㅋㅋㅋㅋㅋㅋㅋㅋㅋㅋㅋ 그만좀 일본꺼 비슷하게  가지맙시다 챙피하자나요 ^^ㅋ
6, 청소년들이 못 볼 장면이 뭐 있냐?
6, 가식적인 이야기와 캐릭터들이 감정없는 어색한 연기로 막장이된 나쁜영화.
3, 뭐하자는거지...? 아직도 이런 영화보고 질질짤 관객이 넘친다고 생각하신건가?ㅋㅋㅋㅋ 억지로짜내는 감동같지도않은거에 억지스러운 해피엔딩 같지도않은 결말 낼려고 수고하셨수다 감독님ㅋㅋㅋ억지로만든거 고생했다고3개평할게요 담엔 임창정쓰지마세요 아까우니
3, 지금 장난하냐? 해도 해도 너무하내...영화의 가치조차 느껴지지 않는다.
4, 하...임창정...
1, 돈주고다운받아보다승질나서꺼버렷네...돈아까버서왠만함참고보는스탈인데...이건모쌍팔년도영화도아니고 내용이나연출이나...임창정오바연기도쩔고 여주인공어색연기도...정말이걸영화라고극장에걸었다는게...미리평점좀볼걸...공모자들에선연기변신지대로엿는데...거꾸로가냐...쩝...안타깝다
0, 쓰레기 배우들이 아까운 영화 아류 라고 하기도 아까운 독창성도 없고 명탐정코난을 뱃기다 만거 같은 임창정때문에 보고 손은서 때문에 봤지만 작가 쓰레기 각독도 쓰레기
3, 감독이 무슨 요즘 우울증 걸렸냐?
10, 완전 재미있구만 평점 왤케 낮노........
10, 난생처음 글을남기는사람입니다 영화 3/1 봤는데 슬프네요 ... 임창정의 연기가 돋보이고 진짜 손은서는 이쁘네요 3/2가 기대되는영화입니다
10, 연기잘하는 임창정
4, 18 이렇게 좋은 배우를 ....;; 임창정  영화 고르는 눈좀 높이시길...
6, ...
3, 이야기가 삼류네...
4, 예전 임창정은 흥행수표 였지만 요즘 임창정은 쫌...청담보살 사랑이 무서워 불량남녀 창수 다 관객동원에 실패.획기적인 작품에서 만났으면 하는 아쉬움이..
4, 임창정이  아까운  영화
3, 시나리오와 연출이 넘 아쉽다... 제대로 된게 없네..
3, 뮤직 비디오 수준의 스토리 전개. 이야기를 어떻게 극화 해야 하는지 감독은 공부 좀 해야 한다. (진심 걱정 되는). 사건에 따른 시간 배분 엉망이고  과잉에 과잉. 병신 같은 감성 터진다. 끝으로  임창정은 많이 부족하다. (잘 할 수 있는 연기가 아니었음). 손은서는 예쁘다.
4, 임창정을 주연으로 쓰는 감독색끼 머리속이 궁금
5, 평점을 보고 안보려고 했는데 임창정 때문에 봤다 그런데 스토리를 조금만 더 수정을 해서 만들었으면 좋으련만 아쉬움이 많다
1, 앵간하면 댓글 안다는데... 첨으로 평 습니다이거 잼있다는 사람...진짜  영화 수준이 참 궁금해지네요어이없는 영화입니다. 임창정 좋아하는 배우지만졸작이라고 말하고싶습니다
1, ㄷㄷ
7, 이런 연기는 임창정이 해야 제맛이다!!...그러나 짜임새는 좀 부족하다
4, 기대를 안하고..임창정만 믿고봤지만 이건 해도해도너무하네..영화가 과정이없고 결론만 계속있는 느낌..기-ㅅ-결-결-결
7, 임창정 연기는 정말 짱인듯해요. 하지만 스토리가 좀 아쉽네요.
9, 임창정  안내상  정성화 역쉬 배우들의 열연은 정말 볼만했습니다 .... 뒷마무리가 조금은 아쉬운 영화 ....
4, 임창정이 아깝다.
2, 8~90년대 시나리오 연출력에 감독이 파이란 조감독   진짜 너무하네 해도해도
10, 난 엄청 재밌게 봤는데ㅋㅋㅋ 임창정다운 연기도 보고 능글능글한ㅋㅋㅋ
7, 창수로 분한 임창정의 완벽한 연기만이 기억에 남는 영화
3, 우리창정이는 왜 이 영화를 골랐을까ㅜㅜ그리고 여주 참...답없넹..
4, 임창정 안나왔음 영화 진짜 에효 .
0, 환불요망!
4, 임창정 연기때문에 그나마 안자고 볼수있었다...편집엉망 스토리엉망....무슨 영화가 이리 자연스럽지 못하나?? 감독은 개봉하기전에 영화를 제대로 봤냐?? 스토리가 따로따로 놀자나!!!!!
7, 간만에 느와르장르를봐서 좋았다...만족스럽진 않지만... 볼만은하다...임창정연기는 아직 여전하네
7, 배우들 연기는 기대이상이나 스토리는 뻔하고 엉성ᆢ 기대없이 보면 좋을듯ᆢ
8, 딱 기대만큼의 영화였지만 감독의 따스한 시선에는 지지를 보낸다
10, 임창정의 연기가 너무 애절하고 순수하여  나도 모르게 손은서를 사랑하게되었다. 그만큼 창수라는 케릭터에 감정이입을 하고 마치 나인것처럼 착각하고 보았다. 내 나이 31살.... 영화를 이렇게 빠져들어보기는 처음이다.. 창수가 손은서를 사랑했던것처럼  나도 손은서를 가슴앓이하게되었다. 그만큼 임창정의 연기가 탁월했다. 슬프다 쓸쓸하다....
8, 창수는 홀로 비겁하지 않아 사랑하는 여인과 멀리 도망을 갔네요. 나고 자란 차가운 이곳보다 조금 더 따뜻하게 사랑하길.
8, 사랑하고 싶어지네!!
7, 촌스럽고 낡고 삐걱대지만 임창정이라서 괜찮은 영화.
10, (창수)영화  너무 재미있다 .   ㅋ ㅋ역시  말도 안되는  괴물이나 설국열차나 이런게 영화라고  흥행햇던게  참 우리나라 사람들 문화  수준를 보여주는 거라 생각한다창수는 참 사회적 모던리즘를 제대로 보여준 영화다. 정말 작은 스크린안에  웃음.재미.감동. .스릴. 슬픔.분노.안타까움.여운.모든게 살아있는 영화다
3, 이야기에 개연성이 없으니 감동도 없음. 임창정은 초반에 연기 오버하다 뒤로갈수록 잘하긴 했음
6, 좀 억지스럽다. 감독은 좀 더 설득력있게 시나리오를 썼어야 했다. 창수가 왜 저 난린지...  쉽게 납득이 안간다. 3류인간 연기도 좋고 안내상도 괜찮았지만   감독의 내공 부족이 여실히 느껴지네... 비디오로 봐라.
2, 임창정때문에 어제 보고 왔는데 완~~~ 존 실망했어요ㅠㅠ 스토리... 없고.... 그냥 느와..... 요번 영화는 진짜 실망이네요
8, 창수가 너무 불쌍했어요 ㅜㅜ
10, chlrh
4, 금사빠의 순정이라 하기엔 창수의 슬픈 목숨을 이야기하기엔이야기 구조가 허술하다.
3, 연기잘하는 임창정을 이렇게 망치다니 ㅠㅠ 스토리 허접하고 진짜 뻔하디 뻔한     답답함까지 느끼게 한      한마디로 감동도 없는 유치찬란     임창정때문에 그나마 참음
4, 90년대에나 통할 스토리
9, 창수의 몰입하다 보면 삭막 그자체의 하루살이인생 갑자기 날라온 희망 오래가지못하고 휘말리는 비극 창수를 더 내몰고 창수의 복수의 이유가 애매하다는 사람잇는데 사랑도 돈도 아니란 생각 자기인생을 절망으로 내몬데 복수라고 난 생각됨 기억나는 장면 출소후 빛이 겨우 새어나오는 여관방 숨이막힐 뻔함
3, 구태여 파이란을 다시 찾아 보게 만듦.
7, 몰입잘되었어요 창수너무불쌍한 캐릭  임창정님 안내상님 연기 대박!!!!
5, 임창정님 요번꺼는 쫌 실망스럽네요...각 씬 마디 힘이 너무들어간듯... 오히려 안내상님의 연기가 좋았던것 같네요... 남는 장면은 옥상에서 삼겹살 구워먹던것... 그 쯤
3, 담배피는 장면이 너무 많고  주인공의 감정에 공감할수가 없었어요..
2, 임창정영화중최악임.너무실망했음
8, 내용의 스토리만 좀 더 단단했으면 더 좋을 영화였습니다. 임창정 정말 연기라 믿기지 않고 실제 같았습니다. 임창정의 인생에 눈물이 났고  안내상은 예전에 드라마의 이미지가 강해 몰입감이 들지 않았어요.. 임창정 아니었음 이 영화 일주일도 못 버텼을겁니다. 임창정때문에 8점 드립니다.
10, 굳 베리 굳
9, 이 영화는 뻥이 없어서 좋다..주인공이 날라다니지 않아서 좋다...있는 그대로 보여주는 영화..
7, 배우들의 연기는 좋았는데.. 시나리오가 엉성하네요.
9, 진짜 재밌네요 임창정은 믿고 보는 배우!!
8, 임창정 연기도 좋았지만 난 갠적으로 안내상의 연기가 실감나고 더 좋더라ㅋ
10, 배우들의 열연이 돋보였던 영화ㅋㅋㅋ시나리오 또한 좋았어요ㅋㅋ
9, 몰입 하면서 보다가 눈물이 주르륵ㅠㅠ..슬프당
9, 임창정씨의 첫 느와르라고 해서 걱정도 많이 했는데 괜한 걱정을 한것 같아요~
9, 뻔할줄 알았는데 전혀 뻔하지 않았고 내가 생각하던 스토리랑 달라서 더 좋았음!
10, 역쉬 임창정~~~♥
10, 러닝타임내내 눈을 뗄 수가 없었다 연기자분들 연기는 말할것도 없고 한 남자의 애뜻한 사랑 이야기가 너무 마음이 아프다
8, 기대 안하고 본 영환데 은근 꿀잼이네요ㅋㅋ보길 잘한듯
9, 부족한 부분들도 있었지만 그래도 인상깊었어요 왠지 나중에 또 생각날거 같은 영화랄까?
9, 안좋은 후기가 많아 기대 없이 보았는데 잠시도 눈을 떼지 못하고 보았네요. 넘 가슴 아프고 임창정씨 연기 넘 잘하고 슬퍼서 눈물났네요..아직도 가슴이 먹먹..쓰잘떼기 없는 오락 영화 보다 훨씬 좋았네요..
0, 임창정이 아깝다...시나리오가 아니다...
9, 남자영화...
8, 뻔한 스토리지만 잼있게 잘봤습니다 ㅠ슬프다ㅠ임창정 연기력에 9.5점 드리겠습니다.
3, 확웃긴것도확찐한것도확멋진것도이렇게 없을수가
5, 도대체 포스터는 왜 저렇게 찍어 놓은거지ㅋ 손은서는 존니 이뿐데 비중도 없고... 단지 임창정만 있을뿐ㅋㅋㅋ 이런 역할 너무 잘 어울려ㅋㅋ
3, 평가가 나쁘지 않은듯해 보러갔다가 어설픈 설정과 억지스런 이야기 불편함으로 가득했던영화
4, 무공감의 설정들을 공감의 캐릭터로 창수를 바꿔버린 놀라운 착시효과를 일으킨 임창정의 연기
5, 전반부 까지는 그럭 저럭 괜찮다고 결말로 이어지면서 너무 억지스런 스토리가  되버렸네요 하지만  찌질한 연기 갑 임창정씨 호연 했습니다 암튼 그냥 볼만한 영화 입니다
10, 굳
4, 무엇이 문제였을까... 임창정  정성화  안내상...이렇게 좋은 연기파 배우들마저 묻혀버린 시나리오와 감독의 연출력이라고 생각한다.
9, 편집의 문제인지 몰입이 조금 안됨..
4, 찌질하고 볼품없는 멜랑꼴리한 복수극
7, 나쁘지 않았다. 안내상도 임창정도 연기력이 너무 좋았고  다만 짜임있는 스토리였음 더 좋았을걸
8, <솔직평점> 아...정말 최고다 마지막 엔딩씬만없었다면 9 점!!! 이상하게 무한 몰입되는 영화!! 그냥 무난히 흐르는데 이런 몰입도는 머지?!싶다...이해하기 힘들지만 그입장에서는 이해가되는 영화. 그게바로 창수다.
0, 응징자 2보는거 같은 기분 쓰레기 영화중 하나임창정? 시실리가 가장 좋고 나머진 연기참 한석규 목소리 흉내인건지 2013년 보다가 나온 영화 응징자랑 창수 ㅡㅡ
6, 임창정땜에6점요...뻔한스토리.뻔한진개지만 좀맛갈라게 연출하심않대요?중간쯤부터 지루햇어요..
7, 연예를 오랫동안 안해서 그런지 임창정씨연기 좋았습니다  마치 나를 보는듯한 퍽 무튼 나름 재밌게 보았어요
4, 이건모... 넘 실망...
10, 솔직히 부족한 부분들도 많았지만 연기파 배우분들의 연기력 때문에 높은 점수를 주고 싶다
10, 임창정씨의 연기는 언제나 기대이상이네요
9, 한 남자의 애잔함이 묻어나는 영화
10, 보면서 울기도 많이 울고 마음도 너무 아프고 마지막엔 진짜 많이 울었다..
9, 진짜 창수역할은 임창정 아니면 아무나 못했을듯!!
4, 시간 남아도 보지마세요  요새 한국영화 바닥의 끝을 보여주고 있네요  학생들이 시험삼아 만든거 같은 느낌입니다
8, 연기와 연출이 돋보이는 작품
8, 부족한 부분들을 배우들의 연기가 채워주네요ㅎ
10, 임창정은 매번 기대이상의 연기를 보여주는것 같음
8, 기대한 만큼은 아니지만 뭐 그래도 볼만한듯
9, 생각없이 본 영환데 은근 꿀잼ㅋㅋ!
9, 보고나서 많은걸 생각하고 많은걸 느낄 수 있었습니다
10, 생각보다 훨씬 재밌었던 창수:)
9, 별로 기대 안했는데 은근 재미쒀!!!
10, 배우들의 진정성 넘치는 연기와 가슴 먹먹한 한 남자의 사랑. 인상깊게 잘보고왔습니당
8, 왠지 나중에 또 생각날거 같은 영화랄까?
9, 슬플창 목숨수..영화 제목부터 뭉클뭉클ㅠㅠ
9, 다 좋았지만 무엇보다 배우들의 연기가 일품
8, 보는내내 마음 아프고 보고나서도 진한 여운이 남는다
10, 밑바닥 인생의 한남자..그의 애틋한 사랑이야기..가슴 먹먹하네요..
10, 기대 많이했던 영환데 기대한 보람이 있군
10, 영화멋집니다.....감동도있고.코믹도있고...한청년의순수한사랑을 보고싶다면...강추.
9, 노래보다 연기가 더 죽인다  그냥 배우로 나가심이 더 좋을듯   ㅋㅋ  짱이심니다요   주말 덕분에  잘 보냄 ㅋㅋ
1, 정말 정말 평점 처음 남깁니다!!! 그냥............보지마세요;;ㅜㅜ
1, 평점보고 봤는데 개인적으로는 정말별로린영화개연성도 없고 스토리도 별로실망인 영화
9, 기대 안하고 봤는데  임창정의 연기력 역시 입니다!!!
6, 조금은 진부한 스타일  임창정보면서 주성치 모습이 보여지는 것은 반가웠음  보면서 조금 실망하면서 지루함을 느꼈음  그 외에는 괜찮음
6, 그나마 배우 연기로 비벼볼만한...
6, 못난 사내의 벼락같은 사랑  빌어먹을 인생
3, 임창정에겐 너무  무거운 스토리예요  임창정때문에 봤는데...  이담엔 색다른 영화로 보고시퍼요
8, 창수에게 가장 필요했던 건 사람의 정
5, 많이 옛날 스타일 영화... 밑바닥 삼류 인생을 반복하던 사람이 한 사람을 만나 플라토닉 러브를 꿈꾸다... 그런데 하필 그 여인은... 결론적으로... 요즘에도 이런 영화가 나오나 싶은 기분 .. 감히 추천할 순 없지만  완전 망작은 아닌데... 심란하기만 합니다. 지긋지긋한 조폭은 뭐 이젠 익숙하니까 애교로...
10, 순수하게 해맑게 웃는 창수의 모습이 그립다
9, 묘한 매력이 있는 영화랄까.?볼수록 빠져든다
10, 생각보다 꿀잼!!! 별로 기대 안했는데 너무 재밌게 봐서 댓글 쓰러옴ㅋㅋ
10, 뭔가 되게 아직까지도 뭉클뭉클하다...
8, 잔잔한 감동과 잔잔한 재미를 주는ㅎㅎㅎ
9, 이 정도면 꽤 괜찮은 영화 아닌가?
10, 최근 본 영화중에 젤 인상깊게 잘 보고 왔네요^^
10, 한 남자의 애뜻한 사랑이 이야기...슬프고도 감동적이고 슬펐다
9, 르와르 장르답게 시나리오는 별로. 임창정의 연기 도전은 높은 점수. 조영 배우들의 실력도 짱.
10, 딱 한마디 할께........................나 이런사랑 해봤어...그래서 더욱 창수 가슴속 후벼판다...........................ㅜㅜ
6, 스토리가 너무 빠져있다......창정이 형님 연기는 좋았는데...짜임새가 별로다.
3, 진짜 최악의 시나리오다 그나마 배우들이 영화를 좀 살렸어~~
10, 10...굿
9, 창수의 순수한 사랑... 현실에서 과연 있을 수 있는 일일까... 영화를 보는내내 생각하게 되더군요. 동생과 함께 영화를 보면서 역시 건달역에는 임창정이 최고라는 말을 여러 번 했었던 것 같아요. 스토리가 약간 약하긴 하지만  정말이지 임창정과 안내상의 연기는 끝내줍니다..
5, 밑바닥 인생의 창수... 연기는 모르겠구.. 내용 별로예요. 공감도 별로 ㅠㅜ 돈아깝당..
7, 있을 수 있는 이야기지만 마무리가 안되는 영화..6.5점
3, 파이란+신세계 느낌 내고 싶었던 것 같은데 이도 저도 아닌 영화. 주인공 직업이 꼭 징역대행? 이어야만 할 이유도 없는 것 같음. 파이란에서 느꼈던 측은지심  공감  현실성  신세계에서 느꼈던 세련미  긴장감 등등 전혀 찾아볼 수 없음. 감독이 욕심은 많은데 인내심은 없는 느낌. 편집도 뚝  뚝 끊김.
10, 창수 파이팅
6, 배우의 감정이 스토리라인을 따라서 관객에게 전달이 잘 안됨...임창정의 연기도 평타이상이었지만 임창정 팬으로서 기대에 못미친것은 사실이고 연출도 좀 별루...안내상은 이런 역할에 좀 무게감이 없어보임...모든 부분에 다 아쉬움이 남는 영화
8, 임창정 연기때문에 8점.스토리가 받춰줬으면 10점일텐데 아쉽습니다.
9, 적어도 창수는 사랑과 우정이 무엇인지  알고 살다간 멋찐 놈. 임창정의 연기는 남우주연감. 넘 늦게 개봉해서 아쉽다..
8, 솔직히 스토리전개는 좀 진부하다만 임창정 연기때문에 본영화. 모두가 만족할만한 영환 아니지만 임창정은 정말 명불허전이다
2, 솔직히 내가 좀 신경써도 이정도 줄거리 내겠다   신파에 지루하고 뻔하고   시간 아까웠음   임창정도 좋아하는 배우긴 하지만 너무 뻔한 연기력   실망   그나저나 알바가 많긴 한가보다  
3, 알바가 있긴 있나보다. ㅋㅋㅋ 시간제한에 걸렸나.. 90분중 70분 전개이고 10분 도입 10분 결말이다. ㅋㅋㅋ 도저히 3일정도 만나고 2번 잠을 같이 잔 여자를 위해서 목숨을 걸고 추억에 잠기고 ㅋㅋ 무슨 추억에 잠겨야되는거니.. 그리고 마지막 죽지도않고 어떻게 여자 무덤까지 간겨? ㅋㅋ
8, 임창정 연기는 참 만족스러운데. 극본이나 연출이 상당히 불친절하네요.
1, 아 ..진심 올해 최악의 영화 3에 꼽힌다. 촌스러운 연기와 연출. 밑바닥 사랑을 보여주고 싶었다면 사랑얘기를 더 넣고 관객으로 하여금 왜 창수가 이런 행동을 하게 되는지 공감가도록 해야하는데 배려없이 편집한 느낌. 게다가 마지막이 더 처절하고 실제같았다면.. 어떻게 그리 다치고 ㅋㅋㅋㅋ거길..ㅋㅋㅋㅋ하..
3, 이것도 알바평점 개쩌네 ㅋㅋㅋㅋㅋㅋㅋ 이게 영화냐 쓰레기냐....... 연기들은 괜찮다만...시나리오 쓴 놈들 다 잡아 족쳐야지.. sf영화도 아니고 개연성이 하나도 없는 그냥 쓰레기 영화... 응징자와 1 2위를 다툴듯...그지같은 영화 순위로... 임창정 봐서 3점 준거야...제발 이런쓰레기 영화좀 만들지 마라...
3, 임창정씨의 맞는 연기는 좋았다쳐도...전체적으론  돈 내고 봤는게 아까울정도...
1, 너무 어두운영화고 끝까지 어두운영화로 끝나고.. 보는 내내.. 한숨만나왔다.. 머가나오겠지 머가나오겠지 해도.. 이영화가 의도하는.. 창수가 어떤사람인지... 난 잘모르겠다..
9, 재미와 감동 둘다 잡은 영화
10, 스토리도 탄탄하고 소재도 괜찮고 무엇보다 배우들의 연기는 일품
10, 역시 임창정씨의 연기는 갑이다
8, 뭔가 아쉽기도 하지만 그래도 볼만하다\
10, 밑바닥 인생 한남자의 역할을 어떻게 저렇게 잘 소화해낼수 있을까 진짜 창수역할은 임창정 아니면 아무나 못 했을듯
10, 보는내내 가슴 먹먹하고..울기도 많이 울고..
8, 배우들의 연기가 살린 영화!!
9, 잔잔한 재미와 잔잔한 감동까지
9, 부족한 스토리를 배우분들이 살렸네요.  안내상 정성화 그리고 임창정!!. 정말 연기 너무 잘합니다.섬세한 감정표현 어느하나 놓칠수 없었습니다. 영화관을 나와도 그 씁쓸함과 애닳픈 사랑이 가슴을 짓눌러 한숨을 내쉬었네요. 스토리때문에 1점 뺍니다.
8, 남자들을 위한 영화 같았어음. 음... 나름 볼만한 영화 였어요. 하지만... 그닥 추천하고 싶은 영화는 아니었지만 임창정에 연기가 완전 멋졌어요~
10, 사랑하는 사람을 위해 자신의 모든것을 바칠 수 있는 남자가 있을까요?... 임창정의 열연에 다시한번 눈물 흘립니다. 많은 것을 생각하게 하는 영화입니다.
10, 임창정 연기 대박이다
5, 솔직히 임창정은 좋은데 완성도라 해야하나 좀 아니다...
10, 임창정이라는 배우를 다시보게 되는 계기가 되었습니다. 젊은 관객만  있는 게 아니라 의외로 나이 지긋하신 관객분들도 꽤 보이시던데요. 아무튼 영화 잘 봤습니다.
9, 재밌고 감동적이네요 임창정씨 연기 정말 잘하시네요
3, 창정아.. 17:1 싸운 그영화 비트 있쟈나..  그런류가 니옷이야.. 느와르는 개뿔..
10, 재밌네요 ㅋㅋㅋ 마음에 와 닿는 스토리가 있어요 ㅎㅎㅎ
1, 참 오랜만에 억지스럽고 유치찬란한 한국영화를 봤네...아직도 이따위로 영화를 만드나? 억지설정에 억지스토리... 한심하다.
7, 결말이나 전반적인 스토리 자체는 아쉬웠습니다만  슬플 창 목숨 수  한여자 앞에서만는 비굴하지 않았던 창수의 역할에는 임창정씨만한 캐스팅은 없다고 보기때문에 7점은 줄수있습니다!!
8, 임창정씨 만이 소화해낼수있는 배역이 아닐까 싶네요~결말이 아쉽고 스토리도 진부한 면이 있었지만 연기역만큼은 창수의 슬픈목숨을 표현하기에 충분했던거같아요~^^
6, 10년전에나왔음괜찮을시나리오였는데..아깝네요
6, 한줄 감상평 : "에휴... 그러게 왜 여자를 때려서..."
0, 알바들인가 눈깔 리신인가 ㄹㅇ e급 영화다. 옆사람이 영화보다 폰꺼내서 폰만지던데 욕할 마음도 안들더라. 나는 포코팡 하려다 참았다 더러운 쓰레기 영화
1, 한국 영화의 질을 떨어뜨린 영화.정말 어이없는 수준이하.
6, 보통 영화 그래도 감동적 추신 임창정이 출연 해서 그래도 볼 수 있었음 연기 굿
7, 몰입하기엔 지나치게 슬플 창 목숨 수
1, 헐... 이거 진짜 별로인데요
3, 무대인사본것말고는 진부하고  개연성 전혀없는 영화였네요~
8, 시간가는줄 모르고 잘 봤습니다. 슬픈인생사...
5, 창수와 완벽한 싱크로율을 보여주는 임창정씨의 열연과 정성화  안내상씨등 배우들의 연기는 훌륭했지만  입봉 감독님스러운 연출이 배우들의 연기를 제대로 뒷받침 하지 못하지 않았나 싶네요. ^^;;
10, 재미나게 봤내요 특히 손은서라는 배우를 알게 되어 참 더 재미났던듯 하내요^^
7, 슬프고 재밌었어요 하지만 뭔가 임팩트가부족
8, 방금 보고나온 따끈한 후기.임창정은 명불허전 역시 실망시키지않네요. 최근개봉한 영화중최고! 임창정 좋아하신 분들은 꼭보세요 실망하지않을테니까요
7, 스토리를 발로 쓴듯 그나마 임창정 연기력 하나에 7점 줌 다른건 3점도 아까움
3, b급후진영화
9, 아쉬운 구석이 많지만 배우들의 연기력만으로도 충분히 볼 가치가 있다. 특히 임창정은 그냥  창수 그 자체였다.
4, 영화만든다고고생했겠지만이건아니다. 벤츠차가중요한역할하는데4년전에처음나온 E클래스를10년전장면에넣고 개연성이떨어지는장면이너무많다. 스토리도엉성 지루하다. 감독은관객들을중학생수준으로보고영화를만들지않았나생각든다. 임창정 정성화연기는굿.
10, 씁쓸함이 길게 남는 영화. 볼만해요
10, 창수 = 임창정  임창정이 영화를 살렸다. 여운이 남는 영화...
10, 창수 대박이네요~임창정 연기 너무 잘함~기대안하고 봤는데 요즘 개봉한 영화중엔 최고인듯!
9, 임창정 연기좋고 소주한잔 생각나게하는 영화
9, 임창정최고..
10, 임창정에  의한 임창정을 위한 영화. 손은서도 앞으로 잘  나갈듯. 지금 막 9시 첫 영화최고는 아니지만  흥행엔성공했으면하는 영화.
8, 46남_손은서씨 때문에 관람  역시 매력이 넙치네요_창수는 아주 단순하고 생각이 짧은 사람  관람내내 그 캐릭터로 답답 짜증_담배피는 장면이 너무 많음  술 마시는 장면도 많고_임창정씨가 진지한 연기를 해도 진지해 보이지 않네요..
5, 임창정과 정성화의 연기력이 돋보이는 영화. 그래서 5점준다. 개연성도 떨어지고 영화구성도 조악하고  주제도 없고. 보고나서 이 영화가 말하고자 하는게 뭔지 모르겠더라. 억지로 짜맞추어놓은 누더기 옷한벌 보는 느낌!
9, 도입부분 개연성이 좀 떨어진거 빼고는 수작임....임창정  안내상 연기 쩌내요..
6, 그닥...별로임
8, 아까 보고왔네요 전 재미있게 잘 봤어요 스케일이 큰 영화가 아니더라도 임창정의 연기를 볼 수 있고 사랑과 슬픔을 느낄 수 있었네요 보고 나와서 집에 왔는데 영화 속 창수가 생각나네요
9, 창수가 불쌍하다  폭력영화지만 폭력영화가 아니다...연기가 순수해서 좋다....뭔가가 먹먹하다...그녀를 좋아했거나 사랑했거나 이용한 사람들은 다 죽는다...
7, 파이란이 되지 못한 창수  임창정만 남았다! 내 마음과 똑같은 리뷰
9, 배우들이 연기를 정말 잘하시네요.^^임창정씨 껄렁거리면서 머리 넘기며 걷는 장면이 계속 생각나네요~~ㅋㅋ다음작품에서도 좋은 연기 부탁드려요~~^^
10, 배우들연기좋았어요
10, 이만하면 정말 볼만하자나!!! 느와르에 연류된 순정파 남자이야기 멋졋음!!
9, 역시 임창정~임창정이 찍은 영화는 대박까지는 아니지만..중박 이상은 하는듯합니다. 18세 이상관람가라서 아쉽네요. 임창정의 연기에 많이 몰입되고 빠져들었습니다. 창수라는 캐릭터에 임창정이 진짜 잘어울렸습니다.
9, 그냥 볼영화 마땅히없어 봤는데 잘봤어요 임창정씨 팬은 아닌데 연기보구 와~~~했음^^ 여자라 잔인한 부분은 쫌 있어서 불편했지만 창수 인생을 참 애잔하게 잘보여줬다구 쟁각합니당
4, 관람전  사람들이 없어서  예상을 햇는데 역쉬나 별로~~~
7, 스토리부족.. 임창정식 영화.. 공모자들 건달느낌! 임창정에게 너무 과한 짐을 주네요~*친구2보단 조금 재밌고.. 신세계 따라갈려면 멀었어요~손은서 연기력 약간 후달리나 미모는 제압!안내상씨 연기에서 강인함 풍기려 했으나  벙어리식 대사가 거슬렀움 ㅜ
10, 예고만 보고 단순한 러브스토리라고 생각했는데 창수의 인생을 보고 왔습니다. 너무 안타깝고 슬프고 억울하고 답답하고. 배우분들 연기가 좋았어요. 자극적인 느낌보다 사실적인 영화였고  어느새 푹 빠져보게 되네요. 눈물나요.
9, 대단한 임창정식 영화...!!!아쉬운 다른모든것을 임창정의 연기만으로도 아깝지않은영화...!!! 간만에 찐한영화본듯...!!!
10, 모 영화와 같은 장르라 자연스레 비교된다. 스토리 전개가 기대 만큼은 아니지만 창수와 나이트클럽사장 역할이 뇌리에 남는다. 방준호라 하던가? 흠~~ 범상치 않은듯~~ 잘봤습니다.
10, 너무재밌게 봤습니다ㅎ
9, 좋았어요~ㅎㅎ
7, 흠...창정이형 팬이라서 봄
5, 대단히 우울하고 안타깝고 찝찝한 영화.관람후 전혀 유쾌하지 않은 그런 영화.도대체 주제가 뭐여??
6, 많은 아쉬움이 있었던 영화네요 창정 형님이 힘을 너무 빼신듯해요. 어쩌면 그게 이 영화의 매력일지도 모르겠네요. 희망이 없는 남자의 마지막 힘 없는 선택...이정도로 표현이 ...
7, 1. 스토리는 조금 부족   보스의 행동이나 준비성은 허접 2. 안내상보다 좀더 냉철하고 조폭의 포스를 품는 배우가 캐스팅되었으면 하는 아쉬움 3. 구체적인 잔인한 장면이 없어도 스토리상 그 잔인함을 미루어 짐작 할 수 이어서 좋았다. 4. 임창정 연기는 물이올랐다.
3, 주연 배우님 연기 만큼은 인정합니다만  ....
8, 임창정 연기 좋았구요...손은서 레알 여신이네요.....손은서 최고^^
1, 너무 암울한 영화..
10, 좋아요
10, 창수를 보고 가슴이 먹먹해졌습니다.운전하고 집으로 가는데 자꾸 창수가생각이 나서 창수의 마음을 알것 같아서차를 세워놓고 한참을 울었습니다...창수 처럼 사랑하고 싶습니다.
9, 나름 괜찮았어요 ~ 임창정씨 연기 최고 !! 웃기기도하고 슬프기도 하고 ~ 좀만더 슬펐으면 좋을뻔했어용
8, 8
9, 한국영화치고 괜챃ㄴ은것 같네요
9, 그리 화려하지 않고  아름답지도 않은   그런 뻔한 우리 인생.. 예상하시겠지만 .. 뻔한 결말. 뻔한 스토리 입니다. 그럼에도 평점이 높은 이유는 모든 출연진과 배우들의 열연에 혼이 녹아 있는 듯한 모습이 비춰졌기 때문입니다.연기 하나하나 정말 잘보았습니다.
6, 딱 예상했던대로의 영화다. 그래도 최악이 아니었던 건 '임창정'이라는 생활밀착형 연기의 배우가 있었기 때문이다.  그가 빈약하고 아쉬운 부분들을 연기로 살렸다고해도 과언이 아닌  '임창정의 연기실력'을 다시 확인하게끔 하고온 것에 가장 큰 의의를 두고싶은 영화 <창수>다. 임창정의 '소주 한잔' 노래가 생각난다
7, 먼가 부족한 1%가 보이지만..임창정배우 연기는 참 실감나게 하네요..그리고 금연을 시작하신분들은 좀 힘들듯..무지하게  피워댑니다..ㅋ
7, 한국인이 제작했다고 한국영화라고 외국영화와 다른 잣대를 대면 안된다.  임창정 등 연기자의 연기는 괜찮은데 Tv드라마 보다 낳은 점을 이야기하라고 하면 찾기가 힘들다. 스케일이 있는 것도 아니고 생동감이 있는 것도 아니고 그렇다고 구성상 재미도 그다지 없고 특히 마무리의 허전함과 짧은 런닝타임이 않좋았다.
9, 개인적으로 임창정 나오는 영화 참 좋아함..임창정은 이런 양아치역이 어울림...그런데 창수는 예전에 "파이란"이란 영화가 자꾸 생각나게 하는 영화임...엄청 비슷함...
7, 포스터 봤는데 내용이 왜 다 보이죠? 뻔한내용일텐데 창정이형 연기에 쩔어주고 뻔한데 뻔한재미가 있을게 포스터 하나로 다 보이네?
9, 영화관에서 원플러스원 행사를 해서 저렴하게 잘 보게 됐습니다.관람 전 영화 평들을 많이 봤었는데 거의 편집이나 개연성 지적하시고 연기력 호평하시더라구요. 직접 보고 왜 그런 평이 나왔는지 알게 됐습니다. 정말 진부하고 개연성 떨어지지만 보면서 서너번 소름이 돋았습니다. 잘 봤습니다.
7, 신선하지 않으면서도 단조로운 이야기는 분명히 이 영화에 대해서 좋은 평가를 내리기 어렵지만 분명한 것은 임창정의 연기를 지켜보는 것만으로도 충분히 볼 만한 값어치가 있는 영화다!
6, 단조로운 줄거리에 액션도 내용도 없는데 가슴에 와닿는 영화 임창정 안내상이기에 볼만한 영화
9, 와이프와 어제 심야로 보고 왔습니다스토리는 진부했지만 연기력으로 완성한 영화입니다임창정배우 진정 배우 같습니다 혼신의 힘을 다 쏟아부은 느낌이 많이드는그런 영화입니다 잘 보았고 고맙습니다
9, 임창정 죽지 않았다. 가슴이 먹먹해지는 영화!손은서 많이는 안나와도 여신이네요~
9, 생각없이 보기엔 따 ㄱ좋은 영화 시간가는줄 몰랐다
9, 아직도 여운이 남는 영화..
10, 생각했던 것 보다 훨씬 재밌었어요 왜 사람들이 임창정을 그렇게 좋아하는지 알것 같다는?
10, 정말 오랜만에 영화다운영화 한편봤다.임배우님 최고!!!!
3, 정말 잼없음..신세계 100점이면 이건 60점..낙제
10, 임창정 최고..역시 기대를 저버리지 않네
10, 작년에 국제 영화제때 보고 두번째 봤는데 끝부분 편집을 왜 했는지 처음 영화를 본 사람들은 끝부분을 아마도 이해 못할수도 있다는 생각이 들었다! 창수 상태에게 집 사준다는 약속 지킨다! 택시타고 가면서 사람시켜서 돈가방을 전달하는 장면을 빼버리니 마치 아무 수확도 없이 허무하게 끝난걸로 보여 아쉬웠다T_T
10, 연기짱^^
8, 맨 앞부분 영화 시작할때 이름 창수의 뜻이 나오는데 보신분 있으려나 ㅎㅎ 한가지 더 소주한잔 뮤비에서도 임창정씨 이름 창수던데 무슨 의미가 있나?? 암튼 영화 잘봤습니다 ㅎㅎㅎ
10, 호불호가 좀 갈리는것 같은데 난 뭐이정도면 만족한다. 배우들의 연기가 정말 일품이었다는..
10, 베플 말에 저도 공감해요 마지막까지 눈 뗄 수 없을 정도로 몰입해서 본 영화는 오랜만이에요 창수의 애틋한 사랑에 제가 다 마음이 아팠네요..ㅜㅜ
9, 창정이형은 역시ㅋㅋ명불허전의 연기네
9, 역시 남자냄새 나는 영화구만
10, 스토리가 좀 부족하긴 했는데 배우들의 연기만으로도 볼 가치가 있는것 같다
10, 남자라면 봐야지~~ 지금 안보면 후회하겠다
10, 나름 재밌게 봤어요 그냥 재미로 봐야지 심각하게 이거저거 따지고 봤다간ㅋㅋㅋㅋㅋ
10, 많은 것을 느끼게 해주는 영화였습니다
9, 남자라면 누구든 좋아할 것 같네요  임창정씨의 연기는 아주 훌륭했어요
10, 약간 아쉬운 면이 없지 않아 있지만 이정도면 최근에 나온 한국 영화들 중에 꽤나 괜찮다는 생각이든다
10, 역시 임창정. 이말이 딱 떠오르는 영화
10, 찌질이 연기의 최고 더이상 무슨 말을 해
10, 스토리가 눈에 뻔히 보이는 내용이긴 하지만 임창정의 창수 연기.정성과 안내상  손은서의 조합이 제대로였던 것 같아요 창수화이팅
10, 최고!! 꼭보세요~뒤로갈수록 시간가는줄 몰랐어요
10, 임창정 연기 너무 멋짐... 말이 필요없음
10, 보는 내내 창수가 너무 안타까웠다..
8, 보는내내 파이란이 생각나더군요. 물론 그보다 감동은 훨씬 덜했지만 볼만은 한 영화.
10, 보셔도 후회안할듯 남자라면 꼭 보셈
10, 임창정의 연기는 뭐 말할것도 없지ㅠㅠ..슬프기도하고 가슴이 찡하기도하고..
10, 임창정 입니다 무슨 말이 필요할까요 창수대박 기원합니다
9, 별 기대없이 봤는데 임창정 연기력 쩔더군요.
8, 오랜만에 여운이 남는 영화. 기대 안하고 봤는데 재밌다
10, 응원하고 싶은 남자 힘내세요
10, 남자라면 꼭 한번 봐야하지 않을까
8, 최근에 본 느와르 영화 중 제일 인상 깊음
10, 스토리가 부진한건 사실임 하지만 배우들의 연기만 보아도 좋은 점수 줄만하다 특히 임창정의 창수연기는 정말 최고 -_-bb
10, 임창정이 이영화에 왜이렇게 애착을 갖는지 알곘더라
9, 최근에 본 영화 중 가장 여운에 남아요..ㅠㅠ
10, 시간가는줄 모르고 봤음~ㅎㅎ 화려하거나 스펙타클한 영화는 아닌데도 집중도가 상당함! 아마 배우들의 연기도 한몫 제대로 하지 않았나 싶네
10, 배우들 연기가 짱짱 ㅋㅋㅋ 정성화 좋아짐ㅎㅎㅎ
10, 계속 여운이 남네요
10, 마지막까지 시간가는줄 모르고 봤다 창수를 볼때마다 소주한잔 노래가 자꾸 생각남
10, 너무 재밌었어요..임창정짱 ㅜㅜ!!
10, 창수...대박...배우의연기력...ㅎㄷㄷㄷ
6, 배우들의 연기는 참 훌륭했음.(임창정 안내상 정성화님) 하지만 스토리가 받쳐주지 못함. 한마디로 연기자의 연기가 아까운 영화였음.
2, 스토리 전개가 좀 부실.  몰입감 떨어짐.
7, 객관적으로 6.8~7.2점 정도 평점에서 멈출듯. 기대를 너무 많이 해서인지 실망했음
7, 내용은 별로...연기는 좋아요~
4, 영화티져가 낫다. 기대를 너무 많이했나 보다. 10년전 이야기는 너무 느리더니  현재 이야기는 무지 빠르게 급변화한 물살에 호흡이 좀 딸리더라. 두 사람 상황이라면 저럴 수도 있겠다 싶지만  그래도 그 모진 사랑이 난 좀 오글거렸다. 참고로 이 영화의 포스터는 완전 다른 영화 같다. 한 작품인데 모습이 너무 다르다..
8, 영화내내 창수에 감정이입하며 봤네요 임창정씨 연기 잘 하는 줄 알았는데 역시 창수 그자체네요 계속 창수가 생각나고 여운이 남아요 한번 더 보러갈것 같다는...
10, 소주한잔 뮤직비디오에서 임창정 역활이 창수인데 여기서도 창수역 신기하네요
1, 이것저것 짜집기식과 너무 오래된 내용의 식상한 영화.. 전달하고자 한 방향이 틀린듯..
10, 연기 두말할것도없이 짱
6, 임씨 팬이라서 봤는데 의외로 안내상 없었으면 어쩔뻔했나 싶을만큼 그가 이 영화를 떠받치고 있다.  그외에는 배역에 몰입이 안되고 자꾸 배우들 자신만 보인다.  이렇게 좋은 배우들을 가지고 어찌 이런 일이... 2년반 전 임씨에게 이 영화를 찍어야만할 무슨 사정이 있었나보다.
10, 몰입도도 좋고  내용도 좋았고 창수 자체 캐릭터를 잘 연기 하고 잘 살려냈던것 같아요
8, 전반적으로 너무 루즈한게 흠~ 안내상님 역할을 좀더 체격이 우락부락한 배우가 맡았으면 더 어울렸을 것 같아요. 면회 장면에서 눈물이 저절루 주르륵~ 그리고 엔딩씬에서도 눈물나게 하더라구요 ㅠㅠ 저렇게도 감옥을 갈 수 있구나 그런 생각이..사랑이 너무 현실과 동떨어져 아쉽ㅠ
8, 아쉬워도 충분히 볼만한 영화
5, 알바들이 많은건지...  10점 9점대는 아니구요.. 임창정씨 연기는 좋았지만...  스토리가....   ㅠ 너무 재미 없었습니다...
3, 임창정 연기가 약한 것 보단 주변 연기자 분들의 연기력이 전달력이 좀 딸리고 이야기 전개 또한 어설픈 부분이 아쉬웠습니다. 그래도 임창정표 영화를 오랜만에 봐서 좋았습니다. ㅎㅎ
8, 임창정씨 연기가  곧 이영화의  모든 것이네요
9, 임창정연기는 정말 굿임! 연기하나는 대박! 스토리가 전개가 빅약한듯 한게 흠!
1, 스토리전개가 억지스럽고 결말도 우숩고 임창정때문에 봤는데 이정도로 영화선택이 힘들까했다. 요즘 영화 참 웃기다.
10, 짱!
5, 손은서 젖 나오냐??
10, 개인적인 소견으로는 최근에 본 느와르 영화 중 가장 재밌었습니다. 아마 창수 연기는 임창번뿐이 소화못할 것 같네요
10, 뻔한 전개가 이뤄지긴 했지만 배우들의 명품 연기는 높이 살만한것 같아요
2, ..
10, 간만에 좋았네요
10, 임창정 정말 연기 죽이네요
10, 배우들의 연기가 정말 후덜덜하네요 특히 임창정씨는 명불허전 !!!
10, 기대안하고 봤는데 임창정 연기에 가슴이 먹먹해졌어요ㅜ 지금도 여운이 남네요ㅜㅜ 진짜 임창정 연기짱!! 근래에 본 영화중에 제일재밌었던거 같아요 !
9, 임창정의 연기는 역시 기대 이상이었네요! 임창정 뿐만 아니라 임창정을 뒷받침해주는 정성화와 안내상의 악역 연기가 영화를 한층 더 빛내줬다고 생각합니다! 겨울같이 차가운 한 남자의 삶 속에 우연히 찾아온 봄 같은 그녀.. 순수하게 그녀를 사랑 한 징역살이 대행업자 창수의 모질고도 질긴  슬픈 사랑과 인생 이야기.
10, 임창정없었으면 못찍고 못나왔을 영화 스토리는 아쉽지만 주연배우 임창정과 배우 안내상 정성화의 연기 만으로도 볼만한 가치는 충분히 있다고 생각합니다. 임창정의 임창정에 의한 임창정을 위한 영화라고 생각합니다.창수와 임창정 응원합니다
10, 진짜 임창정 이런 연기의 신.. 가슴이 저릿하다
5, 임창정이 살린 영화 그 이상도 이하도 아님...올만에 임창정이 임창정다웠다...대신 극장은 비추..집에서 디비디로 감상권함...
0, 걍 클레멘타인 보셈 ㅎㅎㅎㅎ
8, 전형적인 임창정표  임창정 브랜드 영화 입니다. 착한 삼류건달의 소심하지만 잔혹한 복수극을 다루었는데 자칫 뻔한 조폭물이 될 뻔했지만 그걸 잘 넘긴 영화네요.
8, 연기력이 좋더군요. 생각했던것보다 좋은느낌임..
7, 느와르라는 장르를 좋아하지도 않고  잘 보지도 않지만.. 이 영화는 개연성이 부족했던것 같다...창수가 한 여자를 사랑하게 되고  그 여자를 위해 목숨을 바치는... 배우들의 연기는 괜찮았으나 아쉬움이 남는 영화인것 같다...
10, 믿고보길 잘했다 ㅡㅡbb굿굿
10, ㅜㅜ여운이 많이 남는 영화  창수 역할을 임창정이 제격
6, 임창정씨~~좋은대본 받아서 멋진영화 함찍어보세요 연기력이 아깝네요*^^*
6, 임창정이라 믿고 봤고  그래서 실망했다. 연기가 좋아도  억지로 늘린 이야기가 영화를 망쳐버렸다. 중간에 한번 끊겨버린 호흡이 아쉽고  너무 쉽게 식어버린 영화의 긴장감이 아쉽다. 그리고 금연 하시길....
10, 슬프당  창정연기발굿
9, 남자는 첫사랑에 목숨걸고  여자는 진정한 사랑에 인생을 맡긴다. 뭐 그런거~ 어른 동화에 가까운 스토리.
8, 맛깔나는 연기에 비해 영화는 뭔가 촌스러움
5, 연기는좋의나 스토리부분에서 완전실망 스토리수준이 임성한수준 연기는 좋은데 명품연기 자들데리고뭔짓인지...
10, 기대를 많이하고 있던 작품이라 혹시나 기대에 못미칠까봐서  걱정 했는데 나름 재미나게 잘 보고 왔네요. 그리고 모든 배우들의 연기가   다소  부족한 영화의 스토리를 많이 메워 주는 듯 싶네요. 어쨌든 임창정 연기 짱...
9, 임창정 연기는 뭐 알만하지..노래면 노래 연기면 연기 못하는게 없는듯 창수라는 캐릭터가 임창정과비슷한 점이 많아서 더욱 좋았던듯 소주한잔 노래가 생각나는영화
3, 알바 장난아니다~!!!!! 임창정 때문에 봤는데감독수준 알만하다....아 돈 아까워 올해본 영화 중에 최악!!!!임창정 연기가 아니였음 별 0개다!!!!!된장!!!80년대 영화냐??!!!!!!님들 절대 알바에 속지 마세요!!! 내 돈 내놔!!!!!!!!!
10, 팔이 필요없다.. 여운 제대로
10, 시사회 때 한번 보고 오늘 개봉하자마자 또 조조로 보고왔네요 ㅎㅎㅎ 작품은 좀 아쉬운 점이 있었지만 배우들 연기 보는 맛이 있는 거 같아요~~
9, 임창정씨와 창수의 캐릭터가 겹쳐보이네요..화이팅
10, 약간 부족하긴 하지만 이정도면 볼만함 배우들의 연기가 돋보임 굿
9, 남자라면 꼭 한번 쯤 봐야할 영화.
10, 모든 배우들의 연기가 최고ㅠㅠ.. 얼마전에 라스에서 나온거 보고 정성화씨 팬됨ㅋㅋㅋㅋㅋ
10, 두번 보니 창수가 더 이해되는 영화. 여기저기 복선들이 깔린것을 두번째로 보니 '아~이게 복선이었구나. 이래서 그런거구나' 라고 더 이해가 쉽게 갔습니다. 뻔한 내용을 배우들의 연기력으로 뻔하지 않게 만든 영화같습니다. 창수 보라고 추천하고싶네요.
10, 역시 임창정..기대하길 잘했다
10, 임창정 연기력 정말 좋네요.
10, 작년에 부산국제영화제때 보고 오늘 친구랑 또봤다 두번보니 더 슬프고 창수와 상태를 더 이해할수가 있게됐다 삭제된 부분이 있는데 창수 밀항할려고 배타고 가던 장면과 상태에게 끝에 택시타고 돈가방을 사람시켜 전달하는 장면 왜 이장면을 편집했는지 아쉬웠다!약속을 지켰다 개창수T.T
10, 관람도중 많이 울었네요...  창수가  바라는 그런  애틋한 사랑은 현실에서도 불가능하겠죠...  대사에 욕이  많이 나와서 좀 불편했지만... 바닥중에서도 아주바닥 더이상 떨어질곳없는 바닥에 있는 창수가  사랑을느껴  자신의 정체성을 찾으면서  자신 삶의 운전대른를 본인이 직접 운전하고싶어하고..  넘 감동입니다
6, 영화가 재미있고 없고의 문제가 아니다. 준비가 덜된 감독이 작품 하나하나 신중하게 고르고 연기하는 배우들에게 얼마나 민폐를 끼칠 수 있는지 여실히 보여준 작품이다. 안타깝다.
10, 임창정의 연기가 인상깊은 영화였습니다. 스토리가 다소 약한듯 싶지만 배우분들의 연기가 영화를 살린거 같네요.
7, 배우들의 좋은 연기를 연출과 시나리오가 따라가지 못한다.좀 더 정성스럽고 치밀하게 만들었다면하는 아쉬움이 있다.
10, 시사회때 봤는데 임창정 정성화 연기 참 잘하데 손은서 진짜 이쁘고
9, 임창정 자연스런 연기가 그대로 묻어난다 예고편만 봐두 보고싶어지넹~ 개봉 기다리마
0, 징역살이 대행. 참. 나
10, 긋!!!!!!
3, 양아치는 양아치로 끝난다.
5, 나를 위한영화??? 내이름과 같네~
7, 임창정 정성화 안내상 배우의 연기가 돋보이는 작품이네요. 중간중간 급편집이 아쉬움이 남네요. 많은분들이 보시고 평가해 주셨음 합니다. 오랜만의 외출~ 시사회 재미있게 보고 왔습니다.
10, 기다려라! 혼자가서 보겠노라.
5, 임창정씨는 연기 변화를 줄 필요가 있네...너무 뻔해서 식상해..
8, 언론시사회로 보고왔어요. 역시 임창정씨의 연기가 최고였습니다. 잔잔한 영화가 원래 연기하기가 어려운 법인데.. 엄마와 함께 오랜만에 좋은 문화생활 하고 왔습니다^^
7, 느낌은 늑대소년같지만 개연성이 다소 부족했던 것 같습니다. 하지만 임창정씨의 연기는 정말 멋있었습니다.
9, 임창정 안내상 정성화님의 뛰었난 연기력 만으로도 충분히 멋진 영화입니다.
10, 시사회를다녀오고 남자들의 끈끈한정도 가족의소중함도요즘사람들의 사랑하는 모습과 많이비교ᆞᆢ누군가 나의편이되어주어  함께한다는건 정말축복받은 생인것을!!!출연배우 임창정등 연기력도 대단ᆢ 대박나시길♥♥♥
7, 시사회 다녀왔습니다. 배우들이 연기를 잘하지만 스토리가 먼가 빈약함 느낌이.. 끝에는 너무 급마무리하는 듯한 느낌이였고 빈약한 스토리를 배우들의 연기력이 커버해주는 영화!
8, 운이 좋게 시사회에 당첨이 되어 보고왔네요^^ 역시 실망을 시키지 않는 임창정씨랑 안내상씨의 연기!! 연기 정말 최고네요~! 느와르이지만 너무 무겁지 않아서 개인적으로 더 좋았던 영화였습니다~ 살짝의 웃음기 섞인 영화 창수!
10, 어제 시사회 당첨되어서 보고왔습니다. 느와르영화가 남자영화라는 인식이 강한데  여자인 제가 봤을때 창수를 통해서 그런 편견이 깨질 것 같습니다. 전혀 지루하지 않았구요. 한남자의 순애보 또한 잘 표현 한 것 같습니다. ^^ 대박날꺼예요.
10, 임창정씨의 연기만으로도 두시간이 금방지나가는 영화아직도 가슴이 아리네요..
10, 어제 왕십리 CGV에서 시사회 보고 왔습니다.  찌질했던 한 남자의 마지막 자존감  작은 소재를 깊은 울림으로 빚어냈네요. 영화가 줄 수 있는 감동. 오랫만에 느껴봅니다
7, 예고편보고 너무 보고싶어서 여기저기 시사회 응모하여 어제 보고 왔습니다. 역시 임창정만이 할수있는 찌질한 연기ㅋ 마무리가 아쉽지만 재밌게 보고왔어요~
9, 시사회 참석했어요  주연배우들의 무대인사도 보았구요. 오랜만에 임창정씨 연기를 보아서 좋았구요  하지만  5% 부족한 느낌이 들었어요 하지만 배우들의 연기는 좋았습니다~
8, 배우들의 열연 대박이에요 마지막이 쬐금 아쉽긴 했지만 그래도 너~무 재미있었습니다
9, 시사회 참석했어요~~ 편집이 아쉽네요. 연기력은 훌륭했습니다.
10, 시사회 다녀왔어요 눈물이 나더군요 28일 개봉하면다시 또 볼꺼예요
10, 시사회로 보고 왔습니다. 살짝 엉성한 편집이 있었지만 그런 것을 모두 커버할 수 있는 배우들의 연기에 박수를 주고 싶은 영화 였습니다.
8, 배우들의 연기는 좋았어요. 하지만 진지한 느와르라고 생각하고 보기엔 5% 부족합니다. 진지한 상황임에도 코믹적 요소를 가하는게 오히려 영화의 몰입에 방해가 됬어요. 현실적인 영화란 생각도 들게 하고... 그래도 별점 만개를 주기엔 아쉬운 정도?
6, 안내상씨와 임창정씨 연기는 좋으나 영화자체는 재미가 없습니다. 하이라이트도 전혀 느껴지지 않고  그냥 장면장면에는 신경을 쓴것같으나 전체적으로 억지같다는 느낌이 많이듭니다. 기대보다는 별로였습니다.
10, 오늘 시사회 보고왔습니다. 올해본영화중 보기전 기대치를 넘는건 창수밖에 없는듯.. 영화 좋은결과 있었으면 좋겠습니다. 배우분들의 연기에 보는 내가 흡수되어 끝날때까지 두근거리며 보았습니다. 좋은 연기보여주신 배우분들께 감사드립니다
10, 여운이 남아요. 역시 임창정 연기는 굿..손은서씨  정성화씨  안내상씨 등 누구 하나 연기가뒤떨어지는 분이 없었어요.
10, 좋은영화 여운이남네요
10, 창수 영화는 꼭 봐야 한다는 ..임창정과 미스터팡의 연기 완전 기대되네요...
10, 이영화는 무조건 봐야 한다..
10, 밑바닥 창수의 인생이지만 많은 것을 보고 느껴질거라 기대되네요  빨리 보고싶어요
10, 진심기대대요ㅠㅠ 예고편만 수십번째 보고있어요 빨리개봉원츄~!!!!! 공모자들 보면서 어울리까 했는데 대박이었음!!!
10, 빨리보구싶다ㅋㅋ 임창정의 연기 궁금궁금
9, 줄거리 대박 좋은데요?캐스팅도 매우 좋구이런 영화는 무조건 본다
10, 무조건추천
10, 임창정이 오랜만에 연기를 보여줄 듯... 좋은 시나리오 라고 충무로엔 소문이 자자... 마치 오래전의 친구 처럼... 아이러니네...
10, 임창정 더이상설명이필요가옵서요그냥 보면되요
10, “창수 = 임창정  리얼리티 연기의 끝”
10, 임창정 연기는 배리굿~~~
5, 아이고 그놈에 깡패영화 그만좀 찍어라 민망하지도 않냐?
10, 이거볼라했는데..아직개봉안했네ㅜㅜ
10, 왠지 마음이 짠해지는 전율이 느껴지네요...친구랑 같이 보러 갈게요..연기도 잘하는데 연말에는 큰 상도 한 번 받아보세요  ^^*
10, 기대됩니다.
10, 임창정이면 무조건이데 뿌라스 정성화까지.. 줄거리만 어느정도 받쳐주면 무조건 대박일겁니다^^
4, 예고편은 그다지...............
10, 우왕! 임창정에 정성화라....묻지마 관람입니다.
10, 보고 싶은영화
10, 역시 임창정이네! 빨리 보고싶당!!!
10, 기대돼요~ 임창정 !
10, 임창정씨 영화는 믿고보는 팬입니다.이번 작품또한 기대됩니다.^^
10, 톰행크스 처럼 믿고보는 임창정... 그나저나 이번 작품 또한 임창정 처절해 보이네요 ㅜㅜ   맨날 고통 받는 역만 하니 팬으로서 늘 마음이 아프네요 ~   그래도 이런 연기를 소화해 낼수 있는 몇 안되는 최고의 배우죠~ 꼭 보러 갈께요~
10, 예고 보니 완전 보고싶어지네요~~~~~
10, 이병헌보다 임창정 영화가 더 땡기는 건? 나도 몰라 빨리 보고 싶어요..
10, 임창정 배우와 미스터팡 가수겸 배우가 출연하는 '창수'의 개봉을 락수고대하며..
10, 믿고보는...임창정
10, 창수~빨리보고싶네요임창정씨의 연기는 진정성이 있어서 이번에도 기대되요^^언제 개봉하는지~~??
10, 기대 합니다~~~
10, 빨리 보고 싶어요. !!
10, 기대되는 영화! 임창정표 느와르!
10, 완전 기대돼요!!!
9, 찌질하고 비루하지만 순수한..하지만 비극적인 인생..이런 연기는 임창정이 해야 제 맛!
10, 기대합니다
10, 기대기대
10, 임창정씨 영화나 노래 모두 좋지요..웃음속에 슬픔이 내재되있는 기대됩니다..대박나길 바래요..^^~
10, 굳
10, 임창정씨~ 영화 기대합니다. 대박 나시길.
10, 창수보고 소주한잔먹어야할것 같아요ㅎㅎ
10, 임창정...가을.. 그리고 이 감성...정말 가슴을 후벼판다 목소리도 연기도 창정신!! ㅠㅠ
10, 진짜 요즘 임창정 아저씨 짱짱맨 !!!! 감성 쩔어요 ㅠㅠㅠㅠㅠㅠㅠㅠㅠㅠㅠㅠㅠㅠㅠ
10, '지운수 대통'이후 임창정바라기가 되어버렸어. 창수 꼭 봐야쥐.임창정이 행복해야 나도 행복.
0, 손은서라니
10, 볼 영화  봐야 될 영화  보면 후회 없는 영화 .... 임창정이니까.
10, 정말 난 임창정의 진지한 연기가 어울릴거 같은데..거의 없죠 거의다 가벼운 코미디..이영화는 어떨지 살짝 기대중
10, 임창정 임창정 임창정 임창정 임창정 임창정 ♡
10, 난 그냥 임청정이 좋트라~
10, 기대된다^^  임창정땜에 꼭 보고픈 영화ㅎ
10, 부산 시사회서 봣는데 살발하더구만여..최고의 연기 작품이 될듯여..^^개봉하면 계속 볼라구여...!!~~!!
10, 대박 기대중~
10, 개봉까지 언제기다려..ㅠㅠ
10, 헐 관람전 평점 참여 23명이 모두 10점을 줬네 ㅎㅎㅎ 나까지 24명 모두 10 점 헐 ㅋ
10, 작년 부산국제영화제 때 봤는데  임창정을 다시 보게 해준 영화.
10, 창정형님 대박나세요~요즘 활동하시는 모습 좋습니다~창수 보러갈께요^^
10, 창수 대박나세요^^ 재미있을것 같아요~꼭 볼게요~
10, 누가 별점 평점확인하고 창정이 영화보러가노?  창정이 영화는 조용히 가서 조용히 보고 조용히 소문내주는기다. 그기 창정이 영환기라~ 창수도 그래 보는기라~
10, 임창정 믿고 보는거다
10, 정확히 며칠에 개봉하나요? 꼭 보고 싶은데....
10, 미스터팡 뮤비보고 연기할줄알았다.저사람 미사리에서 봤는데 보통사람아니다 생각했는데 역시 충무로 갔군...창수 임창정 정성화 땜에 닥치고 보러간다!
10, 임창정 그냥 이름만으로도 극장 갈거다 대박난다~
10, 왠지 열라 재미있을 것 같음.... 근데 개봉은?
10, 공모자들보다 조금은 풀어진듯한 창수  임창정  새로운 연기도전 안내상씨  배우들의 연기가 돋보였던 작품^^
10, 역시 임창정.. 내가 살던 동네가 이영화에 고스란히 나와있었다. 손은서씨도 좋았고 안내상씨 연기가 최고 공모자들보다 재밌었음 ㅋㅋ
10, 정성화씨 뮤지컬에서 대세인데 영화창수에서는 어떤 모습을 보여줄지 궁금합니다.
10, 완전기대만땅.개인적으로 신인영화배우 방준호씨 연기도 기대만땅^^
10, 손은서양 연기도 잘하지만 묘한 매력이 있는 여인인 것 같아 기대가 큽니다...백점만점에서 잠깐 봤는데 매우 똑똑한 연기자인 듯 함...
10, 임창정은 보증수표~~~~~~~~~~~~!!^^
10, 창정이형 동인천에서 촬영하시는거 봤는데..싸인도 받고~촬영분위기 좋은거 보니 영화 대박일거같네요`~^^ 형 꼭 대박나세요~~ㅋㅋㅋ
10, 임창정표 느와르  기대되네요...!!
10, ㅎㅎㅎㅎㅎㅎㅎㅎㅎㅎㅎㅎㅎㅎㅎㅎㅎㅎㅎㅎㅎㅎㅎㅎㅎㅎㅎㅎㅎㅎㅎㅎㅎㅎㅎㅎㅎㅎㅎㅎㅎ
