0, 실력은 없는데   노력도 안하고  늘 이슈만 되고싶은 감독! 감독은 에초부터 기본을 안배우고 감독 한거다! 연출부 과정도 안했지?
4, 겉멋 잔뜩 든 중학교2학년의 일기장.  지루함이 영화를 가득 채운다.  왜 인지 이유를 물을 수도 없고 물을 필요도 없다.
8, 넘치지 않는 음악과 과하지 않은 주연배우들의 연기가 조화로워 점점 몰입하게 만든 영화
5, 데뷔작 이래  갈 수록  퇴보하는 이상한 감독. 이젠 어설프기까지하다. 키에슬로프스키는 개뿔. 이젠 민병훈 영화만 보겠다.
4, 범인은 이미 예상했던데로 뻔하고...절망과 상실감 죄책감등을 굳이 그런식으로 표현해야만했나?  김기덕 감독님 분위기나던 어설프고 답답한 영화...
9, 죄의식에 대한 항변과 교감...
5, 좋지 않은 엔딩 이 작품 을 바꿔놓았다.
4, 공감 안가는 성욕.
6, 음악이별로. 초반 에피스드의 아이디어 부재. 대사로 주제를 말해버리는 오글거림. 그러나 섹스신이 너무 좋았다. 위로나 치유 보단 죄의식을 나누는 의식같이 느껴짐. 혹은 믿기힘든 사실을 환상으로 덮으려는 심리일지도
0, 성직자를 욕되게 하지 마라! 아무리 영화라도 지킬건 지켜야 하는법! 육체적 교감이 아니라도 표현할 방법은 많이 있다...
6, 주제를 관통하는 듯한 영화 전반에 걸친 불협화음과 혼든스러움 그리고 답답함과 알 수 없는 숨막힘이 감독이 전하려는 메시지였을 것이다..... 용서와 사랑.... 난 아무 것도 할 수 없다 그리고 잊게 되겠지
7, 배정화씨 몸매 좋네요.
7, 박신부와 수현역을 맡으신 두분의 연기에 박수를 보냅니다  특히 대사도 적고 배경음도 없는 가운데 상처입은 내면연기를 소화하신 두분 힘드셧을텐데 대단하네요  반면 노출신도 갸우뚱 하고 전체적으로 무거운 느낌의 주제와 연출이 대중들에겐 쉬이 다가서기 어렵지않나 합니다.
2, 아주짜증나는 베드신~뭐 벗은거를 가지고 질질 끌면서 하고~영화 많이보는데 이영화는 짜증 그자체다.졸린거를 초월해서 너무지루해서 점점 화가난다.도대체 나는 왜 귀한시간을 내서 이영화 앞에 앉아있는가??라는 생각이 들정도로 답답하고 지루함~~
5, 타인이든 자신이든 용서하기란 쉽지 않다. 죄의식과 용서를 말하기엔 너무나 주관에 갇힌 모습들뿐
1, 재미없을듯...
10, 콘돔은 날아간다라고 읽은 넘들은 다 각성해라~~~
10, 영화 밀양과 같이 볼만한 영화였습니다. 종교 영화가 아니라는 감독님의 말씀과 달리 종교적인 영화입니다. 그만큼 성과 속의 구분을 파괴한 영화이기도 합니다. 마지막 페루에서 주인공은 마치 예수 같았습니다.
5, 프리스트(만화원작 그영화 말고..)가 뛰어난 영화였다는걸 다시금 깨달았어요
10, 전수일감독님 탄탄한 스토리텔링과 깜짝놀랄 반전 기대돼요~
10, 전수일감독님과 명품배우 조재현씨  기대합니다~
10, 전수일감독님 영화기대되요!
