7, 8개의 에피소드가 각각 흥미롭게 전개되는군
6, 키스는 밝은데서 합시다.
10, 별 기대 없이 봤지만 정말 재미있게 봤습니다. 웃음과 눈물이 함께 하는 영화.
9, 기대했던데로 재미있네요 어떻게 이렇게 만들수 있을까라는 생각들정도로 재미있게 봤습니다 진짜 개봉했으면 좋겠네요
8, 오늘 보고 왔는데 기대했던거 보다 훨씬 재밌었어요ㅎ 8가지 에피소드가 2시간 진행되는데 지루할 틈이 없더라구요ㅎ 꼭 개봉해서 많은 분들이 볼 수 있으면 좋겠어요^^
10, 키스!
10, 기대기대!
