0, 귀향도보고실망했는데...역시....ㅠㅠ
8, 16mm 카메라로 찍은듯한 현실 그대로인듯한 화면.
10, 한국이란 사회에선 제대로 평가조차 받기 힘들 수 있는 사랑은 나이가 아닌 그 과정 속에 있다고 본다 같은 나이에 정서적 물리적 경제적 폭력이 얼마든지 존재하고 당연하듯 사랑이라 불린다 그게 더 여꼅고 더럽다 이 내용을 보지 않고 여자 마흔과 남자 19이란 것만 보고 욕하는 것 자체가 폭력이다
4, 영화의 소재만 신선했습니다.이어지는 흐름이나 배우들의 연기가 매우 아쉬웠고그 아쉬움들을 상쇄시킬수 있을만한  대사에서의 깊이라던지  어떤 상황에라던지 그런 생각할만한 거리들을 던져주었으면 좋았텐데  많이 아쉬운 영화인거같습니다
8, 19살의 미숙하고 부끄러운 연인의모습을 그.대.로.의 미숙함으로 나타낸.. 너무 빤하지않아 오히려 고마웠던.. 남자배우의  연기에 박수를^^
10, 이처럼 차가운 영화가 또 있을까 싶네요. 이 두 연인을 지지하진 못 하지만   영화 속 카메라처럼 멀찌감치서 그저 가슴이 아프게 바라만 봅니다.
9, 영화 작년에 잘봤습니다.인디영화의 열악한 현실..나아지길 기대합니다.열악한 조건에서 좋은 영화만들어서보게 해주셔서 감사합니다^^
8, 현실과 맞서야 하는 두 사람의 이야기...
7, 이 시대  '독특한' 연애를 하는 연인들을 위한 송가...
10, 애써 외면하고 싶은 삶의 어두운 부분을 읊조리듯 잔잔하게  그러나 지루하지 않게 그려내었다. 두 주인공의 마음이 느껴진다.
10, 우리네 주변에서 쉽게 볼수있는 청춘들을 보고 있는듯한 아픔이 전해져 온다. 삶은 마땅히 이러이러해야 한다는 강박관념속에서 조금은 벗어났지만 그래도 살아볼만한 곳일수 있음을 잘 보여준것 같다.
4, 불편하고 역겹다. 게다가 남자 주인공은 왜 이렇게 연기를 못하는 건가?
8, 가을에게는 잔인하리만큼 혹독한 겨울이었다.
