9, 족같은 청소년보호법 없애고 사형제도 부활시키자.
6, 부모는 단지 자식이 아플까 걱정이다. 내가 아팠을 때 안타까워 어쩔 줄 몰라하는 어머니의 모습이나  주변에서 자식이 아플 때 당황해하는 부모들의 모습이 눈에 선하다. 감기만 걸려도 어쩔 줄 몰라하는 게 부모마음인데  세월호 참사로 자식을 잃은 부모의 심정은 오죽할까. 다시 그때로 돌아갈 수 있다면 얼마나 좋을까
0, 소재는 너무 좋았는데 연출이 너무 허접하네요... 감독님께 모범시민이란 영화 추천 드려요..... 장님 문고리 잡기 식의 전개 깝깝함...
10, 이시대의 생각하게 하는 영화  현실 가능한 영화..
1, 보면 화가 나는 영화  현실이 어떤지 알기 때문에 더 화가 나는 영화.
10, 내딸이 저랬으면  저런시키키운 부모도 죽이고. 자수해서 사형폐지된 세상. 감방가서. 남은인생 보낸다
10, 댓가를 치러야지 죄를지었으면...
0, 이 영화의 문제점은 중반부부터 질질 끄는 것이 아니라  애들을 못죽여서 안달이 난 일본식사고관에서 기인하는 전체주의을 돈주고 사와서 한국에서 만드는 제작기획의 문제이다.
9, 현실을 반영한 이야기
8, 영화를 보는 내내 화가 나고 답답했다...결말도 왜 이런 식으로 마무리를 했을까... 여운이 아니라 분노가 남는 영화... 중반부분 강원도를 헤매고 다니는 장면이 너무 길어 좀 지루했다...
10, 1.정재영 연기 정말 일품 2.x개같은 법
5, 잘 짜여저있는 이야기이지만 끓어 오르는 한방이 없다는게 아쉽다. 정재영의 혼자서분투해봤자....
8, 강간의 왕국 헬조선의 현실. 까놓고 강간당한 애가 죽지 않았다면 사건이 되지도 못했을거다. 수진이 사건이 있기 전까지 있었던 수많은 강간범죄들이 한번도 수사를 받은적이 없으니까. 그게 젤 끔찍하다.
10, 잘 봤습니다
10, 충분히 빡칠만하면서 ㅈ같은 현실을 반영한 영화다
8, 도가니  방황하는 칼날.. 우리를 지켜줘야 하는 법은 돈과 권력 앞에서 무기력하기만 하다. 두 주인공의 열연과 우리에게 메세지를 주려고 하는 연출이 조화가 잘 되었다. 제발 현실의 법이 강화되기를 바란다.
8, 돈크라이마미는 엄마의 복수  방황하는 칼날은 아빠의 복수  내용과 설정 비슷하고 결말이 같다는게 좀 아쉽지만 잘 봤습니다. 그리고 미생팀 화이팅...^^
9, 이유있는 자력구제의 버둥거림.
5, 쟁쟁한 두 명배우 데려다 놓고 특히 정재영 생고생을 하게 해놓고 만들어진 게 이런 작품이란 것에 배우도 허탈했을 듯.원작이 일본이란 얘기가 있던데 우리와 뭔가 안 맞는 듯한 설정과 전개로 끝까지 보기가 쉽지 않았음.그리고 기왕이면 영화는 눈과 귀가 즐거워야 하지 않나 싶음.
5, 피해자는 죽고  가해자는 살아남고... 감독은 이런 영화가 오히려 역효과를 낼 수 있다고 생각해 보지는 않았는지 궁금하다. 죽어서도 치르지 못할 죄를 저지른 인간을 끝까지 살려주면서까지 전달해주고 싶은 얘 기가 무엇이었는지 감독에게 묻고 싶다. 영화를 끝까지 보고 바꿔야 한다는 생각보다는 좌절감만 느꼈다.
9, 케이블에서 60%정도 보다가 약속때문에 나왔는데 거기까진 참 괜찮았다 생각했으나 흥행은 잘 안됐군요.. 남은 분량을 봐야할지 고민되네요... 그래도 본 것까지는 괜찮았으니 9점~!
8, 기분 참 드럽다...ㅜㅜ 청소년 처벌 꼭 강화해야함.. 범죄에 성인이든 청소년이든 피해자들의 상처가 다른 건 아니니까...
0, 70%부족
5, 조두식까지 깔끔하게 죽였으면 별8개  처음에 죽은놈 배로 낳았다는 녀ㅛㄴ이랑 그 씨 준 너ㅗㅁ 뒤지면 별9개  도망가라고 한 녀ㅛㄴ 팔려가 성노리개되면 별9.5개  학교에 조두식 패거리들 다 뒤지면 별10갠데... 많이 미흡! 아주 죽이고 싶은 마음으로 봤네요.
5, 진짜 ㅈㅋ은 영화네요 이에는 이를 적용해야되지요
10, 미성년자의 범죄 사회문제에 대해 고민하게 된다. 아버지의 마음  피해자 가족의 마음을 조두식은 알지... 그 부모는 알련지...T.T
7, 먹먹하고 막막하다 죄질이 나쁜살인자들은 사형 해야된다 살려두니깐 피해자가 가해자가 되는거지  남은 삶을 지옥으로 살게 하는  악마들 잘못인지도모르는 사이코패스들  답답하다
10, 범법자를 처벌하지 못 하는 법은 소용 없다. 연기  스토리  모두 좋음.
9, 이런영화가 대박이 나야지....개봉하는지도 모르게 지나가버리면..흘.... 그저 사랑놀이 코믹이 상업영화를 덮어버리다니..
9, 내용 연기력 모두 좋은 작품  
9, 강력범들은 법의 처벌보단 차라리 응징을 가하는게 가슴에 한이 안됨.. 솜방망이 처벌로 법에 신뢰 상실..
10, 법 보다 우선인게 많이 있지...
9, 법에 대해 생각해보게 하는 영화
7, 이래저래 많은 생각을 하게하는 영화
5, 영화를 좀 영화답게 만들어야지... 좋은 내용을 감독하고 주연이 다 버려놨네.
9, 자식잃은 부모한테 인생 같은 거 없다는 말 공감한다.
9, 제목 그대로였다   법을 집행해야할 칼날이 마구 흔들린다   그 칼 끝의 법은 누굴 위해 존재 하는가? 그리고 누굴 위해 존재 해야 하는가? 에 대한 물음으로 되돌아온다 . 영화가 끝났음에도 그 질문은 너무나도 길다....
10, 현실은 더욱 더 심각하다갈수록 그럴 것이고.....법이 기득권자들의 전유물이 되어버려진지 오래
10, 케치온에서  지금 방송하는데  .. 이 영화 정말  ..ㅠ딸 아이 하나 가진 부모 입장에서 나부터 용서란 없다
10, 자식 잃은 부모한테 인생 같은 거 없어
3, 책으로 봐야한다...
8, 그냥 죽여버리고 싶은 새끼들은 모두 그냥 죽여 버린다??? 우리사회의 법이 강자와 가진자들에게는 약하고 못살고 힘없는 서민들에게 강한 것이 잘못된거다...사적복수는 절대 반대하지만 그 아버지의 분노에 나도 모르게 공감갔다..청소년 성범죄자에 대한 가해자의 인권은 개나 줘버려~~!!!
7, 원작에 비해선 너무 부족한 설정 및 전개
10, 굳
9, 영화를 보면서 모든 부모들이 자기편에서만 생각하지 말고 책임감을 갖고 대처해야겠다는...사건 발생이나 영화 결말에 있어서 너무나 마음 아프게 본 영화
5, 아직 안봤지만 히가시노게이고 소설이 낫다
10, 이영화 재미있어요
9, 이 영화가  왜  흥해이  않 됐었는지  알겠다세월호  유족분들과  너무도  많이 겹친다누군가 흥행되는게  굉장히  싫어 했을 것 같다
8, 한심한개한민국사법의 수준을 적나라하게보여줌피해자의인권을 보호하는게아니라 오히려 범죄자쓰레기들을 보호하는 괴상한나라
8, 조금은 아쉽지만  비교적 깔끔한 편.
7, 너무나 자극적??인 소재의 영화라 한동안 망설였지만...영화자체의 무게보다 소재의 무게가 너무 무거워서...그어떤영화를 보는것보다 무거웠다... 현실적인 법이 하루빨리 나왔으면 좋겠다..
8, 평소 나의 생각과 감독이 전하고자하는 생각이 같은듯하네요개쓰레기들은 미성년자나 성년자나 패죽여서 소각해야 됩니다 상식이 통하지 않는 부류의 인간들을 상식적으로 대하려는 태도에서 모든 문제점이 출발ᆢ 사형제도는 반드시 필요함
1, 순 어거지! 현실을 말하고 싶은 알겠지만 이건 아니다 싶네요
8, 흡입력있게 몰입시키진 못했다. 하지만 마음이 아프고  법이 하지 못하는 것이 정말 많아 직접해결하는 것 말고는 방법이 없다는걸 느끼게되는게 어처구니 없다.
7, 배우들 연기력은 좋았어요.. 하지만 극전개는 확실히매끄럽다는 생각이.들지.않았고 엔딩도 시원하지 못하네요그래도 전체적으로 나쁘다고는 생각되지않네요 그리고이영화를 보면서. 강력범죄에 특히나 살인죄에는 청소년.성인 구분없이 동일하게 처벌하고 처벌 수위도 더 강해져야된다는 생각도 드네요
0, 원작이나 이거나 답답~~~하다 방황만하는영화
10, 개쓰래기 세끼들 다 저렇게 만들어야되
9, 원작을 안보고 기대도 안해서 그런지 재미있게 보았다...
6, 일본 원작 스릴러 영화는 왠만하면 몰입감있는데 이 영화는 그런 몰입감이 현저히 떨어지네요..복수심에 불타는 방황하는 아버지가 휘두른 무딘 칼날에 이리 쓰러지는 나쁜 놈들이라니..그런 아버지를 찾아헤매는 경찰의 뒷북도 한심하고..청소년 범죄에 대한 감독의 의도는 알겠는데 너무 지나치게 오그라드네요..6.3
8, 묵직하다!! 사회적 파토스가 깊이있게 각인된 서사;세련되고 기품있다
9, 볼만했음 정재영 엄청고생했네
10, 이 영화는 꼭 봐야한다! 봤으면 기억 해야하고 기억한다면 내자식부터 잘키워야하며 내자식 소중한것 만틈 남의자식 또한 소중하다는 생각을 가져야한다!
10, 올해본 영화중 손꼽을만하다. 역시 정재영 이성민.....이런 영화를 어른상대로 아니고  학교에서 단체로 관람시켜야......윤리교과서 백권보다 낫다.
10, 이런영화는 꼭 봐야한다  .이런일이 나에게 생긴다면 .당신은 어떻게 하시겠습니까?애든 어른이든 죄지으면 죄값 받아야한다 .청소년 보호 ? 지랄이라고해라 우리나라법  개판이다.그러니 애들이 지랄하고다니지.있는자는 법을 무시하고  없는자는 법 때문에  당해야만하고법 좀바까라...씨 발 대 한 민 국...
7, 주인공의 행보가 좀 많이 답답했던 영화  하지만 나쁘지는 않았음... 진짜 제대로 자식 복수하는 것은 엄정화 주연의 '오로라 공주'지.. 마지막도 깔끔하고...
8, 원작은 못 따라가나 정재영의 연기가 살렸다
7, 내가 가해자의 부모라면  피해자의 부모라면    정말 많은 생각을 하게 되는 영화입니다. 끝까지 죄의식이 없는 아이들을 보면서 정말 화가나고  현실에서도 어린나이에 이런 나쁜일을 당해서 세상을 뜨는 아이들 생각에 너무 마음이 아픕니다ㅠ 많은 사람들이 보고 생각해야할 영화...
8, 교육용으로 한번쯤 봐야될 영화네요 잘봤네요
1, 지루하고ㅡ연출력도  떨어지고 내용이 이어지지도 않고  연기는잘했으나 추운겨울에 배우들 고생시킨영화ㅡ시간이 아깝네요
2, 결말이 최악이네... 지루하고   
5, 배우들의 연기는 좋았으나...지루한건 어쩔수 없네요
8, 어디선가많이본듯한영화!증간넘어서부터 조금은지루해지는연출력!그래도 볼만함!
10, 여기서 졸거나 지루하다는 사람은 자식이 없는 사람...
10, 자식 잃은 부모에게 남은 인생같은건 없어..
8, 가슴아픈 현실.. 내 딸이 저런 일을 당한다면 난 더하면 더했지 덜 하지는 않을듯.. 미성년자라는 이유로 처벌이 가벼워지는 이 현실이 안타깝다.. 범죄에 어른 아이가 어디 있나 몹쓸 인간일뿐이지라는 이성민의 대사가 절절하다...
8, 보는 내내 심장이 벌렁벌렁 따끔따끔. 가슴 아픈 얘기는 내 일 같아서 보기 힘들더라. ㅠㅠ 이런 문제제기가 계속되어 죄값에 대한 처벌이 강화되길 바람.
9, 영화 감상 평점 댓글 올리며 .. 뭔 철학적 평론을 짓걸이며 잘난척을 해대는건지.. 간단히 좀 올려 생각하기 편하게 ..
9, 정재영의 연기력  감독의 연출 훌륭.
9, 죄값받을사람이 당한사람에 비해 죄값을 치루지 않아서 이런결과ㅅ생긴게 아닐까싶네
10, 법을 배우는 학생으로서 많은 여운을 느끼게 하는영화
10, ......
6, 어떻게 죄값을 치뤄야 죄가 용서될 수 있을까. 사형이나 무기징역으로? 아니면 눈에는 눈  이에는 이와 같은 옛 방식대로? 범죄자가 죄값 여부를 따져 가면서 죄 지을까.죄 짓지 않고 열심히 사는 사람들은 죄값이 두려워 법 지키고 사는 걸까. 죄로부터 되돌릴 수 있는 건 아무것도 없다. 죄와 죄값은 서로 다른 개념이다.
7, 영화 의도는 좋으나 너무 답답하고 지루하다..영화답게 좀 더 시원한 복수 스토리로 가는게 어땠을지 싶다..답답한 현실인데 영화로도 좀 뚫어주자.ㅠㅠ
9, 아 열받는다.
8, 청소년보호법 운운 하지말고 성폭력및 강간  살인 죄는 앞으로 엄하게 적용되었으면 하네. 법이 허술 하니 애들도 개념없지. 복수는 냉정하게 천천히 해야됨. 저런식으로 하면 복수 못함.
3, 미안하다...지루하다 흔한 스토리
5, 존1나 개답답한영화. 그리고 조1옷 같은 우리나라의 현실.
7, 현실에선 불가능한 분노의 단죄를 확실히 보여주던지 아니면 법의 맹점이라도 제대로 짚어 주던지 한 곳에 집중해서 연출되었으면 하는 아쉬움이 남는다. 이 영화를 보고 느낀 분노와 허망함 그리고 현실에 대한 상실감이 사회의 잘못된 점을 바로 잡는 강력한 메시지가 되어주길 바래본다.
5, 졸다가 보다가 한 영화
7, 스릴러라고 하기엔 쪼여가는 복수극이 너무 심심하달까?청소년 범죄에 대한 법적인 딜레마만 문제삼을뿐 통쾌한 복수가 없어서 갠적으로 많이 아쉬웠어요   
8, 담담한 영화... 배우들 연기 좋고 마지막이 짠함. 아쓉다면 뭔가 더 생명에 대해서 고민할 꺼리를 끌어올려줬으면 하는... 배우들 연기에 별 바칩니다.
6, 연기들은 좋았지만...아픔을 느끼기엔 연출이 부족해서 관객의 상상을 더해야만 한다는...
7, 어려도 강력범죄는 애고 어른이고 강력처벌 해야하는데
10, 진짜 보면서 열받음. 저런놈들 그냥 죽게 두는거보다 더하게 죄값 치루게 해야할듯.
7, 딸을 위해...하지만 완벽한 복수를 할수 없는 보통 아버지의 답답하고 처절한 모습이 속터지는듯 했지만...그게 우리들 모습이다....재판형량 좀 팍팍 올리자고.
5, 요즘 스릴러는 참 비슷하고만...일본 영화 고백과도 겹치는 부분이 많고...너무 뻔해서 식상해...형사 케릭터도 비슷하고..
3, 복수의 이유는 있으되..명분이 약함.. 그냥 드라마!
7, 뭔가 극적으로 복수하지 않는건 현실을 반영하고 싶었겠지..법앞에서 어쩔수 없는 우리 사회..근데 나라도 법은 믿을수 없고 화병걸려 뒈지는거보단 되든 안되든 복수하는걸 택했을듯..
7, 뭔가부족하다 스토리상ㅇ   복수를할혀면제대로하던가   통쾌하거나 기발한스토리가이어져야하는데   니기적 기냥흘러갓고 결국은답답하게 끝남    별루다
8, 감독의 연출력에 아쉬움이 너무많다. 때려죽여도 시원찮을 분노를 좀더 끌어올려야 하지 않을까? 정재영의 연기력가지고 ㄴ이야기하는걸 보면 이 다음영화는 정말 개.쓰레기다.하기사...어디 헐리웃의아류작인 인도영화를 평점10을 주는곳이니..
6, 한 아버지의 잔인한 하루. 보고 있으면 답답하지만  딸을 잃은 충격과 아픔을 받아들이기도 전에 추악한 사실을 알게되면 그 누가 냉정하게 계획적으로 행동할 수 있을까 싶지만   여러모로 아쉬운 부분이 많다. 결국 용서가 아닌 다른 복수의 결말을 바라는 나도 이 사회의 법을 믿지 못하고 있다는 걸 또 느낄 뿐..
7, 오늘날 우리 사회에서 법의 집행이 얼마나 느리고  무디고  어리석은지를 새삼 깨닫게 한다
7, 정재영  이성민  두 배우의 연기에 빠져들 수 밖에 없다
8, 도가니  부러진 화살을 보고나온 느낌! 답답하고 현실이 엿같다.
2, 정재영하고 감독이 다 망친영화 멍해가지고 기어다니면서 먼 복수를 하겠다는건지 영화내내 똑같음 지루함 틀에박힌연기 그따위로 할꺼면 몇년쉬어라
9, 나라도 이상현이 될 듯 하다...
8, 원작에 충실 하면서도 긴장감은 원작 보다 높음. 역시 처절 연기는 정재영이 갑. 가슴 아린 영화다.
6, 조금은 지루했다..!!
5, 주제에 비해 연출력이 아쉽더군요. 하지만 모두가 알아야 하는 사실...안타까운 현실...
5, 방황하는 연출......스릴러라고 하기엔 너무 힘이 부족하다.....감독이 무엇을 말하고 싶은지는 알겠으나 보는내내 답답하고 지루하고 짜증난다......
8, 연출력은 떨어진다. 하지만 그 분노와 사회적문제에 대해서는 공감한다. 이런 우리나라 법체계에서는 모두가 이상현이 될수밖에 없다.
7, 메세지는 좋았으나 연출의 사족 이 아쉬울 뿐이다.
10, 이제 알아야 하고  바뀌어야 한다
4, 이 나라는 가해자 인권만 있다. 피해자는 가해자에 의한 피해! 법에 의한 피해!까지 다 짊어지게 되는 나라.
5, 정말재미없었다 기대하고봤는데 정말별로 마지막엔딩도 별로고
10, 결말이 짜증나는데 그게 현실이란것에 분노하고 좌절한다.
0, 조또 몇년만에 존나게 짜증나는 영화 봤네.퉤
10, 복수는 아빠꺼ㅎ
5, 결말참X같네 짜증나고 답답하고 꼭잡기전에 이름을불러야되냐? 얼른도망가란 소리로들려ㅅㅂ
8, 영화가 제시하는 갈등은 충분히 공감되며 상상해볼수있는 문제였다 또한 속도감있는 스토리전개도 좋았다..딱하나 아쉽다면 정재영과 이성민의 연기가 기대하고 예견되던 딱 그만큼이었다는게 조금..
7, 함무라비법전 "동해보복법" 눈에는 눈  이에는 이....
9, 영화 정말 잘보았습니다 저는 오히려 현실적인 마무리가 더 여운이 깊었고  주인공이 애초에 조두식을 죽일 마음이 없었던 부분에서 놀랐고  가슴이 찡했습니다.. 이러한 악질 청소년 범죄 처벌에 대한 문제가 사회적으로 더 많이 부각되어 하루 빨리 법이 바뀌어 피해자 가족의 가슴에 못박는 일이 없었으면 좋겠습니다
7, 너무 현실적인 영화... 법이 너무 관대하다 솔직히 조두식이 죽었으면 했다 근데 현실 앞에 너무 허무해지는 결말이다.
3, 복수극을 하려면 제대로 해서 관객들한테 카타르시스라도 줘야지~ 그게 영화지
6, 영화마져도 현실적이었어야할까... 그냥 영화에서라도 통쾌하면 안될까...
10, 영화를 보는 내내  누군가 정부고위층. 종교고위층. 재벌. 특히 판사들..그네들 자식  손녀들이 저런일을 당하면....그런케이스가 5건만 벌어져도  최소한 상식적인 법적용은 조금씩 자리잡지 않을까 하는 생각을 해봅니다...
0, 명불허전 짭새 범죄에 애고 어른이고가 어딨어
9, 현실의 답답함을 대변해 주는 영화 청소년 보호법 이 오히려 피해자를 죄인으로 몰고가는 이 현실 현실성 100% 공감하는 영화입니다.      범죄에 애 어른이 어디있습니까? 요즘애들은 약삽해서 저것을 역이용 한다지요.
7, 청소년 범죄로 인한 가해자와 피해자  그리고 가족이기주의 등 여러가지 생각할 거리를 주는..씁쓸하면서도 가슴 먹먹해지는 영화다. 자식 잃은 부모에게 남은 인생이란 없다는 대사가 너무 아프게 와닿았고  주로 코믹한 연기로 웃음을 주던 정재영의 고통스런 연기가 무척 좋았다.
7, 이 땅에 정의는 사라진지 오래다.... 다만 이영화에서 공감가는 대사 하나는 죄지은놈이 애 어른이 어디있다는 말뿐..
8, 정재영  이성민  이주승 배우들 연기 너무 좋네요... 이런 주제의 영화가 안나왔으면... 안나올 수 있는 사회가 됐으면 하는 바램이네요...
9, 엔딩부분이 왜이리 슬프지.이영화가 주는 교훈이 없다는것이 씁쓸하다.법은 누구를 막론하고 강하고 냉철해야 됨에도 그렇지못하는 현사회.얼마전에도 이런 실제사건이 있었죠.법이 못하니 아버지가 대신 처벌하는..피해자가 겪는 고통은 법은 아는가?
7, 최근 이런류의 영화 엄청 많아졌네요..  영화가 영화로만 끝나야 되는데.. 무언가 요새 사회를 대변하는듯한 느낌~ 먹먹한 마음.. 영화는 볼만해요~~
4, 연기는 좋으나 소재는 식상하다... 돈 크라이 마미 의 아빠편  결국 관대한 법이 국민은 지키지 못하고 범죄자를 지켜주는 이야기.... 경찰은/법은.... 선량한 사람들 편이어야 한다 관객을 끌려고 애는 썼으나~화만 돋구고    연기력에 비해 작품이 엉망임...
9, 죄와벌에대하여다시한번더생각나게하네요.연기는굿입니다.
8, 씁슬하다. 사회에서 없어야 할 놈은 살고 필요한 사람은 죽는구나.
9, 믿고보는정재영표영화.
5, 사회적문제를 환기시키고 집중시키고자 관객들로하여금 극도의 분노를 유발하기 위한 방책인거 같은데  짜증나네요. 모범시민은 통쾌하던데.
9, 한 사회의 안일하고 그릇된 법 집행이 결국엔 법보단 주먹에 가까운 사회를 만든다. 강력범죄 청소년 범죄에 너그로운 대한민국 법의 머지 않은 자화상 같아 보고나니 씁쓸했다.
7, ㅎㅎㅎ 이거보니 우리나라는 참 살기 좋은 나라란 생각이 들었다...범죄좃딩들이 살기 좋은 세상
10, 진정성 있고 많은생각을 하게되는 영화입니다.영화 잘봤습니다.
5, 조두식이 대갈빡에. 총알을 박아 넣고 끝냈어야하는 영화아닌가..결말이 식상할까봐 끝을 지랄같이 끝내니까 더 엿 같은 영화가 되버렸네..시간 아깝다..애시끼들 강간해도 6개월 소년원 살면 끝..
5, 솔직히 정재영 연기 보고 진짜 이건 아니다 싶더라! 정재영은 터지는 연기가 하나도 없다. 보고 있으면 엄청 답답함  로맨틱이나 코메디나 솔직 저런 답답한 연기 다신 보고 싶지 않다. 비중 적은 조연감이다. 진짜 주인공으로 영화를 끌고 가기엔 너무 답답 화면을 뽀개버리고 싶더라!
6, 감독에게 악마를 보았다란 영화를 추천합니다
5, 긴박감에 대한 강박 탓인지 전개가 많이 오버스럽다. 결과  주제 표현이 산만해졌다. 헐리웃 장르물 흉내에 집착말고 원작의 문제의식에 좀 더 집중했더라면..
7, 이런류의 우리나라 영화들은 하나같이 다 결말이 이렇다. 리메이크작이라고 하나 결말을 좀 다르게 했으면 얼마나 좋았을까... 영화속에서라도 좀 화끈하게 복수하고 부실한 법제도  인간성 등의 사고는 관객에게 맞겨도 늦지않다. 더 이상 이런류의 결말을 가진 영화는 보고싶지 않다... 하도 분통터지고 열받아서 그런다!
5, 고뇌하지 말고 더 냉정하게 복수를 했다면.. 악은 악으로 갚아야
6, 칼날 자제가 녹슬고 무뎌서 아무것도 못하고 방황한다.
10, 원작은 아직 못 봤지만 꼭 보고 싶게 만드는 생각하게 만드는 영화.한국 영화가 좀 더 창의적인  영화가 나오길바라면서 ...리메이크 영화도 좋지만... 더 좋은 영화나왔으면 하는 바람이다.
6, 영화를 보면서 내 눈꺼풀은 방황하고 있었다.
7, 살해용의자가 되어버린 피해자 아버지의 처절한 복수... 내 자식을 절대 그럴일 없다고 믿고 싶은... 가해자 부모들의 이기적이고 잔인한 마음... 어느 정도 예상 가능했던 내용전개였지만 눈물 콧물 침까지 흘리는 열연을 펼친 정재영씨의 연기가 단연 돋보였던 영화...
1, 일본원작에 부끄러울정도다..영ㅎ이따위로밖에 못만드니?
7, 영화가 말하고자 하는 내용  영화가 보여주는 가해자들의 태도  그들 가족들이 보여주는 뻔뻔함  그리고 너무도 무기력한 우리나라의 법 현실 등 모든 면에서 공감하고 분노하나  영화 자체는 실망스러운 면이 너무도 많다.
8, 잘봤습니다. 원작도 진작 봤는데 원작에 상당히 충실하게 리메이크한것 같네요. 정재영씨도 잘했고. 이성민씨 연기도 잘봤습니다. 예전 파스타같은 드라마에서의 코믹함이 기억에 남는데.. 다른 스타일의 연기도 꽤 잘하시는듯 하네요. 근데 김민기 학생은 너무 많이 맞는것 같네요.
8, 오랜만에 감정이입되서 집중해서 봤다...피해자를 피의자로...피의자를 피해자로...범죄에 애 어른이 어딨냐...
9, 어릴적 주워왔다구 해서 겁먹던 요즈 아이들이 아니다. 법을 악용하는 자는 나이가 많던 적던 다 적법한 처벌을 받아야 한다는 생각이 드네~~ 극장가서 못 관람한것이 아쉽다 재영행 고생많으셨겠네요
0, 시발 이런 영화 만들지 마라좀 따라 한다
7, 주제의식 10점 스토리 7점 연출 3점 주인공 연기 9점 나머지들 연기 5점 평균 7점... 형사가 길거리에서 말리는 장면에선 울어야 했고 더 격렬해야 했다 스토리가 너무 루스하다. 경찰이 용의자 통신조회도 안하나?? 그럴려면 설정을 70년대로 하던가..
4, 3류한국영화  아 내시간내맥주가 아깝다ㅡㅡ
1, 이것도 영화라고.. 감독이나 연출자나 반성해라아무거나 막 찍는 정재영 도 이제 질린다. 이런 영화에 출연을 하냐
10, 보고나니 더 짜증납니다우리현실과 똑같아서요그래서 10점 만점 줍니다 이재영씨 연기 정말 잘하네요우리 딸을 누가 기억해 준단 말이냐.........딸을 위해 목숨을 내던졌지만 여전히 누구도 기억해 주지 않네요양심적인 한 형사를 제외하곤 말이죠이제 나도 기성세대가 되었는데우리 사회는 아직도 정의가.....
8, 전부를 잃은 사람에게 법이 과연 의미가 있을까.항상 가해자들은 태연하고 장난인듯 죄의식 없는 청소년범죄는 날로 영악해지는데 법은 되려 보호자로 치부하여 피해자들의 허탈감과. 무력감에 또다른 고통을 준다.정재영씨의 감정씬은 훌륭했고 이성민씨의 독특함에 몰입이 좋았다. 칼날의 방황은 법이 멈춰지게 해야..
2, 훌륭한 원작과 연기자를 감독이 말아먹은 좋은 케이스.초반 애새끼들에 대한 분노는 중후반 감독에게 옮아간다.답답한 연출과 억지스러운 전개도 그렇고 강간당해 죽은 딸의 복수치고는 너무 약하고 우발적이다. 이건머 정신지체자가 복수하는것도 아니고 일단 죽여놓고 그많은 팬션을 일일히 걸어다니면서 찾는 장면은진짜
9, 연기력은정말말할것도없고. 끝에갈수록 느슨해진다고하는데 그것보단 좀 현실적이라는 말이어울린다영화보다가      억울하고 울화통터져서. 펑펑운건 도가니이후로 처음. 정말         청소년범죄는. 법을 개정해야된다고생각함
0, 방황하는 감독..정말 별내용도 없고 재미도없고..히가시노 게이고는 한국에서 영화똥칠하는거 알긴할까?..닥치는대로 찍는 정재영도 싫다
6, 믿고보던배우들이 다 사라져가는구나... 정재영너마저 열한시이후로 또다시.. 이제는 하정우 최민식만 남았나..
6, 균형감이 돋보이지만 후반으로 갈수록 느슨해지는듯. 복수의 마지막 살인은 죄책감으로 평생 괴로워할 사람이 하는 것이 맞다.
8, 나름 잘 만들어진 영화. 두 배우의 연기력도 빛났고.. 감독이 이 영화를 통해 말하고자 하는바가 무엇인지도 어느정도 잘 나타난 것 같다.
9, 정직한 제목 우리가 사는한국은  칼날을 어디를 향해야 하는지 몰르고잇다
9, 밀양 집단 성폭행 사건 주범과 그새끼들은 과연 이영화 보고 뭘 생각할까?  아마도 'X까고 있네 ㅄ ㅅㄲ들  그런다고 달라지나?'  사회정의는 이미 오래전에 개나 줘버렸지  기본이 지켜지지 않는 나라는 미래가 없다. 변화없인 또다른 세월호 또다른 밀양사건들이 반복될뿐
10, 좋은영화.
9, 나는 내 새끼를 죽인 이런 놈하고 같은 하늘에서 살 수가 없다. 이런 놈은 조두식을 수도 이준석일 수도 유병언일 수도 대한민국의 수 많은 쓰레기일 수도 있다. 정의를 바란다면 불편함과 부족함과 어려움을 견디어야 한다. 대한민국에서 과연 누가 지금 당장 자신의 손해를 감수하고 먼 미래를 바라보겠는가?
8, 방황할 수 밖에없는 칼날을 만든 피해자이자 피의자. 씁쓸하다.
7, 법이 너무 가볍다. 법이 피해자의 고통에 100분의 1도 대변해주지 못하는데 뭔가 잘못된 느낌이다.
7, 범죄자는 어렸을 때 미리 싹을 잘라야 한다는 생각을 더욱 굳게 만든 영화. 특히 계획 범죄자들.
8, 영화의 내용은 좋아요. 실화를 소재로한 느낌입니다 오디오처리를 잘했으면 더 좋을듯
7, 법은 평등하다는 말 지나가는 멍멍이가 웃는다는게 현실...
7, 마지막에 죽여버렸으면 어땠을까? 하는 생각이 든다
8, 힘 없고 돈 없고 인내력 없으면 살기 힘든 세상에서의 복수
6, 이렇게 밖에 못만드나 ㅜㅜ 책 내용이 아깝다
7, 괜찮다.볼만했다.이야기하고자하는것도있고! 배우연기좋다.약간어설픈감이있지만 구리다고하는건 오바다.최소한시간아깝지는않았다
0, 와 진짜 이따위는 나도 찍겠다.
6, 주연들의 호연 빼고는 평범한 영화인데 한 마디가 평점을 남기게 하네요.. 자식잃은 부모의 남은 인생이란 없다..고.... 세월호 유가족들 마음도 그럴텐데.. ㅠㅠ 그리고 범죄자에 애 어른 없다는 대사에 격하게 공감합니다. 법이 바뀌어야 함..
1, 시간이아까움
6, 스릴러장르는 아닌 것 같고  그냥 드라마쪽이 더 맞을 듯. 액션과 긴장감보다는 그냥 딸을 잃은 아빠의 복수인데  여기서 그동안 정재영이 보여준 액션씬들은 없고  감정연기를 관람포인트로 잡아야 할 듯.
10, 나라도 영화처럼 할꺼같다. 마누라 잃고 자식도 잃은마당에 나쁜놈이랑 같이 숨을 쉬며 살수 있을까...
9, 자식을 잃은 부모에게 남은 인생은 없다. 가슴이 찢어지는 아픔. 그 어찌 아리요. 그것도 비참하게 생을 마감했다면....
8, 나같아도 정재형처럼 한다
8, 저도 내딸이 저리 당하고 죽으면 정재형처럼 할겁니다. 대한민국 법은 믿을수가 없으므로
10, 법으로 할거 없다. 엿같은 법. 그냥~ 가해자 잡아서 자근자근 씹어 먹으면 된다. 그게 단죄다.
1, 억지스런 전개에다가 딸을 잃은 아버지라 정신이 없을 수 있다 생각하려 했지만 그래도 복수를 계획하는 사람이 이토록 무계획적이고 저능아보다 못한 어리숙함은 보는 내내 설득이 안되서 짜증이 납니다. 이성민  정재영씨 같은 명배우를 캐스팅해서 이 정도 영화밖에 만들지 못하는 감독의 역량에 실망하게 되네요.
4, 법이 좃인데 어짜것냐!!요즘 애새끼들 ㅋㅋㅋ몰라서 그러나!!
6, 문제는 재미가 없다는 점.. 메세지는 강하나 흥미는 떨어지는 ... 이상현씨에게는 공감한다.... 나 같아도 죽여버린다
3, 중간까지는 볼만하고 그뒤부터는 병신같은전개와 스토리
7, 긴장감있는 전개가  빼어나군
10, 법이라는게 피해자에게대한 법은없는... 쓰레기법이라는걸보여주는
7, 돈크라이마미 같은 내용
7, 끝내는 용서를 할 수 없었던 한 아버지의 혹은 자식을 잃은 모든 부모의 처절한 몸부림.
1, 한마디로 사법부에 객이지 말라는 영화다. 경찰들 계몽 영화일뿐.. 항상 친족살해범에 대한 복수극은 이렇게 끝나 모범시민  무법자 그냥 복수하지 말고 사법부에 맡겨. 그게 그네들 밥벌이야
9, 지난달에 본 영화 평점 이제야 남기네요. 배우들 연기가 좋아서 보는 내내 흡족했습니다. 단역 배우 한 명조차 훌륭한 연기를 보여줬습니다. 아버지 입장에서 푹 빠져서 보신다면 대체로 만족할 수 있으실 것 같습니다.
3, 히가시노 게이고의 팬으로서 많은 상황과 많은 시사문제를 담고있는 너무나 훌륭한 작품에 대해 허망하게도 단순하고 재미없게 만든 영화 관계자 모두를 고소하고 싶은 심정 입니다. 마지막  형사의 약속에 대한 멘트에 조금은 마음의 감동이 있었기에 그나마 점수를 드립니다. 책을 한번 읽어보시기 바랍니다.
5, 무슨 말 하려는지는 알겠는데 .. 영화를 이런 식으로 풀어가면 어떡하자는 거지?
6, 불편한 진실
7, 주제가 매우 불편하다. 이게 불편한 나 자신도 불편하다. 개인주의를 받아들이지 못하는 민주주의 사회의 모순. 영화 자체는 큰 임팩트는 없는데 보고 난 후엔 심란해지기만 한다. 어느 한 쪽으로 치우치지 않는데는 성공했지만  영화는 후반으로 갈수록 점점 집중력을 잃어서 관객을 계속 불안하게만 만들다 끝난다.(...)
10, 아... 상상하기도 싫다. 영화로만 보자.
8, 나라면 어떻게 했을까? 아프다...
10, 와 디진다이거
6, 그대의 걸음이 너무나 차가웠소...
5, 내가 주인공이었다면 어떻게 했을까 생각해보면 조금은 불편했던 영화...좀 더 이성적으로 복수를 했을거 같아. 후반부에서 너무 신파로 빠짐...
7, 7점줄까 8점줄까 엄청 고민했음. 연기들은 정말 잘하셨고 현실적인 설정들도 많았고 그 얌전한 아버지가 첫가해자를 죽일때의 상황은 정말 설득력있었다. 딸잃은 아버지의 미친 복수극이라기 보단 상황이그렇게 만들었다는 느낌이 들었었다. 그러나 신선하진 않았으므로 7점.영화관가서 봐도돈아깝진않음
9, 끝부분이 항상 부족하지만  앞에 내용은 아~~그럴수있겠구나!! 하는 맘으로 긴장하며 봤다. 요즘 실태와 너무 공감되는 내용이라 강추하고 싶다.배우들 연기 또한 쵝오!!~~ㅎㅎ
10, 정말 실제같고 진정성있는 연기가 압권 정재영 님 연기는 정말 쵝오! 청소년 성범죄 심각함을 실제처럼 그린 영화 가슴 먹먹하고 생각 마니 하게 하는 영화!!! 훌륭합니다
9, 약간 아쉬운 감이 있지만 배우들의 연기하나는 정말 대단했다 /청소년이라고 해서 심각한 범죄를 저질러도 처벌받지 않거나 아주 약소해 훈계정도로만 끝나는 일은 더이상 없어야 한다 관련법을 개정해서 확실히 처벌해야한다 청소년이면 이미 생각하는 수준은  어른과 거의 같다
8, 원작은 못봐서 비교는 못하겠네요. 괜찮게 봤어요. 장면장면 나오는 현실적인 모습에 헛웃음도 나고 기가차기도하고.
7, 좋은 원작을 잘 살리진 못한 듯. 좀 다른 각도에서 접근해야 하는데 첨예한 대결구도도 부족하고 영화에서 관객 몫까지 이미 너무 판단해 버리는 실수를 해서 지루한 연출력
8, 스파이더맨보단 잼있네.
8, 묵직한 연기가 좋음. 좀 식상한 감은 있는.
5, 만약 내딸이 저렇게 당한다면 나 또한 직접 처단할것이다..감옥을 가든 사형을 당하든 ..선택은 하나 즉결처형..최고로 잔인하게 처단할것이다.
8, 성폭행 비디오를 만들어 오던 고딩아들이 죽자 그의 부모들은 아들의 과오는 잊은채 피해자라고만 주장하며 울부짖는다. 그들 옆에는 그 동영상에 찍혀버려서 자살을 선택한 여고생의 엄마가 오열한다.
8, 배우들 열연만으로도 충분히 ㅠ 뻔하다면 뻔할수있지만 많은사람들이 보고 청소년 범죄 처벌에 대해 생각해봤으면 하는 영화
8, 그저 마음이 답답하다.. 이런현실에 살고있다니..
9, 보는 내내 맘이 아팠다.그냥 세월호 침몰로 이유없이 죽어간 아이들처럼 너무 약자에게  가혹한 세상이 느껴져 우울했다.하지만 꼭 한번 보라고 말하고싶다.
8, 뻔한 내용이지만 생각하게 만드는 영화.
7, 청소년 범죄에 대해 법을 바꿔야 할때가 된듯한 생각이 듭니다. 차분하지만 아버지에 대해 잘 그린 영화 입니다.
10, 내용은 그냥그런데로  배우가 좋아서.
6, 지루하니 잡생각이 다 났다는...주연급들은 생고생만 한듯... 영화 어느부분에서도 매력적인 전개나 장면을 찾긴 힘들었다.
6, 배우들 연기는 참 좋았는데........
1, 머 2009년에 일본에서 리메이크한 작품을 그대로 복사해서 만든 쓰레기영화임. 먼 일본판 방황하는 칼날을 그대로 한국영화배우가 나온다는 그 사실 말고는 그대로 카피한 영화 완전 극장가서  돈주고 보기는 정말 아깝습니다.
7, 배우들은 좋았지만 묵직한 주제에  큰울림이 부족했다..
2, 배우들이 연기는 좋았는데 구성력이 탄탄하지 않음 내가 내손을 거는데 영화관에서 볼정도는 아님 조만간  그냥 디브이디로 보세요.
0, 영화보다 처음으로 졸았어요.  영화가 방황하고 관객도 방황하게됨
6, 영화 보는 내내  영화가 끝나도 답답한 마음이 가시질 않네요    
9, 성폭행 가해자는 똥꼬에 폭탄을 넣어서 터트려야 한다. 맨온파이어처럼..
8, 학부형이라면 꼭 봐야 할 영화 입니다  청소년 보호법 미명아래 많은 아이들이 고통 받고 있고 또 많은 아이들이 철없이 병들어 갑니다 제발 폐지 내지 대대적인 보완이 필요 합니다  좀 더 섬세한 스토리 전개와 연출력이 있었다면 좋았을 것을 다소 아쉽습니다
8, 그저 마음이 아픈 영화네요. 영화관에 사람이 많을줄 알았는데.. 많지 않아 좀 아쉽더군요. 내용이나 스토리는 현실적으로 표현되어서인지.. 강한반전이나 흥미거리는 없었습니다. 현실을 부정하고 싶게 만든 영화였습니다. 범죄앞에서 물방망이인 우리나라의 법을 다시 알게되고.. 세상의 대한 두려움을 다시금 품었습니다
7, 너무 기대를 했던 영화 인것 같아요. 현실에서 일어나고 있는 얘기들을 정말 현실감있게 잘 그려져서인지.. 가슴을 답답하게 하는것 같아요. 현 법이 너무 싫어지네요.
8, 감옥에 가두지 말고  이에는 이 눈에는 눈처럼 피해자와 똑같은 형벌을 가해자에게 주었으면 한다. 사람을 죽였음에도 가해자에게 미래를 주는 법이 부당하다고 느낀다.
1, 정재영의 침흘리는 연기로 1점드림!!!
0, 오늘 봤습니다. 심심핫 수사반장 드라마 한편이네요. 한 명도 아닌 세월호는 300명인데 참 쓸쓸하게 봤습니다. 대학교 습작 영화 시나리오 같네요. 개인적으로는 소원  영화가 훨 잘만든 영화라고 생각되네요   (주인공들 연기 빼고) 0점을 주고 싶네요.  차라리 비슷한 평점높은 공주 영화를 보시길
10, 여성가족부에서 이 영화좀 보고  아동청소년보호법에 대한 개선이 필요함을 느꼈으면 좋겠다. 청소년이라고 다 봐주니.. 그 애들이 극악범죄를 일으키는 것이다.
10, 강추
9, 아.. 보면서 정말 화가났어요!! 죄를 뉘우치지 못하는 아이들을 보면서 어찌나 화나던지 ㅜㅜ 이제 법이 강력해져서 피해자가 없길바랍니다.
5, 관격도  보다 중간에  보다가   나가고 ....
8, 결말은 아쉬운..
4, 진짜 스릴도 솔직히 없고 재미도 떨어지고 ... 지루했어요
10, 정말 재미있고 스릴있고 통쾌하고 슬프고 하여튼 최고다
6, 점점 떨어지는 흥미.. 사회적 질문도 귀담아 듣지 못하고 점점 흘려보내게 된다.
10, 닥치고 봐라 딸 가진 아빠로써 우리나라가 이 모양이다  내 딸 이렇게되면 나는 더한짓도한다~
5, 둘이서 이만원 내고 봤는데     정재영 믿고 봤는데   개인적으로 많이 별루다 ~~
6, 촌스럽고 뻔하고 과도한 연출. 몇편째 같은 연기만 하는 정재영. 그나마 이성민.
1, 평점개사기다 영화보는도중에나오고싶었던적처음이다 그동안이영화재밌더라~하는영화만봐와서그런지몰라도;전달하려는메시지는좋았으나 조연들의심각한발연기 현실을비판하려는아주오글거리는대사들이 심각하게영화몰입을방해했다
7, 건드리기 어려운 내용이라 짐작은 했었지만  영화에서만이라도 좀 속 시원한 결말을 보여주면 안 되는 것일까? 보고 나니 답답함이 더해졌다.
10, 그냥 좋아서 10점주는 것 아니예요.. 영화는 긴박함과 스토리의 탄탄함과 연기가 모두 중요하지만  저는 그런 것들이 모두 충족돼도 생각이 나지 않고 기억에 남지 않으면 별로라고 생각해요. 조금 뻔해보이는 결말이었지만 다시 한 번 법의 맹점에 대해 생각해보는 시간이었습니다.
0, 별로 돈아까움
0, 아완전 보는내내 답답해 죽는줄알았네 우는데 드럽게 자꾸침은왜흘려 복수할꺼면 확실히 멋지게하든가 꼭쳐맞고나서 죽이네
1, 실망 그자체...
7, [방황하는 칼날] 가해자의 부모가 우리애는 피해자라며 우는 모습에서 나를 포함한 인간이란 존재가 정말 경멸스러워졌다. 정재영의 방황보다 이성민의 방황이 더 인상적이었다. 그리고 우리 링링 수빈 양이 영화 찍었구나.. 그래도 뮤지컬 버리지 마! 넌 최고의 디바가 될수있어
10, 비열한 세상.
8, 딸 갖은 아빠로서 너무 공감가는 영화! 울컥했다. 있을 때 잘 해야한다. 그리고 공권력은 국민의 편이 아니라는 것을 다시 한 번 느꼈다. 마지막 설정은 약간 대치 장면은 상황이 만들어지는 것이 좀 억지 스럽다. 물론 영화의 구성상 어쩔 수 없었겠지만...  암튼 많이 봤음 좋겠다. 이런 일이 없길
10, 영화많이보는데요(아이디클릭-관람후431편- 관람전10편-알바아니라는증거임ㅎ)히가시노게이고 책으로도 보고 일본영화로도보고 3번째로 한국영화로 보았음니다 3가지모두 최고임니다.이런영화는 히트쳐야 함니다.꼭 보세요 강력추천함니다.
7, 날카롭진 않아도 칼날은 칼날이다.
9, 오늘 보고 왔다.. 우리나라에서 완전 현실적인 이야기 인듯.. 여기서 테이큰같은 스토리 찾으면 범죄로 성범죄로 끝나선 안되지.. 더크게 가야지.. 미세한 감정이입에 정말 좋았습니다.
8, 히가시노 게이고의 원작과 비교해서 충분히 견주어볼만한 영화 잘 만들었다 !!!
8, 정의는 무엇인지
10, 너무 불편한영화...너무 답답한영화....하지만 이게 현실인 우리의 모습 영화다본지 1시간이 넘엇지만 아직도 갑갑한마음 가시질않네요 배우분들 수고하셧습니다 정말 고생많으셧습니다
9, 부모입장만큼 애절히 가슴아프고 짜증나게 이기적인것도 없다.
6, 돈 크라이 마미... 아빠 버전같다ㅋ 진짜 요즘 중  고딩이 중  고딩이냐 우리나라 법은 참 쓰레기인게 많은거 같다
8, 이 사회에 과연 정의가 있는가 싶다.
10, 정말 불편한 영화. 그런데 꼭 봐야할 영화. 현실을 너무 잘표현해서 너무 슬펐다.
10, 스토리전개가 어쩌니 뭔가 부족하니 이런 소리말고 이 영화가 말하려고하는  메세지를 생각해보세요 더 늦기전에 지금이라고 법을 바꾸었으면 하네요
4, 영화의 전개가 늘어지고 긴박감이 부족하다.
10, 시사회로 봤느데 결혼을 아직안했는데 저게 부모마음이구나 하는 찡함 나라도 저렇게 했을거같은 연기도 너무좋고 가슴이 애렸어요 ㅠㅠ
6, 지금 시기에 잘맞혀 만든영화라 매세지도좋다... 하지만.. 뭔가 부족한 느낌이 더 많이든다.. 좀더 잘 짜여지게만들었으면...
6, 7점 주려다 6점 주고가요.... 광고만 보고 낚였다는 느낌...ㅜ  기대를 너무 하고 갔네요...
8, 딸가진 아빠들은 공감할 영화. 만인은 법 앞에 평등하다. 여기에 남녀노소 차별이 없어야 한다.범죄는 범죄로 처벌받아야지 나이에 따라 차등적용되는 것은 반대. 이미 우리나라 청소년들은 자신의 행동을 인식하고 있다. 더이상 어린이 취급하지 말자.청소년 범죄에 대한 우리 사회의 인식을 바꾸는 데 이 영화가 기여하길
10, 딴 것보다 정재영씨 연기가 대단...가슴이 아파써엽
6, 기대많이했었는데 지루하네요 ㅠㅠ
6, 영화 보는 내내 손톱을 물어 뜯었다. 차라리 영화에서나마 속시원하게 다 죽여 버리지.. 지켜본다는 말에 나도 모르게 웃음이 나왔다. 답답한 여지를 남겨서 사회적 공감이나 이슈로 만들고자 하는 면이 너무 계획적으로 의도된 것 같아 살짝 거부감이 든다. 영화를 보고 난 느낌은 그저 그렇다.
5, 원작 소설보다 많이 미흡하다..
8, ᆞ지금  보고 나오는길ᆢ음ᆢ ᆞ  무서운세상이다.아빠역을 하신    정재영님의  연기에  ᆢ   가슴아팠다
7, 볼만
9, 복수와 정의 무엇이 정답인지는... 말이 안되는 부분일지라도 그 말이 안되는 부분마저 공감하게 되는듯한...
9, 영화가 너무 무거울꺼 같아 좀 꺼려졌던 영화였는데 담담하게 잘만들어진 영화인거같다  주인공에 슬픔만 강조한게 아니라 사건에 관련된 여러사람에 입장이 잘녹아있느게 더 좋았던 .. 그렇치만 슬픈
9, 불편한 헌실을 마주보게 되는 영화...
9, 아주 좋았습니다. 스토리가 치밀해서 심각하게 안 보면 스토리 따라가지 못하고 이해하기도 어려운... 치밀하게 잘 만든 영화. 감동은 조금 떨어졌지만 그래도 아주 훌륭하다고 평가하고 싶습니다.^^
3, 시간과 돈버리실분 꼭보세요..
10, ㄱㄱ
7, 마지막에 반전 이었다...ㅠ 총알이 ~~~~ 그래도 좋았습니다......수고했어요...
0, 평점 알바들  많나보네!! CJ에서 제작해서 그런가?  영화보는 내내 답답하고 지루해서 짜증만 난 영화! 돈 아까움! 계속 눈물 흘렸음. 하도 하품을 많이 해서  계속 눈물 났다!
9, 정재영이 연기한.. 아빠의 모습은.. 진짜 영화속 슈퍼맨같은게아닌 진짜 아빠같아서. 많이 울었던거같다..ㅠㅠ
0, 지루하고....아....돈이 아깝다는 생각뿐ㅠㅠ시간은 또  어찌나 길게 느껴지는지...한숨뿐!!
5, 솔직히 수작은 아니며 진행도 진부하고 사건풀이도 엉성해요. 다만 건드리지 않았던 문제를 콕 집는 시선과 연기는 좋았어요
5, 두배우때문에 두개반. 윈터솔져 한번더 봐야지.
10, 영화 시작하기 전에 정재영씨 봤습니다.
0, 뭐여 누가 그렇게 신파스럽게 복수를 하냐 시팍
3, 걍 대충 시사성을 강조해 찍은 졸작
3, 영화라면  영화답게  만들어야지...무슨 그것이 알고싶다도 아니고....에잉~
7, 배우들의 연기나 연출등 전반적으로 만족하였으나 몇군데 설정이 우리 정서와는 약간 차이가 있어 이해는 되나 공감하기 어려웠던점이 아쉽고 앤딩의 모호함이 만족도를 떨어지게 합니다.
3, 초반에만 살짝 볼만했지 너무 지루했네요 보다가 어찌나 졸립던지
5, 다음팟에서 예고편 50번은 봤다요앞에 목욕탕.. 중학생 여자애 하나 죽었잖아요아빠!!!!!  여기까지듣고 skip
8, 치밀성은 떨어지지만 사회문제 고발은 충분한것같다.  마지막에 못죽였던 현실이 너무 맘아프다. 저런 상황의 아버지라면 누구라도 피의자를 갈아마셔도 분이 삭혀지지 않을것이라는것이다. 사법권의 한계를 또 느낄수밖에 없었고 현실에서는 그런일이 없길 바랄뿐   지금도 어디선가 벌어지고 있겠지. . .ㅠㅠ
10, 두 배우의 연기가 압권입니다
9, 정말 잘 봤습니다! ㅠㅠ 두시간이 어떻게 가는지 모를정도로.
8, 피해자가 받는 고통에 비해 가해자에 대한 처벌은 너무 약한 현실에 대해 생각하게 하는 영화
7, 원작보다 처절한 아버지만이 존재했다.
7, 정말 법 개정이 필요하다. 보고 난 후의 씁쓸함이란..
8, 미성년 범죄를 향한 감독의 분명한 시선. 원작이 있지만 원작을 읽지 않더라도 충분히 이해하고 몰입할 수 있었다. 상현이 대관령을 헤매는 장면은 잊지 못할 것 같다. 정의라는 것이 과연 존재할까 싶은 요즘같은 세상에 아버지의 잔인한 복수가 너무나 공감되는게 당연하면서도 슬프다.
5, 난 서준영을 보기위해서 영화를 봤다... 단지 서준영땜에ㅋ 내용은 그닥 ㅠㅠ
7, 혼란
0, 이게 먼가요?지루함
8, 범죄 유망주들이 자라고 있다.인식과법이 바뀌어야 한다.물론 영화이지만 우리 사회에서 그끔찍한 일들을 예방하고자 하는 감독의 메세지가 좋았던거 같다.두배우 연기력 역시좋고  우리나라도 이제 범죄피해만 생각하지 말고 선진국 처럼 범죄예방 에도 예산을 늘려야 한다고 생각합니다.
8, 좀 잔인한 면이 있었다.딸을 죽인 사람의 복수극...스토리가 흥미진진했다
5, 최근 나왔던 청소년범죄 관한 영화중에서는 그래도 나은편..  초반부 감정이입의실패는 중반부까지회복이안되네
9, 원작을 잘 살린건지는 조금 의문스럽다. 하지만 정재영의 연기  이상현의 감정에 이입하게한다.영화의 결말은 현실의 벽을 넘지못했다만  아버지의 분노에 너무 슬펐다.
0, 지루하고 답답함
9, 영화가 답답하더군요. 하지만 재미있었습니다. 정재영이 죽을때  조두식점퍼를 잡은 손이 어찌나 안타깝던지 ..
6, 공들인 연출과 배우들의 연기는 좋았지만  단조로운 내용구조와 상식적인 사건전개  전형적인 인물형  비현실적인 설정의 남발(특히 절정부분부터) 등 안타까운 점이 많았습니다.
7, 죽일거면 죽이고나 죽게하지 답답했음
1, 재미없음! 외국영화보길...돈아까움!  평점 높게준 사람들은 알바임.. 속지말길..
8, 시나리오의 치밀함은 약간 부족한 듯 하지만 정재영의 연기가 너무 훌륭했다. '자식 잃은 부모에게 남은 인생 같은 건 없다'란 말이 폐부를 찌르는 듯. 그나저나 인간의 탈을 쓴  되먹지 못한 개쓰레기들은 제발 사형좀.
5, 글쎄 영화에서 얘기하고 싶었던게 멀까요?
8, 영화로라도 확실하게 제대로 완벽한 복수를 하게 해줬으면 안되겠니? 이런놈들 잡혀도 몇 년이면 나오는 자유의대한민국인데... 답답허다
8, 죄 짓는데 애  어른이 어딨나. 청소년 범죄자들에겐 친절한 우리 법.  모든 것을 잃은 아버지의 울분과 분노의 칼날이 움직이기 시작한다.
1, 배우 정재영은 좋아하지만  이번영화는 싪패작이네요 ㅠ
5, 딱5점.비루한 아버지의 지루한 복수극...무딘칼로 어찌 복술하나
4, 복수를 할려면 지대로 하던가 결말 개 짜증나 극장에서 돈내고 볼 영화는 아니다. 보구 나면 답답해 지는영화
9, 가슴이 멍 하고 무언가에 눌린 느낌엄마가 행복해야 아이들이 건강하다
4, 극장에서 볼껀아닌듯..
9, 시간 가는줄 모르고 봤어요 1점 뺀건 강릉시내 씬이 별로 였어요 한국영화 화이팅 !
8, 아이들이 이렇게 변해가는 이유가 뭘까요? 태어날땐 천사같은 아이들이...참...
10, 지금  이시간에도  누군간ㅁ미성년이라는 이점을 이용해아무렇지도 않게  끔찍한 범죄를저지르고 있겠지...법이 바뀌길 바라며  평점 남깁니다
10, 이땅의 딸을 키우는 아버지라면
10, 별점테러 알바가 너무많다. 8점정도지만  알바 때문에 10점
10, 잘봤습니다 .
7, 사형폐지론의 신념도 흔드는 이 남자의 처절함
7, 법이 전부일까?
10, 최고....
10, 자식잃은 부모의 남은인생이란 없어
8, 가슴 먹먹하고 답답하고 분노스런 영화...피해자 가족의 마음....가슴아프다...
6, 열린 결말 내지 먹먹함 만을 남기고 마는 일련의 작품들에 비해 이 영화는 이야기를 하다만 느낌이 강하다.서사의 구조속에서 스토리만 나열할 뿐 정작 하고싶은 이야기는 못 한  무슨 얘기를 하려는지는 알겠는데 러닝타임 속에 녹여내지 못하고 굳이 관객이 되새기고 곱씹어야만 했다.
5, 5점이라도 준 이유는 학생들 연기가 괜찮아서...영화는 그 논리가 이해가 안감. 정재영은 청소년들이 벌을 제대로 안받는 법적인 시스템에 반기를 드는 것이 아니라 그냥 눈이 돌아서 복수들을 해나감...심심해서 수진이를 죽인 얘들이나 열받아서 그놈들 죽이는 아버지나 똑같아 보이게 만들어 버림...
9, 그래도.. 볼만합니다.
9, 이런 영화도 나와야. 믿고보는 정재영.
4, 지랄들한다. 영화가....
6, 내용은 좋았는데 좀 평범함? 집에서 드라마스페셜 보는느낌?
7, 원작이 있지만 지난 밀양 사건을 떠올리게한다.밀양사건의 가해자들은 직장도 잘 다니고결혼도 하고 잘~살고 있다.. 하지만 피해자는..딸낳기 무섭다. 밀양 가해자들아 나대지말고제발 자숙하고 살아라.. 니가 망친 한 여자의인생을 봐서라도.. 청소년이라도 어른과똑같이 처벌을 줘야한다 생개한다..밀양 가해자들.
5, 이건 뭐 감독의 주장이 강하게 드러나다 보니 그냥 본인 주장용 영상물을 찍은 느낌? 하 뭔가 영화 보는 내내 답답함. 삐거덕 거리는 리어카 끌고 오르막 오르는 느낌. 재미없으니 영화관에서 보는건 비추. 그냥 다운용. 4000원주고 다운받으면 더 배아프겠지 ㅋㅋ
5, 딱 절반의성공?!후반부부터는 너무루즈했어요!긴장감도없고~정재영씨고생많으셨겠다는..!!
5, 역시 사람마다 보는 시각이 다 다르구나. 난 정재영 연기 발전이 없다고 생각함.  침흘리고 코흘린다고 연기 잘하는 거 아닌데.. 연기한지 진짜 오래되었는데도 연기에 섬세함과 디테일이 결여되어 있다고 생각했음. 특히 술취해서 집에 들어온 연기는 초보자 같음.오히려 정재영보다 나머지 배우들의 연기다 더 낫다고 봄
7, 이영화를 보고 범죄가 일어나지 않길 바라지만 또한 영화를 본 청소년들에 모방범죄가 일어나지 않기만을 바랄뿐이다.
5, 연기는 좋다 하지만 답답하다 상황이 공감은 되지만 답답하다 내용은 좋지만 답답하다. 몰입을 하고 싶어도 몰입이 안된다. 왜냐고? 영화가 답답해지닌깐....영화가 갑자기 삼천포로 빠진다 그래서 더 답답하다...
7, 중반까진 괜찮은데    후반부에 호흡이 너무 길어. 약간 지루한 느낌.
3, 연기자들 연기는 좋았지만 내용이 없었습니다재미 없었음
4, 돈크라이마미와 내용 다를바없음ᆞ성폭행당하다죽은딸복수를 엄마(유선)대신에 아빠(정재영)로바뀐것뿐임
7, 청소년의범죄를어디까지용서해야한단말인가
5, 평점에 속음 개재미없음ㅋㅋ
10, 우리나라 청소년법 더 강화시켜야...잘 만들어짐
10, 이 영화는 일본의 소설을 원작으로 하는 것이긴 하지만 작금의 대한민국의 한심한 법의 잣대를 신랄하게 꼬집은 최고의 작품이라 생각합니다. 더욱 강력한 법집행이 필요합니다. 그래야만 이와 같은 비극이 발생하지 않습니다.
9, 내 손은 야구방망이  전기줄  그리고 장전된 총에 있었다
8, 일단가슴이너무아프네요 마지막에울었어요 빡치고!  영화볼만하구 실제로도있을법한상황이기에정말ㅜㅜ 우리나라법이..  안타깝네요
8, 나쁘지 않아요 ^^ 잘봤습니다
9, 돈크라이마미 <---- 이거랑은 완전 다른 영화네요. 가슴이 먹먹하네요 연기 잘하네요
9, 역시 정재영 연기 좋네요. 가슴뭉클한 뭔가가 다가오네요.
0, 정말 한심한 영화다..복수를 영화답게 해야지...아무튼 짜증난 영화 절대 보지 말 것
8, 자식을 잃은 부모에게 남은 인생은 없다. 이 말이 정답이 아닐까... 하는 생각이 듭니다. 짧은 기간의 형을 살고  다시 죄값을 다 치렀다는 생각으로 살아갈 이들에게 자비를 허용하는게 과연 옳은 것일까? 많은 생각을 하게 되는 영화였습니다.
10, 이소재의 영화가 많아서 기대를 조금하고 갔는데요 기대이상이었습니다정재영의 연기 넘좋았구요 영화가 끝나도 한번쯤 생각하게 하는 내용이었습니다끝까지 집중해서 보게 만든 영화였습니다
9, 현실에서도 충분히 일어날 수 있는 내용이라 더 공감이 가는 부분도 있고 두 배우의 연기가 영화에 몰입할 수 있게 해주어서 좋았읍니다.
4, 영화 내용은 범죄자들에 대해 경종을 울릴만 한다.근데 영화의 전반적 연출 화면전개 배경음악 등은 상당히 수준 낮다.훌륭한 배우를 감독 및 연출자 카메라 감독 편집자가 이들을 제대로 쓰지 못한 어쉬움만 남는 영화였다.마치 "방황하는 스텝"같았다
6, <솔직 평점> 연기력은 좋았네요. 일반인에겐 까탈스럽지만 범죄자에겐 너무 관대한 법 에대한 시각도 현실과 맞는거같구요. 그러나 보는내내 지루하게 느껴졌습니다. 보는도중 나도모르게 키보드의 화면넘기기 화살표를 누르고싶다는 생각이 자주들었네요.
3, 아~~진짜 기황후보다  재미없네요! 전반 중반 후반부 편집  진짜 어이가없네요~연기파 배우들을 무명배우로 만드는영화
9, 내가 저 아이들 중 한명의 부모였다면... 어떻게했을까? 고민이 됩니다. 만약에 나였다면...
9, 정말로 생각할게 많은 영화인듯..얼핏 내용의 초점은 딸은 잃은 아버지의 복수를 과연 단순한 법의 잣대로 볼수 있겠는가에 대한 의문으로 비춰지나  그 내막을 들여다보면 비뚤어진 자식에 대한 비뚤어진 부모의 사랑에 대한 충격적인 메세지로 느껴짐..
9, 아들이지만 자식가진 부모입장에서 나라도 그렇게 했을것 같습니다. 엉화 내용에 나오죠  참아야 한다고 그래도 법인데 지켜야 한다고‥과연 참을수 있을까요?
1, 영화각색자체가쓰레깁니다!배우믿고봤는데. . .
5, 청소년의 문제는 알겠지만 영화가 방황하네요 내용 전개나 시나리오 예상이
5, 뭔가 ...쫌 아쉽네요  그리고 ...이사건은 군산 보복칼부림 사건과 똑같음. 군산 보복사건은 딸이 강간당하자 2명한테 복수했다는군요  정재영 처럼 전부 복수했을거에요
7, 소재는 괜찮지만 영화 자체는 급격하게 흔들린다... 방황하는 연출....
6, 정재영씨와 이성민씨의 열연은 훌륭했지만  철용이 살해된 이후 급격히 사라져버린 서스펜스로 인해 여러모로 아쉬움이 남는 사적복수극이였네요. ^^;;
10, 완전 기대하던 작품  배우들의 미친연기력과 몰입도 최고입니다.
9, 특별한 반전 없고...  예측이 되는 결과 이지만...긴장감 있고 몰입도 좋다.
10, 최고입니다 몰입도 대박!!
7, 먹먹했는데  형사역활이  미흡했어요 정재영이 형사를 했다면 좋았겠고 두주인공이  팽팽한 맛이 떨어져 아쉬워요
10, 연기의 끝을 볼 수 있는 영화였습니다!!!
10, 탄탄한 시나리오  절절한 명연기  먹먹한 내가슴
9, 우왓~~ 쵝오예요^^
10, 근래에 이만한 한국영화가 있었나 싶네요!!!
10, 두 배우의 연기가 압권! 기대하고 봤는데 기대 이상이었어요
10, 아아아 넘슬프고잼나당!!!!!!신랑이랑같이봣는데신랑도몰입해서보네요
10, 연기 몰입도 완전 다 대박ㅠㅠ
10, 너무너무 기대중인 영화에요~
10, 2009년 일본판 방황하는 칼날의 밋밋함을 극복한 준수한 영화. 소설의 깊이를 나름대로 잘 연출했고  준수한 심리묘사도 좋았다. 볼만한 괜찮은 영화    실제 개인적 평점은 8점이지만  평점알바의 테러를 감안 10점을 준다.
10, 기대된다 !
10, 기대이상의 영화.
10, 여운 대박인 영화인듯... 기대이상 영화였음
10, 괜시리 주먹쥐며 보게되는 영화....
10, 정재영 이성민 연기 대박ㅠㅠ몰입도 장난아님... 영화를 보고 나니 마음도 아프고 긴 여운이 남을 것만같은 영화였음!!
10, 정신나간 10대들 데려다 꼭 보여주고 싶은 영화... 19금인게 아쉽다..
10, 정재영 연기 소름돋음!
10, 재미도 있지만 생각할 게 많아 좋았던 영화였네요 정재영 연기가 일품~
10, 스스로 하는 행동이 다른 사람에게 어떤 영향을 주는지 어떤 잘못인지 어떤 죄책감을 가져야하는지 제대로 모르는 ...잠깐의 징역이 죄값의 전부라고 생각하고 그것으로 모든게 끝난다고 생각하는 아이들... 앞으로 그 아이들이 어찌 사는지 지켜보는건 형사만의 몫이 아닌 우리 모두의 몫일듯합니다
1, 좋은 소재와 좋은 배우들로 이렇게 밖에 안 되나..  영화 보는 내내 짜증났음..  마지막에 원작이 일본인 거 알았을 때 이론 된장..  '여러분도 보세요  나만 억울할 순 없잖아요..' 가 생각나는 영화..
10, 딸을 잃은 아버지와 정재영의 연기력은 대단했다. 표정으로 아버지의 분노의 슬픔을 잘표현해서 영화보는내내 몰입해서 볼수있는 내내 빠져들게하는 대단한 힘을 느낄수있게 하였다. 이런 연기는 아무나 할수 있는 게 아니다. 이 영화보고 경찰그리고 정부가 반성을 해봐야 한다.
9, 소설만큼 기대 됩니다~
8, 나어제봤다죽이지 못해 안타까웠다!!!
10, 아버지의 마음 을너무아프게느껴지는 간만의 재미 있는영화 였읍니다
8, 앞으로 더는 이런일들이 없길..
10, 굿굿! !  무엇을상상하든 그이상! ! 기대한 보람이있는 영화였습니다! !
10, 아버지의 마음이 깊숙이 다가오며 가슴을 울리는 영화.. 한번쯤 우리사회에 대해서 진지하게 생각해볼 수 있는 영화입니다
10, 취향을 떠나 두 배우의 연기  디테일한 미장센에 10점 드림. 살인자의 탈을 쓴 아버지를 표현하는 방식이 은유적으로 잘 표현됨. 너무 먹물스럽지도 않고 투박하게 상스럽지도 않게 두 남자의 갈등을 잘 보여줌. 다음작품도 기대하게 되는 영화
9, 음..딸가진 아빠의 마음을..
6, 지난 밤(4/10) 오후 10시에 본 뒤 객관적 평점.배우들의 연기는 전혀 흠 잡을 데 없었음.다만 소재 자체가 주는 우울함과 먹먹함 때문에 6점.(개인적으로 요런 류 소재의 영화를 꺼림.근데 이번에는 왜 봤나 모르겠음 ㅠㅠ 알아서 피해왔는데)영화가 시사하고자 하는 건 익히 피부로 느낌.결론은 분노  허탈...
9, 보는내내 숨죽이며 봤네요저두 부모라면 똑같이했을꺼에요.. 강추합니다
10, 지금보고왔네요.저도 부모지만.똑같이 행동할거 같습니다화가납니다.되돌아볼수있는 영화입니다.강추!
10, 어른이 되는 아이들  그리고 아이를 가진 어른들이 꼭 한번봐야하는 영화이며  배우분들의 연기력 또한 최고입니다
8, 장르가 다르지만 가시의 영향이 넘 쎄서.. 조은영화임은 사실임. 나쁜놈들은 다 사형시켜야함
5, 일본건 너무 지루하던대. .
5, 균형 잡은 듯 잘 가다가  과잉에 치닫아 방황하는 칼날
10, 가슴이 멍했어요우리 모두가 고민해야될 문제너무 마음이 아파요
5, 소재는 좋은데 너무 질질 끌어서 지루
6, 딸을 숨지게한 성폭행범을 찾아다니는 아버지에게 뜨거운 박수를 쳐주고 싶었습니다. 물론 복수가 정당하다고 할순 없지만 얼마나 법의 잣대가 나약하면 이런 생각이 들까요. 청소년 범죄는 범인이 청소년이기 때문에 보호받아야 할까요? 현실의 법 테두리 안에서 피해자의 슬픔은 보상되지 못합니다.
1, 진~짜 아니올시다좋은 원작에 좋은 배우에~도대체 왜 이 감독이 했나쌍팔년도도 아니고 왠 감정의 과잉정말 잘 들어야 70~80만...으이그
6, 날카롭게 사회적 아이러니를 가리키지만 엉뚱하게 파고드는 칼날
9, 도가니후로 두시간 내내 이런 줄기찬 피꺼솓은 첨인거같다.주먹을 꽉 쥐고봤다.자식잃은 부모에게 남은 인생이있겠냐는 이성민의 마지막말이 너무 가슴아프다.죽는날까지 고통받아야하는 부모ㅠ
8, 방금 보고 왔음.... 최근에 본 영화들 중에서 그나마 괜찮네요 ..  원작 꼭 읽어보고 싶은 밤이네요 ^^
9, 평범한 아빠의 시각에서 벌이는 무계획적이지만 집요한 복수에 비난을 감히 보낼수가 없었다. 어설프게 보이지만 그가 쫓아가는 그 집념을 따라가니 긴장감과 함께 내 마음속에도 몇번이고 칼날이 날을 세웠는지 모른다.  마지막 끝이 아니라는 메시지에도 개운치 않다. 하지만 우리 사회에 경종을 울리게 할 것이다.
7, 범죄와 복수의 줄거리라서 기분 좋게 보지는 않았습니다만 잘 봤습니다. 마지막 경찰과 조두식과 주인공의 대치 장면은 다소 산만하게 보여지는것이 아쉽습니다. 나오면 서 두 아들놈들 성교육 잘 시켜야 한다고 생각 했습니다...ㅡㅡ
8, 보는 내내 좀 답답함..정재영은 왜 이런 영화만 출연하는지 모르겠네...좀 어두운 영화만 출연하는것 같은데...뭔가 스케일 자체가 답답함...전개도 좀 엉성하고...
9, 사회고발성의 영화!!! 꼭한번 봐야할영화!!!!!눈감고 지나가면 안되는 우리사회의 이면.... 영화를보면서 많은생각을하게해준영화....
9, 믿고 보는 히가시노 게이고 원작 영화. 정재영  이성민의 연기 역시 기대한 대로 좋았다. 뒷부분 약간 늘어지기도 했지만 많은 것을 생각하게 하는 작품이었다. 이런 극악한 범죄에 그만한 징벌이 없으면 사적인 단죄가 가해질 수밖에 없다. 우리 사회의 현주소를 보여주는 작품이라 무척 공감.
9, 조두식이 같은 고등이들  만나면 줘패버린다 문제아들  어쩌나 가엽내  아버지...  ...
8, 오늘 봤는데...참 맘이안좋더라고요결말을 예측하지 못했던..재밌게 잘봤어요
7, 한 남자의 처절한 사투가 그저 애처로울 뿐이다!
9, 마지막장면이 넘 슬펐어요.정재영씨 추운데 진짜 고생많았을것같아요. 이성민아저씨때문에 본영화지만 대박나셨음좋겠네요
10, 그냥 보세요...보고나면 왜 이렇게 말하는지 이해할거같음
5, 영화보면서 욕나오긴 처음이네  주먹을 불끈불끈쥐게한다 젠장할~  나라도 주인공처 럼했을꺼같다  죽은새끼 부모가 피해자라고 하는말에 나도 모르게 욕튀어나와따 c 바
10, 기대된다
9, 영화를 보면 여러생각이 들겁니다. 꼭 보시기 바랍니다.
1, 또 정재영....정말 이 사람 영화 많이 찍는다...찍는영화마다 흥행은 저조... 줄기차게 나오는 구먼...
9, 아버지의 마음이 아닌 일반인의 마음으로 보아도 분노가 들끊더군요 ~물론 다 그런것은 아니겠지만 갈수록 극악해지는 청소년 범죄에 경종을 울리는 영화 사회적 이슈가 되는 영화가 되었으면 하네요  
9, 잘했어!저런새끼들은죽여야해!정의를위해서...죽은딸을위해서...눈에는눈!이에는이!
6, 그게 참 말이다...아버지의 심정은 200배 이해한다...근데 말이다...청소년들이 이렇게 사회악이었나 다시 짚어보게 되고...배우들은 열연을 할 준비가 다 된것 같은데 연출인지 대본이 잘못되었던건지 너무 임팩트가 없다. 산속에서 얼어죽지 않는것도  범인이 바로 눈앞에 나타나주질않나  맨마지막장면은 누가좀설명좀..
7, 작년에 모니터링시사회를 통해서 봤었는데. 딸을 가진 아버지라면 굉장히 공감할 영화라 생각한다. 느낌은.. 영화제목은 기억 안나는데 아버지가 신부인가 목사였는데 딸의 복수를 위해 강단에서 내려와서 복수하던... 그 영화가 생각나는
8, 딸 가진 아빠로서 많은 생각을 하게 만든 영화입니다.
5, 한국영화 는  알바 댓글  많아   믿음이 안가
10, 정재영 이성민연기짱!
0, 알바놈들 때문에 보기 싫다
10, 이 사회에서 살고 있다면.. 눈 똑바로 뜨고  피하지말고 봐야하는 영화. 정재영 이성민의 소름 돋는 연기 배틀이라도 꼭 봐야하는 영화.
10, 조조로보고나왓다. 정재영씨 연기대박. 재밋네~
10, 여운이 길게 남는다. 영화관을 나와서도 한참을 생각하게 되는 그럼 깊은 울림이 있는 영화
10, 이보다 더 어떻게 아버지의 심정을 표현할 수 있었을까. 좋은 배우들이 보여준 최고의 영화
9, 사실 '눈에는 눈  이에는 이' 스토리를 별로 좋아하지 않는데  촘촘하게 엮은 설정 덕분에 불편하지 않게 봤다. 탄탄한 스토리와 배우들의 몸을 사리지 않은 열연이 좋은 영화 한 편을 만들어낸 듯.
10, 원작도 봤었는데 영화도 잘 만들어졌네요. 감정선을 잘 이끌어간득
10, 스토리부터 연기까지 집중할 수 밖에 없게하는 몰입도 높은 영화!
10, 아버지의 선택을 비난할 수 없도록 만드는 우리 사회!!! 꼭 봐야하는 영화!!!!
10, 너무 재밌게 봤습니다!! 배우들 연기 대박~!
10, 가슴먹먹 보고나면 여운이 크다 꼭 봐야할영화
4, 정재영이 돈맛을 봤나... 요즘 연기가 옛날만치 못함
10, 마지막 이성민의 대사가 잊혀지지 않는다.
5, 정재영씨열연에도불구하고 과연 일본원작까지사서만든이유가의문이든다. 이영화속경찰들은한게뭐임? 범인잡을때도 애가그깡패시키한테배신자낙인찍히면보복당하는게두려워 내빼는결과가나올게뻔한데 애를이용해잡으려다기껏해야진정한피해자가희생되는결과밖에? 이러니누구도못믿고피해자아빠가직접나서려했지. 짜증과울분
10, 정재영도 연기 잘 하지만 이성민 연기력 정말 짱이에요  집중력도 대단함..  이 영화 강추
10, 이성민씨 나오는 영화는 꼭봐야되줘 ㅋ
10, 슬픔에 분노... 가해자 부모와 피해자 부모의 엊갈림.. 상영내내 가슴이 뛰면서 보았네요..  간만에 괜찮은 영화 보았습니다...
9, 정말 많은 생각을 하게 만든 영화.. 처음부터 끝까지 몰입해서 보았지만 현실에선 더이상 그런일이 없어야.. 두 배우의 내면 연기 정말 좋았습니다..
0, 광고 열라 해데네. 영화 찍은 비용 보다 홍보비가 더 든 영화 일뜻..
10, 이거 너무 슬픔에 분노할 것 같아.... 변호인때도 욱했었는데ㅠㅠ
10, 먹먹해진다...
10, 배우들의 엄청난 포스~ 원작까지~ 기대됩니다!
10, 이런 영화는 많이 봐주고 같이 분노해주고 절대 다시는 이런일이 발생해서는 안되게 해야함!!!
10, 히가시노 게이고 원작에 시사회 평까지 좋으니 개봉하면 바로 보러 갈겁니다!
10, 드디어 개봉이네요 기대 완전 합니다.
8, 영화 "소원"이 "피해자들의 내일"에 포커스가 맞춰져있다면 이 영화는 "피해자들의 현실적 상황"에 주안점을 둔것 같다..
10, 생각해보게 하는  오래도록 기억에 남을 수작
10, 시사회로 봤어요. 너무 좋더라구요. 추천합니다
9, 피해자에서 가해자가 된 상현과 법의 집행자로써 상현을 쫓게 되는 억관의 대립! 이성민과 정재영 두 배우의 연기력으로 2시간이라는 긴 러닝타임이 지루하지가 않았어요. 역시 명불허전~~
9, 죄와 그에 합당한 형벌에 대한 고민을 해야 할 시점....
8, 피해자와 피의자가 뒤바뀌는 무서운 세상. 우리는 과연 정당한 집행자로써 그 역할을 할 수 있는가에 대한 의문을 담은 영화입니다. 정재영과 이성민 두 배우의 분량도 군형이 있었고 다양한 각도에서 이야기를 보여준 것도 좋았습니다.
10, 최고의 영화 기대됩니다
10, 이시대의 아버지는 누구가 동감하는 내용입니다. 기대 되네요....
3, 일본 것 좀 그만 가져오라구
5, 또 왜구 원작이구만. 왜구것 리메이크 좀 고만해라. 그렇게 각본 쓸 게 없냐?
5, 히가시노게이고의 팬으로써 원작을 어떻게 풀어냈는지가 궁금하다. 추격씬에 너무 많은 비중을 두지 않았으면 한다. 히가시노게이고는 스릴넘치는 추격씬으로 스릴을 만들어내지  않는다. 용의자 x의 헌신꼴 나지 않기를.
10, 이건 꼭 볼거야...우리나라 법 ? 이젠 믿을수 없어...내새끼 누가 건들면 나도 이렇게 할거야....
10, 미성년자라고 감경하는 자체가 범죄자를 키우는거다 그냥 사형시킬 놈은 사형시키고 강한 처벌이 있어야 한다 안 그러면 사적보복이 계속 된다
1, 공짜파일 뜨면 봐야겠다ㅎㅎㅎ 돈주고 보긴 애매해서...
9, 정재영씨가 이런 연기 잘하죠.. 촛점 잃은 눈빛과 표정없는 얼굴.. 거기에 어눌하게 툭툭 던져지는 대사... 정재영씨 때문이라도 기대됩니다.
10, 히가시노게이고 소설은 다 읽었지만 이것만큼 손에 땀을 쥐고 본 것도 없는데.. 영화 기대합니다!
10, 기대중~~~ 개봉까지얼마안남앗다ㅠㅠ 빨리다가오길!!
10, 정재영 이성민이라니!!! 뭔가 바뀐듯 하면서도 절묘하게 어울리는 캐릭터들!! 기대되네요
10, 기존 비슷한 영화들이 많았지만 확실히 다를 것 같은!!
10, 왜 우리 사회는 이 아버지를 살인자로 만들어야만 했을까.. 영화의 메시지가 강렬하다.
10, 아..정말 기대된다 가슴이 먹먹하겠지만 꼭 봐야지
0, 중학생 여자애가 죽었잖아요. 낄낄낄.광고도 개떡같이 찍어놓고 잘도 뜨겠네.
0, 광고짜쯩남.
5, 아름답고 좋은 인생사가 우리의 인생이자 지표입니다..좋은 소재도 많은데.... 전과잡범도 통을 해처먹고 잘사는데 누굴 평가하는지!!
10, 우리가 일본보다 후진국인게 여기서 나타나는것이다....부끄럽다...죄 자체를 바라봐야 될것이다 약을 먹인후 강제로 취한후 죽인걸 동영상 유포한다는것은 이미 그들은 정상인이 아닌 정신병자다 결단코 정신병자는 고쳐지지 않는다 싸이코패스.소시오패스.경계성인격장애자들은 죽음만이 이들을 반성케 할것이기에
1, 그래도 사람좋네 단번에 빠따질로 죽이고 나같으면 납치해서 몃년동안 고문하다 죽이겠다
8, 보고싶당  만삭이라 볼수없단게  아쉽당
10, 정재영씨가 울 아버지랑 많이 닮았는데... 그래서 더 마음이 아프고 슬플거 같아요. 꼭 볼께요
10, 이 영화는 보고싶다. 흥행을 떠나서 어떻게 이야기를 풀어냈을지 매우 궁금하다.
10, 이런영화는 13세 이상 관람가로 해야한다. 그래야 훈육의 효과도 생기지.
1, 개봉시기가 별로다 성폭행피해봤다는 여학생의 아버지가 그 상대학생을 확인도 안된상태에서 죽인사건이 일어난 지금... 무엇이든 폭력 살인은 정당화될수 없다.
10, 예고편 봤는데 재미 있을것 같아요
10, 기대되네요
10, 내가 아버지라도... 비슷한 선택을 하지 않았을까 싶은.. 그래서 더 내용이 궁금한 영화네요
10, 난 이영화 예고편 보면서 너무 맘이 찌릿했는데... 꼭 보고싶습니다
10, 하.. 이거 원작 소설 보고 정말 분노했었는데!!!!!!! 영화로 나온다니 넘 좋네요ㅠㅠㅠㅠ
10, 예고편 보고 계속 눈물이 나서 혼났네요.. 좋은 영화로 탄생했길 바랍니다~!
0, 더럽게화나서 댓글남기러왔네요 이 영화 홍보대행사는 거지같은 반복노출광고때문에 관객잃은거명심하시길. 기분더러운 여자애한명죽었잖아요 이말을 수십번을들었다 진짜짜증폭발하고욕나오네.. 광고집행할때보는사람기분은생각안하나??? 그런대사는한두번들은걸로족하고기억속에남는데자주노출될수록불쾌해질줄몰랐나?
0, 중학생여자하나죽었잖아요 진짜 광고 최악이다 이영화 절대안본다
10, 정재영 이성민씨 믿고봐요!!
10, 주인공 ~~~ 말이필요없을거 같네요  볼만할것 같으데요 ....
10, 영화가 재미있는것이 아닌  영화에 동감하며 ...누구라도 아빠일것이기에 기꺼이 죽음앞에 처단자가 될것입니다
10, 돈크라이마미갓다ㅋ그래도 잼잇을듯
10, 돈크라이 맘은 너무 지지부진하게 끝나서 별로였기에 비슷한내용일지라도 믿고보는 정재영이기에 기대하고 있음
10, 이 영화 무지 재밌을거 같네요. 기대 많이 하고 있습니다. ^^
6, 예고편만봐도 짜증이다 저아버질 뭐라부르냐고? 정당방위자
10, 굿
5, 정재형 이런비슷한영화 찍어서는데 아들이 자운중후근 걸려서 나오는거
8, 연기력도 연기력인데 스토리전개가 난 괜찮은거 같음 원작을 읽어 보진 않았지만 나름 잘 살렸다고 보고 한 번쯤 볼만한 영화다 생각을 함 결말이 아쉬워서 그렇지..
3, 이런영화가 필요하긴 한데~  베낀거라서 별.세개 진짜 후하게 준겨
10, 개봉하면 무조건 볼거예요
4, 돈크라이마미 아빠편
2, 돈 크라이 마미"봤는데... 엄마가 아빠로 바뀌고  칼이 총으로 진화한듯하네요...ㅡ.ㅡ;;
10, 개봉하면 은근 사람들 많이 갈꺼닽아요 상영안되는건아니죠??
10, 이성민.. 이름 석자만으로 믿음을 주는 배우.. 이성민 아저씨 나오니까 볼꺼다
10, 우리아이가 열심히 했기에 기대가 된다.
10, 언제상영하나요? 상영이 가능은 하지요??
10, 정재영씨  이성민씨 기대하겠습니다
10, 짐 저희 아들들 강릉에서 찰영중인뎅완죤 기대되네여 ㅋㅋ홧팅!!!!^^♡
10, 정재영!!!!!!!!!!!!!!!!!!!!!!!!!!!!!!!!!!
10, 정재영!! 이 배우때문에 무조건 보고싶어지는 영화 ^^ 개봉하자마자 달려가야겠네요ㅎㅎ
10, 서준영!!!!!!!완전기대됩니다.내용이재미있는것같네요ㅎㅎ꼭보겠습니다ㅎㅎ
0, 지금 학교에서 촬영하고 있네요. 해부학 실습실에서. 촬영은 좋은데 해부학실을 지나야 동물실에 들어갈 수 있습니다. 몇시간 째 길막하고 실험 못하게 방해하고 미안한 기색없이 아주 거만한 스탭들 때문에 영화 안볼랍니다. 지들이 스타인지 아느지 찌끄레기들이 부심 쩌네요.
4, 이런 스타일  이런 스토리의 스릴러는 좀 그만 만들었으면 하는데.. 예산이 없으니 백날 이런 유형의 스릴러만 지겹도록 만들어대는 한국 영화계.. 정재영-이성민이라 개봉하면 보기는 하겠지만 제발 좀 새로운 영화 좀 만듭시다.
9, 이거 일본영화로 봤음.......ㅡㅡ  기대되요~ㅋㅋㅋ 딸 성폭행 당한 비디오가 나오는데...진심..화가 막....쳐 올랐었음..ㅡㅡ;;
5, 우와 방금 촬영하는거 봤는뎅 ^^영화개봉되면 꼭봐야겠어요 ㅋㅋ
10, 서준영!!!!! 처음 맡는 형사역에 두근두근합니다!!! 완전 기대해요!!!!
10, 와우!!! 파수꾼의 서준영이 이번엔 형사역!!!  역활 빨리 보고싶습니다. 기대합니다. 화이팅!!!
10, 오마이갓... 정재영!!! 그리고 이성민!!! 이 영화는 무조건 대박!! 기대하고있겠습니다 정재영 화이팅!
10, 이성민씨 때문에 보고싶습니다
