8, 우리나라 현실을 잘 반영한 영화! 배우들 연기 굿! 다소 늘어진 전개에서 평점 깍아먹음! 감독이 아메리칸 싸이코를 모티브로 했다는데  우리나라 현실에 맞게 잘 각색한 것 같음!
1, 돈이필요해서.. 살인을했다.이 영화는 이게다다.(술을먹고 대리기사에편에 운전을 맡기려한 그들이 죽임을당한다) 이 영화를보고 인간의탐욕 심리 어쩌구 저쩌구 말 하는것 자체가 말이되지 않는다.
10, 당신 팔이 없어도 살 수 있지만 돈없는 남자와는 무조건 헤어져야해...난 네가 좋아하는 일이라면 뭐든지 할수있어...조폭상자50억통장입금에 봄눈 녹듯이
0, 이런걸 영화 소재라고 들고 나왔냐?
9, 돈에 대한 인간의 심리를 잘 파고든 영화임...마지막 장면이 물욕에 집착한 인간의 심리를 아주 잘 묘사함...
10, 무서운 괴담 같은.... 볼만하다.
9, 저예산 영화로써 또한 각본  연출  제작  촬영까지 소화한 영화라는 점에서 우리나라에서도 납득저예산 영화로써 각본/연출/제작/촬영을 원맨으로 소화한 영화라는 점이 우리도 납득갈만한 소재와 짜임새있는 구성으로 이런수준까지 만들 수 있는 대한민국 영화의 수준과 비전을 보여주는 영화였네요.
7, 남자주인공 괜찮은데...
3, 소재는 흥미로우나 배우들의 연기력이 그에 못미친다.
2, 그래서 너의 그 재능에 눈뜨게 된 이유가 여자 때문이라는 거냐?
6, 덤덤하게 흘러감
10, 통장에 5억 입금 마지막에 해피엔딩이네요.
6, 단조롭지만 뭔가 시각적 후각적 잔상이 강하게 남는 영화네요
6, 글쎄다...단순 스릴러로 보기에는 무난하나 크게 의미를 부여해서 논할 영화는 아닌 것 같다. 저예산임에도 불구하고 연기자들 덕을 많이 봤다.
8, 배우들 연기가 다 좋네요...특히 여자주인공 처음에 그닥했는데 마지막으로 갈수록 감정선을 제대로 보여줌...
7, 풍산개처럼 작은 이야기에만 천착하게 되는 한계가 있다.  확장을 시킬 수 있는 역량이 조금 부족한 듯
9, 스토리 굿.연기 굿. 연출은 그닥.. 리메이크 하면 수작 나올듯
6, 민수에 고뇌하는 광적인 부분은 있었으면 어땠을까 하고 직장에서 버림받고 사회서 버림받고 여친한테서 버림받고 결국 살인에 재능을 알아가는 계기가된 과정 주인공이 남긴거라곤 겨우 돈 하지만 여친이 마지막 엔딩에서 한숨쉬는 그 숨이 통장액수를 보고 쉬는 안도에 한숨인지 관객들에게 제대로 어필했다면
9, 유명배우  한명도 없고 직접적인 흉기살인  장면  안보여도 충분히 공포 스럽고 사회현실을 반영한것도 좋았고연기도 좋앟슴
6, 저예산 영화라는 점에서 잘 만들어졌다고 할 수 있지만.. 어중간한 영화. 재미면에서도 그렇고 주제를 표현하는 것도 배우들의 연기도...
7, 블랙버스터에 익숙해져버리면  안되는 이유....
7, 저예산 영화임에도 안정적인 연출과 연기 다만 자극은 없다
10, 역시 김기덕 사단 . 말그대로 초초저예산 3천 5백만원 짜리 영화 퀄리티가 이정도로 나온게 놀라울 따름이다.. 이 정도로 까일 영화는 아니라는거지.. 배우들 연기도 괜찮았고 단지 아쉽다면  아메리칸 사이코패스를 넘어서지 못했다는거지 코리안 사이코패스를 보고 싶었지만 국민 정서상 어쩔수 없는 엔딩크레딧...
8, 남자배우 신인같은데 연기를 잘하네요.
6, 완전 저저저저~초저예산으로 찍었다는 점을 감안하면 잘 만들었다고 말할 수밖에 없다.
2, 관객들 앞에 영화를 상영한다는 것이 무얼 의미하는지 다시 생각해봐야 할 영화.
2, 풍산개는 아쉽지만 그나마 평할 거라도 있었는데 말입니다... 차라리 이게 졸작이었다면 조금이나마 이해할 여지라도 있을텐데.
10, 풍산개 감독님이네. 풍산개 진짜 재미있게 봤는데 이번 작품도 기대해봅니다~
10, 개봉은 안 합니까?
8, 돈이깡패다.
8, 순간순간 민수의 소름돋는 표정과 대사가인상적이였고 배우들모두 연기를잘하셔서좋았습니다.
6, 진짜진짜 잔인함계속적인 살인!눈빛이여전히생각남전형적인 한국영화
10, 정말 기대되는 작품입니다~! 기프티드 홧팅^^
10, 기대기대 할께욤!^^
10, 전재홍 감독의 영화 기대됩니다. 화이팅입니다.
