2, 전골이 되지 못한 잡탕.
7, 피는 물보다 진하다
3, 초반 쑤시는 장면은 7~9점짜리 인 반면 나머지는 모두 5점이하
3, 마동석 이름이 아깝네..ㅠㅠ
0, 평점 낮추자
5, 내용도 형식도 표현도 너무 진부합니다.....
4, 감독이 무슨 말을 하려는 지는 알겠는데 그것을 어떻게 사람들이 느끼는지는 별개의 문제이다.  감독의 의도가 제대로 영화에 녹아나지 못한 대표적인 영화
6, 마씨 아저씨 이사람 정체가 도대체 머요?어떤땐 형사하구 어떤땐 미치광이범인하구 ... 도대체 난 저사람적응이 않되네 ㅋㅋㅋ 일단 마씨 나왔으니까니 평점은 기본6점이상은 먹구가세여~
5, 베일에 쌓인 심리학적 요소들을 약간의 상상력을 더해 표현하려하니 관람자들은 이해하지 못하는 부분이 많을 것이다. 다만 그게 아쉽다.
0, 정말 개 쓰레기 영화.. 한국 영화 역사상 최고의 졸작..  ㅋㅋㅋ
10, 한국영화의 힘!!  천만관객이 왜 안 됐을까?
5, 꿀꿀
1, 감독님영화하지마시고다른직업찾아보세요이건아닌것같아요
4, 제발 이 영화가 농담이었다고 말해줘
1, 왕따 소년이 각성하고 좀비가 되는 영화...시간의 소중함을 일깨워주는 영화네요... 감사합니다.
1, 촌 동네 선생님이 매력있어서 1점 준다ㅋ
6, 글쎄.. 알쏭달쏭. 사람 죽이는 장면은 잔인했고... 아들을 생각하는 부정이 있었고... 순수한(?) 아이들의 모습이 있었고.. 무엇을 말하려는 걸까?? 사랑은 살인을 부른다는 건가??
7, 주는것이 없으니 받는것도 없죠. 주제를 제대로 표현하지 못하니 느끼는 것도 없죠.
2, 뱀파이어 ㅋㅋㅋ 눈빛엔젤 마동석 카리스마 하나는 인정
0, 이런영화도 투자하는구나.... 돈이 썩어나나보네... 감독은 어디 외국에 공부하러 갔다와야겠군...벌써 갔을찌도...
7, 완성도는 다소 떨어지지만 뒤로갈수록 엽기적으로 흘러가는 괜찮은 스릴러다.
10, 감사합니다.  이런 영화도 있군요...  그러는거 아니다...
0, 장르가 모냐 장르가?? 스릴러?? 호러?? 성장 영화??
5, 음...
0, 삼류영화..ㅠㅠ 마동석은 왜 맨날 눈이 풀려있어..
0, 아역들 연기도 졸라 못하고 아.. 돈만 날렸네. 강호순 미화영화ㅡㅡ 감독 ㅗ먹어라
0, 살다 살다 보는사람을 영화감독 살인충동 느끼게 하는 영환 처음. 그래서 제목이 살인자냐?
4, 스릴러로서의 스토리도 부족하고 제목이 살인자인데 비해 마동석의 영화를 끌어가는 것도 아닌 애들의 이야기만...차라리 애들 얘기로 풋풋한 로맨스나 만들어보기나 할 것이지...
0, 어제 3500원주고 사봤는데....최악의 무성의한 제작 쓰레기영와
6, 평들이 별로네. 난 재밌던데. 마동석이 말아먹어서 그렇지 마동석 안 나오는 장면들은 다 좋았다. 그런데 영화 제목이 영화랑 좀 안 어울린다. 차라리 나쁜피 라고 했더라면 좋았을거 같다. 그리고 이 영화의 장르는 스릴러가 아니고 드라마라고 해야 맞다.
5, 피는 못속인다? 출연진은 괜찮았는데...
2, 이건 뭐 근친상간과 복수극을 위한 살인이라는 내용으로 시종일관 어두침침한 분위기로 눈 아프게 제작했던 올드보이란 영화보다 더 하구만!! 뭔 생각으로 이런 쓰레기 영화들을 만들어 내고선 돈 내고 보라는 똥배짱인건지!! 에혀 국산영화 질도 이제 좀 나아지는가 싶었는데..여전하구만..!! 배우가 아깝다..!!ㅉㅉ
3, 내가 무엇을 봤는지 알 수가 없고  러닝타임이 76분이었다는 게 더 놀랍다. 무지 길게 느꼈거든. 스타일도 일관되지 못하고 중간에 호러도 보이고 스릴러이고픈데  드라마더라.
1, 가관이구만
8, 한국영화에서는 볼수없는 장르 바람피우면 뒤짐
4, 분노에 의한 첫 살인이 어느 순간 살인을 하지 않으면 안되는 정신병처럼 진화했다는 건가? 아니면 원래 그 인간은 살인의 본성을 타고 태어났다는 건가? 피는 속일수없다..그 피가 어디 가나..그 말을 순했던 아이는 괴물이 될것으로 받아들여 일탈을 시작한건가? 의문 부호만 잔뜩 펼쳐놓고 어수선하게 마무리하기 급급.
3, 아무것도 설명하지 못하고 시종일관 어수선하다
1, 그나마 장점은 러닝타임이 짧다는 거
0, 영화보다 여기 댓글읽는게 더 재밌습니다. 영화보는내내 영화 잘못 골랐다란 말을 2백만번 정도 말했네요
0, ㅋㅋㅋㅋㅋ노답
1, 이중적인 살인자의 모습이라면 아들한테 다정다감한 컨셉으로 시작했어야 했다. 아역들 발연기에 개연성없는 스토리 전개에 산으로 도망치는 아이들마냥 영화의 결말도 산으로 가버리는 어처구니 없는 영화였다...
1, 보면 암걸린다 차라리 이거볼시간에 유서를써라
0, 어떻게 이렇게 그지같이 만들수 있나 의문스럽다...ㅡㅡ;;
4, 악마같은 살인자 역할을 잘 소화할 것이라는 예상을 보기좋게 엿먹여주신 마동석...보통 살인자라면 의외로 평범함 외모에서 섬뜩함이 훨씬 더 잘 표현될 수 있지 않을까...양아치 날건달은 어울릴지 몰라도..살인자급 레벨은 아니야.
3, 그나마 아역들의 고생스런 연기땜에 주는 점수다. 감독의 캐스팅 미스다. 자기 아들은 끔직히 챙기는 이중적인 살인마를 그릴 거였으면 부드러운 이미지를 내세워야 하지 않았을까.
6, 너무 허술하다... 산으로 간듯
2, 우와 졸라 재미없다 ㅋㅋㅋㅋㅋㅋㅋㅋㅋㅋㅋㅋㅋㅋㅋㅋㅋㅋㅋㅋㅋㅋㅋㅋㅋㅋㅋㅋㅋ 개막장 쓰레기 영화ㅋㅋㅋㅋㅋㅋㅋ마동석 연기로 개거지같은 영화 조금이나마 살렸네 ㅋㅋㅋ 0점 주고싶은데... 마동석떔에 2점준다....
0, 아..쒸박...포스터 마동석의 표정이 내가 이 영화보고난 표정이다. 이건 재미없다를 떠나 진짜 진심 재미없다..
3, 진심 재미없는 수준을 넘어섰다.
6, 배우들의 연기자채에는 좋은 점수를 주고 싶다. 스토리와 이야기를 풀어가는 과정이 허술하다. 한마디로 좀 아쉽다.
2, 확 그냥 막 그냥 ㅜㅜ  미동석이 아깝다 이런영화에 ㅜㅜ
5, 진짜 싸이코패스 영화. 이 영화에서 보여주려는 의도가 무엇인지 모르겠다. 마동석이라는 정신병자의 인생의 비극적 결말을 보여주는 것인가?? 살인자라는 제목에서 나중에 범인이 드러나거나 그 죄로 인해 잡히는 수사극이나 그런걸 기대하고 봤는데....  여선생이 죽고부터 결론이 이상하게 나버림.
9, 충격이다...
5, 마동석...지못미..ㅠㅠ어케...ㅠㅠ
0, 감독의 발연출  발편집  아역배우들의 발연기가 앙상블을 이루어내며 대작을 완성시킴. 꽤 이야기 보따리 풀기 좋은 소재도 감독을 누가하냐  어떤 배우를 쓰느냐에 따라 대체 뭐하자는 건지 모를 영화가 탄생하기도 한다는 걸 보여줌.. 동석이형 시사회 때 완전 좌절 했겠다..
2, 영화맨처음 화끈하게시작하더니 바로 졸리게하네~황당그자체~수상한가정부에 나오는 아역배우들 나오는데 너무 영화가 졸린다. ㅠㅠ후반부에서 남자이이가 여선생 목 칼로치고 피빨아 먹는데 피나오는것도 색만칠하고 펑펑나와야 실감이나는데 살인자피를 없앤다고 여선생 목에 피빨고 .....
2, 배우는 참 기구한 직업. 이런 영화 안에서도 울고 웃어야하니.
2, 동석이형     ㅜㅜ
9, 이 영화를 보면 성적으로 자유로운 요즘 평점을 받기 어려울것이다. 영화를 보면서 사람들은 자신들이 살해되는 희생자로 보기 때문이다. 열심히 ㅃㄱㄹ를 치다가 칼에 찔릴때 얼마나 영화 자체가 협모스럽겠나.
0, 그래 한번 해보자이거지
0, 다시는 이런 쓰레기 영화가 나오지 않길 바란다.
5, 절대 비추천!! 역시 이분은 감초가 어울림!!
1, 감독이 살인자다...개짬뽕 장르도 모자라서 김기덕표 싸이코패스 총출동 ㅋㅋ..천송이 아역이랑 마동석이 아깝다..베드신 퀄리티는 좋던데..에로계 진출이 나을듯..
4, 무슨 자신감으로 처음부터 범인 다 밝히고 이야기를 풀어간건지 잘 모르겠다.  이야기는 갈수록 삼천포로 빠진다 !!
0, 이게 무슨 영화인지..호러인지..스릴러인지..구분도 안되고 극장에서 봤다면 진짜 돈 아까웠을듯
1, 이건 관객테러다
0, 이게 뭐야 ㅠㅠ 피는 왜 빨아 ㅠㅠ
1, 참..내가왠만한영화는 다재밋게보는데 이건진짜 말도안된다 ㅋㅋㅋㅋㅋㅋㅋㅋㅋ
0, 처음부터 끝까지 재미없음
2, 머 다른건 다 그렇다쳐도..  피 빨아 먹는 설정은 도대체 머냐???  드라큘라냐???
0, 쓰레기 중에  최악!  영화도  아님!
4, 애들의 소꼽놀이에서 오는 잔잔함과 지루함 사이를 견뎌내고 트럭에 소녀가 타면서부터 본격 스릴러의 시작을 기대했으나 실망. 개연성 부족
2, 회;'ㅑㅕ
1, 홍명보 감독이 나을까요? 이 영화 찍은 감독이 나을까요? 짧기 망정이지 90분 채웠다간 미쳐버릴 거 같아요...
3, 이거참..막장영화로군..아들이 아버지를 결국엔 찔러죽이는군.ㅎ
0, 알바도 포기 했다는 평점 ㅋㅋ ?
0, 에라
10, 굿 마동석
6, ...
10, 난 어이없어서 웃기고 잼있더라.ㅋㅋㅋㅋㅋㅋㅋㅋㅋㅋㅋㅋㅋㅋㅋㅋㅋㅋㅋㅋㅋㅋㅋㅋ
5, 어설프게 엽기적인 일본만화 같은 나쁜영화.
1, 헐... 진짜 알바가 있나보네~ 내생애 첨 평가...이건 정말 재미도없고 낭만도 없다. 참으로 졸작 에휴~
3, 원래 영화에  관대하지 못한 편인데 이 영화는 정말 관대하게 보았습니다.  마동석이 20분밖에 출연하지 않았다는 둥 별의 별 리뷰를 다 섭렵한 후에 영화를 보았지만 생각만큼 타격이 크진 않네요.  한 마디로 이 영화는 감독 책임입니다.  설명하기엔 너무나 짧은 러닝타임 대신 탁월한 편집을 동원했더라면...
3, 한마디로 '맛없는 짬뽕'
10, 난 재밌던데 한국영화중에 이런 소재 잘 안나오죠..볼만합니다
5, 영화를 너무 3류같이찍어써....동석씨 아쉬움남건네
5, 내용이너무억지..애들이그런역하기에는다소무리인듯
0, 참으로 더러운 영화.. 마동석씨 팬인데 연기력이 더 떨어졌네요.. ㅠㅠ.. 주연은 아무나 하는게 아니고 감독 또한 관객에 대한 최소한의 예의를 갖추고 영화를 찍어야 한다는 쓰레기 영화입니다..
0, 쓰레기영화임 재밌었다는 사람 이해안됨 절대 보지마세요
10, 호불호가 갈려 봤는데 나름 괜찮았음. 단. 심신및 정신 허약자는 보지마시길. 절대
5, 갈피를 잡지 못한채 동분서주 주제를 향해 달려가는 거북이마냥...... 인자함을 베풀어야 하는 영화 살 인자.......
0, 여때껏 봤던 영화중에 가장 쓰레기. 아침마당이 이것보다는 나을듯. 기승전병으로 이어지는 삼천포 결말. 뜬금 없이 선생님 피를 빠는 아역...마동석 인생 최대의 실수다. 그나마 러닝타임이 짧아서 다행이지만...혹시나 모르고 보실사람 있겠지만 70분 생명이 줄어드는 시간이니 차라리 그 시간에 유서를 쓰는게 나을듯
0, 10분 보다가 너무 몰입없이 재미없어서 패스해버리는 ;;
1, 정말 ....이게 뭐지? 저예산 독립영화 중 안된 작품 정도 될듯....
5, 강호순 사건 모티브인거 같은데 지 자식 귀한줄알면 살인은 하지말았어야지   영화는 좀 조잡
5, 마동석 정말조아하는배우님인데ㅜ아역남주도 연기참 잘햇지만 뭔가 내용이 조잡스럽고 개연성도떨어지고 아쉽
2, 그 애매한 살인본능은 뭘까? 그 면에서 좀 구체적이게라도 나왔으면 그나마 나았을텐데.
5, 다들 평을 왜케 짜게주는지?? 수작은 아니지만 평작은 되는듯... 다만 영화의 메세지가 별로... 피는 못속이니 자식도 미쳐서 살인을 하고 ... 개~샹 다 죽고말자?? ㅎㅎ
7, 한줄요약: 두 킬러의 싸움 초반의 흥미진진함이 중반으로 갈수록 쳐짐. 영화 엔딩후의 허탈함과 공허함이란..
0, 머니
1, 진짜 배우가 아까운 영화다 장르도 뭔지 모르겠고 뭐하는 거임--
7, 초반부터 흥미롭게 전개되는군
1, 감독은 마동석을 데리고 도대체 뭘 한거야?
0, 영화감독도 국가고시로 시험을 봐서 감독 자격줘야되는거 아님? 이 영화보겠다고 외출준비한 많은 사람들에게 주는 실망을 어찌할거임. 좀 신중하게 영화 만드셨으면 좋겠네요. 욱하는 맘으로 영화 만드시지 마시길 바래요^^*
0, 사실0 점도 아깝다
1, 진짜 재미 없습니다. 시간낭비 하지 마세요... 이감독의 머릿속을 뜯어 보고 싶습니다....감독의 역량을 대충 알겠네요...그냥 자극적인 영화 만들어 보고 싶었던듯  그럼 1점은 ?  아역 배우들 고생 + 와 처음 장면 나온 베드신 점수...
7, 잘 나가다가 결말이 삼천포로 빠진 게 아쉬움!
6, 너무 성급하게 나온 영화..
0, 알바가 있긴 있구나 10점줘서 평점 높일려는거보니...이영화 3점짜리 될라나? 내가 평점 맞출려고 0점줬다 아직멀었다 더떨어져야돼 ㅋㅋㅋ
4, 대체 뭔 내용인지.. 초반에 선정적으로 눈길을 끌고 아이들을 등장시켜 궁금증 유발시키고 결론은 피는 못속인다? 개인의 취향이 있을진 모르지만 대부분의 사람들에겐 추천할만한 작품으로는 생각되지 않는다.
0, 알바들 쫙 풀렸네  팟캐스트 나도 알바다 를 기대하게 만드네요.
8, 평점1점은 그렇네요 잔인한걸 원하시는분들은 실망하실꺼같지만 상처받은 아이들의 모습이 꼭 우리 일상같아서 맘이 아프네요 재미있게 보세요
0, 아..1점도 아까운 영화다 -ㅅ- 마동석 좋은 연기자가 이렇게
10, 정말 올해의 영화라고 해도 손색없을정도로 잘 만들어진 영화네요 특히 연기자들의 연기력이 아주 돋보이네요 정말 1분1초도 몰입을 안할수 없을정도로 재밌었네요 꼭 추천합니다
1, 왜만들엇니 진심묻고 싶다
1, 진짜 재미 없어...이런 쓰레기 영화를 ....감독의 역량을 대충 알겠네요...그냥 자극적인 영화 만들어 보고 싶었던듯 그럼 1점은 뭐냐??? 아역 배우들 고생한거와 처음 장면 나온 베드신 점수 입니다
10, 타이타닉.쇼생크 탈출 이후로 이런 감동은 처음이네요.. 영화가 끝난후 감정이 복받쳐와 감히 자리에서 일어날수 없었습니다...
0, 난 돈주고안봐..!미쳤지..
10, 난 사이코패스보단 소시오패스를 선호하지만 이영화도 볼만하더라 근데 부인이 바람한두번피다걸린게 아닌거 같던데 죽여도 정당한거아니냐 살인도 필요에따라서 용납되기는 해야지
1, 마동석이 무슨잘못을해서 이 영화를 찍었는지 모르겠지만 정말 자기자신을 아끼고싶다면 이 영화 절대 보지마세요.
10, 여태 본 영화 중 최고라 불릴만한 역대급 영화니 꼭 보세요. 한번 보고 두번 보고 또 보세요. 모든게 완벽합니다~
3, 뭐지 이 영화
10, 10점을 줄수밖에없는 영화다.
1, 너무 했다  이런걸 왜 제작하는지..
1, 배우 덕에 그나마 살았다... 그리고 알바들 티가 너무 나는 평점이네... 부성애는 무슨.. 끝까지 자신의 죄악을 묻고 가려고 아들로 인해 죽음까지 불사하는 악덕한 인간이구만..... 열혈회원들의 눈높이도 한심하다... 그나저나 저 알바들은 어케들 뽑는거야
4, 뭘 얘기하고 싶은걸까.......
0, 하....쓰레기....
0, 자식새끼 키워봐야 아무소용없다
0, 마동석이 의리에 취해 커리어에 오점을 남겼구나.. 그러니깐 친구를 잘 사귀어야하는 어른들 말 틀린게 하나도 없다니깐..
5, 충분히 재밌을 수 있는 소재인데 긴장감이 정말 없습니다. 시나리오도 그렇고 연출도 그렇고. 제목만 임팩트 있네요
0, 제대로 망한 영화
3, 마음에 드는 단 한컷이 있긴하다. 하지만 서로의 정체를 알려주고싶어 안달난 연출의 허술함과 두 아역배우의 한심한 연기력이 영화를 알 수 없는 곳으로 끌고간다.
3, 참 뭐라 말하기 힘든 졸작.
10, 신께서 내가 죽기전 4시간을 주신다면 단언코 클레멘타인과 살인자를 볼것이다
3, 감독은 이 영화로 무슨 이야기를 전달하고 싶었던걸까. 극중 배우들끼리는 진지하게 전달하고싶어하는것같은데..뭔지 모르겠다..그냥 자기들끼리 심각하기만하다.
10, 이 영화를 보고 아토피가 사라졌습니다.국민영화 클레멘타인은 잊어도 좋습니다.이제 마동석의 살인자 시대입니다.
0, 뭐냐? 이건~ 마동석땜시 봤는데...
0, 영화를 보는 순간 당신은 살인자가 된다. 풉~
4, 이영화 네이버 영화평 성지순례 후 와보니..정말 한국영화제작자들 평점 알바 관행은 언제나 없어질라나??그만들해라 마이들 묵었잔아?? 알바비 홍보비를 제작에 투자하던가!! 한심한.....
1, 뭐가 이리 영화가 싱거워....  기대 했건만.... 마동석 배우 아직 배우라고 하기엔 시나리오 보는 눈이 없는 듯... 아님 주연에 욕심을 내신건지       마동석 배우 하지만 당신을 늘 응원합니다.
0, 영화가 아니올시다
0, 지금까지 본 영화중에 최악이야....진심...이 영화에 신경쓰기도 싫지만 다른분들 위해서 글올려요~
5, 안봤는데 76분이라는 런닝타임은 tv용이라는 생각에 보지 않게 됩니다.
1, 평균평점이7.9 ????? 내눈이 이상한건가 이런영화가 평점이높다니 알바천국 시간이아까움~
0, 이곳은 바로 알바천국....... 이건뭐     보고나서 할말을 잃었음.... 원래 평점 안쓰는데 네티즌을 위해서 한표...  그냥... 보지마시길.......
0, 영화는 영화지만 어린 아역배우들이 감당하기엔 무리가 따르지 않았나 싶군요 작품이전에 배우도 사람이란걸 먼저 알았으면 하네요
0, ㅅㄹㄱ
5, 마동석이 쩝.
0, 명색이 스릴러인데 시작 5분만에 볼거리가 다 나오는 개쓰렉
7, 연기 다들 잘하네요. 부족한 점이 많지만 흥미로운 영화.김현수 무럭무럭 자라서 좋은 여배우되길.
7, 마동석도 결국 착한 남자네 바람핀 여편네가 잘못이지 불륜저지르는 것들은 남자건 여자건 다 상대에게 엄청난 배신감을 안겨주는거지
3, 시간 낭비...돈 낭비....보지마시길    
5, 아쉽네..결말만 잘했으면 괜찮은영화 될것을 ..각본 감독이 다했는데..왜 결말을 히지부지했을까? 살인마도 아빠다 그걸 살리기 위해서는 자식대신 자기가 대신 죄를 뒤집어쓴다라는 컨셉이 더 괜찮을텐데..좋은영화가 나올수있는걸 어중이 떠중이 영화로 만들었네
7, 스릴없는 스릴영화... 그저 그런 단편영화정도수준.. 서론이 너무길다
0, ......
1, 시간 돈 아까운영화다.
1, 쓰레기영화
1, 영화의 장르가 궁금하다..뭐냐 왕따의 피해냐?엽기살인마의 잔혹한 살인행각이냐? 아니면 무너지는 교권의 현실을 반영한거냐? 동물학대냐? 귀농의 문제점이냐? 뭐냐 도대체..돈아깝다ㅡㅡ2
1, 다알바인듯 돈아깝다ㅡㅡ
10, 메가박스에서 이제상영안하나?. 여기에서 김성균아저씨 나오지않나요?
10, 음향효과 때문에 더 놀라고ㅜㅜ깜짝깜짝 놀랐음 대박
10, 흥미진진하고 소름돋고ㅋㅋ이런게 진짜 스릴러 영화지
10, 난 귀신 나오는 공포영화보다 이런 스릴러 영화가 더 무섭고 재밌는듯
9, 마배우의 첫 주연작!!너무 재밌게 잘봤습니다 다음 작품도 기대 할게용
10, 잔인하고 섬뜩하지만 원래 스릴러는 이 맛에 보는 거니까 ㅎㅎ
10, 천송아 아역을 여기서 보다니 ㅋㅋ느낌이 색다르네요.. 들키지말지ㅠ
10, 마동석 진짜 짱짱  원래 그냥 그랬는데 이거 보고 팬됬다ㅋㅋ앞으로가 더 기대되는 배우
10, 짱  진짜 보는내내 조마조마 했음ㅠㅠ졸잼
10, 보기 전부터 기대 많이 했던 영환데 기대이상!!
10, 처음부터 끝까지 스릴있는 긴장감은 대박  스릴러 좋아하면 꼭 보세요
7, 아이에게 있어서 무엇보다 중요한 부모의 역할!정체성과 가치관 형성에 꼭 필요하다는 교훈...
10, 영화 자체가 늘어지는 부분도 없고 그래서 재밌게 볼 수 있었었어용
10, 긴장감은 끝까지 가고 음향 효과가 더해져서 더 깜짝깜짝 놀라면서 본 것 같아여ㅎㅎ
8, 기대 많이 했었는데 역시 기대를 저버리지 않네요^^
10, 이렇게 재밌게 본 영화는 얼마만인지ㅎㅎㅎ
10, 교훈과 감동같은건 없었지만 진한 여운을 줬다
10, 인상 깊게 본 영화..진한 여운도 남고 잘 보고 왔다
9, 이런 스릴러 영화 보고 싶었는데ㅎㅎ재밌게 잘봤습니다
10, 짧은 영화 였는데 더 짧게 느껴짐 ㅋㅋ30분만에 끝난 느낌
5, 마동석님의 팬인데.. 이 영화는 추천하고 싶지 않네요. 스토리의 짜임새가 많이 부족한것 같아요. 아역배우나 마동석님의 연기는 좋았습니다.
6, 살인자.. 마동석님의 포스터가 섬뜩해서 기대를 많이 했는데.. 너무 기대가 컷나봐요. 많이 아쉬운 영화네요.
3, 알바만 모였나 진짜 내용없는 영화임..처음부터 사람죽이는장면으로 시작해서 끝날때도 사람죽이고 끝 ...
8, 실제 사건을 모티브로 구성한 영화 나름 기대가...
7, 마동석의 연기빨 아니었음 5점도 아까움
8, 솔직히 괜찮은 스릴러인듯 나름 신선하고 괜찮던데~?ㅋㅋ오랜만에 스릴러다운 느낌을 받았음
10, 이 정도면 꽤 잘만든 영화 아닌가 싶어요!! 마동석씨 연기는 최고! 난 재밌게 봤으니 별 다섯개!
7, 너무 보고 싶었던 영환데ㅋㅋ마동석님 수고하셧어요.....
10, 와 ㅠㅠ 진짜 무서워서 혼낫음 사람죽일때-_-..ㅋ 솔직히 작품성이 큰 영화는 아니지만 그냥저냥 보기엔 괜찮은 영화라는 생각이듬
10, 기대 안하고 스토리도 거의 몰르는 상태에서 봤는데 되게 흥미진진했어요
10, 정말 재밌었고 손에 땀을 쥐고 봤어요~
9, 이런게 진짜 웰메이드 무비라는 생각이 듭니다 마동석씨 항상 응원할게요!!
10, 눈빛으로만 으로도 공포를 주는..ㅠㅠ 마동석 아저씨 진짜 살인자같아 ㅋ
8, 마동석 나온다고 해서 믿고 봤는데..역쉬~ 첫 주연작 축하드립니다!!
10, 그냥 스릴러 영환지 알았는데 부성애를 느낄 수 있는 영화였다..살인자도 똑같은 사람이구나ㅠ
10, 충격과 전율이 온몸에 돋더라 ㅋㅋ 마동석씨가 진짜 연기 잘하시는 것 같애요
10, 실제 사건을 보는듯한 리얼함에 어느정도 볼만했다 ㅎㅎ
10, 아역들의 연기도 기대 이상이였고 마동석씨의 연기는 언제나 기대이상!
10, 전혀 지루하지 않았던 몰입도 최고 영화^^
10, 사실은 와이프 때문에 살인마가 된..왠지 묘하면서도 역할을 잘 소화해내셔서 재밌었어요
10, 이웃사람에서부터 인상적이었던 마동석씨!! 그때보다 더 무섭던데요ㅠㅠㅠ
9, 연기임에도 죄책감이 들었다고 하던데 마동석씨 그만큼 리얼한 연기 감사합니다
10, 마동석 연기 대박소름이다! 카리스마가 남달라여!
8, 살인이라는 주제가 -_- 참 무서웠어요 배우들의 연기력도 만족스럽고 흥미롭고 여러모로 볼만한 영화
10, 여름도 아닌데 등골이 오싹..땀이났다능.. 얼마나 잔인한지 아시겠죠
7, 재미보다는 슬픈 아픔을 보는 영화
10, 소재가 소재인만큼 손에 땀을 쥐고 봣음 ㅋㅋ 명품배우 마동석 화이팅입니다
10, 구성도 잘 짜여져 있고 스토리도 탄탄하고 흥미롭게 넘 재밌게 봄!
10, 긴장감도 쩔고 배우들의 연기는 진짜 말이 필요없네요
8, 친구가 마동석 나온다고 해서 봤는데 재밌더라ㅋㅋ마동석은 역시 연기 잘하고..소름 쫙이었음
10, 꿀잼..나중에 시간되면 한번 더 보고시퍼요 ㅋㅋ 남자친구랑^^
9, 그닥 임팩트 있는 영화는 아니였지만 처음부터 끝까지 분위기도 소름돋고..자연스럽게 흘러가면서 스릴도 넘치고 긴장감도 끝까지 가고 좋았음
10, 오랜만에 겨울에 보는 스릴러 영화.ㅋ 생각보다 되게 재밌어서 만족함
10, 짧은 시간에 제대로 보여주네여 ㅋㅋ 시간가는줄 몰랐다는
10, 보는 내내 극장에 긴장감이..와.. 오랜만에 제대로 된 스릴러 본 것 같아요 ㅠㅠ
10, 영화의 재미를 더나서 마동석님은 항상 응원하고 싶습니다!! 화이팅!!
5, 마동석님 좋아하는데... 마동석님빼고.. 스토리 인물 다 별루..-_-
10, 마동석의연기가빛을발하는영화! 소름끼치는살인자역할에..밤길이 무서움..ㅠㅠ
1, 이것도 영화라고 찍었나요 ?잔인 하고  내용도 없고 ᆞᆞ본걸 후회된다ᆞᆞ
1, 내가 왠만하면 댓글안다는데 알바 너무 많ㄴ네 영화그 자체로 평가받아야지 ㅡㅡ 마동석연기빼고 다 별로
0, 이런영화는 왜 만드는지 모르겠음...아 정말 보는내내 한숨만 나옴. 진심 시간 돈아까움
5, 너무 잔인..
0, 헐
1, 도무지....이게 왜......... 기대를 말껄... 이게 뭔밍.
1, 쓰레기영화..별5개
1, 허무한 ....
8, 지루하지 않고 몰입도도 있지만 약간 엉성하고 러닝타임이 짧은감이 있네요 8점!
1, 밑에 다 알바인가? 진짜 비추에요 이렇게 재미없고 스릴없고 감동없는 영화는 처음이네요 웃음은 나더라구요 피식웃음..
10, 스릴 쩔어요 ㅋㅋ바짝 긴장하면서 보다 나왔습니다
10, 강호순이 자신은 연쇄살인범인데도 아들에게는 평범한 사람이길 바란다고 그랬는데..휴
10, 잔인하고 엽기적인게 강하긴 했지만 그래도 나쁘지 않게 보고 왔음
10, 영화는 약간 짧은 편이였는데 스토리는 되게 알차고 탄탄하더라구요 스릴러 좋아하면 보셔도 좋을거 같아요
10, ㅋ진짜 간만에 스릴 제대로 느낀듯ㅋㅋ졸잼
10, 손에 땀을 쥐고 본 영화..오랜만에 보는 스릴러 영화였는데 되게 재밌어서 만족함
10, 방금 보고 왔는데 긴장감은 물론이고 소름까지..
9, 긴장감도 있고 스릴도 있고 스릴러 영화로썬 볼만함
10, 강추강추! 갠적으로 귀신보다 사람이 더 무서운것 같다!!
10, 난 재밌게 봤는디 친구는 재미없다고함ㅎ 무섭고 괜찮던데 나는..
10, 마동석씨의 아들로 나오는 아역배우는 연기 진짜 잘한다능 -0-
10, 처음부터 끝까지 한장면도 놓치지 않고 몰입해서 봤어요ㅠㅠ 진짜 소름돋음 ㅎㄷㄷ
3, 알바 많이 풀었네요. 그냥 약빨고 만든 사이코틱한 영화가 8점이나 되나요? 얼척이 없네요. 최근 1년간 본 극장에서 본 영화 중 은위 제외 최악입니다.
1, 이건 뭐.. 스토리도 엉성. 긴장감 좀 있는걸로 좋은평 바라는건 무리..
0, 살인자 같은 영화.....돈 아깝네요 진심으로
8, 개장수 동물학대범은 싸이코패스라는 진리 본인의 잘못된 삶은 가족도 파멸시킨다는 메시지가 인상깊다...살인자는 가장 잔혹한 죄값을 받았어...
4, 이런 영화가 8점이 어케 넘는지...
1, 영화 제목"살인자" 맘에 안들음..0점 입니다.
10, 배우들이 연기를 너무 잘해서 더 무서웠던걸수도..
10, 진짜로 최근에 본 영화중에 젤 재밌었고 돈과 시간이 아깝지 않았음
10, 무섭고 소름 끼치고 그랬지만 부성애를 느낄수 있었던 영화였다
9, 연기는 말할것도 없고 기존의 내가 봤던 스릴러랑은 차원이 달랐음ㅠㅠ
9, 마동석 연기잘하는건 알고있었지만 그 아들로 나오는 용호? 개 연기 진짜 잘함..대박
10, 기대한 만큼은 아니지만 그래도 재밌게 보고 왔네여 ~~
10, 갠적으로 스릴러 영화 좋아하는데 간만에 봐서 그런가 되게 재밌게 봄ㅋㅋ완전 리얼함 ㅋㅋ
9, 스토리도 흥미진진하고 극의 긴장감도 끝까지 가고 간만에 제대로된 스릴러 한편 보고 왔네요
10, 개봉 하자마자 본 보람이 있네요ㅋㅋ진짜 재밌었어요 마동석 파이팅
10, 마동석님뿐만 아니라 모든 배우들이 연기력이 명품!! 보셔도 후회안하실듯
9, 마동석 연기 대박 ㅋㅋㅋㅋ 그의 연기만으로도 모든게 커버된다
9, 웃긴게 가족이라는게 뭔지~ 살인범도 지 핏줄이라고 눈치보네 ㅋㅋ
10, 에휴 강호순이 자신은 연쇄살인범인데도 아들에게는 평범한 사람이길 바란다고 그랬는데..그 아버지에 그자식이지 뭐
10, 사실은 약간 부족한 영화긴 하지만 배우들의 연기력으로 커버 되는듯.
10, 오전에 보고왔습니다. 평소에 마동석배우님들 좋아해서 기대했었는데 역시 연기 하나는 제대로더군요.ㅎㅎ
4, 한시간 동안은 청소년 성장드라만인줄..;; 개연성도 없고.. 스토리  기획 다 엉성함.. 아역들 연기도 그닥.. 덕분에 마동석 연기마저 전혀 도움 못받고.. 런닝타임 맞추기위해 억지로 짜여진 극본으로 보임.. 극장에서 안보시는게 날듯하네요..
1, 진짜 이영화 극장에서 돈진짜 아까워요 내용도 별로고... 성공하는 스토리가 아니에요..
3, 마동석 연기는잘하는데 스토리 넘지루
10, 마동석 진짜 짱
4, 재미 엄청 없구 어이 없는 영화
10, 너무너무 보고싶었던 영화인데 약간 기대치보단 별로였어요 ㅠ 그래도 스릴감이랑 긴장감은 높은 점수 주고싶네요
8, 완벽한 영화는 아니지만 어느정도 볼만한듯. 실제 사건을 보는듯한 리얼함
10, 겨울에 스릴러를 보는것도 한 재미하네여
8, 요즘 잘나가시는 마동석님 항상 응원하고 있어요 영화 잘되길 바랄게요
3, 두 아역 배우의 궁핍한 연기력이 이기욱 감독님께서 작품을 통해 말씀하시고자한 메세지들을 제대로 표현해내지 못하는 것 같더라구요. 아역 배우들의 연기력만 좋았더라면 그런데로 괜찮은 영화가 될 수 있었을 듯 한데  여러모로 아쉽네요. ^^;;
10, 연기파 배우 마동석! 완벽한 영화는 아니지만 응원할께요!
10, 마동석씨가 연기인데도 죄책감이 들었다고;; 그럴만한것 같아요. 저도 보면서 살인마를 몇번이나 욕했는지..ㅋㅋ
9, 그냥 생각없이 보기엔괜찮음.. 좀 잔인하긴 함..
10, 스틸컷만으로도 기대하게 만들었던 이 영화. 시간가는줄 모르고 몰입해서 봤다
9, 보면서 시간가는줄 몰랐네요 내 가족이 살인마라는 생각을 하니까 소름 끼치기도하구
10, 큰 기대를 하고는 보지마시길.. 배우 마동석을 응원하고 싶으신 분들에게는 추천
10, 마동석이라는 이유만으로도 높은 점수를 주고싶다
9, 마동석의 물오른 연기력에..ㅎㅎ감동의 여운이 있다~!!반전매력 강추!
8, 마동석씨 연기가 좋았네요
9, 마형님의 카리스마 연기는 압권이었어요-
10, 진짜 괜찮은 영화였음! 무엇보다 마동석의 연기가 압권!! 무서우면서도 감동적인ㅠㅠ
7, 공포.살인보다 귀신이 무섭.그리고 슬프고 우울함
0, 하정우  최민식을 감히 이따위 개허접한 영화에 비교하는지..영화 끝나고 나오는 관객들 욕소리 좀 들어봐라 이 감독아!!'
10, 마동석씨 눈빛 연기 진짜 작살~~~
0, 하후 ㅠㅠ 지루..
6, 아... 재미있겠다..
0, 노
10, 가슴 아픈 반전이 느껴지는 영화다.. 마배우의 포스는 압권~!!!
10, 마동석 연기변신 새롭네요~
9, 마동석이 주연이라니!! 기대된다 믿고보는 연기력
10, 악 마동석 아저씨 ! 포스있어 보이는데 ㅋㅋㅋ 겁나 귀요미
10, 마동석 너무 좋음!
10, 오와 궁금한 스토리와 마동석의 진짜같은 범인 연기! 기대된다!
10, 동석이형 첫주연작! 무조건 봐야지!!
10, 마동석씨 믿고봅니다!ㅋㅋㅋㅋ대박
10, 마동석때문이라도 보고싶다. 조폭 이나 의리파로 나왔는데 살인자 연기변신 기대해봄직 하네
10, 정말궁금한영화
10, 마동석만으로도 포스가 장난 없다!
1, 별로...마동석이 나와준거에 감사해야할듯 재미감동웃음 아무것도없네요
10, 보고 싶은데 개봉관이 별로 없네.
10, 대박 나세요
3, 책임감 없는 강렬한 제목
10, 봐야지
10, 마배우님 연기 완전 최고!! 아역들도 잘하지만 마배우가장난아냨ㅋ
6, 다 좋은데 76분은 좀...... 그게 아쉽다.... 글구 아직 안봤음..
9, 흥해라 !
7, 스토리상 아들에 의해 살인을 당하는 그런 이야기?
1, 하정우 김윤석의 황해 개봉전 가제가 살인자였다는데           ㅉㅉㅉ
10, 살인자는 범죄자 가족의 영화
9, 한국영화는 뻔하다는 말은 이젠 예전이야기 같아요... ㅎㅎㅎ 스릴 반전 점점더 발전해나가는 ㅎㅎㅎ 마동석은 정말 귀요미도.. 코믹도.. 무서운역활도.. 깡패역활도.. ㅎㅎㅎ 여러 매력이 있는.. 기대됩니당 ㅎㅎㅎ 빨랑 보고싶어용 ㅎㅎㅎ
10, 화이팅!
10, 기대 기대 완죤 기대.  빨  개봉되는 날만....
10, 마동석연쇄살인마연기 기대된다
0, 왜 자꾸 이딴영화를 만드는건지ㅡㅡ 3글자가대세인가
10, 나도 10점 줄게요
10, 울나라영화계의 흑진주 동석오빠믿고 팍팍~~
10, 재밌지 않을까
10, 마동석이 출연하는 영화는 다 믿고 본다~~
9, 동석씨가 주연한 모든 영화의 등급이 다 청소년관람불가 영화 ㅠㅠ 나는 볼수 있지만 잔인한건 못봐서 ㅠㅠ 그런데 동석씬 웃는모습은 귀여운데 영화에서는 무서워요 ㅠㅠ ㅎㅎ
10, 완전기대기대됩니다^^ 꼭 보러갈께요~♡♡대박^^
10, 재밌겟다 마동석화이팅.
