1, 뭐지??
0, 와 평점 을 줄수가없다 내 아까운 시간 보상받고싶다.. 안본 눈 삽니다..
1, 누적 관객 약 45 000 명!! 출연배우  스탭  투자자 기타 등등 학  지  혈연들께서 다 본듯!! 신은경  이기영 연기빼면 볼 만한게 없음!! 스토리 전개  상황연출  조연들의 연기력....다 삼류입니다.
10, 이 영화를 보고 암이 나았습니다. 정말 강추합니다. 소름돋는 연기력에 지금까지도  온몸에 전율이 흐릅니다.
1, 쑤레기
0, 점수를 줄 수가 없다
2, 텐프로 얼굴들이 왜...
10, 신은경 연기 장난 아니네요 .! 아무 정보 없이 봤더니 너무 흥미진진하고 몰입도도 좋아요^^  앞으로도 몇번은 더 볼 생각이예요
0, 1점도 아깝다.
10, 잼있게 봤어요^^ 평점이  넘 낫아서ㅋ
10, 신은경 때문에 본 영화 연기짱!
8, 평점이 낮아서 기대 않하고 감상했습니다. ^&^  평점이 너무 낮아요. 그 정도로 못 만든 영화는 아닌데 말이죠?! 나름 흥미진진하게 감상했습니다.^&^ 복수=설계
3, 신은경이왜이런영화를 삼류느낌이너무많이나는.....
5, 영화는 영화지만 이게 바로 한국인의 모습이다. 돈 육체 술에영혼을 파는 허울좋은 백의민족 동방예의지국 고요한 아침의 마라 자랑스런 대한민국~
2, 연기며 연출이며 뭐하나 볼게없는영화
8, 티비로보고있는데.... 미니시리즈인줄 알았네 ㅋㅋ오인혜 새로운 매력!!!!그리고 쥔공은 역시 머찌드라!!!!!!!!유 윈!!!!!
0, 내 어지간히 구려선 악평도 귀찮아서 안남기는데;; ㄱㅆㄴㅈ도 이건 3류 심야성인영화수준에 어거지반전에 어우진짜;; 뭔가 사명감이 생긴다
10, 무서운 사채 흥미진진하게 봤어요.
1, 뭐냐 이게 ㅡㅡ;;본인도 사채업자면서 무슨 사채업자보고 쓰레기라고 부르냐.
7, 그냥 별루이다.
10, 평점 낮아서 재미없을줄 알았는데 나만 재밌었나? 흥미진진하고 독특하기도 하고.. 연기두 다들 괘안았음!
2, 음...신은경의 재발견..물론 실망.
1, 이게 무슨 영화...감독들 참 돈 많아..이런 쓰레기 영화를 만들구..
2, 지들끼리 보고나서 괜찮네했을거 아녀 누구 겉으로만 괜찮네 했을거구 맛없는 식당에서 주인의 강요아닌강요로 어~ 맛있네요.. 이런것 처럼
3, 흥미로운 소재인데 스토리가 엉망이네. 전후사정 없이 바로 결과로 가고  배우들은 얼굴 표정 따로  대사 따로. 좋은 횟감을 가져다가 매운탕 끓여먹는 느낌? 어설픈 명작 흉내내지 말고  각본과 연출의 기본부터 다시 챙기기를...
2, 미스캐스팅 심각하고 너무 뻔한 전개에...한마디로 유치하다.
5, 흥미로운 소재인데 영화를 이끌어 가는 힘이 약하고 배신에 배신을 거듭하며 교훈을 주려하는 연출도 식상하지만 오인혜의 발연기는 그 중에 최악~
4, 하~~~그냥 머라 할 말이 없는...;;;
7, 처음에는 나름 이목을 끌 정도의 전개가 되었는데 후반기로 가니 조금 치밀한 느낌이 없어지는 듯 하고 대충 끝을 낸 듯한 느낌을 받았음.잘만 버무렸으면 괜찮은 스릴러가 될 수도 있었을 텐데...평점은 그래도 초반의 기분으로 이 정도 드림.
4, 그냥 딱 이정도
3, 신은경을 데려다가 이게 뭔..
2, 신은경 연기 때문에 봤다. 다 보고 평점란을 보고 오인혜인 것도 알았고... 참 그렇다. 신은경 데리고 이런 영화 만들다니.. 좋은 나무로 집을 지어야 되는데 개집을 지은 꼴이라니... 뭐 어디까지나 주관적 생각입니다.
1, 개허접이네  신은경이아깝네  배우이름이아깝 개졸작ㅜㅜ
3, 아.....내가 왜 봤을까
7, 그냥 킬링타임 정도로 볼만 하더군  오인혜의 허리 돌리기 필살기는 아직  살아있네 ^
5, 우리에겐 ▶▶ 버튼이 있습니다. 처음 여자가 굉장히 순수한 여대생으로 나오다가 욕을 하면서 돌변하는 장면이 이상했구요  그래도 나름 볼만하지 않았나싶습니다.
2, 초반에 신은경 대역의 억지 연기  중반 어설픈 연출  어색한 연기  후반 의미없는 반전  오인혜 배드신도 짧음 ..;;;;결국 알고 보니 설계 당한 나...;; 차라리 오인혜가 다 뭍고 끝났으면 르와르 느낌나고 좋았을 것을;;;;
10, 난 재밌던데 신은경 연기도 잘하고 오인혜도 잘하고 스토리도 좋고 난 재밌기 봤음
1, 아직도  이런  쓰레기 영화를  만드는  감독이  있구나  보다가  짜증나서  꺼버리는  영화는  흔치  않은데  이 영화가  바로  그런 영화다 이런감독은  영화를  아예 만들지못하게하는 법이라도 만들어야 한다 아까운 내돈 내시간
4, 하... 장점이 없다. 긴장감도 없고  제목과는 전혀 어울리지 않는다. 설계가 아니라 말하면 다 이루어 진다 정도? 연기도 긴장감도 전혀 없다.
1, 아 대박 절대 보면안뎀
0, 차라리 오인혜가 신은경 아버지의 사채때문에 복수하려고 했다는게 더 낫겠다. 이건 뭐 5~10분짜리 찍고  줄거리에 맞춰서 갖다붙인거 같네. 전혀 흐름에 연결도 개연성도 반전도 없는 필름 낭비. 오인혜! 너는 벗을 생각 그만하고  연기공부 좀 해라. 각본은 누가 썼는 지 영화아카데미 학생도 이것보단 잘 쓰겠다.
6, 이걸 스피드 한 전개라고해야하나 아니면 시나리오의 나열이라고해야하나? 너무 뼈대만있고 살이 없는 영화
2, 그럭저럭...
2, 줄거리 내용만 괜찮은 영화.
5, 뭐.. 그렇게 나쁘지 않은걸. 후반에 너무 의미를 부여하려고 해서 뭔 소린지 모르겠기는 하지만..
8, 기대없이 봤는데 재밌네요.. 신은경씨 오인해씨 연기 인상 깊었음
10, 재밌게..잘봤습니다.
9, 재밌엉~~
2, 설계 설계 하지말고 ... 영화좀 제대로 설계좀 해라 ... 아우 ~~~
0, 여자의 한 무서움.. 근데 신은경은 점점 퀄리티가 떨어진다.. 안타까워
10, 누구나 쉬울수 있지만 가벼울 수 있지만 그리고 무거울 숭 있지만 영화란 내 판단 이상 일 것을 알려 주즌 영화  세상은 잘 모르겠지만 그래도 인생을 알게 해 준 감독님  신은경님 감사합니다.  깊은 감정속에서 느낄 수 있게 해준 마지막 영화 잊지 못할 영원한 여운  그 이상입니다.
0, 내인생 최악의 연출을 봄
3, 연기들이 왜이래..하루에 논스톱으로 다 찍었나..내용도 조잡하기만 하고 구성은 허접스럽고..
6, 전반부 조연들의 발연기를 지나 중후반까지는 그런데로 볼만은 하다가 후반에 가서 산만은 하지만 재미는 있었다
5, 연출 편집 전혀감없는감독인듯 70년대영화도 이보단 안 촌시럽다 내용보다 연출력이 완전떨어진다
0, 보다보다 이런 쓰레기같은 영화는 처음이다. 이건 재미있고 없고 수준을 넘어서..참 한심해 말이 안나오네
0, 이 영화 만드신 제작자분들...세상 너무 쉽게 사는거 아닙니까?   이러지 맙시다
0, 이걸 5점이상 준 사람들도....저기 2번이나 본 김경숙씨...참 대단한 사람이고... 군도보다 재미있다는 사람도 그렇고.....먼 넘의 알바들이 이리 판치냐..... 보는순간 전부 설계 당하시는겁니다.
2, 내용의 유치함을 떠나 연기들을 너무 못함. 다른 사람들이야 그렇다고 쳐도 신은경도 이정도였나?
0, 어디까지유치해질수있는지그한계를보여주는영화
7, 그냥 아무생각없이 보면 그럭저럭 볼만합니다.
2, 오인혜 벗은 몸에 별 하나.
2, 스토리보고 잼있을꺼라 생각했는데 내용이 없네요
10, 군도보다 천배는 재밋네 ㅋ
0, 어처구니가 없어 이 밤에 로긴함. 빵점 그냥 빵점.
5, 오인혜 누두씬때문에 5점준다. 난 설계라고해서 치밀한 복수극을 다룬 영화인줄알았는데  돈이돈먹는 그냥 악랄한사채업자 이야기.. 그냥 오인혜붕가붕가씬이 볼만했음.
5, 영화라기 보단 드라마 같음... 화질도 드라마 화질... 역시 여자의 무기는... 여자란 존재가 남성중심의 사회제도에서 기득권을 형성하기 위한 아주 질떨어지는 방법에 대해서 보여주는듯...
1, 걸어서 하늘까지의 나 신은경이 이만큼 늙어 주름살 투성이지만 벗지 않았어요... 그러니 누구도 벗길 수 없죠... 그냥 사채 게임인데... 절대 작업 방식에의 디테일함은 알려주지 않아요. 모방범죄가 싫거든요... 근데 왜 만든거니 ..... 전작보다 못한 신은경
0, 1980년대 영화인줄 알았네.. 쩌..쩐다...
10, 사채의 위험에 대한 경고...사채는 절대 손대지 맙시다. 이자율이 높아서.... 너무 발리 경제적으로 손상을 주는 것 같아요
10, 두번이나봤어요^^
10, 영화설계  만화로  너무재미있게 봤었던기억이.내용은 잘기억나지 않지만.  처음데뷔때부터~ 신은경은 최고의 배우
4, 여배우들의 매력도 덜 돋보였고 자극도 약했음. 영화를 끌어가는 힘도 약했고 전체적인 면에서 많이 부족한느낌.
0, 감독이나 출연한 배우나 .... 왜 이런 영화를 만들지?
4, 옛날 비디오 가게에서 빌려보던 영화..^^
7, 이런 류의 영화를 좋아하는지라.. 극장에서 봤다면 돈이 좀 아깝겠지만서도.. 그렇다고 나쁘다고 생각되지 않은 작품입니다. 그런대.. 이 영화보다가 갑자기 왜 쩐의 전쟁이 생각난건지 ;; ㅎㅎ
1, 강지섭만 이 영화에서 아깝고  감독 배우 연기 각본등등~ 나머지는 죄다 쓰레기....
0, 나 이거 만원주고 봤는데 진심...감독내가해도 이거보단 짐나겠다.. 이 영화 진심 개쓰레기   진심빡치고 싶은사람 보세요  보면 개빡침
10, 4점대는 아닌거 같아서 좀 올릴려고 10점 줍니다.
10, 화면만 빼면...ㅠㅠ
10, 3.9점은 아니다 생각해서.. 높여보고자 드려요 ㅎㅎ
0, 할말..없음..
5, 스토리 구성은 그런대로 괜찮은데  카메라와 편집은 정말 독립영화 수준이 딱!! 배우도 유명배우가 들어가 있는데  이영화 보면서 정말 돈 거의 안들어갔겠다 싶다.
0, 너무 심해서 깜짝놀람..
1, 아깝다 꼭 독립영화 수준  배역보다 액션도 그렇고연애도 그러고 삼류영화
0, 화면구도 연출 배우들 깊이가 무슨 대학생영화수준이네요 ;;
10, 산내외딴집 검색해보세요 내가쓴책  오인혜 예쁘네요.
1, 아... 별 한개도 많이 준거다.
2, 영화를 보고 나면 알 것이다. 설계 당한 것은 엔딩크레딧을 바라보고 있는 '나'라는 것을....
1, 감독은 본인 인생 설계를 다시 해야할듯.. 영화판은 아니올시다.. 
7, 재밌두만     평점이 왜 이리 낮은지??
2, 누가 이딴 영화 만들라고 했어....돈주고 보길 원하는거보니 양심도 없다..양심있다면 개봉도 안해야한다....
5, 텅빈극장에 우리일행세명만 앉아있었다아무도 먼저 그냥나가자 말을 꺼내지 못했다그공간을 우릴위해 내어준 극장에 미안해서....
3, 신은경땜에 망했네. 애는 독특한 마스크로 롱런할수 있었는데  갈수록 뜯어고쳐 평범하구 비슷비슷한 외모가 되고 말았군..
3, 뭐 이렇게 플래쉬백이 많어;;
7, 46남_다운로드 받아서 관람_평점이 낮아서 기대를 하지 않았는데 생각보다는 괜찮네요_반전도 있고_개인적으로는 0점 1점짜리 영화는 없음  최저 평점은 5점이 적당  최고 10점도 1년에 1편이 적당_저는 무난하게 관람.
0, 이영화는 그냥 0점.
1, 뭐  하자는 영화야 TV 에서 보기에도 시간 아깝다
5, 사채.배신.욕망.복수. 굉장히 암흑적인 소재들로만  가득찼다. 암흑적인 소재들을 뒷받침 해주는 연기는 괜찮았지만 단순한 구성과 스토리가 많이 부족한 듯.. 소재도 그리 흥미롭지 못해 아쉽다.
1, 제발 방송인 데리고 영화 찍지 맙시다
3, 어거지로 끝까지 보긴했지만..딱히 뭐라고 할말이..
1, 영화 설계를 이따위로 하냐?이도 저도 아닌 관객의 2시간이 너무 아까운 영화
0, 재미도없고  의미도없고  내용도 없고  지루하고  올해본영화중 최악
0, 베드신 한장면 볼라고 본거뿐인데  너무 질질 끌더라
3, ㅋㅋㅋㅋㅋㅋㅋㅋㅋㅋㅋㅋㅋㅋ옛다3점 관객이설계당한영화
0, 빵점! 개나 소나 '설계' 씨부리는구나;;;;;;;;
1, 2014년 우리나라 영화수준의 현주소... 어설픈 연기  앞뒤안맞는 대본...현실성 없는 살인... 도대체 감독은 뭘 말하고 싶었을까 ???
1, 할일이 없더라도 절대 보지마라차라리 벤허를 봐라!!!
4, 미리 평점 좀 보고 볼걸 ㅡㅡ  미친듯이 스킵하면서 봤지만 내 한시간이 너무 아깝다.
3, 상당히 어설픈 영화..ㅋ  배우들의 연기도.. 줄거리도.. 모두 상당히 어설픔..ㅋㅋ
3, 대사조차 별로 없는 오인혜의 연기가 눈에 띄일정도로 상황연출과 연기가 어색하다. BGM은 시종일관 묵직하고 낮게 깔리는데 보는이는 헛웃음이 나온다. 설계라는 타이틀에 치밀함을 기대했지만 영화가 끝날때쯔음엔 보는이들이 설계당한건 아닌가 싶을정도의 아쉬움이 짙게 남는다.
0, 개재미옶다  표값이 아깝다
4, 이야기 전개는 빠르지만 결말이 시시하군
8, 난 재밌게 봣음
2, 시나리오의 대대적인 수술이 필요했던 영화  정작 설계가 필요한건 이 영화의 시나리오다!
2, 진정 이 영화가 2000년대 만들어진 영화란 말인가...
3, 세상에..
0, 정말 쓰레기 영화 간만에 보네 80년대 만들어진 영화도 아니고 요즘 고등학생들 스마트폰으로 찍은 영화가 더 낮겠다 . . .신은경 요즘 돈이 궁하긴하나보네 저딴영화나 찍고 불쌍하다.
2, 아...투자자들이여 왜 이런 영화에 투자를 하는 것인가
3, 엉성한 각본과 어색한 연출은 배우들의 연기도 함께 무너뜨렸다
1, 요즘 충무로는 감독 품귀현상 일어나나.. 진짜 감독들이 다 왜이래;;; 20년동안 세상 다 바뀌었는데 감독들만 90년대 사는듯
5, 90년대 나왔으면 히트칠뻔한 영화
3, 진심 이거 1 만 관객도 아깝다. 그냥 망했다 라고 복창해라
10, 아이디클릭-관람후693편관람전11편-알바아니라는증거임ㅎ)~~신은경씨 연기 아주 최고네요 아쉬운점은 다른 초보배우들이 너무 서툴러서 문제임 아뭏든 소소 하게 재미있네요 ㅎㅎ
4, 년차대비 신은경은 정말 연기를 못하며 오인혜는 역활선택에서 득보다 실이많고 벗는것도 이제 한계에 온거같음...
3, 영화의 의도는 좋았는데 등장인물이 잘맞지 않은듯 맥이 끊기는 느낌으로 이해가 어려울듯... 마직막도 10분정도 추가해서 흐름을 좋게하면 좋은 영화가 될듯
1, 오인혜 몇분 몇초냐.. 이것만 보자..
0, 오인혜는 여전히 말을 타더군요..
3, 오인혜가 캐스팅 되 설마했는데..역시나 영화질이 저렇게 떨어질 줄이야..이건 그냥 감독이 쌍놈이네..걍 에로 영화나 처만들어라.
0, 에로비디오보다 못한 영화는 진짜 처음 봄. 감독이 박창진?  재능없어보임. 투자자들 어쩔ㄷㄷㄷ
1, 3류성인영화 화면같은 느낌이 너무 나네요. 배우들 연기도 그렇고  카메라 움직임이나 각도도 그렇고. 무엇보다 이건 감독 연출의 문제다. 한마디로 비추인 영화~~
2, 중간 까지 보다가 넘 재미 없어서 스킵한 영화.. 간만에 스킵..ㅎ
0, 와 정말 모처럼 쓰레기영화를 봤다. 정말 기분이 좋았다 ㅎㅎ감독 시나리오 연기력 이 세가지가 절묘하게 어우러진 개쓰레기영화
9, 나쁘진 안했는데...!! 나름대로 괜찮은 영화
1, 영화는 꽝인데..진짜 사채쓰는거 진짜 무서움.ㅠㅠ 돈조심!!~~~~
1, 신은경이 이혼할때 많이 힘들었나보네. . 이런 쓰레기에 출연  하는걸 보니. . 오인혜는 원래 싸구려 에로배우라는걸 확실히 입증한 영화?비디오물?  연기 진짜 못하데. . .
10, 평점이 안나오지 한국영화 대박 사채 무서워요 꼭 보셔요 오늘 방금 보고 왔어요
6, 구성은 다소 단순하고 작위적인 설정이 느껴진다. 거물급을 무너뜨리는 집념이 과연 복수심만으로 가능할까. 픽션이라고 해도 무리한 설정이라는 생각이 든다. 마지막을 향해 급작스레 진행되는 뻔한 결말이 한번의 반전과 설명으로 반전의 효과를 가져보지만 다소 부족함이 느껴진다.
2, 인혜야...  내가 연기해도 너보다는 낫겄다 진짜루
0, 신은경이 오랜만에 나온 영화라. 보지도 않기 전에는 재밌다고 꼬셔서 언니랑 동생이랑 형부랑 같이봤다. . . 정말 미안해서 어찌할 바를 몰랐다. . . . . .
5, 같이본친구가. 짱을보고 폭풍눈물흘린친구인데잼없다고하면 말다한듯필요없는 12년후 2년후 3개월후
1, 최근 들어 가장 돈아까운 영화였습니다 진짜 너무하네요.신은경씨가 왜 이 작품을 선택했는지 모르겠습니다.스토리도 엉성하고 영화전개가 눈에 뻔히 보이는 80년대 비디오를 보는듯한 영상기법~명량 해무보다가 이 영화를 보이 어이가 없습니다..감독님~우리 관객들 수준 높은거 모르셨나요?다음영화분발하세요~^^
9, 신은경은 여전하네요. 좋은배우 시간가는 줄 모르는 반전스토리. 타자도 재미있었지만 설계도 볼만하네요.  제작비는 많이 안 들었을것 같습니다.  ^^
4, 조폭 엑스트라들의 뻣뻣한 연기력과 긴장감 없는 스토리 전개는 흔히 TV에서 볼수있는 막장드라마 한편 본느낌.
5, 신은경 연기 좋았지만...스토리가 빈약했고 후반의  베드신을 위한 베드신은 정말 군더더기 같았어요 재미없는 영화라기보단 세련되지 않은 영화같인 느낌
10, 알바들 진짜...신은경씨 연기도 멋지고... 타짜 비스무리 하지만 최근 영화중 잼있게 봤슴
9, 영화보고 나왔네요~평점이다들 웃겨서 낮에시간도나고해서 봤어요. 뭐 잼있던데요? 지루하지도않았어요. 약간 거듭되는 반전으로 어렵긴했지만  볼만했어요.역대급 영화보러 온것도아니고 즐겁게  잘봤습니다. 7점주려다 신은경씨팬으로 별두개더 드립니다~
0, 무엇보다 위스키  보드카를 후루룩 하며 마시는 건 어디서 배운거임???!!
0, 논계 몇분 보이네ㅎㅎ
9, 볼만한 영화임^^~
8, 스릴이있거나 호평을 할만한 영화는 아니지만  그렇다고 돈아까울 정도도 아닙니다. 저는 잼있게봤습니다.친구도 괜찮다하구요. 아쉬운건 조연들에 스토리가 좀 더있었더라면 스토리가 더 매끄러울 수 있었겠다 생각되네요.
10, 꼭 보세요  저만 느끼기 억울해요. 하하^^
10, 잼있드만 뭐
1, 내용 정말없고 줄거리  없고 대사는 초딩수준에 아무리심해도 근래 이런영화는 처음이라 머라할말이없다  같이봤던 집사람께 너무미안하다 영화보여주고 미안하고.
4, 빈약한 시나리오가 신은경의 연기력마저 흔적없이 삼켜버렸다... 화면은 마치 90년대 성인비디오영화같고... 제작비 때문이었겠지만 조연급들이라도 연기가 받쳐주는 배우들을 썼더라면 좀 나았을텐데 처음 보는 배우들의 연기는 너무 어색했다... 한마디로 안타까웠음...
0, 40분정도 보다 나왔다. 심지어 그동안 벗지도 않어. 극장에 개봉시킨인간 참 용갑하다.
6, 좋아요
0, 막장드라마를 영화화한 것 밖에 안된다. 예술의 본질을 생각해볼때  이런거 만들바에야 차라리 포르노를 한편 찍으라고 감독에게 권해주고 싶다.
1, 정말 돈과 시간이 아까운 영화...시나리오도... 배우들 연기도...차라리리 티브로 사랑과 전쟁 보는게 정신건강에 이로움살면서 극장서 본 영화중 정말 최악
10, 이 정도 영화면 군도보다 더 재미있어요신은경씨 연기 엄청나요~설국열차같은쓰레기 영화보다 100배는 더 좋은 영화라고생각합니다
10, 평점이 이게 뭐얌...??    알바라도 쓰지...!!   불상해서 10점...^^
0, 이걸 영화라고 ㅠ
7, 뭐 지루하지 않게 본거 같다!
1, 진짜 허접 그자체다  신은경도 이걸 왜 찍었는지/// 정말 1정도 주기 싫다 연기나 스토리나 진짜 답없다
9, 자본주의 사회의 모범답안 같은 내용. 저예산 영화라 안타깝고 배우들의 분투에 높이 평가함.
1, 불법다운로드 수준도 안되는 영화...친구한테 상영 도중에 나갈레라고 말하고 싶은 영화
1, 삼류도안됨
10, 쩝. . 자다깨다 하면 나름 볼만함
0, 쓰레기 같은 영화..
10, 영화는 애시당초 어설플거라 예상했음.. 예고편만 봐도 알 수있었음. 뭉뚱그려놓은 컨셉으로만 쓴 시나리오.. 취재는 하고 쓴건지 기본도 안되있는 감독 밑에서 뭐가 나오겠는가. 그래도 난 신은경팬이니깐 10점.. ㅋㅋㅋ
0, 이게무슨영화냐. ...80년대방화지....아이고내돈...진짜쓰레기영화네
3, 0점을 주고 싶으나 이 작품을 위해 수고하신 스탭을 위해 3점을 준다. 영화라 하기에는 화질과 스토리가 모두 아쉽고  특히 배우의 연기는 할 말이 없다. 최근에 본 영화중 왜? 이렇게 만들었나 쉽다.
0, 90년대영화보다 짜임새가 영아니다 .와인 채권 모냐. 그리고 여배우는 성형수술 잘 생각해야 한다.  4류 영화다.
0, 확 설계해버릴까보다.
7, 우려보단 돈은 안 아까웠음    시나리오 자체가현실이나법을 너무 모르고 덤빈것 같아 짜증텐프로 사채 형사사법 실체에 대해 아는분은 헛웃음삼아보게됨
7, 과거의 아픈 추억을 같이한 두 여자 이야기 ..
8, 기대 안했는데 완전재미없을줄알았다 옛부산 사채업자 여친생각난다 어깨들 대신감옥가고 경찰피해 잠수타던거 착하게살라해도말안듣고 인간의 욕심과 복수전
10, 기대되는 영화~
7, 볼만한 재밌는 영화였다.
6, 신응경만을 위한 영화 하지만 남자의 눈은 즐거워요
5, 배우들 연기가 어색한건지 전개나 짜임새의 문제인지.. 보는 내도록 헛웃음만 나온 영화였어요. 꼭! 70년대 영화를 보고있는 착각을 느꼈습니다.
10, 아 내용 말 해 주고 싶어 입이 근질근질 하네요 넘 흥미진진하게 보았어요 또 보러 가야징~
5, 예고편을 보고 엄청 기대를 했는데.. 신인들이 많아서인지 신은경님 만으로도 커버가 안됐던 영화.
7, 시사회 보고 왔는데 시나리오 및 연출이 좀 아쉽네요. 나름 재밋게 봤어요.
10, 복수의 복수반전에 반전!!
6, 인물들이 해야할말을 제대로 하지못한듯한 영화. 너무 허무하게 끝나는 복수극..뜬금없이 야한 장면.
7, 오늘 왕십리CGV시사회로 보고왔습니다. 신은경  오인혜씨 연기는 상당히 좋았습니다. 다만 시나리오 구성력이 조금 아쉽네요~중간중간 조연들 연기때문에 웃기기도 하구요~사람 위에 돈이 있고  돈 위에는 여자가 있다???대략 이런느낌이랄까요~
0, 참 싼 영화.
10, 완전 기대되는 영화~~  오랜만에 기영형님 나오는 영화에 큰 흥행 기대합니다~~
10, 짱입니다 * ^^ *  ~~~~~
9, 건대 롯데시네마 시사회서 어제 무대인사와 함께 보고왔네요. 반전있는 복수극이라 보는 내내 흥미진진했네요. 신인연기자들 연기가 조금 아쉽긴했지만. '설계들어가자' 유행어 될듯 합니다^^
2, 시나리오  연출  캐릭터 모두가 미흡한 영화. 단 한톨의 개그코드도 없지만 관객들의 실소를 자아내는 씬들이 즐비해있어서 당혹스럽기까지한.
7, 비극적인 삶의 연속인 여자  끝까지 가보자
10, 스타일리쉬한 이런 영화를 기다렸어요 대박기대 ~~^^화이팅
10, 신은경언니에 카리스마 연기가 기대됩니다^^
10, 설계 들어간다~ 전 설계보러 들어갑니다. 기대됩니다!!!
9, 완전 기대요~
10, 강시섭씨 멋져요! 기대됩니다!
10, 강걸씨 영화에서 멋진 모습 기대됩니다~화이팅!!!^^
10, 정희태 형님 연기가 기대 됩니다. 항상 응원하고 있어요! 화이팅!
10, 미소가 아름다운 두 여배우의 멋진 연기가 기대됩니다. 아자아자 화이팅~~Q(^0^Q)
10, 기대됩니다~~ 흥행~!!
10, 잼있겠당~~기대됩니다!!ㅎ
10, 신은경언니 연기 기대됩니다 홧팅 대박나세요
9, 오인혜씨 외모적으로도 변신 이번 연기 기대할께요. 은경언니 오랫만에 스크린에서 뵙겠네요. 파이팅!! 배경음악도 좋고 암튼 여러모로 기대되네요.^^
10, 완전 기대 되는 영화!!!!!
10, 신은경씨 4년만에 복귀작이라니.. 기대 할께요 ^^
10, 강지섭씨 기대됩니다^^
9, 완전 기대됩니다. ^^
0, 신은경씨 컴백작인데 장르가 스릴러는 아님
10, 개봉 기다릴께요~~~^^
10, 보고싶어요~~
