1, 개독들은 탐욕스러워서 깜냥에 관계없이 자신이하고싶은일은 다해야한다 우리가 남이가는 도울뿐
6, 소재는 좋았어요. 고명환씨의 연기는 제가 감히 논하지만 B+정도구요. 반전이 있기는 하지만 약간 아쉽네요.
8, 잔인하거나 야한 장면은 없음. 대신상상할수잇게해줌. 연극한편 본듯한 느낌. 신선한독립영화엿음.
1, 왜... 주연 배우를... 이 영화는 주연 배우로 거의 먹고 가는 영화인데... 지적인 사이코 역할을 왜.. 대사를 이헤해서 말하는 게 아니라 외워서 하는 티가 역력한데.... 왜...
0, 시간이 아깝군
5, 어디서 봐야 하나??
10, 이런 장르 영화 좋음 기대된닭
10, 고명환 스릴러라니 ㅋㅋㅋㅋㅋㅋ 헐 ㅋㅋㅋ ㅎㄷㄷ
