0, 정의사회구현을 위해 빵점 준다.
0, 기나 고동이나 영화 만드는 작품... 현실적 심리적 거리가 먼 감독의 뇌속에서 나온 ...
3, 이해가안된다 블랙박스가지고 경찰서 가면 바로 잡혀들어갈껀데 이해가안된다
6, 기승전붹 아쉽다 재미있게보다가 막판에 현실성 확떨어지네
10, 보고난 뒤 배우와 감독을 검색해보았다.  배우 김희정  서태화. 감독 한중훈.
7, 충분히 있음직한 이야기
7, 현실적인 남자주인공의 쓰레기모습. 실제로 정말 많죠.처음에는 당하고있지만은 않을것 같은 본처의 모습이었는데 안타깝네요. 술집출신 상간녀에게 당하고요. 본처는 적극적 방어를 안하고 우아하게 있다가 상간녀에게 당하고  남편에게 배신당한다는 교훈을 주는 영화.
9, 영화 괜찮은데     긴장감도 있고... 한국남자들 대부분 공감할거같은 느낌 와이프에게 걸린다면?? 아찔하면서 설래임이 시작되면서...결국은 모두에게 파멸로~~ 불륜!  어려운 논제.. 긴장감 갈등... 몰입감이 좋은 영화다...
9, 영화속에 섹스 장면은...다른 영화에서 보는 베드씬과 달리.. 노출 수위보다도 작은 디테일이 넘 적나라해서.. 얼굴이 화끈 거린다.. . 뒷처리.. 술집에서 술먹는 장면... 등등.. 그러면서.. 묘한 갈등과 분위기...... 좋은 영화다..
7, 베꼈나 했더니 아니고  뻔할 것처럼 보였는데 뻔하지 않아서 괜찮은 반면에 후반부 개연성이 아쉽다.
10, ᆞ
5, 스릴러라고 하기엔 뭔가 임펙트가 없네...
1, 돈낭비 일력 낭비 장비 낭비 영화를 발로 만들었네
3, 막장은 드라마로 족합니다..영화는 제발
7, 잔잔한 재미는 있는데 아쉽다 ..경찰서 가서 신고 했으면죽지 않았을텐데...
10, 재밌었음연미라는 인물이 왜 그런행동을 해야만 했는지에 대한 설명이 충분했을만큼 뛰어난 연기력을 보여줬다고  생각함
6, 그냥 또다른 막장 드라마를 보는 조금의 재미
6, 여자 주인공인 좀만 더 예뻤으면 좋았을 것. 보다 원활한 감정이입을 위해
0, 한국의 전형적인 불륜영화데 작품성은 0점 나도 그런 영화 더 리얼 하게 만들겠다 제발 이런 영화 그러니깐 망하지? 망할만 하네... 좋은 스토리 같은 소리하고 자바지고있네 ...
0, 먼가 있겠지 하고 보는데  설마? 이게끝?이러면서 끝나는 쓰레기 영화
9, 불륜의 단면을 보여주는 좋은 스토리였어요 배우들 연기도 좋고요
4, 여자들끼리 집착하고 분노하고 극단으로 치닫다가 앤딩은 감독 맘대로.........근데 남자는 뭐햇지? 운은 좋앗지..ㅋ
5, 그냥
6, 도대체 무슨 메시지를 주고 싶은 건지...결말이야 감독님 맘이시지만...바람난 커플을 아주 미워하도록 만든 것 같아요...저런 하찮은 것들은 그냥 버려야지 복수가 아까와보이네요
2, 독풀어서 죽이고 그러는 짓좀 그만!!
9, 희정이의 정제되고 절제된 연기는 일품이었음 영화는 철저하게 영화의 관점에서 감상해야함 배우  연출자에대한 선입관이나 편견은 관객 스스로를 편협하게 하므로 거기에서 벗어나야함 돋보이는 영화임에는 틀림없음
0, 이래서 한국영화는 짜증남
1, 초반엔볼만햇음 긴장감과 등등...근데 뒤로갈수록 후짐...아..마지막보고나는데 너무불쾌하고 찝찝함이 남아있는영화네요....남자가죽고 여자둘은 살고 저여자는 감옥가고 무튼...걍찝찝함...
0, 다 보고 나서  뭐야~~한 영화라하기 좀  짜증나는 스토리이상해
10, 대단한 일류영화라긴 힘들지만 잔잔하게 긴장감과 구성이 괜찮은 영화. 뻔하지만 시끄럽지 않은 스릴과 연기가 좋았다.
1, 그나마 다행히 영화관에서 안 본 미안함으로 일점 드리겠습니다...각본이 부실공사네요
4, 그냥뭐 난 볼만했음 ㅋㅋㅋ
8, 진부한 소재를 재밌게 풀어나가는 능력이 돋보였으며  등장인물의 심리에 대해 생각할 여백을 남겨둔 것이 마음에 들었다. 허나 소재를 극복한답시고 통수치기를 노리다 개연성이 조금 어긋난 것과  도저히 말이 되지 않는 허술한 영화적 장치들이 보이는 것이 감점 요인.
0, 쓰렉이
0, 개 쓰레기 영화
5, 애시당초 그 '짓'을 하지 말았어야...
3, 김희정 연기가아깝다잔인하고 야한사랑과전쟁 딱 그수준
4, 뭔가 많이 아쉬운...그러나 김희정의 연기는 돋보임..서태화야..친구이후엔 저런영화 단골이 되가는듯해서 안타까움..
5, 끝에 결말이 애매하게 끝났내
8, 몰입은 잘 되는듯. 구성이나 짜임새도 그럴듯하고. 근데 감독이 하고자하는 메시지가 뭔지 궁금한
2, 보면서 화나는 영화.감독님 이런영화 만들지 마세요. 정말 불쾌했어요.휴우
2, 레고를 만들려면 끼는법을 배운후에 아방가르드 합시다. 처음 몰입이후부터 나타나는 엉성한 플롯의 향연 향연!!
7, 몰입을 해치는 부적절한 대사 몇 마디 빼고는 잘 만든 영화
0, 18 딴거 둘째치고 불쌍한 동물들 2마리나 죽였다 잘난영화찍는다고 그건 보여지는거고 2마리 이상이겠지 벌받는다 이새끼들아
5, 지루하진 않았는데 솔까 사랑과전쟁밖에 생각이 안나더라  그이상 그이하도 아님 여주 마누라보다 못생겼더만 ㅎㅎ
10, 좋은영화다. 볼만함.
2, 조금 보다 말았다.
2, 연기가 어색해요. 맨 마지막 싸이렌은 누구를 잡으러 오는것 같은데 ㅋ
10, 지나치게 꾸미지도 않고 과장되지도 않은 화면  잘 짜여진 스토리  훌륭한 연기   탁월한 심리묘사  뜻밖의 결말... 최고점수를 주고싶은 영화입니다.
8, 그냥 다운받아서 볼만은 한것같아요. 욕망에 눈이 멀면 살인도 서슴치않는 인간의 끝없는 탐욕 그냥 작게 보면 그저 사랑과전쟁같은 통속적 불륜이지만...
10, 단순 19금 영화가 아니라 스토리가 좋았어요 주인공들 심리가 다 이해가 갔구요 사람이 가지고 있는 착한본성과 악한 본성을 잘 표현한 영화같아요.
8, 평범해보이던 불륜 드라마가정신이상자들의 살인전쟁으로 변해가는 영화
6, 이 영화는 좀 조금 볼만한영화다.
6, 별볼일 없을 것 같아보여 볼까말까 망설이다가 감상하긴했는데... 주인공들의 심리적인 묘사가 생각했던 것보다 좀 볼만했던 영화
10, 평점이 낮아 좀 망설여졌는데 재미있게 봤음..배우들의 심리묘사가 꽤 몰입감을 주네요...
5, 의외로 영상도 연기도 괜찮고 가끔씩 귀에 꽂히는 서늘한 대사들도 좋다. 문제는 인물들이 너무 전형적이고  일률적이라 몰입을 방해하는 것.
8, 영화를 끝까지 못봤다. 다른 영화처럼 재미 없어서 못본게 아니라. 내가. 남자라는 사실이 너무 불편하고. 집착이라는 괴물이 끼어들면. 얼만큼 망가지는지 철저하게 깨닳았다.. 마지막으로.. ............... 돈이.. 사람의 마지막 영역까지 차지하는걸.. 알게 된거 같아서.. 그 결말을 마주 할 용기가 없었다.........
2, 너무 기가막혀 일부로 댓글을 다네. 남자가 다른 여자랑 찍은 사진을 버젓이 핸폰에 저장하고 있다가 마눌에게 들킨다. 잠금도 안해놓고. 도대체 스토리를 누가 쓴건지. 에로틱한것도 아니고. 무서운 것도 아니고 결말도 도저히 이해가 안가고. 섹스 장면이 멋진 것도 아니고. 봐줄수가 없는 영화.
6, 잔인하다.. 뭔가 남는 여운이 개운치 않는 영화인듯.. 죄 없는 사람이 죽구ㅠㅠ
0, 영화를 보는게 미친짓  
9, 거  사람들 참. 영화는 영화적 만듦새로 평해야지  뭔 도덕주의자들이 이리 많어. 연출 좋고 촬영 좋고 연기 다 좋습니다. 좀 덜 극단적이었으면 하는 마음은 아주 살짝 있었네요.
5, 지나친 욕심이 집착을 낳고  지나친 집착은 악행을 낳는다. 그동안 흔히 보았던 불륜 스토리에 약간의 스릴러 요소만 추가하고 찝찝한 결말이 영 개운치 못하다.
4, 니미 감독짓하고는 경찰은 부검안하고...마그래 현실감 제로
3, 정말 실망... 계도적이지도 않고... 스토리도 허술하고... 김희정 팬인데... 왜 이런 영화에 출연한 건 지... ㅠ.ㅠ
0, 감독이 누구냐 진짜 앞으론 영화 만들지 마라 능력 없다
3, 끝나기 1분전에 감독이름 어필하는 쎈쓰 ㅋㅋㅋ "니 이름이 종훈이야??"ㅋㅋㅋㅋㅋ막판에 그냥 웃겼음
6, 엔딩에 셋다 죽었으면 교훈적였을 테지만 현실과의 타협이랄까? 악녀의 승리! 꽤 흥미진진 했다.여주의 연기력이 초큼아쉬웠지만 매력적이긴 했음 ㅎ
3, 일단 스토리 라인이 굉장히 단순하고 짧다 더군다나 위험한동거니 이런 홍보성 문구가 무색하게 전혀 야한 분위기도 없다 15세 해도 충분했을 영화 단지 주제가 자극적이라 18금 간거 같다 김희정 첫 영화 진출이라는데 연기는 무난했고 노출은 전혀없다 암튼 뭔가 큰기대는 하지말고 보길 바란다
4, 사랑과 전쟁과 경찰청 사람들 섞어놓은듯한~ 그냥 미즈넷 가면 흔히있는 스토리~~
5, 머하는 짓인고 -_-;; 초반은 좋았는데 뒤로 갈수록 흥미가 떨어지네요.
7, 야한 건 전혀 모르겠고... 다분히 현실적인 모습들로 만들어졌다... 대본 좋네... 절대 드라마에서처럼 지랄들 떠는 것이 현실이 아니라는 것쯤은 이제 알아야한다
5, tv사랑과 전쟁을 옮겨놓은 듯한 느낌..다음 배너에 떴을 땐 나름 스릴러인가..했는데..그 예고 영상이 거의 다인듯..
8, 야하기도 하지만 스토리도 없지않구만머 이정도면 외설보단 예술로 봐줄만하지
8, 영화 대충 보기는 했는데 일단 뭐 치정극 같아요...그리고 심리 묘사는 쩌는거 같아요.(베스트 평점글에서처럼) 그리고 서은아님 연기 잘하시고 몸매도 이쁘세요!
0, 욕해도 되나요?
5, 스토리는 괜찮은데 완성도가 조금 아쉬운듯.....
3, 이게 뭔 짓인지.
5, 식상한 스토리~~~~
5, 그럭저럭 볼만한것도 아니고 그렇다고 아주 쓰레기물도 아닌 말 그대로 그럭저럭 치정극의 끝
0, 암만봐도 케이블티비용 에로영화구만 의미는 무슨 개뿔.
7, 생각보다 괜찮았습니다. 언론엔 너무 노출 얘기만 나오네요... 신인 감독이라고 믿기지 않을만큼 카메라 움직임 잘 쓰시고 인물 표정 클로즈업 통해서 심리 묘사도 잘 하시네요. 한종훈 감독님 앞으로 기억하고 작품 기대 해보겠습니다.
2, 내가 후기 처음 올리는데요 진짜 돈 아깝고 이거 보구나오면서 입에서 나온말 "이게 모하는 짓이지"  진짜 볼거 없어요 드라마 '사랑과전쟁' 돈주고 보는거에요
4, 뭐하는 '짓'거리인지
0, 참 기가막히다      
3, 돈 주고 영화관에서 본게 아까운 영화 김희정씨 연기를 너무 좋아해서 기대감을 보고 봤더니 너무나 스토리가 실망감이 크네요. 신인여배우 연기도 별루 였습니다.
5, 익숙한 욕망의 파멸극  작정하고 한 방향을 움켜쥐지 못한 연출이 아쉽다
7, 스토리는 진부한데  배우들 연기는 제법 괜찮았다. 연미로 나온 서은아가 피겨선수 김연아와 똑같이 생겨 깜놀.
2, 나같이 내가 본 영화 기록으로 남기고 싶어서 순수하게 감상평을 쓰는 사람이 있는가 하면... 평점보면 정말 소속사 알바가 존재하는게 아닌가 하는 강한 의구심이 들게 한 영화였다...정말 김희정연기빼면 볼게 하나도 없는...
10, 자극적인 소재를 스토리 있게 잘 풀어냈습니다! 신인 배우의 열연도 최고!
6, 짧은 생각거리 던져주는 영화.. 크게 건질건 없음..
8, 사랑과 전쟁 극장판. 진짜였다면 극장판의 모범이다.
7, 남녀세명의 욕망을 다룬이야기  단순하지만 강하다
3, 전문가들은 어떤 평가를 할지 모르지만  그냥 나같은 보통사람들의 눈에는 대체적으로 재미없다는 말이 나 올 영화. 제목이 주는 호기심이 더 크게 다가오는 영화.
10, 서은아가 이쁘당 연기도잘하고서은아 나오는영화앞으로다볼꺼양두 여자의 독약 그 처절함난 그누구의 편도 들어줄수없엇어은아가 이뻐서
1, ㅡ. ㅡ;;
10, 한국영화의 다양화를 위해 꼭 있었어야 하는 영화!
0, 평점을처음줘본다. 지금 현재 7.8이란 평점이 어이가없어서 당연히 0점을 준다 인터넷 평점은 정말 믿을게 전혀 못된다는걸 다시 한번 강력하게 각인시켜준 영화
0, 얘기할려는 의도가 뭔지 참.... 바람핀 사람들은 살고  아닌 사람은 죽는 내용을 왜 말할려고 한걸까? 다보고나서 왜 봤는지 후회하는 영화... 빵점 주겠습니다.
9, 악연에 대해서 생각하게 하는 의미있는 영화
3, 자극적이고 은밀한 소재를 이렇게 형편없이 지루하고 밋밋하고 무미건조하게 표현하다니.심지어 정사장면 조차도 별 감흥이 없다.
10, 완전 대박   넘   스릴있고  긴장감이 흘럿어요!! 강추입니다..
8, 흔한 이야기 흔한 전개였지만 그래도 묘하게 긴장감이 늦춰지지는 않았던 것 같고 나름 교육효과도 있는것 같네요.
2, 자극적인 소재로 이렇게까지 밋밋하게 만들수 있다니.. 장르가 스릴러  로맨스/멜로로 되있는데 스릴러로써는 긴장감이나 반전이 없고  로맨스/멜로로 보기엔 등장인물들이 정상이 아님
6, 아니 밑에 10  9점 주는 알바들은 뭐니.........첫날 보고 느낀점은 이걸 왜 영화관에 하는데 하는거임.....사랑과 전쟁 극장판에 야한씬에 약간 스릴러 가미.......ㅋㅋㅋㅋㅋㅋ
8, 먹먹하다
9, 종교적 절망감을 주는 영화. 이 세상에 신의 정의란 존재하는가. 그렇지 않다는것이 감독의 의도가 아닐까. 마지막 사이렌 소리가 그나마 미약한 희망을 던지기는 하는데...
9, 거짓말하는 사람들의 말로가 무엇인지 제대로 알려주는 영화 기대감 없이 봤는데 보는 내내 긴장감을 놓을수가 없었어요.. 멜로 장르가 이렇게 무서울 수 있는지도 처음 알게한 영화였습니다
6, 신선한 내용은 아니지만 각자의 욕망을 향해 달려가는 세 사람의 모습을 스릴러적인 요소까지 보여주면서 저예산 영화임에도 불구하고 나름 선전했다고 생각된다!
4, 마무리 어째 ...  둘만 좋아지는겨? 특히 바람핀 남편만..
10, 상상외로 재밌는 영화입니다 모든 주연배우들의 연기가괞찬고 특히 신인배우들의 연기도 좋습니다 왜 흥행이 않되는 건지 이해가 되질 않는군요 줄거리와 남는 생각들 인생이란 거짓말하며 속이려 하면 끝이 어떨지를 보여주는 영화
9, 보고나서 하루를 꼬박 생각하게 하는 매력있는 영화... 신인여배우의 신선한 연기가 돋보임!!!
10, 김희정  서태화 두 스타만 생각하고 보았는데  스토리도 괜찮고 신인 여배우(서은아)도 프로 못지않은 연기력에 앞날을 기대해 봅니다. 너무 잘 보았습니다.
10, 유치할 줄 알았는데  꽤 잘만들어진 영화~~
10, 기대 안했는데 너무 재밌게 봤네요. 촬영도 좋고 연기도 좋고 마치 유럽영화 같은 느낌?
10, 보통 영화가 아니네요. 정말 잼께 잘 봤어요 ^^ 엔딩이 많은 생각이 드는군요.
5, 끝이... 다 좋다가 끝에서 평점 다 깎아먹음 ㅠ
9, 연기 좋았다!! 만족스러웠음!!!
10, 주연배우들의 조합으로도 기대됩니다.
10, 서태화배우의 새영화기대~ 기대~^^
10, 주연 모두 다 연기 너무 좋았음 스토리 전개도 굿
8, 괜찮았어요.
10, 시사회 인상깊게 봤어요~  파격적인 스토리를 잔잔함으로~
5, 브라운관에서 은막으로 데뷔한 배우 김희정을 축하하는 의미로 별 다섯 개 선사함. 그런데 [해피엔드]를 제외한 여타 불륜소재 영화가 별 두 개짜리 수준이 된 적이 없었다는 점에서 심히 걱정스러움...
10, 무섭다..여자들..진정한 연기..//
10, 프랑스 영화 같은 카메라 연출  단순한 불륜소재이나 마음을 조마조마하게 만드는 구성. 올해 최고의 한국영화네요.
10, 김희정님 첫 주연작 기대해볼께요~
8, 하녀필인데....
9, 그냥 멜로가 전부가 아닌..무언가 있을거 같은 그런 느낌의 영화네요...예고편이 전부가 아니기를 기대해봅니다. ^^
10, 일단 배우님들 느낌이 조아용♥
10, 기대되는 영화입니다.
9, 오오 김희정씨!
10, 솔직히 막 유명하지가 않아서 그렇지 서태화  김희정씨 두 분은 알사람들은 다 아는 내공쌓인 연기파배우들! 진짜 기대된다 ㅋㅋㅋㅋ
10, 내가 좋아라하는 연기파배우들 다 모였네!! ㅎㅎㅎ 줄거리보니 확땡낌!ㅋㅋㅋㅋㅋ
9, 익사이팅 할것 같은데~~ 느낌 아니까~~
9, 기대되요~~~~~ !! 스크린에서 늘봐오던 배우가 아니어서  그런지 뻔하지않을것같은?  신선할것같아요!
10, 느낌잇다!!!!!!
10, 제가 좋아하는 스타일의 영화인것 같아요! 기대 됩니다. ~~  그리고 한종훈 감독님 단편 '거지같은 놈' 봤던 기억이 나는데 장편영화가 나온다니 더욱 기대 됩니다.~
10, 기대되네요
10, 일반적인 치정을 넘어선 색다른 영화가 될 것 같습니다.
