10, tv에서 할때마다 보는영화
6, 첨에이해하기가어려웠다두번보고 이해함
7, 전도연 ?
6, 타오르는 자기해방의 불꽃
10, 자기 몸 밖에 팔 것이 없는 무산자와 부족한 것 없는 부르죠아의 대결은 무산자의 자결로 끝난다. 한 여인의 성애에의 욕구가 결국 죽음으로 치닫고 부르죠아는 그 전 그대로 지난다. 부르죠아의 자식은 영문을 모른채 현실에 순응한다. 무산자를 리쿠르팅한 자는 충성을 바친 부르죠아의 집에 환멸을 느끼고 그 곳을 떠난
