4, 일본 에로  . 친절한 금자씨..그리고  이발사 토드 분위기 짬뽕이네...여자배우만 아까울뿐..
6, 감독님께서 "내 무덤에 침을 뱉어라"라는 영화를 재미있게 보신듯요.
3, 쓰레기 에로물인 줄 알고 봤는데...이거 뭐야??..다세포소녀 이후 첨 보는 컬쳐쑈크다.....
2, 자동면도기가 넘어야할 기술적한계에 대한 의미있는성찰
7, 스위니 토드와 친절한 금자씨의 b급 콜라보. 제작비가 없어선지 피색깔이 아쉽지만  음악에 맞춘 리듬이 굉장히 좋고  투박하지만 직관적인 편집이 마음에 든다. 의외의 수작을 발견했다.
4, 알겠는데  왜 그러는지는 알겠는데. 그것을 어떻게 풀어나가고 표현하느냐가 감독의 몫이겠지
0, 이런 쓰레기 영화... 웬만하믄 귀찮아서 평점 안쓰는데... 음악도 쓰레기. 시나리오도 쓰레기. 온통 쓰레기다. 이 영화를 만든 거 벌받아야 한다. 저 10점짜리 평점은 다 스텝들이 쓴거냐~~~
7, 마치 컬쳐 무비를 본 느낌 이었습니다. 은근히 중독성이 있어서 좋았습니다. ^&^
6, 자다가 꿈꾼듯 ..  이건 대체 정체가 뭐냐..?   춤추고 사람 난자하고   그냥 꿈꾸듯 보면 되겠다 .. ^^
5, 한국영화
7, 엽기적이고 스릴넘치는 영화. 끝까지 힘있던 연출이 좋았고 무거운 내용을 코믹한 풍자로 해소한 부분이 인상적이다
10, 생각없이 봤는데 잼있네
8, b금영화치고 잘 만들었네요
0, 이 영화를 만든것은 벌받아 마땅하다
0, 18 이것도 영화냐?완전 개 쓰레기~~~
3, ...
0, 쓰레기 음악때문에 대사가안들린다. 대사도 못듣게 무식하게 볼륨키운 음악감독만 없으면 10점인데...  미친놈들아 대사보다 배경음악소리가 더 크면 영화를 어케보냐? 자막이 있는것도 아니고.
10, 베를린영화제 칸영화제 베니스영화제 아카데미영화제 권위있는 영화제서 상 싹쓸이 할수있을듯
6, '대학로에서 매춘하다가 토막살해 당한 여고생 아직 대학로에 있다'의 남기웅 감독님의 충격적 또 하나의 엽기 슬래셔 무비... 은근 코믹한 풍자와 나레이션식 스토리 전개는 마치 친절한 금자씨가 연상되던... 그런데 포스터가...없어...된장 ㅠ_ㅠ
10, 가위손 이후 최고에 액션 보여주다
10, 헐~~~~~
10, 스피디한 전개가 마음에 듭니다~ 결과는 뻔한 얘기지만 일단은 속이 후련하군요. 시간도 짧아서 더더욱 좋았네요ㅎ
10, 몽환적
10, 선물^^
