3, 너무에이너무이건.....그렇다사춘기중학교남자들의마음을잘표현한것같은느낌그리고마약탑새끼때문에더싫어진다
7, 생각보다 탑의 연기가 괜찮았음. 근데 왜 제목이 동창생인지  마지막 한예리 대사를 듣고 알았네.  제목이 내용과 넘 안어울림
7, 남한 에 고정간첩이 많다는데    에휴       언제 이분단상황이 끝이날꼬    서울 한복판에서   총질이라     잘봐읍니다  
6, 부족한 탑의 연기력을 숨기려는 감독의 노력이 눈에 선하다.
8, 원빈 아저씨 / 탑 고딩  볼만합니다.
0, 20년전 영화같은 스토리...  남한에 간첩들이 영화처럼 서로 많이 죽일 정도로 많았다면 국정원이 간첩을 중국까지 가서 조작할 리가 없지.  간첩들끼리 서로 죽이는 장면이 전부인 재미없는 영화
8, 우리나라에서 만든 액션 영화중 잘 만든 영화중의 하나~~~ㅎ
4, 이 영화의 모든 인물들과 내용은 오로지 탑에 의해서 탑을 위해 존재할 뿐...
0, 이런 소재 이제는 식상하다.
2, 더럽게 진부하고 디테일이라곤 1도 찾을수없고 회사에서 탑끼워넣고 대충 하나 빻으라고해서 시키니까 어쩔수없이 대충 빻은 영화네 관객수 104만 ㅋㅋㅋㅋ 4만명은 대충 때려박은 즉흥관객이고 탑빠순이들 30만이 세번정도 애국시청해줫네 네이버평점 7.32??????? 에라이 혼자죽어라 이샛기들아 ㅋㅋㅋㅋㅋㅋㅋㅋㅋㅋㅋ
9, 조금은 진부한 설정 때문에 평점 9점입니다. ^&^ 은밀하게 위대하게보다 훨씬 재미 있게 감상했어요. ^&^
5, 탑 결국 죽네유. 어디서 많이 본 내용들을 짜집기한 영화예유. 억지 감동을 유발하려고 하는 아쉬운 영화.
6, 흐름은 좋으나 말 같지도 않은 설정이 많은게 흠이다.
8, 볼만함..시간때우기용
7, 나름 신경써서 잘 만들었구만. 탑 연기는 볼 때마다 나무랄데 없이 잘하는것 같다. 근데 간첩들이 저렇게 많을까싶다.
8, 나름 좋았어요...중간에 약간 지루함...
8, 우리나라에 간첩들이 진짜로 많은가보다..............
7, ㅎㅎ
10, 역시 탑최승현 연기잘하네요.역시빅뱅인가요.사움은진자잘하더라거요.그래서10점드림
3, 탑 빠순이들을 위한 영화.
6, 주연을 살리기 위한 알짜베기 조연들의 카메오 같은 열연
5, 탑의  탑에 의한  탑을 위한
10, 영화 잼있는데..평점 봐라..솔직히 이런 영화는 개봉관에서 봤어야 했는데. ..감독이 제목을 잘 못 뽑은듯..난 처음에 고딩들끼리의 패싸움 영화인줄 알았슴
10, 국가권력에 버려지는 공작원들...신반공영화인가 ...뭐라고 해도 좋다 .. 연기좋고 내용도 좋고 공작원들은 자수하면 우리나라에서 정착금받고 잘살수 있는데 .......... 그렇게 안하는건 아마 북에 있는 가족때문이겠지 ...........더러운 북한... 없어져야할 나라 .....................
2, 리명훈과 학교친구 이혜인과의 관계를 잘 모르겠음. 이혜인이 리명훈에게 하는 행동들은 이해가지만 리명훈이 원래모습을 돌아갈 수 있었다는게 어느부분을 말하는건지
5, 이혜인!넘못생기고 연기엉망! 차라리 북조선 이혜인이랑 억할을 바꾸지! 광고주딸인가?감독조카인가?왜저떠구애를써서 말아먹을려하나!!!
6, 비수교 적대국과의 무관세  무역의 위험성
2, 왜 왜 그랬어?
5, 탑의 연기까지는 어떻게 넘어가겠는데 이정도 시나리오로 무슨 영화까지…
1, 이런 영화 만드시느라 낭비한게   시간 금전 에너지   또 뭐 없나??? 젤 큰 것은 신뢰지요 신뢰.. 잃어버렸어요..
2, 와 TOP 눈빛쩌네효. 혼자서 영화를 다 말아먹음 ㅋ
10, 스크린에서  연말이라  동창생 방송해 주더군요탑!!!!   정말  연기 잘하네요    놀랬습니다  개인적으로아이돌이라고 해서  별 호감이  없었는데  .....보는내내놀랬습니다  제  개인적  소감이나  꼭  한번 보시라고 추천드리고 싶네요  !!!!!!!
10, 재밌구만 왜케 악평들이 많지? 솔직히 '은밀하게  위대하게'보다는 낫다 탑  액션이나 연기력도 어색하지않고 스토리도 고만고만~어차피 완성도 백점을 노릴것도 아닌데 그냥 해피엔딩해주지 꼭 죽여야했나 한예리랑 스킨십도 전무하고 아쉽다
3, 여자 주인공 너무 못생겼음. 이쁜애로 좀 바꾸지..
4, 별로긴 한데 한국영화 치고는 이정도면 그렇게까지 욕먹을 정도는 아닌거 같은데 ㅋ 그만큼 한국영화가 저급하다는거고 뭔가 오글거리고 내용도 별로지만
1, 더는 안만드는걸로...
1, 도대체 이런 영화를 왜 만드는지 알 수가 없다. 최승현(탑)이 잘생겨서 1점.
5, 친구와의 우정을 쓴건지.....동생을 지키는 내용을 쓴건지...................영화가 걍 뒤죽박죽에다가 인물들 성격도 모르겠고.
3, 그럴싸한 초반 산정상을 향하는배 중반 90년대 초 영화를 보는듯한 오그라드는 후반 끗
5, 뭐랄까........그냥 좀 촌스럽다   ......
0, 북한사람 서울말 쓰는 것부터 귀에 거슬려서 현실감이 확 떨어진다. 요즘 어설픈 영화들 왜이리 많은지.
5, 끝이 궁금해서 끝까지 봤을뿐...
1, 에휴한국영화를 덧없이 어둡게 만드는 재주가 있네
0, 재미없어요 탑은 노래 가 재일 잘어울려요 .. 최승현 짱! 빅뱅짱!
4, 클리셰  그리고 클리셰.
3, 초반기세는 그럴듯했으나 산으로 가기 시작하더니 어처구니없는 마무리까지 기병병병의 좋은 예
5, 액션 영화인줄 알고 봤더니 연애질 하고 있다.
6, 진부하고별루
1, 지루해 죽는줄 알았네
2, 완전 패러디 수준의 영화
7, 최승현의 연기 및 액션은 나쁘지 않았으나  이제는 진부해진 북한 공작원 이야기. 모든게 예측이 가능했다. 한예리는 이쁘지는 않은데 은근히 매력적임 ㅋㅋ
5, 이걸 극장서 안본게 다행이다. 장훈감독 밑에서 어정쩡하게 연출을 배운듯 안타깝다. 탑은 영화 시나리오 보는 안목이 없는듯. 지난번엔 포화속으로에 나오더니. 쯧쯧.
10, 재밌네요!
10, good
0, 댓글 보니 긴급조치19호 수준인가보네. 안 보련다.
3, 조폭이랑 간첩이 미화되는 대한민국
10, 평이 안좋아서 기대안하고 봤더니 재미지네 응원하는 차원에서 처음으로 평점달아봅니다
1, 북한 말을 사용하려면 시종 동일하게 좀 하던가 한 대목 안에서도 서울말에 북한말에.. 이래갖고 무슨 연기를 한다고... 촬영하느라고 고생이야 많이들 하셨겠지만 이왕 고생하는거 좀 더 실감을 내기위해서 조금만 더 노력을 했었더라면 좋았을 것을... "얼른 가라우  얼른 가래두" 기가 막힐 노릇이네.
5, 감정을 숨긴 킬러연기에 탑 캐스팅은 괜찮았지만 뭔가 보여주려다만 아쉬운영화  스토리도 연출도 연기도 좀더 성장해야 뭔가 나올듯
5, 잘만든 영화는 아니다. 그저 최승현이 매력적일뿐.
3, 딱 제목만큼 어정쩡하다.
6, 제목이 왜 동창생인지 끝에 가서 살짝 보여주긴 했지만 그래도 '여동생'이 맞지 않나? 한 마디로 진부했다. 시종일관 눈을 치켜 뜬 탑의 연기는 부담스러웠고  학교 양아치들은 설정 티만 나는것 같고..휴~...5.7
5, 부족한 연기력을 스토리로 메워보지만 이것마저 실패
10, 다들연기는잘하는듯..최승현의눈빛연기는 잊혀지지않는다
5, 영화 중반으로 향해갈수록 결말이 보이는 영화..
6, 은밀위대의 잔상이 너무 겹친다.
6, 북한에서 온 공작원의 이야기인 영화. 앞서 내용은 다르지만 비슷한 처지의 주인공이 나오는 '은밀하게 위대하게'를 봐서 그런지 진부했지만 주인공으로 나오는 '탑'의 눈빛연기와 액션연기는 기대이상이였다.
7, 지극히 남한스러운 외모의 탑과 김유정이 북한배역  지극히 북한스러운 외모의 한예리의 남한배역
5, 소리만 요란한 액션은 특별한 맛깔이 없었으며  개연성없는 스토리  연출의 디테일함도 떨어지는게 사실이다. 그저 무난하게 시작해서 무난하게 끝나는 영화다. 하지만 그와중에 역시 김유정의 연기력은 아역임에도 가장 눈부셨다.
7, 배우들의 준수한 연기  박홍수 감독의 어설픈 연출력. 배우 한예리의 묘한 매력과 연기력이 돋보인다.
5, 초반 탑의 액션을 보고..오~용의자 보다 나은데?? 라고 생각했는데...제목이 동창생일 필요가 있나 싶을정도로 동창생의  애매한 비중과 역할...게다가 내용도 애매하고 몇몇 설정은 억지스럽다...마지막 탑의 내레이션도 피식~하고 웃음을 자아낸다. 그래도 이런영화에 탑은 죄가 없다고 할 정도로 잘 소화했다고 봄...
10, 킬링타임용 액션연기는 볼만한데 소재는 너무 비슷함.......
2, 아이고..탑나왔는데..감독하며 연출하며 모두 초보인가보네..눈물이 눈앞을 가리네..
10, 은밀하게 위대하게보단 재밌다 김수현보다 최승현이 더잘생김 ㅎ
5, 그냥 눈으로만 보면되는영화 그냥 그런가보다...하는
5, 무슨 얘기를 하고 싶은 거야? 그나마 탑이라도 있어서 다행
1, 탑이 나왔기때문에 1점 챙겨드립니다
7, 코라아에서 한예리 처음봤을때 그냥 완전 진짜 북에서 태어난 촌뜨기 같았는데 여기서 보니까 완전 예뻤다.......  빅뱅팬들을 위한 영화같지만 이것도 아주 재밌고 흥미진진하다. 탑이 죽어서 조금 슬펐다...... 
3, 탑의 무술 빼고는 스토리도 살리지도 못하고.. 다른 배우들의 연기들도 개별적이어서 연결성도 떨어지고.. 제작을 잘해야 영화가 산다는 걸 보여준 영화..
8, 탑에 엑션은 진짜 완전 짱이었다. 아이리스 킬러 역활을 했던때하고 완전 똑같네.....  그리고 난 한예리가 저렇게 예쁜지 진짜 몰랐다. 거기다가 김일성 사망까지 엮으면서 영화를 만들다니 허허 참.....  암튼 재미있었다
7, 탑.. 괜찮았어.. 볼만한 한국영화 ^^
6, 실화를 바탕으로 국정원 영화 한편 만들어 주십시오. 일은 안하고 오피스텔에 짱박혀서 댓글이나 달고 입에 담을 수 없는 말을 초딩에게 내 뱉고 개인정보 털고 권력의 내시들의 일상을 그린영화
7, 국가의 안보를 책임지는 국정원과 군이 영화에선 정의롭지만  현실에선 선거개입 한다는게 매우 안타깝습니다. 전체적으로 볼만 합니다.  국가기관들 선거개입 특검실시!
7, 기본기는 좋으나 고급기가 없다. 좀 더 욕심을 부려서 완벽에 대한 욕구를 보여주었으면 참 좋았을것을.
0, 탑이 연기를 너무잘해서 놀랐다 근데 영화는 너무 별루였다
4, 킬링타임용에서 쪼금 못미치는 영화그래도 궁금한 사람은 보시길
6, TOP의 연기가 생각보다 괜찮아서 의외였다..그래도 아직 부족하다...영화 자체도 스토리도 그렇고 먼가가 부족한 영화였다...어쨋든 생각보다는 괜찮아서 6점정도로...
5, 시나리오를 누가 썼는지는 모르나 정말 엉성하더군요. 이걸 시나리오라고...
1, 간만에 액션(?)영화를 2배속으로 빨리 돌려서 봤다. 지루해 죽는 줄 알았다. 불면증 환자들에게만 강추다!
6, 좀 늘어져 지루한감이 있네요~  Top은 머찌네요~
5, 생각보다괜찮네요 근데 스토리가 좀 엉성한듯요
5, 연기는 괜찮은데.. 웬지 지루함이...
10, 잼있었어요 TOP의 연기에 감동햇고 보는내내 울컥했습니다 앞으로 좋은 연기자가 되리라 기대합니다
6, 최승현 액션 끝내주네ㅋ 근데 메인 포스터에 한예리가 뒤에 있어야 하는거 아닌가ㅋㅋㅋ
8, 생각보다 나쁘지 않게 봤어요. 탑의 비중이 커서  다른 배우들은 빛을 발하지 못한 것 같아 아쉽네요.
0, 애쓴다 또 간첩얘기냐? 탑만 불쌍 근데이게 7.0?
0, 0점
0, 영화가 당연히 픽션이지만 허구가 너무 심해서 몰입할수가 없었다. 국정원이 댓글을 안달고 간첩을 잡는다고? 이게 말이돼?????????
6, 북한말도 아닌 한국말도 아닌..애매한 대사처리가 아쉬움. 감동이 오다말고 오다말고..연기자들 연기 참 좋았는데....뭐가 문제였는지 확실하게 오는게 없는게 문제인듯..ㅠ
3, 탑이 택한 영화는 "포화속으로"도 그렇고 너무 뻔하고 지루하다....시나리오 고르는 능력이 뒤떨어지는듯?
5, 영화를 만들기위한 영화~ 끊어지는 연출~ 약한 시나리오~ 양심있는 컷은 그래도 있었다. 뻔한 설정 대사~~ 누워서 보면 졸릴 수도 있으니 정신 바짝 차리라우~~~
9, 멋있네
1, 솔직히 까놓고 말해서     지금 이런 영화가 나온다는거 자체가     종북몰이 아닌가  ? 하는 생각이 든다   
9, 일단 이영화를 보기전에 탑이라는 빅뱅의 멤버로 기대반 우려반!?으로 보기 시작했는데 기대이상을 보여주는 영화였다 탑이라는 배우의 액션과 표정 그리고 대사들이 기억에 많이 남는다
10, 1500만 관객이 들어도 부족한 최고의 영화  아 ..잘 봤습니다 고맙습니 다.
9, 기대를 안해서인지 재미잇게 감동이였어요~~탑 연기 잘한다        탑이 죽어서 슬포   그래서 9점
0, 은밀하게 위대하게나 이 영화나 ;;;말하고자 하는 바를 모르겠다 ;;;그냥 소재가 간첩인듯 재미 없음 진짜 시간낭비 이 영화 말고 다른 영화 보는게 시간적 이득 미안하지만 킬링타임용 영화도 안됨 차라리 EBS 단편 다큐를 연속적으로 보는게 더 재밌고 낫겠다 탑팬이라면 보던지말던지 그건 자유
6, 은밀하게위대하게를생각하게하는영화인듯...
6, 탑을 위한 영화
0, 이 개똘아이 같은 씹새들이 영화 마다 뭔놈의 연변 연변이야   남조선씹새들은 북한애들한테 맞아야 정신차리지 개똘아이 색끼~
6, 신파적 액션과 식상한 줄거리  부족한 탑의 연기
6, 탑 화보집을 동영상으로 ...
4, 아이디어가 좋은 액션씬이 몇몇 있었다. 의외로 탑의 연기는 괜찮드라. 은밀하게 위대하게 보단 조금 나은 딱 그 정도
9, 연기 잘하네...탑!! ...영화 재미있고 박진감있네... 암튼 난 재미있었음
9, 나름 괜찮게 본 영화... 탑도 멋있었고....
5, 스토리의 부실... 이야기의 나열이 중요한게 아니라  집중해야할부분을 보여주는것이 더 낫지 않았을까.. 탑의 액션은 본시리즈의 그것만큼 멋졌다.. 연기는 조금만 힘을 빼줬으면... 그런걸 짚어주는게 감독이 해야할일이 아니었을까...
5, 저기요... 이름이 같아서 영화제목이 동창생인가요???? 풉 ~ 쟈나~쟈나~ 이건아니쟈나~
0, 내 시간 돌리도~
2, 요즘 어수선한북한얘기에그럴듯한소재인데훌륭한배우들가지구  이게  뭔  헛짓거리   팬이 봐도 과한 주인공위주의 플레이가  독이되지않았을까   콘서트때보여주는 스폐셜 영상도 아니구  오랜나의팬심으론   배우의최승현도 이걸 바라고 열정을 바치진 않았을텐데  나인틴을 볼때처럼  권하지못하구 혼자만 봐야할듯 ㅠㅠ
9, 전 빂이라승현이오빠얼굴만보고잇엇다지요..근데 영화관가서 돈주고보기에는 아깝고 인터넷으로 몇천원주고 보기에는 괜찮을것같아요..탑의연기력과 김유정의연기력은좋앗지만 스토리 구성은 잘못빠신것같아요 그래도 재미있게 잘봣습니다  
5, 연출 스토리가 너무허접.. 배우들 연기는 문제없어보이고... 특수요원 이제 이런건 좀 식상하다.
7, 포화속으로도 그렇고 탑은 연기력이 타고난듯..
0, 이런 졸작을 전국 영화관에서 장악하느라 같은 시기에 나온 붉은 가족을 많은 사람들이 보지 못했다니.....이 평점을 보는 분들.. 붉은가족 꼭 보세요.. 꼭..
0, 아저씨 위대하게 짜집기 핵교갓을때 왜 저장면이 안나오나햇다
5, 북한출신 탁구선수랑  아이돌출신 공작원의 풋풋한 사랑영화
6, 전반적으로 어두워. 짙은 연기사이로 승현군의 매력만 보이는군. 별루다. 정치권력을 갖기위해 수단과 방법을 가리지 않는 우리나라의 정치권을 보는듯한 느낌. 우리나라도 저런 빨갱이랑 다를게 뭔가... 암튼 재미적으로는 별루다.
7, 난 재밌게 봤는데... 사실 조금 엉성한건 사실이지만... 그래도 TOP보는 맛으로다가...
8, 끝부분에 너무 질질 끌며 비현실적~~~
0, 이게 점수가 있다는게 신기 할뿐
2, 여주진짜맘에안들어   연기도 못하고 얼굴도ㅜㅜ
8, 은밀하게위대하게 랑 비슷한 느낌이 들면서도또 색다르네요 사실 간첩 소재로한 영화는 이질감이들수도 있고 뻔한 스토리인것도 맞긴한데 그래도대중의 흥미를 자극하기엔 충분한 영화라고 생각됩니다그리고 주연배우 최승현씨의 연기도 참 좋았습니다빅뱅 탑이 생각이 안나더군요 결론은 추천
5, 연기며 설정이며  이런거 다 떠나서..배우들의 대사 왜 전달이 안되는지 대사 딱 한마디로 명장면이 탄생할수도 있는데 대사자체가 무슨말 하는지 모르니 영화자체가 그림보고 이해해야만 하는 어려운숙제같은 느낌..배우들 대사는 안 가르치나 표정이나 폼만 잡으만 되나??? 더욱이 대사전달이 안되는건 음향 
0, 연기변신어쩌구 그렇게 언플하더니 개망했네 .  .이렇게 빠르게 dvd 로 빠질꺼면 그냥 삼류 비디오로 제작해라 . .극장에 걸리는것 조차 아깝다 . .빠수니년들이나 보지 누가보냐? . .
7, 영화 소재로 자주 등장했던 남파공작원의 이질감에서 마지막에선 항상 동질감의 여운을 주는 동창생..연기자로써 최승현은 눈빛과 몰입감은 좋았으나 아직 깊은 연기는 조금 아쉬움.허나 그정도면 충분하고 멋있었음..후반부에 긴장감과 액션이 좀처짐.최승현의 액션 신고식 같은 영화.개연성과 답답한 국정원..
3, 이휴~~ 평점봐라.... 뻔한스토리에.. 어거지 설정  이름 같아서 제목이 동창생??
5, 이 영화는 뭐지?
2, 영화 참 허접하게 만들었네 웬만하면 글 안쓰는데 디테일좀 맞춰서 만들지. 좌측 팔에 총 맞았는데 좌측 다리에 총상은 멉니까. 여자 동급생은 간첩 은닉죄로 쳐 넣어야하지 않아요?  주인공 북한에서 살았는데 서울 표준어를 쓰는건 대체 뭔지. 디테일이 정말 아니네요. 스토리야 머 뻔한거구. 실망입니다.
9, 쓰레기점수준넘들은뭐야대체그런눈탱이로영화평을하니 역대간첩영화중에그나마젤낫구만
10, 역시 탑은 좋은배우내요  마지막에 너무 짠했어요  살짝 눈시울이    
10, 영화보고 댓글 달고 싶어지기는 처음인 영화 탑 액션 최강이네요 아저씨 원빈 만큼이나 쫙 쪼여지는 긴강감 있는 액션 지루 할 틈 없네요  단 최승현만 빛을 발 하네요 조화로움이 부족 한듯 하지만 시간 돈 아깝지 않아요 올 하반기 영화중 제일 재미있었던 최고의 영화^^
7, 탑을 다시보게된 영화~ 연기 잘하네요 목소리도 좋고 표정 하나하나 다 좋네요  스토리도 뻔하고 엔딩도 아쉽고...왜 죽여야만 했나요 그냥 살려서 동생만나는게 더 좋았을텐데
5, 진부하고 식상한 내용 전개였지만... 민첩하고 날렵한 최승현의 액션은 나름 볼만... 과묵(?)할때의 카리스마가 더 빛나는...
4, 제목이 동창생인 이유를 모르겠다. 동창이라는 이유가 핵심이 되기에는 너무 약하지 않나; 암튼 간만에 배우들이 아깝다고 생각한 영화였다. 아 그리고  공작원이고 북한 사람인데 이북 말을 전혀 못한다는 건 좀 이해하기 힘들었음.
3, 식상한 이야기에 식상한 전개. 굳이 죽일 필요도 없는데 죽이는....
8, 볼만하다.강동원의 의형제 필이 많이 난다.
10, 재밌기만 하구만!!! 이정도면 됐지 뭘 바래!! 리명훈 짱 멋짐 ㅎㅎ
8, 탑연기때문에 8점
3, 간만에 이런 쑤레기 같은 영화 보넹~~~ ㅋㅋ
10, 영화많이보는데요(아이디클릭-관람후340편- 관람전10편-알바아니라는증거임ㅎㅎ)스토리전개도 알차고 뭐랄까?꽉찬 선물세트같다고할까?긴장도 팍팍오고 시원함도있고 배우연기도좋고 스토리도 새롭고~만점 그자체임다 ㅎㅎㅎ 오랜만에 맘에드는 영화 그런데 남자주인공 누군가 햇더니 탑이라네??개인적으로 탑 안좋아햇는데
0, 영화 왤케 허접함? 지루해서 몰입이 안됨..탑빠순이들은 질질 싸면서 볼듯..여친 죨못생겼네.개콘 신보라 옆에 미키 같다..윤제문 조성하는 이런영화 왜나온거임?
5, 진부한 이야기와 반복되는 감정들에 지친다.
5, 탄탄한 스토리를 기대하고 주연들의 연기를 걱정했었는데  연기는 그럭저럭 오히려 검증안된 스토리와 지겨운 인질 소재 연출이 독이 된 듯한 작품. 불필요한 발레소녀와의 로맨스와 타이틀만 동창생인 점은 아쉬움을 넘어 안타까움을 자아낸다.
6, 탑 연기력은 괜찮은듯.다만 몰입이 안됨. 댓글국정원과 매치가 안됨.영화에서도 김정일 죽는거 티비로 알게된 국정원. 빵터졌슴. 감독이 은근히 국정원 디스하는거 같음. 감독님 차기 작품은 국정원 주업무 댓글로 영화 한편 만들어 보세요. 대박날것 같음.
7, 최승현.같은 남자가 봐도 참 멋스럽네..차분한 말투 눈빛..순간순간 눈빛에서 김연아가 떠올라서 신기하네.액션연기 좋았고 김유정양 넘 적게 나와 아쉽... 학급짱이 잉투기 주인공이라니 ㅎㅎㅎ.
1, 졸작이다 졸작이야... 이런 배우를 캐스팅해서 이런 망작을 만들기도 힘들듯...... 70년80년대 신파극도 아니고 내용전개가 너무 부실함. 진짜 배우가 아깝다 배우가 아까워....나참...
10, 배우에게는 점수를    내용은 처음엔 기대감    중반부터 그저 그렇다      용두 사미      국정원만 리얼리티 짱이다  무능력   빵점은 너무했고  조절좀하자
7, 유머감을 포기하는 대신 꽤 밀도높은 이야기가 구성되어 러닝타임 내내 흥미를 유지하는군
0, 영화가 참으로 실망이네 독립영화가??해피엔딩이 아니라 ...
1, 이야. 영화가 이렇게 재미없을 수가 있구나. 또 한번 감탄한다. 뭐 영화를 찍을거면 제대로 찍던가. 배우들이 북한 사투리도 못하고.. 차라리 한예리를 최승현 자리에 앉혀라. 최승현보다 잘할듯.
5, 연기들은 좋았지만 각본이 영~~뻘짓하는 국정원^^ 싸움도 못하고 정보력도 없고~~특히 마지막 부분은 압권! 신고자를 보호하는 부분이나 구급차 한대없이 출동하는 부분이나~~답답의 극치! 차라리 잘 죽었지 살아봤자 이따위 보호하에선 어차피 죽을것^^
4, 진부하고 지루할뿐... 그런데... 우리나라에 저런 국정원 직원들이 있긴하냐...ㅋㅋ
9, 차분하게 잘 만들었네 ㅋㅋ
5, 으; 진짜 지루하다.그저 그런 스토리 ;;
6, 긴장이 지속되지 않는다...결말을 굳이 그렇게 하니 더 짜증..
0, 점수가 높다 키보드워리워 국정충이 뭔 총질을 할수 있겠어 ㅋㅋㅋ 슬프지도 않고 감동도 없고 초반에 오 쫌하다가 역시나
9, 서늘하고 재미만 있던데...?
3, 뒤로 갈수록 재미가 없음..
10, 나쁘지않음
8, 영화 은밀하게 위대하게가 조금 코믹으로 나온 간첩이라면 이 영화는 진자 간첩의 내용을 얘기해 주는 것 같다. 마지막에 차 안에서 동생들 못 보고 죽는 탑을 보면서 한참을 울 은 것 같다. 너무 슬프지만 현실이라는 게.... 가장 슬프다. 빨리 간첩이란 것도 분단 국가라는 것도 없어졌으면 한다.
6, 목적을 잃었다. 진중함속에 박진감이 엎어짐
1, 그냥 뮤비하나 본것 같다...뮤비치곤 지나치게 지루하고 길지만;;;보는 내내 하품나서 죽는줄...신파자극하는 그저그런 하이틴영화...그나마 유정이 얼굴봐서 1점준다...
0, 전문쓰레기 영화임. 내가돈만있음 영화 이거보다 잘만듬. 아이돌출신 탑은 연기를 잘하더만 각본이 개쓰레기고 하나같이 말도안됨. 국정원 직원이 여주인공 찾아가고 집에도 안쳐들어가는게 웃기고 현실이었음 간첩죄랑 범죄은닉으로 바로 체포영장발부받아 집 싹 쑤셔야 정상이거는     그리고 북에서는 공작원이
5, 정작 여자주인공은 포스터에 안나오는 더러운세상.
3, 뭐... 탑 멋진 장면 연출할려고 학교 에서 억지로 괴롭힘 당하는거 연출하고..개 오글이다...  그래도 친구2 에 김우빈보단 낫다...
0, 마이너스 백점 드릴게요.
4, 시작하는 부분에서 창문에 NIS 국가정보원이라고 써있는거보고 웃었다.  그냥 탑때문에 만든영화인 듯..
6, 탑 연기는 생각외로 정말 좋다. 근데 영화는 별로 재미없다.
7, 영화는 영화일뿐..재밌구만..은밀하게보다 재밌는데..
1, ㅋ 탑 연기를 봐봐! 이게 7.6 나올 영화냐?
9, 영화를 영화로 안보는것들이문제여...ㅉㅉㅉㅉㅉ
3, 반공영화네. 국정원이 사회적 문제가 된 시기에 뭔가 의도성이 있는 것 같기도 하고. 영화의 완성도는 떨어지는 영화.
0, 진부의끝을달린ㄷ볼건 탑얼굴뿐
10, 전 잼있게 잘 밧습니다~
4, 뭐여  아이돌 내세워 돈벌자는 겨..자꾸 이러면  한국 영화가 쓰러질 수도 있는겨.
8, 탑연기가 갈수록늘어서 보기는좋았는데  스토리가  좀  아쉬운 ㅜㅜㅜ
10, 안티들은 왜들 평점 깍아내리세여;;탑 싫으면 보지 마세요 어차피 님들 위해 만든 영화도 아닌뎈ㅋㅋ
2, 그냥 유치함! 그냥 탑 뮤직비디오 한 편 비싸고 길게 보다온 느낌임
7, 그냥 그랬어요..ㅠㅠ
8, 나름 재밋게보고왓답당~^^
0, ㅋㅋㅋㅋㅋㅋㅋㅋ개같다
9, 최승현이라는 멋진 배우를  보았습니다..최승현 한명으로도 충분히 커버되는 영화입니다...남매간의 정!!슬프고도 눈물났습니다.나도 저런 오빠 한명 있었으면...최승현이란 배우가 자꾸자꾸 보고싶어지네요..가슴한켠이 아려옵니다..슬프고도 멋진영화!!!아 정상적인 일하는 국정원보니..댓글국쩡원이 원망스럽네요....
9, 저는 재미있게 잘 봤습니다.
0, 너무 슬프다....이 영화를 내가 극장에서 돈 주고 보다니...뭐가 씌인듯...
5, 글쎄...
5, 탑만보임
1, 영화 꼬라지 하고는...감녹이 문젠지 작가가 문젠지..무슨 옴리버스 영화냐? 무슨 흐름이 끼워맞추기식이냐...감독하고 작가랑 싸웟냐? 대본수정 열라한거 표 나더라 대중성으로 갈라믄 그리 가던가 머 이것도 아니고 저것도 아니고..멀 봣는지는 돈 주고 본 관객도 알아야 할거 아냐.탑으로 한몫 챙기고 빠지는 작전주냐?
0, 돈아깝다진심ㅠㅠ 세명꺼내돈으로봤는뎁ㅠㅠ
6, 시간때우기 그냥 그런 영화네... 잘생긴 남주때문에 그나마 이점수를 준다.
10, 감동이었습니다.  우리의 현실을 보여주는 듯  슬프기도 했습니다. ..
7, 스포라 자세한 말은 못하겠지만 초반부부터 전하고자 하는 내용이 뭔지는 알겠는데 약해서 와닿지가 않는다. 동창으로 나온 무용하는 친구는 매력있음
0, 올해본영화중 최악. 스토리엉망에 내용은 70년대나 나옴직한 영화  국정원에서 만든 홍보영화정도? 돈주고 본게  사기당한 느낌?...
5, 이건 80년대 영화
0, 쓰레기
10, 배우로서의 최승현의 앞으로를 기대하게 하는 작품.
4, 뻔하고 지루한 스토리 탑 얼굴로도 커버 불가능
10, 탑을위한영화
2, 진짜진짜 재미없어요. 정말 뻔한 스토리에 탑이 울어도 그냥 웃겨요...ㅜㅜ 영화제목이 왜 동창생인지도 모르겠고...
10, 최승현의 노력이 보였던 영화. 그가 하고 싶은 이야기가 잘 전해지는 감동.. 더 나은 배우가 될 거라는 기대감. 고생했어요.
4, 왜  이렇게 만들었어요~ ㅠㅠ 군데군데  만화컷 같은 장면들 너무 좋았는데.. 그 좋은 배우들 캐스팅해놓고.. 울고싶닷!
7, 괜찬다~~
10, 올해 본 영화 중에 최초로 안졸고 끝까지 본 영화.... 우수에 젖은 눈으로 다양한 표정을 하는 탑에게 다시 빠져들것 같다...
10, 어떻게 연기도잘하냐??? 와 ....삐짐
1, 선거 개입하는 국기 문란 국정원의 본모습이 담겨있지않아 아쉬운 영화
2, 정말 이 영화 잼나게 본사람 있을까 싶은데 방금 보고 왔는데정말 욕하고 나가는 사람들 꽤 있었고 어이없어 웃는 사람도 있고....난 둘다 했음영화가 감독을 잘못만난 케이스인듯...소재 스토리 연기 다 좋은데 연출이 개판 정말 최승현 연기가 아깝다 그리고 여주인공 완전 미스캐스팅 너무 못ㅅㄱㅇ 연기도 그닥...
7, 친구 보려다가 잔혹한 장면 나온다해서 동창생 봤는데  사람들을 퍽퍽 죽여서 불편했음.  배우들의 연기력이 아까웠고  이렇다 할만한 게 없어서 약간 싱거움. 탑의 얼굴 본 걸로 만족해야 하나...
7, 친구2 김우빈 더파이브 오주완 화이 여진구 그리고 탑! 영화계 젊은 세대교체.. 동창생 탑의 개쩌는 액션을 보니 늙어가는 내가 졸슬픔. 이영화 평은 내가 상대적 노화에 개슬퍼서 3점 감점ㅋㅋ
7, 제목이 좀 엉뚱하지만... 재미는 있네요... 근데...액션은 조폭 아니면 간첩 밖에는 안되는 걸까요?
10, 탑 액션 멋있게 봤음
8, 탑을 위한 영화이긴 했음. 그래도  볼만한 영화였음  잔인한거 안좋아하는데... 최승현의 재발견이랄까..
7, 탑에 의한 영화는 될순없어도 탑을 위한 영화가 되기엔 충분한것 같은... 너무많은 부분들이 오마주되는듯한 기분은 음...
2, 제목이 '여동생'이었어야 할 영화   동창생의 존재감이 전혀없는 시시콜콜한 영화...돈 아까워따...
0, 사촌동생들 내돈주고 보여주는데도 미안하더라..중간쯤부턴  편집을 에라모르겄다 포기한듯..보고있는 우리넷다 지루하고 빨리 끝나길 바랬음..
8, 볼만함 정말 탑을위한영화같음 ㅎㅎ
8, 뭐...후기가 워낙 안좋아 별기대없이 봐서 그런가 나름 재미 있었어요~~~탑이 생각보다 연기를 잘하네요~~~오늘 보고온 친구2보다는 3배쯤 재미 있었네요~~은밀하게와 스토리는 비슷한데 코믹한요소는 좀 빠지고...
10, 머쪄요 탑 ♥
10, 와 진짜 날쎄데 / ㅎㅎㅎ 북한 건첩은 그리도 ㅆㅏ움도 잘하나? ㅎㅎㅎ 영화 정말 잼ㅆ더라
7, 탑의  탐에 의한  탑을 위한 영화였던 것 같고  '은밀하게 위대하게'와 비슷하다는 느낌을 많이 받았습니다.
1, 이뭐..
8, 생각보단 뭐.....괜찮았음
10, 스토리가 진부하긴 했지만! 정말 탑 얼굴에  그리고 연기에 몰입되고  인상적이었습니다. ㅎㅎ 액션 하나는 맛깔나게 잘 하는 탑! 앞으로 배우로서의 모습도 더욱더 기대되네요~^^
8, 간만에 제대로 재밋게 본 영화
10, 탑 연기 왜이렇게 잘하지 ㅋㅋㅋㅋ 가장 인상에 남는 배우였어요
10, 이정도로 연기 잘할 줄은 몰랐네 빅뱅 팬은 아니지만 탑 연기는 진짜 잘하네요 인정
9, 결말 진짜 슬퍼요 ㅜㅜ 액션도 훌륭하고 ..
10, 고민 노노노~~~결론적으로 볼만한 영화인건 사실이잖아요
9, 은위랑 비슷하긴 한데 동창생이 훨배 재밌음
1, 기억에 남는건 여주인공이 박지성 닮았다는거. 이것도 영화라고...보는 내내 진짜 투자사는 국정원이 아닌가 하는 의심이 들었음.
10, 최승현 연기 잘하던데? 덕분에 더 몰입해서 봄
8, 길거리에서 리명훈 울때 나도 눈물이..
10, 탑 눈빛연기 진짜 장난아님 ㅋㅋㅋㅋ
10, 액션신 진짜 짱짱 너무 멋있었다 액션신 나올떄마다 감탄을ㅋㅋ
10, 최승현 진짜 연기도 잘하고 역시 기대를 저버리지 않는군
0, 역시 망작이구나~~~
9, 기대 이상으로 재미있게 봤네요~ 예전 포화속으로때 보다 더 흡입력 있어진거같은 연기였고  스토리가 아쉽긴했지만 그래도 충분히 재밌게 봤습니다
10, 오오오
4, 난 그닥 별로... 탑을우ㅣ한 영화여서 아쉬움                    
10, 재미씀 탑 연기 몰입도 최고
7, 이제는 흔하게 느껴지는 스토리로 다소 지루함이 느껴졌으나   탑군의 연기력이 늘어났음을 확인할 수 있었네요
9, 너무 재미있음. 함 보세요.
9, 그냥 잔잔하고 고요하고 먹먹함이 끝까지 가는영화. 코믹웃음요소는 없지만 난 재미있게 잘봤다. 별관심없던 빅뱅의 탑 연기를 보고 내가 울지도 몰랐고    진짜 연기는 아이돌중 최고가아닌가 하는 생각이 들정도로 감동받음. 배우 최승현이라 해도 어울릴듯
3, 영화보고 감상평이딴거안다는데....정말 재미없더라.....연출이 뭐 이따위인지....다운받아 보래도 시간이 아까울정도.....
0, 이런걸 점수를 줘야 합니까.. 영화 보는 내내 자고 싶더군요. 안 나간 게 다행이지 않나 싶어요. 연기 각본 연출 모두 최악인데 왜 네티즌 평가만 유독 칭찬일색인지?
8, 액션 연기 연출은 훌륭 했지만 스토리가 좀 아쉽네
10, 가수 탑이 아닌 배우 최승현의 모습 너무 좋았어용 최승현 홧팅
10, 진한 여운도 주고 인상깊게 잘 봤습니다^^
9, 진짜 감정이입 제대로 해서 봤다ㅋㅋ 재미없을줄 알았는데 재밌게 봄
10, 영화 자체가 지루하지도 않고 중간중간 웃음 요소들도 들어가 있어서 더 재밌게 본 것 같당
10, 짱짱 최승현 연기도 생각보다 잘하고 조연들도 명품 배우들!!
9, 웃긴 부분들도 약간씩 있고ㅋㅋ꽤 재밌게 봤네용
8, 아쉬운 부분도 있었지만 이 정도면 잘 만든 영화라고 생각한다
8, 뭔가 크게 임팩트 있는 영화는 아니였지만 영화에 감동도 있고 재미도 있고 그냥 소소하게 즐기면서 보기 좋은것 같네여
10, 여태까지 북한 소재의 영화들도 많았지만 내가 본 북한 소재의 영화 중에서 동창생이 젤 재밌었음!!
10, 가족들이랑 주말에 보고 왔습니다 엄마 아빠도 너무 만족해 하시고 저도 재밌게 보고 왔어요ㅎㅎ
9, 스토리도 탄탄하구 배우들도 탄탄하고ㅋㅋ배우들 연기력 덕분에 더 몰입하면서 볼 수 있었다
10, 재밌던데? 스토리가 좀 뻔하긴 하지만 재미없진 않았음
10, 솔직히 연기는 별로 기대안했는데 연기까지 좋았다..굿굿굿
1, 우리나라 흥행작은 죄다 모아놓은것 같음. 아저씨  화이  의형제 등등. 너무 많은거를 보여주려고 했는데 하나도 못보여줌. 탑 연기...누가 잘한다고 하는지...그냥 멋지게 찍어주려고 노력많이 하신듯.
9, 줄거리는 좀 아쉽지만 탑의연기는 좋았다 감정이입굿
3, 불수록...재미가
6, 탑 잘생겼다 하지만 내용이 너무 없어도 없는영화... 그리고 탑연기가 그전보다 못했다..
10, 굿
10, 솔직히 탑 연기 잘함
4, 배우 빠수니들은 10 점 일반 관객은 5 점 이게 현실
3, 내 돈 주고 보기 아까운 영화...? 제목도 왜 동창생인쥐...
4, <솔직평점> 탑의 연기는 괜찮았다. 액션도 괜찮았다. 그러나 그뿐이었다. 그 이상은 없었다. 중반부터는 정말 지루하고 시시하고...대충만든듯한 느낌을 지울수없다. 초중반은 그래서 그럭저럭 봐줄만하다.
7, 왜 하필 주인공을 차안에서 죽게 설정했는지...결말처리가 영화의 완성도를 떨어뜨린다.T.O.P의 눈빛이 살이있다.
8, 그냥 무난하게 즐기면서 보기엔 좋은듯!
10, 생각보다 스토리도 괜찮고 배우들 연기도 괜찮았음 무엇보다 액션신이 장난아님 ㅋㅋ
10, 기대이상으로 재밌게 봤네요ㅎ최승현씨 의외로 연기도 잘하시구 영화 스토리나 구성 전개 다 좋았어요
9, 친구가 별로라고 해서 걱정했었는데 괜한 걱정을 한것 같네용ㅎㅎㅎ
10, 볼까 말까 했는데 보길 잘한것 같당 넘넘 재밌었음!@!
9, 배우들도 연기 너무 잘하고 스토리도 괜찮던뎅? 감독의 연출도 좋았궁
10, 113분 동안 눈을 뗄 수가 없었어용 최승현 때문에..♥
9, 보면 볼수록 빠졋든ㄷㅏㅋㅋ꿀잼
10, 되게 인상 깊게 봤습니다 진한 여운도 남고 오랜만에 영화다운 영화를 본 것 같네여ㅎㅎ
10, 영화에 내용도 있고 의미도 있고 남한과 북한을 한번 더 생각할 수 있었던 기회가 된것 같다
10, 액션신 진ㅉ ㅏ멋있었음 액션신 찍을때도 탑이 직접 다 했다는데ㅜㅜ짱짱
9, 솔직히 뻔한 이야기긴 했는데 꽤 재밌던데??
10, 뭐야ㅋㅋㅋㅋ재미없을줄 알았는데 재밌었다ㅋㅋ탑 연기 쩜
9, 아쉬운 부분도 있었지만 영화 전체적으로 보면 괜찮았다
8, 마지막 결말이 좀 아쉽긴 하지만 꽤 재밌게 봄
10, 전 생각보다 재밌게 봤어요 감동도 있고 재미도 있었고! 학교생활이 나오는게 젤 재밌었다능~~
0, 이 영화 칭찬하려하지마라... 진짜 말도 안되는 구성 전개 스토리에 연기력에 난리난다 보면 보지마라
2, 감독과 주연.  이 영화에서 뭘 기대해?
6, 예측가능하고 너무 뻔한전개..그런데 그나름대로 볼만하네요
6, 탑연기조쿠 다~조은데 연출력의부제인가?어차피 영화소재는 거기서 거기.좋은배우들을 빛을 가려버렸다는 느낌.나만그런가??
9, '은밀하게 위대하게'를 재밌게 봤다면 이것도 괜찮다고 생각될 것이다. 볼 만 함~  특히 탑이 멋있게 나옴~~^^
6, 그냥 무난하다...지루하지는 않으나..박진감도없고 그냥 자연스런 전개... 탑은 잘 고른듯
10, 굳
1, 아 이건 뭐 다 짜집기에... 탑두 연기두 안되... 극상황두 개연성 떨어져.. 아 요새 이리만든 영화 진짜 간만이고만 ..
10, 액션 영화 답게 긴장감과 몰입도는 좋았고 거기다가 재미 감동이 더해져서 더 재밌게 볼 수 있었다
10, 탑 진짜 점점 연기도 늘고ㅋㅋ완전 멋있는거 아니야?!
8, 별로 기대 안하고 봤는데 꽤 재밌었어요
8, 최승현 팬이라면 꼭 봐야하는 영화 ㅋㅋㅋㅋ
9, 지루하지도 않고 흥미롭고 약간의 긴장감도 더해져서 몰입하면서 볼 수 이썽ㅆ다
10, 너무너무너무너무 재밌었어요 최승현의 연기력도 좋았고 완전 기대이상!!
10, 감동 재미 액션 슬픔 등등 고루고루 다 갖춘 액션 영화
10, 흥미진진하고 약간의 긴장감도 있고 즐기면서 봤다!
10, 액션신도 너무 멋있었고 영화 자체에 몰입도가 상당했음
10, 재미와 감동 둘 다 준 동창생
9, 생각보다 재밌게 봐서 만족ㅋㅋ
9, 볼까 말까 하시는분들은 진짜 꼭 보세요ㅎㅎ후회 안하실듯!
8, 뻔한 이야기이긴 했지만 그래도 재미 없진 않았ㄷ ㅏ
9, 생각보다 너무 재밌게 봤는데?!
10, 액션신 볼 때 진짜 넋 놓고 봤다 ㅋㅋㅋ졸멋
3, 액션은 좋았으나일단 국정원 댓글공작으로 몰입도가 떨어지고맥락이 엉성함멜로에 약한 내가 눈물 한방울 흘리지 않을정도니..극장말고 다운로드나 케이블 올라옴 보길 추천
8, 기대는 정말 안하고 봤는데.. 잼있게 봤습니다. 과거의 영화 "아저씨"를 보는...그런 느낌이였어요. 탑이 연기를 잘했어요.. 설정이지만.. 고딩임에도 불구하고 동생을 위해  친구를 위해서 자신을  다 내 놓은 그 마음이 어찌나 짠하던지.. 눈물 참느라 힘들었어요.. 영화 잘 되었으면 좋겠어요..^^
9, 탑! 완전 연기 쩔어요! 어점 이렇게 잘 할까- 혼자서 연기 다 한듯하네요! 뭐 내용도 괜찮고 나름 최근 영화중에 젤~ 괜춘은듯하네요!
0, 연기자로서의 탑은 훌륭하나 감독과 제작사의 큰 착각이 빚어낸 어설픈 영화 감독 짤라놓고 잘 된 영화 못봤음
8, 연기자로서의 탑을 확인할 수 있었던 영화입니다. 액션도 자연스럽고 감정도 너무 과잉되지 않고 적절하게 부여되는 것이 무척이나 좋았습니다. 그리고 결말까지도.... 아쉬웠던 것은 여기의 여주들은 모두 남주에게 폐가 되는 존재로 어려움을 나눠가지지 못하는 사람임. 하지만 전반적으로 너무 만족스럽게 봤습니다.
9, 기대이상은 아니였지만 꽤 재밌게 봤네여!
9, 감독의 연출도 좋았고 배우들 연기도 좋았던 영화
10, 가족들이랑 보고 왔는데 가족들 다 너무 재밌었다구 좋아하시네요ㅎㅎㅎ
10, 동창생 재밌음 친구 때문에 봤는데 내가 더 몰입해서 재밌게 보고 옴
9, 보기전에 재미없으면 어떻하지 이러고 막 걱정했었는뎅 괜한 걱정을 한것 같네욤ㅋ ㅋ
9, 별로 기대 안하고 봤는데 너무 재밌었어요ㅋㅋ
10, 배우들도 탄탄하고 스토리도 탄탄하고
10, 갠적으로 북한소재의 영화들도 많이 봤지만 동창생이 젤 재밌었다
9, 볼까 말까 했었는데 보길 잘한거 같네여!
10, 스토리도 흥미롭고 전개나 구성도 매끄럽고 그래서 깔끔하게 잘 본 것 같당~~
8, 최승현 연기 진짜 잘하더라 ㅋㅋㅋㅋ영화 보면서 놀랐음
9, 진한 여운도 주고 많은걸 생각하고 느끼게 해준 영화
10, 영화에 집중도 잘되고 영화에 내용도 있고 인상깊게 봤습니다
10, 가수에서 배우로ㅎㅎ변신 제대루 하신것 같아여
9, 액션신도 좋았고 배우들도 하나같이 연기 잘하고 만족하면서 봤다
10, 난 기대한것보다 훨씬 재밌던데ㅋㅋㅋ최승현 짱짱
10, 뻔하긴 했지만 재미없진 않았당
10, 생각보다 재밌게 봤는데ㅋㅋ배우들 연기도 잘하고
1, 도대체가...
5, 응 동창생보고 설경구 스파이 봤는뎅 스파이가 더 잘만들었어
2, 난 보면서 뭐 이딴 개 쓰레기 영화가 있나 했다. 솔직히 탑 연기 전나 못함 잘생긴건 인정함 딴 애들은 북한말 쓰는데 탑은 혼자 존나 표준어 쓰고 ㅋㅋㅋ 연기력이 딸려서 그런가 ㅋㅋㅋ 그리고 연기력 둘째치더라도 영화 존나 짜임새 없고 내용 존나 산만하고 ㅉㅉ 우리나라 영화의 수준에 딱맞는듯 ㅋㅋㅋ
6, 초반의 화려함을 뒤로 한채 용두사미가 되버린 영화.마지막 씬은 정말 최악 이었다.
5, 그저 그론영화.. 생각보다 실망
1, 내가 영화좀 본다는 사람인데.. 올해 나온 영화중에 최악으로 감히 꼽을수 있다.. 노래로 먹고 살기 힘들다고..연기자로 껄떡거리는 아이돌들 심심찮게 보는데.. 하나만이라도 제대로 해라..
10, 동창생 대박냅시다!!! 영화 너무 잘봤어요^^ 다들 연기를 너무 잘하세요!!!!!
10, 생각보다 재밌게 봄.특히 액션씬 좋던데 아예 청불로 세게 만들었음 어떨까 싶음.탑은 아이돌을 넘어 진짜 배우됐더라
10, 솔직히 별 기대 안하고 봤는데 영화가 감동적이라 좀 놀랬네요 눈빛연기는 정말 최고였어요
8, 29남자.   게안턴데 ㅋ 최승현이 의외로 연기 잘해서 볼만함ㅎㅎ
1, 나로 하여금 숙면을 하게해준 영화~ 너무도 뻔한 대사 뻔한 연기~ 식상하기 그지 없다~
8, 재밌었습니다. 극중 대호와 해인의 관계가 급속도로 가까워진다고 생각되는점이 조금의 미스라면  나머진 괜찮았습니다. 의외로 김유정의 극 비중이 상당히 적더군요~
10, 최승현의 카리스마 있는 조각같은 얼굴에 연기까지 리얼하게 하니 그 한가지만 해도 볼만하지 않겠어요?
9, 솔직히 전 좋았습니다;ㅅ; 탑연기력도 좋고  액션연기도 좋았어요 스토리는 조금 뻔하긴해서 그건 안타까웠어요;ㅅ;...
10, 기대를 안하고  갔는데 의외로 재밌었음.
8, 탑 연기력도 좋고 괜찮은영화
3, 내용이 요즈음 많이 나오는 간첩영화로 단조로워서아쉬움이 많다. 공들여 만든 반공영화 같네요.
4, 은밀하게 위대하게 탑 버전  연기 그저그럼 뻔한 스토리 그냥 연휴 때 티비에서 해주면 볼 만한 영화인듯
4, 지루함...... 연기가 훌륭하지도 않음. 그저 그런 열정없이 영화한편 한 느낌.. 그저 그런 영화.
3, 아...하품을 몇번이나 했는지....옛날 영화 보는 줄....스토리도 뻔하고 모든 씬에 탑이 다 이겨ㅋㅋㅋㅋ진짜 돈 주기 보기 아까웠음....탑 때문에 참았다 에휴 진짜 영화 작품성은 별로다
10, 영화가 허술한 점이 많다는건 사실이지만 최승현의 연기와 액션은 훌륭했던 것 같습니다
8, 난 잼있었는데 그리고.... 이영화에서 난 김유정 보다 한예리가 더 돋보였다봄 (마지막에 둘이 서는데 김유정 이쁘고 귀여운거 떠나 한예리 보다 머리 크기가 ㅎ) 그리고 조성하의 악역과 윤제문의 착한 역할이 신선했음 ㅎㅎㅎ
5, 댓글보고 극장가시는분들은 댓글 클릭하고 다른영화평도 어느정도 한사람들꺼 참고하세요. 보통 알바들은 다른영화는 없더라고요. 아닌사람도 있겠지만....전 아직안봐서 일단 5점주고 보고나서 다시평가하겠음.
4, 아.....솔직히....탑의 액션만 볼만했지 나머지는 진짜 지루해 죽는줄.....연기력은 인정
10, 최승현의 눈빛연기나 액션이 돋보이는 영화였고 아이돌배우라는 틀을깨고 배우로서의 입지도 잘 다져가고있다는 생각이 들게한 영화였어요 나름 감동도 있고 재미도 있는 영화라는 생각이 들구요 영화를 보고있는 한시간 내내 최승현의 매력에 빠져서 헤어나올수없다는게 흠이라면 흠이랄까?!ㅎㅎ 동창생 적극 추천합니다
1, 이거 알바가 너무 많네요 ㅎㅎㅎㅎㅎㅎㅎㅎㅎ 정말 재미없네요
3, 좋은 배우들을 모아놓고 제대로 할용 못한 케이스  영화가 중반이후 너무 처지고 긴장감이 없어 김빠진 맥주같았음. 긴장감이 사라지니  결말 부분에선 아무런 감동이 없었음.
7, 조성하  윤제문 두 배우를 너무 아끼셨네요. 살인을 한 후 '명훈'이 괴로워하는 부분에서 최승현씨의 감정이 너무 절제된 것 같구요. 하지만 최승현씨의 눈빛은 쩝니다.~ㅋ
9, 뻔한 스토리 전개지만 액션이 볼만함. 김정일의 사망도 두 권력기관의 암투에 의한 암살의 음모가 있음을 간접적으로 표현. 거듭되는 배신과 가족애는 어찌 헐리우드 영화의 데쟈뷰인 느낌이지만 연기는 좋았음
10, 뻔하긴했지만 진짜 연기가짱이였떤거같음
7, 스토리는 기대 안해야 볼만함. 탑의 연기는 진짜 볼만함. 탑 미모도 볼만함.  눈빛으로 모든 감성을 넘나드는 탑의 연기는 정말 박수가 나옴.
7, 빠심에 의한 빠심을 위한 빠심의 영화. 좋은 영화인지 아닌지 평가는 못하겠지만 선호층이 분명하게 존재하고 그것을 노린 영화라고 할 수 있다. 목적이 뚜렷한 오락영화니까 타겟을 만족시켰다면 충분히 좋은 장르영화라고 할 수 있겠다. 팬의 수준은 불문합니다. 그런건 여기선 문제되지 않으니까요.
10, 지금 여자친구가보자고해서 같이보고 오는중....탑 연기잘하네 ..새로운모습이네
3, 공짜 영화티켓이 생겨서 봤지만... 너무 졸려서 중간에 나왔습니다. 극장에서 진짜 몇년만에 잠들었네요.. 익숙하고 진부한 내용에  많이 부족한 연기...
10, 남주 연기가 엄청나다고 해서 와봤어요
0, 베플이 가관이네. 영화가 구린건 인정하는데 연기력이 좋아서 10점 만점이라고? 뭐 어쩌라는거야.. 니네 팬클럽 가서 싸시든가요.
10, 스토리는 뭔가 기존영화에서 벋어나지 않지만 무엇보다 연기!!!!!!!!!!!!!! 그리고 저둘의 말투!!!!!!!!!!!!!!!!     너무너무 기대되네요 보로가야겠네요
10, 아저씨 때 액션도 생각나고 기대이상으로 자연스러운 연기와 액션에 놀랐다.전문배우가 아닌 아이돌로서 이 정도의 분량의 영화를 소화해냈다는 것이 놀랍다.2시간내내 지루하지도 않고  숨막히는 액션 하지만 다소 강한 액션영화다 보니 스토리가 약하게 느껴질수 있겠다 싶다. 오히려 보고나서 여운이 남아 가슴이 찡하다
3, 극장 알바로서 평가.. - 은밀하게 위대하게 + 의형제 + 아저씨를 합작해놓은듯한 작품.                                탑 연기는 인정... 근데 간첩 나오는 영화들 걍 모아놓은 작품.
4, 정말 탑 아니면 망할 영화 탑보러 간다 스토리뻔하고 촬영기법을 어떻게 하면 이렇게 망할지 그리고 영화 음악 정말 못고르고 타이밍도 안맞고 음향감독좀 바꾸시지
1, 아이돌 코뭍은돈 빼았아가는 법을 터득한 영화 제작사. 상업영화인것도 좋지만 아이돌용 영화는 그냥 TV용으로 개봉했으면 하는 바램이다. 스크린 독점으로 이런 영화 때문에 다른 영화는 개봉조차 못한다. 관객은 다른 영화도 볼 권리가 있다!!!
10, 보는 내내 감동적이었던 이야기. 특히 탑의 연기가 정말 좋았어요. 감동적이면서 슬픈 우리의 현실을 동창생이라는 소재로 풀어나간 것이 가장 인상적이었습니다. 한 번 보세요!! 강추합니다^^
10, 영화 개봉 하자마자 봤는데.. 재미있네여~ 저 슬퍼서 울기까지 했어요.. 내용상 뻔한 스토리지만 그래도 이어지는 내용과 배우들의 연기가 돕보이지 않았나 싶네요~ 동창생 1부 2부로 나뉘어서 좀더 길~게 내용이 더 찰졌으면 좋았을 껄 이라는 아쉬움이 남네요~
3, 충격먹엇음.......@.@ 진짜 너무 재미없다.......
7, 탑을 너무 부각시키려고 한것이 오히려 독이 된듯싶다. 영화 베를린과 은밀하게 위대하게를 짬뽕시킨듯 하지만  탑을 좋아하는 사람들이 보기에는 좋을듯 싶다. 탑의 연기를 부각시키려한점이 이영화의 가장 큰 단점이다.
10, 좋았음♥
10, 우리나라에서만 일어날 수 있는 일 .... 그래서 보는 내내 가슴먹먹하게 잘 봤습니다.
9, 그냥 영화 하나로만 보세요. 소재가 같다고 내용도 같을 수는 없어요. 북한 소재. 가기 전에 별로라는 말을 듣고 갔었지만 보고 난 뒤에는 투자한 시간과 영화비가 아깝지 않았어요. 주연배우의 연기력도 좋았고  줄거리도 그만하면 두시간 남짓의 시간을 엮어가기에는 알맞은 깊이  감동 등을 갖추었다고 봐요. 보러가세요
0, 우웩~불법다운으로도 안봐야 할 1001가지 영화중 으뜸
1, 휴~~~~~
5, 솔직한 평입니다. 영화 별로입니다.^^  내용 엉성합니다. 그냥 끝나고나서 한말 탑은 참 잘생겼다.
3, 그냥 저냥.... 탑 팬들은 재밌겠더라. 이건 뭐.ㅋㅋㅋ탑 혼자 다 슈퍼맨.ㅋㅋㅋ
8, 최승현은 아이리스1에서 킬러역이 더 잘얼울린듯 그때 연기참 잘한다고생각했는데 역시실망시키지 않네요 근데 빅뱅 그룹으로 노래할때가 제일 멋있는것같애요
7, 영화 내용은 뭔가 엉성하고 말도 안되는 부분이 없잔아 있었지만 탑의 연기는 볼만했던거 같아요
7, 액션은 볼만했고 탑도 잘생겼는데 스토리는 별로였다. 뭔가 탑화보 본 느낌
10, 한순간도 눈을 뗄수없을만큼 최승현이라는 배우의 돋보이는 매력을 잘 살려낸 영화라서 인상적이었고 왜 다들 카리스마  눈빛하면 최승현을 말하는지...이 영화에서 잘 보여준것같아요 감성도 좋고 액션도 좋고 최승현이라는 배우의 매력에 더 빠졌던 영화같아서 저는 좋았습니다
10, 연기도 생각보다 괜찮고 스토리랑 구성도 좋았네요ㅎㅎ
10, 최승현군 액션영화 하면 잘할수 있을거같아요 드라마(아이리스) 밨는데 넘 잘하더군요 ㅋㅋ 노래면 노래 춤하면 춤 못하는게 없는승현 이자나요
4, 그냥 시간 보내고 나옴ᆢ
1, 연기 형평 없었어여..  2주에 한번씩 영화관 가서 보는 입장에서. 올해 최악의 영화 내용도 연기도 모든게 최악..
7, 은밀하게 위대하게를 진지하게 만들어 놓은 느낌이었어요...그래도 액션과 분위기가 긴장감있었어요^^
10, 정말기대안했는데 재밌네요 진짜! 그냥 잘생긴배우나오는영화려니 생각했는데 내용도 담백하고 완전 느와르영화예요 ㅋㅋ 탑연기 잘하네요 놀랐음 참으로 잘생겼네요~~~~어쩜그리잘생겼데요~~
10, 완전 보고 또 한번 반했다는 생각을 했어요~ 정말 연기두.. 첨 연기 할땐 완전 좀 그랬는데..ㅋㅋㅋ  영화 완전 잼있게 봤어요 ㅋㅋ
10, 재미가있네요
10, 액션신이 재밌었고 최승현 멋있으면서 연기잘했네요
8, 영화 구조 짜임새는 은위보다는 나았고  최승현 연기도 부담감없이 볼수 있었지만  스토리면에서는 많이 독창성과 몰입도가 부족 했던 영화. 마지막에는 관객들의 조소도 들을 수 있었다. 그러나 자극적인 액션을 즐기는 사람이라면 추천.
8, 요즘 난 영화가 다 그닥    음    깡철이보다 나은데    와   머랄까   탑이 멋잇네 란 영화
1, 배경은 남북 대결  내용은 조폭영화
6, 탑 알바생님들ㅋㅋㅋㅋㅋㅋㅋㅋㅋ 열심히 사시는 모습 보기 좋습니다. 알바생들 노고때문에 별한개 추가로 드립니다.
0, 이런영횐에 10점을 주니  계속 쓰레기같은 영화가 나오지여자들은  영화를 못보게 하던지  평점못주게  하던지잘생긴 남자만  나오면 점수 투척하고있네
8, 화려한 액션은 아니었지만 흥미진지한 내용과  탑의 연기력이 더해져서 재밌게 봤네요.
1, 은위랑 비슷하면 그게 영화냐.... 그냥 여성전용관에서 사영하는게...
8, 냉정히 평가하자면 스토리는 별로였다..그래도 시간 가는 줄 모르게 집중해서 봤고 탑님이 연기도 잘하고 멋있고 귀엽게 나오셔서 좋았음♥
0, 종북 영화
10, 하.......손에 땀을쥐게하는 영화였던만큼 단순 자극적인 액션이 아닌 남매의사랑과 감동도 있었어요 ㅎㅎㅎ 보는이마다 감상평은 다르겠지만 개인적으로 참 좋았습니다 ^^
10, 탑이 연기를 잘했음. 동창생이라는 영화를 보면서 은밀하게 위대하게랑 비슷했다는 생각도 하지 않았음. 고로 10점.
10, 탑연기  훌륭했어요~~ 슬프기도함
3, 더도 덜도 말고 딱 최승현씨의 팬픽같은 영화였어요. ^^;;;;;
3, 알바가 너무 많다... 진짜재미없음
10, 스토리는 약간 빈약한감이있었고 유정도 별로 안나와서 아쉬웠지만 탑의 연기는 정말 충격이였다.대사도 별로 없는데 눈빛연기로 113분을 채울수있다는게 대단했다. 나중에 대사도 어색하지않은 어눌하지않은 음색으로 말한다면 눈빛과 시너지 되서 얼마나 더 어마어마해질지 기대된다.ㄷㄷㄷ
9, 탑의연기가정말 인상 깊다 현 아이돌중 연기 젤 잘하는듯
10, 뻔한스토리여도 최승현여기잘한다
10, 최승현의 연기가 빛을 발함 편견이 있었는데 싹 가심
10, 연기를 너무나 잘해서 재밌습니다. 역시 최승현입니다.
10, 내용도 좋았지만 내용보다는 기대하지 않았던 탑의 연기가 좋았습니다. 탑의 연기력을 이끌어낸 감독님께도 칭찬을 드립니다. 물론 다른 연기자분들은 원래 베테랑들이라...
10, 감사합니다
8, 탑을 위한 영화 근데 슬프네
0, 중간에 잔 영화는 심형래 디워 다음이 처음이다 ㅋㅋ
10, 탑의 연기..멋있었어요..과거를 다시 되돌려보는 계기가 되었네요
7, 탑은 쪼금만 더 노력하면 대성할 배우로 여겨짐! 그 목소리  눈빛...멋있어요! 영화는 보통이었음.
0, 일반 회원0점.....ㅋㅋㅋ
10, 영화 정말 재밌게 봤습니다 ㅎ 사람마다 다르겠지만 액션영화좋아하시는분들 보심되실듯 ? ㅋ
10, 보면서 울었다
10, 탑 진짜 연기 잘한다 ㅜㅜ 잘생기고! 영화보러 갔다가 눈호강 하고 왔네!!
8, 아쉬운 부분도 없지 않아 있지만 그래도 꽤 볼만했으니까 ㄱㅊ
10, 액션신은 진짜 장난아니더라 영화 자체도 기대이상으로 재밌게 봤구
10, 배우들의 연기부터 감독의 연출까지 흠 잡을데가 없다
10, 생각보다 재밌던데??배우들 연기도 잘하고?
1, 솔직히 영화 더럽게 재미없다 탑팬들아 솔직해지자 이게 그렇게 재밌든? 그래 탑 멋있는거 안다 근데 영화는 쓰레기다 탑 연기도 아직 멀었고~~누구말처럼 뭔 탈북자가 일본사람처럼 눈썹밀고나오냐더라 무엇보다 김유정 거의 단역수준으로 나오고~~여배우 못생겨서 로맨스 감정이입안되고~~윤제문 그 명배우가 역할은 안습
4, 드라마보다 못하고만... 스토리도 엉성하고 스릴도없고... 배우들도 조합이 안되구...
10, 최고의영화그리고최고의배우들
7, 초반부에는 좀 지루한감이 있음..  중반부부터 마지막부분까지는 그런대로 재미있음 탑은 액션영화에 잘 어울리는것 같아요 마지막에는 좀슬퍼서 울었음  내용면에서는 단조로움
8, 탑 팬이라면 꼭 봐야하는 영화 ㅋㅋㅋㅋ
10, 영화만 봐도 얼마나 고생 했는지 보여요..스탭분들이랑 배우분들 모두 다 수고 하셧습니다^^
8, 배우 연기 연출 다 좋았는데 스토리가 좀 아쉽네요
9, 재미도 있고 감동도 있고 ㅎㅎ 재미와 감동 둘 다 잡은 영화
10, 같은 남자가 봐도 멋있는 T.O.P
10, 은위랑 비슷하다길래 안볼라고 했는데 전혀 안비슷하고 동창생이 훨씬 재밌더라ㅋㅋ
10, 주연들 뿐만 아니라 조연들까지도 내가 좋아하는 윤제문씨랑 조성하씨!! 동창생 너무 재밌었당
10, 리명훈ㅜㅜ짱 멋있어 진짜 탑 짱
8, 내가 여태까지 본 북한 소재의 영화 중에 젤 재밌었어여~
2, ㅋㅋㅋㅋㅋㅋㅋㅋㅋㅋㅋㅋ여기 알바들 많네 ㅋㅋㅋㅋㅋㅋㅋ난 보다가 졸았다 ㅋㅋㅋㅋㅋㅋㅋㅋㅋㅋㅋㅋㅋㅋㅋㅋㅋ
10, 탑 짱
9, 19살 소년이 동생을 위해서 뭐든지 다 하는것 보고 진짜 감동이였다..저런 오빠가 진짜 있을까
10, 배우들 연기도 잘하구 스토리도 흥미롭고 여태까지 봐왔던 북한 소재의 영화중에 젤 재밌었어요
8, 은근 볼거리도 많고 재밌어씀 ㅋ
10, 영화 은근히 꿀잼..액션신도 멋있어땅
8, 예고편만 보고 꽂혀서 본 영환데 보길 잘한 듯
9, 113분 동안 지루하지도 않고 푹 빠져서 봤습니당 윤제문씨 져앟ㅎ
10, 원래 탑 안좋아하는데 동창생보고 반했어요+_+ 연기도 잘하고 되게 잘생겼더라구요_)_)(
10, 하..기다린 보람이 있다 탑 연기 왜케 잘하는건데..완전 머싰어ㅠㅠ
10, 몰입도 대박..진짜 시간 가는줄 모르고 봤어요!!봐도 후회 안하실듯!!
9, 뭔가 영화에 임팩트가 없었지만 그래도 재밌게 봤으니 만족한다
10, 어색할줄 알았는데 전혀 어색하지 않았던 탑의 연기와 감동적인 스토리~~
10, 김유정이 비중이 적은것만 뺴고 다 완벽했다ㅋㅎ
10, 가벼운 영화가 아니라서 좋았어요 묘한 재미도 있었고 볼만하네요
9, 탑 연기 의외로 좋았다 한예리는 너무 매력있어
10, 지루하지도 않았고 흥미롭고 재밌던데요?
10, 재미오 ㅏ감동 둘 다 잡은 영화!!!!
10, 은위보다 훨씬 재밌음 ㅋㅋㅋㅋ비교하는 사람 많던데 영화에 내용도 있고 의미도 있었음
10, 갠적으로 기대이상으로 괜찮게 봤어여! 배우들 연기도 좋았고 스토리가 뭔가 아쉽지만 그래도 가정이입 하면서 재밌게 봤습니다!!
10, 최승현 때문에 보긴 했지만 영화도 재밌었어요ㅋㅋ욕할정도는 아닌거 같은데 이 정도면 훌륭한 영화
8, 솔직히 미친듯이 재밌지도 재미없지도 않았다 딱 그냥 볼만함
10, 별로라길래 별로 기대 안했는데 생각보다 재밌었음;ㅋ
10, 탑의 무표정한 눈빛 연기 최고였어.정말 이건 영화였어 !!!기술자라고 부르네 ㅋ 팬들도 엄청 많이 와서..최고의 연기를 보여준 것 같아..
10, 꺄
7, 지루하지는 않은  그러나 딱 킬링타임용 ㅋ  탑 의외의 연기 요올~~  한마디로 탑의 팬서비스용 영화라고나 할까~~~  다만 교복 상위가 터질것 같음..  (남파 할라꼬 근육 얼마나 키운거이가~)
9, 뻔한 스토리이지만 탑의 연기와 중후한 목소리가 일품이었고 영화내내 잔잔한 재미가 있어서 좋았어요.
0, 진짜 재미없음 왕짜증
2, 쓰레기 영화
8, 탑의 연기 정말 좋았어요 영화내용도 넘 가슴아픈 사연입니다. 잼있고 감동적이고 탑이 살았으면 좋았을걸... 늘 끝이 해피가 좋아서겠죠
0, 로근인하게  만드내  지미  영화보는눈니  다뺴었나  주인공을위한  영화  꽝이당   아바들아아  좀작작설처라    이건 머   간첩이야기  이젠지겹다  아바들이  무지띠우내  노래만하지  연기한다고  지랄이여  노래도못하는게  연기는대것냐  어설픈연기력으로  얼굴로카바하내  ....우리나라  영화가  썩어간다
8, 46남_각사람마다 관점은 틀리지만 저는 관람평보다는 괜찮네요_최승현씨의 연기력도 예상보다는 괜찮고_스파이보면서도 느꼈는데 한예리씨 매력있네요_김유정씨는 등장횟수가 적은게 아쉬움_회유 약속 배신  이 시대의 현실_왕따무리들은 삼청교육대 수준의 1년 특훈필요함!
1, 내용이 너무 어거지에다 늘어진다....
10, 최승현..... 눈빛이 아직도 ㅎㄷㄷ ...... 대배우 발견 예감
0, 맨날 북한 간첩 미화하는 영화 신물난다    우리나라 영화계는 이상하게 약속이라도 한듯~  경찰 군인 비밀요원이 젊고 멋진 배우가 정의와 적국에 맞서는 캐릭터가 나오는 영화가 거의 없음    멋있고 재밌고 친근한 북한 간첩 캐릭터 주인공만 나오는 영화가 대부분 참희한해ㅉㅉㅉㅉㅉㅉㅉㅉㅉㅉㅉㅉㅉㅉㅉ
8, 아직도여운이남는다 눈빛이넘매력적이야~연기도굿암튼재밌게봤어요
1, 팬이면 봐라
4, 웬만한 개봉영화는 다 보는 편이라 영화에 대해 기대치가 크게 높지 않습니다만 동창생은 금년에 본 영화중에 재미없는 영화 다섯손가락 꼽을 정도입니다. 주연배우들 연기력은 나쁘지 않은데 감독 연출력이 정말 꽝입니다. 은밀하게 위대하게 보다도 액션씬도 떨어지고 그렇다고 코믹도 아니고 감동도 어정쩡하고 돈아까워
4, 알바들 좀 심하네;;  돈 내고 볼 만큼은 솔직히 아니었다;;;  걍 드라마 수준
9, 많이들 별로라길래 기대안하고 봤더니 생각보다 괜찮았다. 액션씬 멋있었고  눈물씬은 아련했다. 결말은 어쩔 수 없었을 듯 싶다. 난 매우 만족!!
5, 으음 짜임새가 너무엉성하고  탑은 멋있더라
10, 오늘보고왔는데너무재밌었어요
10, 탑 연기 대박 . . .;
8, 오늘 보고왔는데 탑 연기잘하더라~ 마지막이좀..그랫지만 액션씬도 볼만했고 탑연기많이늘었음 ㅎㅎ 강대호!! 리명훈 ㅎㅎ
0, 예매해서 보려했는데 알바가 너무 많아서 예매취소했다...정말 가증스럽다.. 이름 클릭하면 전부다 동창생 하나만 봤다...정말 딱 하나만!! 그래서 안볼래!!
4, 제목을 차라리 어버이연합으로 하지 그러냐
10, 영화 보는 내내 무대위의 탑이 아닌 어린 나이에 많은 짐을 져야 한 리명훈만 보였음..아무리 훈련을 받았어도 고등학생이었는데 얼마나 무섭고 의도치 않은 방향으로 돌아가니 뭘 어떻게 할 줄 몰라하는 명훈이 연기 너무 좋았음...액션과 조연들의 연긷 너무 좋음....감독님은 아직 신인이라 이해함..
6, 탑만보여~~~영화는않보여...탑으로시작해...탑으로끝나는영화...탑이아니었다면...이영화의운명은??
8, 눈빛이 너무 슬프다. 그리고 멋지고  한예리 이쁘고^^  조성하는 많이 악해졌어야 했는데 그렇진않고... 액션이든 드라마든 한쪽에 무게를 실었더라면 더 재밌었을듯...
10, 말이 필요없을 정도로 완벽한 영화다.
10, ...재밌던건...나 뿐인가......ㅅㅂ......
7, 탑 연기는 좋았는데ㅠ  근데 영화전체적인 전개나 스토리같은건 뭐 그냥.... 잘 보긴했는데 또 보고싶지는 않은영화
4, 음..
0, 다 알바인가 ;; 이해가 안가 재밌다는사람 내가 원래 이런댓글 살면서 달아본적 없는데          너무재미 없어서 단다 ㅋㅋㅋㅋㅋ 영화끝나고 당황한적은 처음이다 ㅋㅋㅋㅋㅋㅋㅋㅋㅋㅋㅋㅋㅋ 멘붕 개 잼없어
7, '은밀하게 위대하게' 다크버전.
10, 역시 주연급 최승현 bbbbbbbbbbbbbb
7, 뻔했지만  나쁘진 않았다. 딱 탑 최승현을 위한 영화던데  액션신 괜찮던데  좀 더 있어도 좋았을듯  쫌 아쉬운 느낌?!
10, GOOD
10, 배우최승현 노래하는게 생각이 안낫어요....
10, 영화만 봐도 스탭들이나 배우들이 고생한게 느껴지네요ㅠㅠ고생하셧습니다
9, 기대이상은 아니지만 그럭저럭 볼만했음
10, 최승현 연기 진짜 잘하더라
8, 진짜 그냥 딱 탑을 위한 영화ㅋ
6, 간첩영화 시나리오가 한계가 있네요 슬픈감정을 유도하려 했지만 슬프지도 않고..
7, 재밌다 은밀하게 위대하게를 보는듯하다. 우리가 몰랐던 정권의 모습과 그에따르는 공작원들의 관계라던지 역사의 반증을 해서 좀 몰입도가 높았다. 격투신과 여러가지 학교생활씬은 예상처럼 재밌없다. 배우들의 연기는 어색하지 않고 너무 잘 소화해서 좋았다.
10, 진짜 왜 다들 탑.탑하는지 알수있을듯 연기도 어색하지않고 스토리도 좀 뻔하긴 하지만 오글거리거나 싱겁진 않았던것 같다 진짜 아침부터 눈호강 제대로...ㅜㅠㅠ 목소리와 얼굴과 기럭지가 잘 조화된모습ㅎ 눈물이 맺힌 초롱초롱한 눈빛에 숨멎ㅜㅠ 근데 김유정보다 한예리가 더 훨씬 많이나오는데...
6, 최승현 어깨 내려앉겠다. 지나칠 정도로 최승현이라는 배우 하나에 포커스를 맞추는데 그렇다고 해서 영화가 하나의 이야기만 하는 것도 아니고 엄청나게 산만하다. 한예리는 예쁜데... 김유정은 왜 한예리보다 많이 나오는 것처럼 홍보하는 걸까?
10, 생각보다 영화가 진지함. 가벼운거보다 좋았네요..탑 한예리 연기도 좋았어요. 액션씬 좋던데 더 많았어도 나쁘지 않았을듯
10, 난 탑 빠수니라 그런지 너무너무 재밌게 잘봤다 ㅋ 액션짱!
9, 연기가 생각보다 어색하지 않아서 집중해서 볼수있었다. 재미있게 봤음
10, 기대를 안하고 봐서 나름 괜찮네요..
8, 볼만함
0, 와 알바 쩌네요 ~ 우릴 바보로 아나
2, 백프로 실패할것같은영화
10, 나도 보고싶은데 시험기간ㅠㅠ
0, 제목은 동창생인데 내용은 여동생이 더 어울리는 그닥제미 없는 영화 한석규.고소영 나오는 이중간첩.김명민 간첩.송강호 의형제.원빈 아저씨 짬뽕한영화
9, 최승현이 길거리에서 오열하는 장면에서 나도 모르게 눈물이 주르륵...멋지게 울지 않아서 더 와닿았던 것 같아요. 영화는 좀 느슨하고 심심한 면이 없지 않지만 최승현의 연기만큼은 top였네요
0, 아직 못봤다.
8, 한예리 연기 GOood~! 최승현과도 잘어울렸어여~ 다음 연기도 기대합니다.
10, 아이돌이라서 기대도 안하고 친구 따라 그냥 간건데  최승현이란 사람한테 반해서 나옴  원래 이리 멋진사람이였나
0, 알바생 또 설친다. 정말 이렇게 까지 하고 싶냐? 가식적인 것들 같으니라구. 댓글 다는 놈들이나 달아달라고 돈 찔러주는 놈들이나 다 쓰레기들. 마이너스 존재들.ㅋㅋ.
10, 은위보다 더 재밌었고 더 진지하고 감동도 있음
9, 감동과 재미를 한번에 느낄 수 있는 영화 동창생
10, 솔직히 뻔하긴 했는데 그래도 재밌었다 영화에 의미도 있고 생각보다 재밌게 봐서 10점
9, 은밀하게 위대하게랑 비슷한 소재긴 한데 동창생이 더 재밌긴함
1, 한국영화는 폭력 조폭  욕  살인... 이런거 안하면 영화 못 만즈나요? 사람들이 보고 배우고 그걸 미화한단 말이에요.  실제로 살인들을 너무 쉽게하잖아요. 해도 10년만 살고 나오면 되니.. 쩝
10, 예전에 봤던 영화 은밀하게 위대하게랑 약간은 비슷한 면도 있는데  빅뱅 탑이 아닌 배우 최승현의 연기 그리고 여동생과 전화 통화하는 장면에서 나도 모르게 울컥하는 감정까지 최근에 많은 영화를 봤지만 동창생은 진짜 최고다.
8, 명훈이 감정선을 따라가면 당신 울컥할것이며  다음날 계속 그가 생각나면서 또다시 울컥할것이다.
10, 간지 작렬! 최승현의 액션 연기 굿굿!  멋지다! 재미있다!
10, 감동도 있고 재미도 있었지만.... 최승현이 아주 끝내주더군요! 꼭 보세요! 배우 최승현!!
10, 난 은밀위대.. 노브레싱.. 보다 이게 더 재밌던데...
1, 공짜표로 봤는데 ㅋㅋ 보다 중간에 나왔다 ㅋㅋㅋㅋ  이걸 영화라고 ㅆ ㅂ ...........
10, 가수들 중에 탑이 연기 젤 잘하는거 같다ㅋ특히 눈빛연기ㅋㅋ
6, 많이 아쉽다     이 내용도 상상대로 흘러가는 내용 탑 연기는 나름 좋아습 탑도 연기 하나는 잘하네 ㅎㅎ 근데 너무 내용을 강하게 끌어갈려는 느낌 전체적인 구성은 뭐가 아쉽고 내용 흐름은 좋은데 뭐가 강하게 끌어갈려는 느낌이 지루함    
9, 영화 잘 모름   그러나 은위보다는 훨~  굿 암케두 스토리바 비슷한께 비교는 되더만 근디 은위 2 는 영화루 만들지 말지.. 이런 쉣
10, 재밌어요.
0, 시대가 어느땐데 아직도 이런 영화를 만드냐.
4, 뭔가 아쉽지만 탑의 연기는 좋았다. 물론 그 만의 영화라는 점이 눈에 거슬리기는 하지만 살아있는 눈빛에 뭔가 비장미까지더해지는 그러나 이야기의 진전은 새롭지 않은   그래서 부족함을 채우지 못하는 아쉬운 영화였다.
2, 발로만든영화!!!!!!!!!!!!!!!!
1, 와~~이거 80년대 연출스타일 아닌가? 보다가 손발이 오글오글... 아예 작정하고 아저씨 따라하던지...어설프다 못해 보기 안스럽다
8, 딱 큰 뭔가의 스토리가 없음... 그냥 술렁술렁 흘러가다가 끝난듯 그런데 재밌었음 움찔움찔 심장 떨리는 맛도 있고 은근 웃긴 것도 있고...
10, 최고의연기   잘생긴 최승현  액션두 연기력두~~느무조아   넘잼나게  봤어용  ㅎ
2, 스토리 액션 연기 모두 엉망진창인 영화. 안 보길 강력하게 권고한다
10, 역시 T.O.P
6, 뭔가 많이 심심한 영화!!!!! 아저씨같은 임팩트는 없고  의형제보다 더 느슨하다. 우리 대호동지 북한말 했다 서울말 했다  뭔가 어색함
10, 신파적인 내용만 있는 줄 알았는데 아니네요. 재밌었어요 ㅎㅎ
3, 알바인가..팬덤인가..너무하네.. 솔직히 최악이다..감독이 캐스팅만 열심히 했네..
10, 탑의 눈빛이 잊혀지지 않아요. 아직도 마음이 아프네요 ㅠㅠ
10, 탑 너무 멋있고 연기도 잘하네요. 동창생 대박날것 같아요 ㅎㅎ
10, 탑 팬이라면 꼭 봐야되용ㅋ
10, 읭? 재미없을줄 알았는데 생각보다 재밌어서 놀람..
4, 나 탑 되게 좋아해서 봤는데..음..이영화가 뭘말하는지 참...이것저것 다 담으려다 너무 난잡하게만들었다는 느낌이고  탑연기도 개인적으로 포화속으로때는 좋다고 느꼈는데 첫대사부터 북한사람인데 표준어 쓰는느낌에 중간에 칼맞고 깨어났을때는 영화관에서 사람들이 웃더라...영화도 오글거리는게 너무 많았어 ㅠㅠ
0, 가수나 하세요
6, 어디서많이본장면..어디서많이듣던대사..진부한스토리와뚝뚝끊어지는전개방식이아싑다
10, 최승현연기진짜 너무좋았고 되게 집중하면서 본 영화에요!!!
10, 보지도않고악의적평점.. 일년치시간을쏟아부은엑기스영화다 안보면후회할숨은의미찾는재미+가슴속깊은여운 최고다!!
10, 오늘 개봉하자마자 봤는데 재밌었어요.. 특히 최승현연기 넘 좋았고요.. 보고 실망하진 않을것 같아요
2, 오늘 개봉하자마자 보러갔는데 탑 연기랑 김유정 연기는 논외로 하고 스토리가 진짜..오랜만에 여자친구랑 나오면서 "아..ㅋㅋㅋ진짜재미없다"서로 말했습니다 ㅠㅠ 휴 아깝네요 배우들이 ㅠㅠ
0, 요즘은 반공영화가 이렇게 나오네요
7, 최승현씨 볼려고 하는 분들은 좋을 것같고 김유정양은 생각보다 분량 적고 중간중간 감동의 요소는 있었으나 짜내려는게 티가났고 보면서 좀 지루한면은 있었어요.. 은위보는 듯한 느낌도 들구 연기는 나름 몰입되어 괜찮았어요.
0, 보다 나왔다
10, 팬으로서 뻔한 스토리는 인정! 공작원  희생 등...하지만 최승현의 연기는 10점만점! 눈빛  눈물  감정  액션 정말 스크린 꽉채우는 아우라!! 가수를 넘어서 연기자로서도 너무너무 기대되요!
10, 재밌게 잘봤습니다~! 기대이상으로 몰입도가 좋았고  연기도 거슬리지 않았습니다. 동창생 화이팅!!!!
0, 정말 재미없다. 처음과 끝만 기억나고 중간엔 지루해서 잠오드라 감독이 너무 많은걸 담으려고 했던데 내용초점을 어디에다 두고 봐야할지 모르겠더라 특히 북한부분 스토리라인은 너무 허접해
0, 포탈사이트 평점은 조작평점이라~~ 평점은 빵점줍니다.   한마디로 어이없는 정체성없는 TV로 방송할 때 봐도 되는 영화입니다. 극장에서 보시려면 비추~~!!!
10, 오늘 동창생 봤는데 최승현 연기 짱 좋았음!!!액션 짱!! 신인 여배우 연기도 나름 괜찮았고  김유정 좀만 더 나왔으면^^;
6, 음...일단 좀 아쉽다고 해야되나??  뭔가 영화를 보고나서 굉장히 허전했고요 근데 탐은 정말 연기 잘한거 같아요! 그점은 높이사주고 싶지만 결말이 너무 허무하고 이야기가 약간 뻔한듯한 느낌이 있어서 6점입니다! 제생각이지만 영화표 7000원이 살짝 아쉽네요 ㄷ
10, 잘봤습니다 예술입니다!!!
8, 탑의 영화다 잘봤다
10, 틱하고 어디로 날아가면 톡하고 나타나고 어느틈에 탑정상에 가잇는 최승현@ @
10, 최승현의 눈빛! 액션이 기대됩니다!
10, 진지하고 찡한 영화라던데 궁금하네요!
10, 생각보다 진지하고 생각하게 하는 영화였어요. 액션도 멋있었지만 탑 눈빛이 제일 기억에 남네요
0, 알바새퀴들아 댓글달면 영화사에서 돈 얼마나 주냐?
0, 이것도 영화라고... 노브레싱 꼴 날듯..
0, 아저씨 따라하냐 ㅋ 발톱의 때도안되
0, 돈은 벌겠다 빠순이들이 쪽쪽 빨아주니 ㅋㅋ
10, 보러가야지!!!
10, 탑 오빠 화이팅!!!!
5, 중간까지는 좋았는데....  감독이 바뀌는사이에 그냥그런'은밀하게 위대하게' 아류작이 되버렸다. 아 ~~~ 타비 아까워서 어쩐댜?
10, 빅뱅의 맏형 탑이자 연기자 최승현 기대할께요! 화이팅!! 개봉하자마자 보러가야짛ㅎ^&^
10, 시사회 보고왔는데 진짜 재밌습니다!!
10, 최승현 대박♥♥♥
10, 빨리보고싶은 영화인것같아요.
10, 어서 보고 싶네요 :) 최승현씨 연기 기대되요! 포화속으로에서도 잘하셨으니까 기대해도 되겠죠? :)
10, 시사회 끝나고 탑 연기좋았다는 말들이 많네. 얼른 보고 싶다.
10, 탑은 진짜 배우느낌 나네요 재밌어요
4, 한예리;; 이름도 없는게 매너도없다.
1, 아저씨 - .-;;;
4, 아저씨...ㅋㅋㅋㅋㅋㅋㅋㅋㅋㅋㅋㅋㅋㅋㅋㅋㅋㅋㅋㅋㅋㅋㅋ
0, vod랑 동시에 나오나 흠
1, 일단 빅뱅팬들  YG직원들  탑친구와가족들......은 볼꺼아녀?...그 외엔 누가 있지....
10, 탑의 연기는 사람을 기대하게 해!!^^ 개봉날이 기다려 지는구나!!^^
0, 그냠 탑이 싫다.
4, ...
10, 탑도좋고 한예리도 좋고... 기대중
2, 예고편만 보면 '아저씨' 보는 것 같던데.. 청소년판 '아저씨'
10, 최승현 홧팅
2, 예고편 3개 보면 답 나온듯.. 평타이하로.. 빅뱅팬들은 볼 듯
10, 꼭 보러갈게용~~~~~~~~~~~
10, 연기가 너무좋네요 방금 보고 나왔습니다
1, 휴~~
10, 완전기대댐 탑완존멋져
10, 탑이다
10, 이왕이면 3월에 개봉하지.ㅠ 결국 못보는구나.ㅠ
10, 좋은 영화이길 바랍니다!!
10, 기대되는 영화 빨리 개봉되었으면...
7, 탑의 연기력으로 예고편을 보는 내내 몰입이 잘 안되는 것 같다.. 본 영화에선 몰입력 있는 연기력이 펼쳐지길 기대해 본다.
10, 기대된닿ㅎㅎㅎ
2, 대박은 쫌 ~ 힘들겠고~  빅뱅열팬들은 가서 보겠네 ~
10, 보고싶구낳ㅎㅎㅎ
10, 김유정 짱!
10, 와아아아아아ㅏㅏ!~
10, 예고편보니 기대가 소록소록~ 빨리 극장으로 gogo!
4, 영화 스틸컷이랑 예고편만봐도 개망삘.. 왜 이런걸 찍었어 탑 .. ㅠㅠ
10, ♥TOP♥제가꼭보러갈께요~~~ 2013년 하반기!! 진짜진짜 기대되는 영화!!!!><재밋겠닿ㅎ
10, 빅뱅 탑이 나오는 영화 동창생!!!!기대 되요 빨리 개봉했음♥
3, 연기력은 모르겠지만 내용은 진짜 뻔한....짜증나는 전형적 이야기
1, 겉멋만들어보이는 탑씨!진정성이 있을라나?무슨생각으로 이런사람 주연으로 쓰는지;;;;
10, 기대함
10, 기대됨
10, ㅎㅎ
8, 탑빨
9, 실망을주지않는  탑
0, 아이돌은 연기 그만했으면 좋겠네
10, 최고
10, 대박~대박~~~여주  남주 실력아니까~^^
10, 얼마나기다렷는데 ㅠㅠㅠ
10, 최승현과 김유정의 콤비가 과연 어떨지 많이 궁금하네요
10, 너무 기대되네요!! 4번이고 5번이고 꼭꼭 챙겨 보겠습니다!ㅎ
10, 엄마아이디지만 진짜 동창생몇달전부터기다렷는데 ㅠㅠ드디어나오다닝!!!!!!11
0, 아직 개봉도 않됬는데 왜 2012라고 써져있어요??? 바꿔주세요
10, 빨리 개봉했으면...ㅠㅠㅠㅠㅠㅠ
10, 동창생 12월달에 개봉한다는데요?? 아닐수도있고요..
10, ㅠㅠ빨리개봉했으면..
0, ㅋ
10, 왜 개봉도 안했는디 2012년이라고 되어있는 겁니까ㅠㅡㅠ 완전 기다리고 있는데... 얼른 개봉해 주셈요~
10, 도대체 언제 개봉하는거야ㅠㅠ
10, 탑 사랑한탑!턴 잇업 라운드
10, 티오피 클래스
10, 탑오빠나오는데 꼭봐야지!!!!오빠가나오니깐 틀림없이잼있을꺼야!!♥
10, 재미짐!??
10, 아 꼭볼거야 탑
10, ㅇ
10, 최강 탑오빠 힘내세요^^♡
10, 재미있을꺼가틍ㅠㅠ빨리보고십으
10, 너무재미있엌
10, 언제나오냐ㅠㅠ 최탑팟팅!!오빠에겐빂이잇어용♥
10, ♥
10, !
10, bb
10, 우오오오오!!!!!!!!탑나오면 꼭 봐야지
9, 탑.. .♥
10, 오..나오면 꼭봐야지
10, 최승현과 동영배의형과의 멋진 연기 정말정말 기대하겠습돠~~^^
10, 탑 짱 화이팅
10, 기대기대
7, 저희 학교에서 촬영했는데 스탶들이 예의를좀 지켜주셨으면 하는 바람이..ㅋ 사생팬들 통제도 제대로 못해서 괜히 공부하고있는 학생들까지 욕먹고 기분이 나빳어요
10, 벌써부터 기다리는중!!!
10, 0
10, 지금 울동네서 탑 촬영 대기중... 엄청 기대 됩니다^^
10, 기대기대!!
10, 와정완전 기대!!!
9, 탑넘조아~~ 김 유 정 싫 어 김유정 때문에 반점
10, 내가 좋아하는 탑 김유정 한예리 조성하아저씨 다나오네 그리고 박신우감독님 미성년자관람불가 감명깊게봤어요..이영화 꼭봐야지
10, 우왕탑탑탑ㅠㅠㅠㅠㅠ꼭봐야지!!!!!!!!!
10, 오오오......탑느님...
10, 내 남자(가 됬으면하는) 탑이나옵니다ㅠㅠ꼭봐야즤ㅠㅠㅠㅠㅠ
