2, 나는 후하다. 2점 준다.
9, 최면유도 손짓으로 시작하는 영화. 보리스라는 인물로 형상화된 시에스타 주도의 게임  왜곡된 환상을 심어주는 도구가 주인이된 도시. 현실과 이상의 갭만큼 커지는 파란약의 유혹. 연기 미술 음악 최고  보르헤스적 미로  정답 없는 수수께끼. 김수현이 빠졌을 늪이 걱정되는 부작용  코믹 생활 연기로 털어버리길.
10, good movie
3, ᆞ
0, 다음에는 0점도 있구나
0, 이런 영화를 줄거리 요약할수있다니 신기함 정말 똥인지 된장인지 분간안가는 영화
0, 진짜  마이너스   평점 주고 싶다ㅡㅡ
1, 중간 갈때까지 무슨 내용인지 모르겠음.
7, 심하게 저 평가 받고 있어서 기대없이 공짜로 봤다. 돈 주고 볼껄!  난 기대 이상!! 몰입도  뛰어나고 연기자들 연기 좋다(설리도 기대이상) 난 잼있다!
1, 0점 주려다 별 색깔 구분 위해 1점 줍니다.  뭐 이딴걸 영화라고....
0, 감독 새끼는 김수현 성동일 한테  석고대죄 해야함.
1, 배우가 아니라  시나리오나 감독이 얼마나 중요한 가를 다시 일깨워 주는 영화 내 생애 감상한 최악의 영화중 하나... 시간이 아깝다...
1, 진짜  참담하다.  영화 중반쯤 부터는  보는 내가 마약에 취해 제정신이 아닌 것 같은 착각에 어지럽다.. 진심 감독인지 사촌형인지 제발  앞으로 김수현은 끌어들이지 말길..배우들이 고생한거 같아서 그나마 1점 준다. 그리고 투자자들....애도를 표합니다.
0, 인생최악의 영화
1, 감독이 실컷 덕질하고 싸놓은 분비물
1, 영화도 아닌 쓰레기
1, 중국 영화인줄...사실감 없는 cg  엉성한 스토리  어설픈 연기 요근래 우리나라 영화에서 보기드문  걸작...이런 걸레 같으니라고
1, 별 1개도 아깝메요.  카지노 이야기 인지.  약쟁이의 이야기인지. 기자가 취재를 하려는건지. 뭐 인지 도통 모르겠음
9, 그런대로 괜찮았어요. 딴 느와르보다 훨 낫구만 심오하긴한데 김수현씨 액션 쩔구 연기 잘하시고 설리씨 넘 이쁘네요 딴 배우님들도 워낙 연기고수분들이라~~ soso
2, 끝까지 보지않고 평가하는거는 아닌거같아 끝까지봤으나~~~ 제가 이해력이떨어지는걸까요??? 무슨 내용인지 모르겠어요~~ 나중에드는생각은 영화가 나에게 최면을 걸고있다........ !!!!! 좋은 배우들로 이런영화를 만들다니 안타깝네요~~~ 배우들모두 연기를 잘 해서 그나마 볼만했으나 배우빼고 영화는~~~ ????
1, 전문가 리뷰에 두번이상 보라길래.. 세번째 보는 중..네번봐야하나....
0, 손해배상 청구를 유발하는 영화 감독 배우. 모두 정신을 차리고 은퇴하셨으면 하는 생각이 드는 영화
0, 김수현씨    그런연기  하고싶어요? 대본봤을텐데ᆢᆢㅜㅜ 이미지가 너무  흐려져서  아쉽습니다 감독이야    실력없는   감독이라  앞으로  안보면  그만이지만ᆢ오랜먀에    선택한  영화일텐데 ᆢ  어찌  이런영화에  출연힐  생각을ᆢㅠㅠ
3, 출연진들 개개인은 연기를 잘하는데 스토리가 ㅂㅅ이라 망한 영화. 오로지 감독 탓. 이게 영화면 나는 문재인이다.
2, 2시간 넘게 허세로 가득찬 cf를 본 기분. 서로 안어울리는 멋진 장면들만 욕심가득 긁어모아 전시하는게 무슨 의미가 있을까
10, 김수현의 연기 ㅡㅡ 이성민의 연기 하나는 굿굿 ㅡㅡ  감독의 능력치가 아쉬운 영화 ㅡㅡ 하지만 두 배우를 위해 ^^
1, 뭐 이런 거지같은 영화가....
1, 아.....김수현 왜 이런 영화에 출연했지? 이런 말도 안되는 영화에....
1, 내생애 이런 말도 안되는 영화는 또 첨...(리~~~얼) "설마 이게 끝?"했던 영화도 이게 첨 배우님덜 시사회때 얼마나 민망했을꼬~~ㅉㅉ
9, 무척 실험적인 영화라는 점에서 높이 살만 하다라고 생각합니다 신선했어요
3, 김수현씨가 왜 이런 영화에   흠
1, 아아아아아   이~~~~~~런
3, 설리가 안보여줬더라면2점 < 평점3점 < 설리가 더 보여줬더라면4점
1, 김수현이 시사회때 왜 울었는지. . 알겠다
0, 이건 뭐... 참...
4, 아무 생각없이 보고 있으면 끝날때쯤 그래도 볼만은 하네 라고 생각든다ㅋ 그나저나 김수현 연기 잘하네
0, 별점따윈 의미없다.   내 인내심에 감탄했을뿐.
0, 마약 선전하는 영화같다. 이건 영화감독도 마약쟁이인듯! 뭐 내용이없어 빅뱅이 협찬한 영화인가 ㅋㅋ 점수는 빵점짜리다
0, 이건 아니다
1, 누구냐? 캐릭터들을 다 꼬아서 굵은 동아줄을 만든게 감독둘이냐 아님 작가들이냐 ㅡㅡ;
6, 글쎄다... 그렇게까지 망작 괴작이라는 평가를 받을만한 작품인가 싶다. 프랑스 같은 유럽 영화 보다보면 이런 작품들 꽤 많이 있는데..
0, 배우라면 시나리오를 선택할줄아는 수준도 있어야함. 똥인지 된장인지 돈만보고 달려들면 안됨. 최민식 송강호 이런배우들 보고 배워야한다. 이영화는 대한민국 역사상 클레멘타인과 더불어 기리기리 남을 영화임. 근데 이렇게 폭망했는데도 설리는 여전히 인스타하네
2, 아니......  김수현이 왜......  이런...... 그 주옥같은  배우들이 왜......  이런...... 도대체 왜 이런......  영화에......
0, 내가 그래도 고생한 배우나 스태프들 생각해서 아무리 졸작이라도 1~2점은 주는 사람인데.... 이거 9~10점 준 사람들 때문에 걍 0점 때린다..... 심하다 진짜
3, 최근에 본 한국영화중  가장 재미없었네요...
4, 미술 2  눈요기  2.
0, 이게 뭔가요?
0, 비지니스에서 사람은 능력을 보고 택하는 겁니다. 사촌이고 나발이고 능력 안되면 에로영화나 찍어야지...  김정은이 보면 좋아할 영화인듯...
0, 영화보는137분보다 댓글보는137분을 시간가는줄모르고  잼있게봤네요
4, 가장 최악의 영화가 보면서도 도대체 무슨 애기를 하려는지 관객이 모르고 보는거다...이 영화는 감독만 그 의미를 알뿐 도대체 뭘 말하고 싶은건지 관객은 도통 모르고 본다는게 최악..영화를 개연성있게 연출하면서 반전 같은걸 잘 이끌어야 좋은 영화이지이렇게 몽환적으로 만든다고 좋은 영화가 나오는게 아니다...
0, 이런 쓰레기는 처음본다 내가 중딩때 청계천 가서 사서본 작가미상의 빨간책 보다도 못하다 이건 사기친거나 마찬가지다 그냥 이걸 볼 봐엔 멍때리고 하루 있는게 정신건강이라도 좋아지겠다   아마 이런건 다시는 경험하지 못할거 같다  나 같은면 쪽팔려서 영화계 에서 떠나겠다  감독이나 배우나 제작사나 다 돌아이들
2, 와 이 영화는 마치... 어떤 사람들 보면 자기 머릿속으로 한참 생각하다가 뜬금없이 옆에 있던 사람에게 "그렇지?" 물어봐서 당황스럽게 만드는 유형 딱 그런 사람이랑 2시간 동안 대화하는 느낌. 잘만 만지면 엄청난 몰입감과 스릴도 줄 수 있는 소재였고 배우들도 고급인데.. 아깝네
2, 미래지향적인 액션 느와르 장르...?? 쓰잘떼기 없이 러닝타임도 참 길고... 허세...작렬...겉멋에 잔뜩 도취하다...초반... 댄서들 퍼포먼스만은 정말 환타스틱 시강...
0, 설리가 짱이여 크 최강자X랑 또 딴 놈 크
7, 영화 시작하고 5분의 1 정도 봤는데  속도가 너무 느리고 오바가 너무 심한게 단점. 내용은 다중이중에 한명 죽이는건데 속도 좀 빨리 하고 제목처럼 리얼리티를 추구하고 힘을 쫙 빼고 찍었더라면 평타는 쳤을 영화. 김수현이  보는 맛에 7점 준다
10, 제작비는 얼마나 들었는지.. ㅉㅉ 당장의 관점보다 먼 훗날 평가받는 날이 올 거다. 4대강 생각이 납니다..
6, 그나마 3/4까지는 정말 집중해서 봤다.하지만  그 이후에는 솔직히 영화기법 난발하는 쓸데 없는 제작비 낭비를 엄청한 것 같았다.영화 개봉시 설리의 노출 같은 것을 통해서 이슈화하려고 했다가 실패한 케이스라 봐야 할 것 같고. 그나마 초기 영화적 시도에 인정을 해서 평점을 좀 올려주었다.후반에는 1분이 1시간 같다
9, ㅎ 하두 망했다해서  김수현 팬인데두 불구하고   극장에서  안보고  tv  4500원주고 봤는데 처음  볼때는  내용이 헷갈렸는데 두 세번 보다 보니 김수현 설리 참  연기도 잘하고특히 김수현님 일인이역 수고 많으셨습니다 재밌게 봤어요 사람들의 머리에 망작이라는 선입감을 심어준  기자 평론가 등 신고하고싶음
1, 이곳도 영화냐  시간과 돈이 아깝다.
0, 진짜 미쳤다..재미없어...
8, 난 이런풍의 영화를 좋아해서 그런지 몰라도 재미있게 봤는데ㅎ 막 흥미진진하진 않지만 나름 볼만함. 왠지 영화 더 셀이 연상되기도 하고 ^^:;
1, 설리 노출땜에 1점 준다.. 그외엔 쓰레기.......
0, .
10, 굿
1, 보다가 말았음 첫 경험
1, 다시 생각해도 니가 짱이다...너말고 이점수는 없어...
10, 설리 가슴 진짜 이쁩니다~  그것만으로도 10점~  옛날 은하철도999 메텔의 누드를 상상하게 만드는 가슴임~  최자 이 부러운 자식~
1, 무서운집이 더 재밌어
3, 낮잠을 잤는데 너무 재미없는 악몽을 꾼 기분
0, 풉! 영화를 보는 것보다 중간에 그냥 나와서 시원한 아이스크림 먹는게 더 즐거웠던 영화
3, ㅌㅋㅊㅌㅋㅊㅋㅌ
1, 뭔 내용인지...
1, 불명증 치료 영화라고 해서 나중에 잠 안올때 함 봐야지
1, 이 근본도 없는 시나리오는 도대체 뭔지~~그 나마 설리 가슴때문에 별하나 준다. 형제가 너무하네. 이걸 돈받고 영화라고 상영했다니 쩝~~
9, 처음보곤 감독 본인도 자기가 뭘 찍으려는지 모르는거 아닌가 싶은 생각ㅡㅡ집에오니 장태영 캐릭터 자꾸 생각나서 두번째봄. 김수현은 감정이 롤러코스터치는데 연기하기 어려웠을 듯한데 집중력있게 잘해준듯. 캐릭터도 매력있고 소재도 흥미로운데 감독은 감정선 뚝뚝 끊어대고 자극적영상만. 편집만 잘됐어도 좋았을걸
1, 감독 이사랑이 김수현 사촌이라면서요? 원래 이중섭??? 이사람이 감독이엿는데 촬영 막판에 이사랑 감독으로 교체?? 이제 모 영화계에서도 인맥따라 감독까지 바뀜?ㅋㅋㅋㅋ 영화는 별로 보고싶지않지만  평점보니깐 돈낭비같아서 안보길 잘햇슴 ㅋㅋ 그리고 이제는 이딴 영화좀 만들지 맙시다 돈낭비 관객들 안구테러
1, 미안하다 더이상 못주겠다. 수현아 다음에는 제대로  된 영화 기대하마
1, 감독 쉑히 영화를 너무 봤네.  슈퍼맨이냐  매트릭스냐  아주 짬뽕에 짬뽕이구만 . .ㅉ 그냥 돈  쳐 발랐네.   감독과 영화 란  이름 이를 ㅅㄹ 벗겼네.ㅋ
1, 벗어서 1점줄게..
9, 평점 너무 낮아서 높게 주긴 합니다만.. 마약은 나쁘다 이거 맞죠 감독님? 예쁘게 잘봣습니다~ 볼거리는 풍부하네요~
8, 음.. 특이한 영화 .. 괜찮은데 ... 그깟 노출씬을 강조해서 ... 그게 중요한게 아니라 ... 정말 특이한 영화인데 이 영화...
0, 감독- 인도인 작가-일본인 촬영-중국인 * 더욱 궁금한건  배우들은 먼내용인줄 알까? ㅋㅋㅋㅋㅋㅋ
0, 내놔! 이게 무슨 영화라구!
2, 감독  이사람.. 왜 그랬어? 2점은 배우들이 수고해서.
0, 재미 드럽게  없다....   주제가  머냐  ..
0, ㅋㅋㅋ 영화보다. 네티즌평이 더 웃긴 영화.   수현아 ㅠㅠ
0, 감독의 주제가 없고 산으로 그리고 안드로메다로 나간 느낌  관객까지 안드로메다로    제일 억울할 사람은   김수현  성동일  그리고  설리에게  미안하다
2, 김수현 영화인생에 트라우마 생길듯.....ㅡㅡ;;
1, 휴~~~보고난 후 저 감독 사진보니 확! 싸대기라도 날려주고싶네..시간낭비 돈낭비...스트레스까지...진짜... 1점도 졸라 아깝네...
0, 내 인생 이 영화 최악이다. 감독이 미쳤나 무슨 생각으로 이따위 영화를 만든 거야? 관객이 즐길 수 있는 영화를 만들어야지 감독 자기 혼자 즐기자는 건가? 무얼 얘기 하자는 건지 도무지 이해가 안 되는 영화네. 쓰레기 중의 쓰레기... 시간이 아깝다.
1, 김수현땜에 1점 준다.  감독이름 똑똑히 기억하겠다 다신 니 영환 안본다
1, 비주얼에 들인 공 십분의 일이라도 스토리에 들였으면 이 지경은 안 됐을 텐데. 뭐가 현실이고 뭐가 환각인지 구분 안 되는 호접몽을 만들고 싶었나본데 그래도 감독양반 당신은 뭐가 뭔지 구분했어야지! 배우들은 과연 자신들이 무슨 얘길 찍는지 알고 찍었을까? 끝까지 본 나에게 10점을 주고싶다던 평에 10점을 준다!
5, 중반까지는 봐줄만 했다
4, 리얼 뭔가 심오한 철학이 있는 건 분명한데 내 능력 밖이라 힘들다. 뭔가 있긴 있지만 알 수가 없다. 그리고 아무리 영화가 이해 안된다고 0점이라니 솔직히 3  4점은 된다. 너무들 하는 것 같다. 그나저나 속편은 언제 나오나?
6, 불친절한 내용은 어려운 수학공식과 같았고 정신과의사는 신약 시에스타(마약)으로 인해 자산가식물인간 (따라쟁이)장태영  보스 장태영  르포작가 장태영등 다중인격이 파생된 것중 과연 누가 진짜인지 관객에게 던지듯 허상과 진짜의 사이에서 갈등하는 김수현이 연기는 도전에 가까움. 불필요한 베드신.. 아쉬운 리얼..
1, 나 진짜 아무리 엿같아도 영화 만드느라 고생한분들 생각함 댓글 안 남기는데 리얼은 나를 화나게 만들다 못해 이것들을 어찌 조져나야 할지 심도있게 고민해야될 필요성이 다분한 영화 / 모냐? 니네들 노망났어? 이거왜 만들었어? 아...아무것도 기억나는건 없고 설리/수현 지저분하게 빠x리 한것만 기억난다 / 짜증나
1, 감독 짜증난다.. 아우 시간 아깝고 돈 아까워..
0, 이정도면 감독 구속시켜야한다
5, 악녀를 보고 리얼을 봤다. 리얼은 재밌었다. 김수현의 일인극으로 인격들 간의 싸움으로 끝을 냈으면 더 좋았을 영화.  리얼 마약에 의한 주제의 확대는 독이었다.
0, 해리성소재를 가지고 어떤감독은 수작 아이덴티티2003이나 24아이덴티티를 만드는데  어떤감독은 ㅎㄷㄷ한제작비로 망상쓰레드를 만드네ㅋ 이사랑아 넌 앞으로 감독하지마라잉! 형이 충고하는거여 널위해서ㅋ 인도식발리우드 격투?씬에서 품었다ㅋ내 돈 안돌려주면 피해보상하겄슴
5, 김수현 연기력이 아깝다. 에혀.. 어쩌다 못난 제작자들 만나가지고.  이걸본 나에대한 분노와 그래도 최선을 다하는것같은 김수현에 대한 안쓰러움에 딱 절반
0, 다음은 이게 좋음 빵점을 줄수있거든
0, 이게모냐
2, 리얼 안 본 눈 삽니다.
0, 정말 '리얼'하게 쓰레기영화.. 시간 아까움
10, 진짜 나만 보면 너무 억울할것 같은 영화 ..
0, 내 인생 최고의 쓰레기 영화....  출연진이 아깝내....
0, time is money.  진리입니다........ 쩝.
5, 요즘 불면증  때문에 잠을 못자서 힘든데 이 영화가 불면증을 치료해주는 영화이라면서요 주말에 도전을 해보겠습니다
10, 김수현 성동일 등등 연기 잘하네요...
10, 평점  높여  놓았으니 당신들도 보아라! 나만 시간 낭비한건 너무 억울하다!
0, ㅈㄱㅈㄱㄷ
0, 보지마세요    당신의 시간을 낭비하지마세요
1, 정말  시간이 아깝다고 생각나게해준 오랬만의 영화 셜리 가슴은 이쁘던데...
1, 1점도 아깝다 보다 끄다보다끄다   2일에걸쳐 억지로다봤다 어휴
0, 암탉이 울면 집안이 망한다.
0, 중간에 왜 갑자기 산으로 갔나했더니 감독이 바꼈군.  초반에 감독이하려던 건 굉장히 참신하고 새로운 시도로서 볼만했는데 갑작 중간에 산으로 가면서 끝을 모를 허무함으로 영화가 끝나버렸다. 도대체 마지막엔 모냐 그거
4, 색감좋았다 해적이후 두번째로 연기 본 설리 생각보다 괜찮았다 돈 많이 썼다던데 돈 쓰긴한거 같더라 ...이게 전부다ㅡㅡ
7, 갠적으로 김수현 연기 좋았고  국내 영화중 볼수 없었던 미술성은 뛰어 났던거 같음. 중반까지는 재밌고 몰입도가 높은데.. 후반에 감독교체 때문인가? 판타지 적인면이 이질감이 느껴짐. 그부분만 떼어 볼때는 예술성이 있지만  액션을 좀더 많이 넣었다면 어땠을지?
0, 푸하하하하하 내 평생 이런영화를 볼줄이야 ㅋㅋㅋㅋㅋ 이걸 돈주고 본 사람들은 ㄷㄷㄷ
1, 중2병 한창인 것들이 하는짓들.. 어디서 듣고 본 철학적인 말들은 죄다 가져다 앞뒤없이 붙혀놓고선... 이게 뭐냐?? 고 물어보면... 니들은 범인이라 나를 이해못한다 하면서 "후훗" 하는 병신새끼가 생각나는 영화.. 중요한건 그 병신새끼 자신도 지가 무슨말을 씨부려논건지 모른다는 거..
0, 감독과 주연외에 모든 스텝들이  "이따구 영화를 개봉해도 되는거야  ㅡ.ㅡ" 하고 난감해 했을 영화~
0, 돈아까워. 시간아까워. 정말 이따구로 만들래?
0, 관객들에게 정신적 피해보상 해줘야함. 김수현 울만했다
1, 움직거려서 주는 1점..어려운게 아니라  냉무였다..
1, 우리수혀이 ~느와르 찍고싶었쪄염?
1, 1점은 고생한 배우와 스텝때문에 준거고 감독과 각본가는 엿이나 쳐드셔..
0, 내가 머리가 나쁜건지 도통 이해도 안되고 살다살다 이런 영화는 첨...
0, 이걸 보라고 만든건지...김수현은 무슨 생각으로 이런 영화를 찍은건지 김수현에 안목에 실망했다
0, 무슨 내용인지 ? 알수가 없네
1, 배우들의 노고와 스텝의 노고에 1점만 준다 배우들 다 멋졌다 아무리 고급지고 맛있는 식재료를 가졌더라도 요리를 어떻게 하는가에 따라 음식쓰레기통에 처박힐 음식이 되느냐가 결정된다는 것을 잘 보여준 영화다  관객의 시간과 돈은 소중하다 상업영화는 개인의 실험적인 습작품이 아니라는 걸 일깨우길 바랄뿐
1, 최상등급 한우에  수입냉동 돼지고기섞어  덜익은 햄버거패티 만든격          잘못먹음  병걸림
0, 스토리가  없네  ㅜㅜ
3, 중후반까지는 나름 볼만 했는데... 후반부에서 영화 말아먹었다... 내용의 개연성이 하나도 없고 스토리도 엉망이고.. 배가 산으로 가더라.. 설리 연기도 망이고.. 제대로 영화 말아먹은 느낌...
1, 배우 스탭분들  고생하셨네요    영화는 정말 기대 이하
0, 진짜  여기나온 배우들이 불쌍하.다
1, 참담.....
0, HYON 알바냐 말대로 시리즈물로 해도 영화 진짜 개뿔이다 진짜돈아까워.
1, 재미없다
0, 약먹고 생각나는데로 막 만든 거 같던데
0, 이사랑 감독 개명하지 마시길... 믿고 그른다. 내 인생 최악의 영화 리스트 샥 갈아 엎은 영화다. 스포 포함 리뷰를 보고도 이해가 안 됨.
3, 너무 극혹평이기래 얼마나 이상한지 보려고 결제까지해서봄ㅋㅋㅋ 근데 하도 악평만보고봐서그런지그냥ㅋㅋㅋ화까지나지는않았음. 수현이만 고생했네ㅜㅜ
1, 별점을 줄수가 없지만 올레TV 결제 했기때문에 1점ㅋㅋ 2시간여동안 그만볼까 고민고민 졸다보다 엔딩 올라 갈때 아~식빵!
8, 산만하긴한데 나름 전개감있고 영상도 멋진편인데 왜이리 욕먹는지 모르겠네. 만약에 이게 본편으로 끝나는게 아니고 시리즈 히어로물로해서 히어로의 탄생쯤이라고 가정하고보면 캐릭터 설정이나 설명으로 한편 다때우는것도  고ㅑㄴ찮을것 같다는 생각을해봄. 하지만 시리즈물이 아닌데 그래서 미스임.
0, ㅋㅋ 이 영화 벌써 케이블 떴더라 ㅋㅋ
1, 이런  리얼ᆢ  소장가치가 충분해 .  씨 !리얼!
0, 돈아깝 아깝 돌려줘줘줘 ㅜ ㅜ
0, 배우들은 뭐가 되는건지?.감독이란 작자는 정신쪽에 문제가 있어 보인다. 당최 뭘 보여줄려 한건지.살다 살다 이런 개같은 영화는 첨이다!
10, 클레멘타인급의 근접한 영화가 다시 나올거라는건 상상도 못했는데......암 치료 영화가 다시 탄생했다.
5, 김수현군 이하 모든 배우분들은 자기역할 충분히 했습니다 역시나 잘들하시고 폭력...액션 미녀 등 볼만한 요소는 많으나...점점 자기복제화 스스로 합리화를 하는 통에..매트릭스식 액션 자아를찾는 여러영화..심지어 메멘토까지 떠오르지만.. 정말 지쳐가네요...무엇을 말하는지  알겠지만 두번은 사양할듯 하네요
0, 양심 어디..?
0, 욕 해주고 싶은데  이 영화보다 더 심한 욕이 존재하지 않는다.
0, 스커드 제노사이드
6, 볼만함 정말 최악평까지 내릴 영화는 아님 가끔식 눈요기도 있고 굿
1, 김수현 성동일 배우가 아깝다....왜 만든건지 마지막 장면은 발리우드 따라 하려고 한건지 뭔지....2시간 넘는 내 시간을 이리 허비하다니.....셜리는 더도 덜도 아닌 그냥 눈요기 감인가?.....김수현은 어쩔고.....흑역사로 남긋네.......
10, 이건 펑점을 둘로 나눠야함 아 진짜 미치겠다ㅋㅋㅋㅋ 이 평점은 영화한테 주는거 아님!! 진짜  끝까지 자신의 작품에 최선을 다했던 이  영화에 모든  배우분들께  드립니다. 특히 주연 맡는 김수현 씨! 진짜 당신의 책임감과  그간의 모든  노고에 진심으로 경의를 표하는 바입니다.
0, 성인이 중2병 걸리면 만들 수 있는 영화.  가족사기단이 다 해먹었다.
5, 아 영화가 전반적으로 어수선한 분위기? 액션은 괜찮은데  연출이 너무 어수선하네요~
1, 젖꼭지 상처는 그렇다치면 낭심에 다마 2개는 뭘로 설명해볼래?  ㅉㅉ 영화 이렇게 꼴리는대로 만드는거 아니다 뽕각성  무비라니 ㅉㅉ 막판씬보니 앵가이 빨아봤나베
0, 난..끝까지봤다ㅋㅋㅋㅋㅋ
0, 정신감정 해봐야할듯 정신분열증의심됨 조현병... 기괴한망상이 주를이루는병이라든데 딱이거네
1, 3류 영화인줄 .... 어떻게 이해를 해야하지? 영화의 줄거리? 남는건 김수현 발레와 설리의 !!! 10번은 봐야 이해할것 같아... 그냥 돈이 아까운 영화.... 김수현 고생했다... 그냥 OCN 듀얼 보는게 더 나음....
3, 폭력  마약  섹스... 그 이상 그 이하도 아니다.
1, 난 누구???
5, 혹평이 많기에 장점을 적어보려한다. 색감이 뛰어나다 화려하다 그뿐이다 김수현 영화론 많이 아쉽다
0, 영화의 영자도 모르는 사람이 만드니 개판일수밖에
0, 이런 영화에 돈을 투자하는 제작사는 뭐냐? 악평 안할려고 인내심을 발휘해보는데 도저히 안돼. 영화 평가하자면 쓰레기  돈낭비. 지구상에서 최악의 영화의 반열에 오를만함.
10, 무엇이 될 수 있다면 되어야 한다. 해리성 장애. 약물 중독 파괴자. 누가 진짜이고 가짜인가. 관객은 생각 안 하고 감독 자신의 만족을 충족하기 위해 만들어진 영화. 내가 이렇게 만들었으니까 너희들은 잔말 말고 보라는 식. 감독이 마약 먹고 찍은 영화. 이것저것 마구 섞어놓으면 관객이 알아서 볼 거로 생각한 영화.
10, 실패는 성공의 어머니 김수현씨 힘내요~
0, 레알??레알..
7, 좀 난해하긴 한데 악평보고 봐서 그런지 의외로 괜찮았다.
1, 근 10년 아니 20년동안 본 영화들중 최악의 영화 이건뭐 반전도 없고 재미도 없고 약물다중이 슈퍼파워 인가?
0, 기억에 남는건 김수현이 끝까지 껌만 질겅 질겅 야덩이 넘치는 세상에 설리가 나온다고 뜰줄 알았나? 지루함과 식상함의 끝판 왕
1, 내용은 생각 한개도 안나고  잠만오고 뭘 얘기하려는지도  모르겠고 한참 뜨고 내가 좋아하는 김수현 죽이기니? 배우가 아까운 영화. ..  감독아 담에 만들면 니세계에 영화 만들지말고 우리세계 영화 쫌 만들어라
0, 하도 말이 많길래 스킵하면서 쭉쭉봤다  쭉쭉 뻗었다  졸립고 심지어 노출하는데도 감흥없이 잠만왔다 30분만에 엔딩보고 꿀잠자러감 ㅂㅂ
0, 휴...
2, 파이트클럽  씬시티  영웅본색  메트릭스 하나씩 갖다 썼구먼 씬들은 다 왜 이렇게 야해. 조족지혈의 느낌이 강하다 액션 영화에서 액션이 너무 귀엽다. 현실성은 찾을 수도 없고 스피드감이나 통쾌함 따위도 없고 감독을 자르고 사촌형이 감독하는 순간 이 영화는 숨을 멎는다
1, 내 머리로는 이해가 안됨. 그래서 1점
0, ...................................................ㅅㅂ
10, 교훈이 있는 영화네  ㅅㅂ  교훈 나혼자 죽을수 없다
0, 하도 말이 많길래 보고 판단할려고 오늘 봤다 그런데...이건 그냥 망작이 아니고 대한민국역사에 남을 컬트적인 희대에 망작으로 남을듯     너무 참혹하더라 중간중간 스킵안하면 못볼정도  팩트는 김수현의 중국팬들을위한  거대한 김수현쇼  김수현이 쌍욕하고  껌씹고  옷벗고  춤추고  액션하고 김수현의 매력폭팔?
10, 이 영화만 틀면 잠이 술술 온다  나의 불면증을 치료해준 획기적인 영화  불면증 치료목적으로 만든 이 영화에 기립박수를 보낸다
0, 의미없다````
1, 이건 평도 제대로 못하게 만든 영화다... 미안하다 수현아~~~~~~ 그래도 감독이 넘 심했다~~~~
0, 개짜증 ㅋㅋㅋㅋㅋ 우습다
1, 작품의선택이문제인가 !??속많이상하네요 연기마돟아요 앞으로좋은기회는많으니 힘내시고 감독님!더공부마니하셔야할듯
0, 이건 무슨 영화지 하다가 끝난 영화. 시간이 아까운 영화
9, 혼자만 당할수 없다
1, 아  진짜  ㅋㅋ    앞으로  평생 리얼을 능가하는 폭망작은 못볼듯!
1, 1 2장까지 그나마 이해되고 보겠던데 3장은 감독도 무엇을 전달하고자 하는지도 모를듯 한데? 배우들은 내용파악 이해를 하고 찍은건가? 내용이 어려운것보다 마지막에 가서 뭘 보여주려고 했던건지도 잊고 판타지액션에만 몰두한것 같은데.. 이따위로 찍고 제작사는 개봉하고 싶드나?
0, 인셉션과 메트릭스를 적절히 짬뽕시켜서 개죽을 만들다
10, 스토리는 딸려도 완전 새로운 시도에 10점 준다..
2, 끈기있게 다봤는데 이해하고 싶어 미치겠다.
0, -_-);
10, 리얼 이라는 이 명작을 영접 한 이후... 이제까지 감명 깊게 본 한국 영화는 다 쓰레기였다 이렇게나 극도의 무념무상에 빠지게 하는 한국 영화가 과연 있었던가? 뇌가 통째로 드라이 클리닝 된 기분이다
0, 감독이 알바인가요?
0, 짱개자본이 들가면 영화는 산으로간다는걸  이번에도 입증한 영화 아무리돈도좋지만 이미지 깍아먹으면서 까지 반짱개영화를 출연해야했니?
2, 김수현 미안...
3, 이게 뭐냐  뭐냐 말이다   3점은 재작비때문에 3점 준다    
0, 졸작에 점수를 줄 이유가 있겠냐.
0, 개망작... 무슨 내용인지도 모르겠고 오디오는 효과음만 크고 대사는 웅얼웅얼...
0, 머야 무슨얘기 하고 싶은거야 감독 너 니돈 아니라고 매트릭스 찍고 싶었던거야? 발레공연을 하고 싶었던거야? 설리 찌찌를 보고 싶었던거야? 찌찌 나온뒤로 발레 매트리스 수현이 질질 짜는거 밖에 기억 안나
1, 최진리... ㅋㅋㅋ
7, 초반에는 좀 지루하고 이해하기 어려운 부분도 있었지만 중반 이후부터 몰입해서 봤습니다. 특히 안무와 액션이 결합된 장면은 정말 인상적이었습니다. 그리고 김수현 배우의 연기에 다시 한 번 감탄했습니다. 다만 기자 장태영과 보스 장태영 연기에 비해 의문의 사나이 장태영 역할은 다소 부자연스럽게 느껴졌습니다.
1, 1점도주기싫타...계속졸다가.막판에 메트리스가나오더군...발레춤추면서 ㅋㅋㅋ.이거어떤감독작품이에요???
2, 이건 자신안의 또다른 인격체를 죽이기 위해 시작된것인데 결국 서로는 서로를 죽이지 못한다는 도입부의 암시가 결말까지 이어진거 같네요 2명의 김수현 이지만 결국 하나의 김수현이고 두개의 인격체가 마약을 만나 돌아가며 나오는 것이 아닌가 싶습니다
0, 김수현 아님 안봄  중간에 나가려다 어디까지하나 끝까지 봄~
1, 두번이상 보면 이해가 간다고 하는데 글쎄....그 시간이 투자해지지는 않을 듯 열심히 촬영하셨을 텐데..
1, 심리적인면을 가미해서 헤깔리는데  스토리 구성의 이음새가 없어서 보는 내내 매우 짜증이였음.
4, 느낌적으로 안왔어야 했어...ㅠㅠ
0, 예술은 아무 생각없이 하는게 아니란다...감독아~~
0, 진짜 보지 마세요 진짜 재미 없습니다.
2, 마약중독에 대한 상상을 중2병으로 연출한 초보 감독의 망작  구성과 스토리  짜임새  편집을 배우지 못한 티가 적나라하다. 겉멋에 찌들어도 너무 찌들었고  수습 못할 정도로  막던진다.내재된 두 얼굴의 인격에 관한 영화로  아메리칸싸이코 (2000)를 본다면 이 영화가 온갖 잡동사니를 망라한 실패작임을 알게 된다.
4, 감독과 주연의 개인소장용임? 겉멋만  화려...
1, 드디어 다운받아 봄평소보다 1시간 일찍 잠듬 보다가 잠듬따분지루끝판왕도민준역은 잘햇는데 이캐릭터는 영이런역을 소화하기엔 내공부족한것같음카메라앵글은  쓰레기영화치고 조음 그래서 1점  (홈)
0, 주연배우 연기 꼬라지보니 손발이 오글오글 감독넘 연출력보니 분노가 이글이글 이넘들이 형제라니 어이가 만땅만땅 영화평 들어간다. 확~ㅆㅂ. 죽을래??
1, 아.... 배우들이 아깝네요.  너무한다 정말...
2, 환각 상태에서 만든거냐...?
10, 6번 보마 이해 된다캅니다...
10, 10년이 지나고 나서 평점10점 나오겠다~ 베댓은 이영화를 보고 암이 나았습니다 일까????????
10, 세기의 명작 레알 참트루
0, 진심 감독 구속시켜.  이정도면 범죄다.
0, 액션도 그지고 스토리도 그지고...@.@  수지를  못난이로 만들고....ㅡㅡ
3, 설리한테 3점줌..
1, 시간이 아까웠네요  설리라는 가수보느라 들어왔는데
0, 평점 마이너스는 없나?..
2, 감독이 약 먹고 찍은 영화.
0, 감독 의심스럽네
2, 뭐 이런 개 ....정말 욕나오네 연기자들 연기 괘안은데 특히 설리는 많이 발전했네 ~~
1, 이 영화를 이해한 사람이 한명이라도 있을거라는 생각은 하지 않음!
0, 1점이라도 주신분 그래도 천사이시네~ 0점도 아깝다. 마이너스 접수가 없어서 다행인줄 알아라~
0, 보다보다 이런 쓰레기 영상물은 처음보네 보기 시작하면 안볼수도 없고 참네
1, 망작....이게 영화냐? 이렇게  정신산란한 영화 오랜만이다 써글....
1, 돈 만 많은 감독들과 제작자들
0, 빵점 오디오 개 썩어서  말하는사람들 웅얼웅얼 몬얘길 하는지  캐스팅에 돈투자  적당히 하고  오디오좀 신경써 줄거리 연기는 개썩어서  드럽게 잼없고  효과음만커 공짜 다운받길 잘했네 시간아까비
10, 시간가는줄 알고 봤습니다
6, 난해하고 어지럽지만 영상미  연기력  새로운 시도는 좋았다~
5, 뭐 나쁘지 않다....... 내용보다 그림이 좋네...... 그래도 마지막 액션씬은 인도영하 같더라는......
1, 먼 내용인지 모르겠다. 중국영화사가 투자한 한국배우로 만든 중국영화. 투자자가 고소 안 한게 다행이다.
0, 충격과 공포다 ㅎㄷㄷ 이거 도대체 내용이 뭔지 이해하신분?????? 정말 어떻게 이렇게 만들 수 있지 ㅎㄷㄷ
1, 이 영화를 끝까지 본 분들에게  존경의 의미로 별 하나를 드립니다
5, 설리의 나체연기에 5점준다
1, 먼데?올해최악의영화1위다  그냥 리얼1위야
1, 뭘 봤는지 기억안나고 설리만 기억난다....
7, 평점과 소문만으로 편견을 갖지말고 봐라 장점이 많은 영화다 김수현의 연기는 훌륭했고 인셉션같은 분위기의 몽환적인 전체적인 분위기 액션앵글도 좋았다.영화보단 오히려 드라마로 나왔다면 초대박도 가능했을텐데 소문과 안티에 마녀사냥 당한 영화가 아닌가 싶다.
1, 지금보다가 한숨푹자고 일어났는데 아직도 한다ㅠㅠ 미치긋다 저런걸 김수연은 왜찍었나
4, 관객은 기분나쁘게  배우들은 허접하게 만든 영화. 끝까지 갈피를 잡지못하는 영화.
1, 끝까지 보기가 힘들구나...  김수현은 왜 저 영화를 찍고  설리는 왜 하필 이딴 영화에서 벗고 그랬을까?
0, 하....시바끄 도대체 뭔내용인데 ..... 내기억력 보기전으로 될려놔라
1, 왠 만 하면 끝까지 본다만         
6, 느와르라고 하기엔...감정선도 많이 부족했고 수위장면이 장르를 다 헤쳐놓은 느낌? 하지만 설리가 연기를 너무 잘해줘서 너무 잘 보았다...다음 작품이 기대된다 전체적으로 앵글이 수준급이었고 내용적인 면에서는 겉멋만 부리는 느낌이 살짝.
0, . . . . . . . . . . .
1, 어이없다
10, 하고싶어요제발보내드립니다!
0, 너무했다 이건...
0, 시나리오. 연출 전부 망.  김수현 연기빵점.  설리가 그나마 연기가 쬐금 낫긴 한데  걍 쓰레기영화
6, 스토리는 좋고 김수현 연기도 좋은데( 시나리오만 봤다면 반할만 함 ) 단...총격전이 너무많고 지루하네요..  몇 장면 편집해야함(레드 슈트 있거 춤추는 장면 불필요~~그리고 마약으로 무슨 메트리스 네오도 아니고 불사신?? 어이 없음..차리리 베드신을 더 넣던가)
0, 김수현만을 돋보이게 하려구한 허접한 영화   김수현이 춤추면 악당들 다 뒤진다 이런걸 영화라구 만들엇냐ㅋ
9, 김수현이라는 배우땜에 보게 되었는데 액션 그 자체인것 같다. 내용보다는 액션을 즐기면서 보면 될것 같다.
0, 클레멘타인
7, 시에스타 먹은 느낌
4, 김수현님을 보고 영화를 봤는데 기대했던만큼의 만족도는 아니었습니다. 김수현님께 괜히 미안합니다.
0, ...................
7, 재미있게봤읍니다
3, 영화의 첫 시작이 좋았다심리학과 헤리성증후군 신선했다뒤로 갈수록 스토리가 엉키고 전달하고자 하는 의미와 이야기가 없어졌다 여러장르의 짬뽕으로 마무리 ...
2, 감독이홍콩르와르너무많이봤음.스토리에맥락없음
4, 전반부는 이해가 되가다가....중후반부터 이야기는 멀어져간다.
1, 설명없는 내용전개..
5, 초반에는 기대감이 있고 흥미가 있어 보이나 중간 이후부터 스토리가 점점 개연성이 없어지고 끝에가면 완전 이것도 저것도 아닌 영화가 되어버렸네요.. 아쉬운 영화입니다..
1, 스파이더맨이 재밌는 만큼 재미없던영화.....
3, 무슨영화인지...이해가..
10, 스타일리쉬하네
3, 김수현 반개 성동일  이성민 반개 설리 반개 글고 지금 포스터가 영화 마지막 장면이다 명심해라 ㅋㅋㅋㅋㅋㅋ 보고나서 울지 말고
9, 간만에 신선한 영화 본 듯. 영상미  연기  스토리 설정 다 좋았음. 김수현 연기 잘하는 줄 알았지만  정말 신기함.. 이사랑 감독도 칭찬받아야 된다고 봄.
0, 감독이 뭐하는 인간이냐  수현아 돈이 아닌 작품성에  집착해야지.
0, 에효~~~ 영화보고  스트레스 쌓임 영화보다 댓글이더재미나네
8, 편집이 아쉬움. . 김수현 연기는 대박
1, 이게 뭔소리하는 건지 참 어렵군요1점도 주기 아까워요.
8, 흠.. 전 그렇게 질색할정도의 영화는 아니었는데요. 배우들의 연기가 참 좋았는데  스토리 진행이 자연스럽게 연결되는 느낌은 아녔어요. 연결이 끊어진 부분을 상상력으로 좀 채워야하는.... 김수현이 왜 불친절하다고 했는지 이해가 좀 가더군요. ^^;;  잘찍은 영상의 편집을 잘못한 느낌? 배우들의 연기가 정말 좋던데...좀 안타깝네요.
1, 홍보하는 내용과 90%가 틀리고  너무 어려운데 재미도없는 소설책 같았다  영화 보다 졸기는  처음!
0, 살다살다 이래 잼 없는영화는 첨이였습니다. 아무리 그래도 스토리는 좀 연결이 되어야 되지 않을까 싶습니다. ~이제까지 케리어 잘 살려놓은 김수현이 불쌍합니다.
10, 솔직히 0~1점 영화는 아니다 화면은 볼만하다
9, 지루하지않음  나름 화려해서  볼만함   김수현  보는  재미로  볼만함   내용은  앞도  없고  뒤도  없음  절대  생각  보지말고  아무생각없이  보면  됌
10, 이런 영화도 있고 저런영화도 있는법~ 이 영화 아니었으면 언제 이렇게 눈 호강하남~~!!
1, 나만 당할수없다!!  꼭 봐라 2시간동안 잠도 못자고 신난한 영화 스토리에 제정신이 아닐것이다.  분 때문에 빵터짐...혼자 당하고말지... 정말 정말 실망스런 영화... 이런영화 처음이다    아무 냐용도 없고 마지막에 꼭 메트 리스 생각나고..... 볼거리가 아주 없는 저질 영화.. 외국인 친구 아주 실망함    
0, 괴기스러운 망작 보지 말길 바란다 진심이다
5, 화려합니다. 볼거리는 있어요. 소재도 참신하고. 김수현도 연기 잘하고. 단지 못살려서 그렇지
1, 설리... 어쩌다 이리 망가졌을까...  너때문에 영화가 보기 싫어진다...
0, 이게....하...
0, 자다가 나왔다 기레기영화
1, 쩝... 시간  돈... 어쩔... 여주자체가 민폐
0, 누가 이런 영화를 보냐 수현도 영화 전체를 장악하기에 역부족인데 설리라~~~ 무슨 관종이
1, 이런영화를 찍는 감독은 뇌가 3차원이라 이렇게 찍나?45만도 많이든영화다.돈을110억이나 투자해놓고 잡탕을 만드나?나도찍겠다 이런식의 영화는   김수현이 너도 시나리오좀보고 찍어라.사춘형제간에 관객을 농락한 쓰레기영화다.밑에재밌다고 쓴인간들 알바들이다.감독이 돈주고 시키지 않고서는 쓸수없는영화다
0, 감독이 또라이거나 정신이상자인것 같다 이런걸 영화라고 야 감독 너는 이해가 가냐?김수현이랑 사춘형제간이라고 하던데 능력도 안되는게 메가폰을 잡으나 이런 쓰레기가 만들어지지.그좋은 배우를 이렇게 망가트리고 관객들돈을 훔치는 이런삼류영화를 만들어놓고 너는 만족하냐?이런인간은 충무로에서 퇴출시켜야한다.
0, 수현의  형제애  다음번에 영화 말고 다른데서 찾기로 해요
1, 0점 줄 거 설리 때매 별 1개.... 중국용으로 만들었던가...
0, 어차피 중국 눈먼돈 삥뜯을려고 만든거네. 이러면 안돼. 배우가 되어야지. 돈벌이 영혼을 파는 짓이다.
0, 이런 영화는 애견까페에서나 틀어야.. 견공들도 짖겠다.
0, 1점도 줄 수 없는 영화 ...  0점 드립니다.
0, 여고생시집가기   영어완잔장복   은장도 성냥팔이소녀의 재림  클레멘타인  이후 올만에  망작 업글된 느낌이랄까...ㅜㅜ
2, 연기자들은 고생했으나 감독은 안드로메다.
6, 소재도 좋고 내용도 괜찮았는데..  김수현 팬미팅 영상을 왜 팬도 아닌 내가 돈내고 봐야하는지...  돈받고 싶었습니다... ㅎㅎ 설리죽거든 바로 일어나서 나오시길 바랍니다.
7, 내용이 난해하긴 했지만 김수현과 이성민의 연기가 볼만했음. 그리고 생각보다 진한 베드신과ㅜ  빨간 양복입고 추는 춤은..   현란했음ㅋ
9, 정말 재미있는 영화입니다. 저는 또 보러 갈 생각입니다. 사람들의 언론 플레이에 속지 마셔서  좋은 영화를 놓치는 일이 없도록 하세요! ^^7 정말루 진짜 1점주는 사람들 양심 없는 사람들이야~
10, 클레멘타인  라스트갓파더  성냥팔이소녀의재림  주글래살래  복수혈전  그리고 단연 리얼~~
10, 나만 당할수없다!! 꼭 봐라 2시간동안 잠도 못자고 신난한 영화 스토리에 제정신이 아닐것이다.
1, 이런 영화는 제작하지맙시다. 양심적으로.
9, 멋있는 영화 한편본것같다
0, ㅇ
10, 내 생에 최고의 명작.
10, 한국역사상 최대의 걸작이 중국 서 상영한다면 사드 찬성론이 일어나는건 명약관화임 대한민국의 문화적 우월성에 그들은 깊이 감명받을거임
10, 후반부로  갈수록 재미있진 않다 왜냐 감독은 관객들에게  노골적으로  이건 레알이  아니야라고  말해주려다보니  현실적 감각을 가진 관객들을 허무하게  만들어  버렸다  . 하지만 이영화는 시대를 앞서가는 행위 예술 이 었다 . 마치 이씹이새끼의 그것을 본듯한 느낌이 었다
4, 찍은 사람도 본 사람도 쟤 똥싼거 다 아는데  똥쌌대지렸대 손가락질 서로 민망하고 입아픔. 에휴.. 김수연 외 주연배우들 맘고생이 눈에 넘 보이고요.. 역시나 감독 욕심이 과하니 영화가 산으로 가네요.. 영화가 아예 이해 안되는 분들은 엔딩 크레딧 눈 크게뜨고 보시구요. 오리지널 시나리오가 궁금한데 검색해볼게요..
5, 이 영화를 액션영화로 생각하고 본다면 최악의 영화지만 코미디영화라고 생각하고 보면 정말 재밋습니다. ㅋㅋㅋㅋ 아직도 웃기네 칼든 사람들이랑 김수현이랑 액션씬 찍는데 1차로 터졌고 갑자기 아이언맨 되었을때 두번 터졌고 마지막에 춤출때 진짜 개 빵터짐 ㅋㅋㅋㅋ 주변에 사람들이 저 사람 왜저래 하는데 웃음을 멈출수가 없었음 ㅋㅋㅋㅋㅋ
0, 마이너스 ★★★★★★★★★★★*100000000  7000원주고 봤는데 이렇게 아까운적은 처음이다  갑자기 샷건들고 뭐하자는건지  이런 영화를 투자해주다니
9, 김수현에 숨막히는 광기어린 열정적인 연기 성동일  설리 톡톡 튀는 연기까지 정말 재밌고 추천해주고 싶은 영화
0, ㅜㅠ
1, 40만 중에 내가 잇다는게 창피하게 만드네... ㅜㅜ 미안하다 마눌아~~~
0, 이 영화의 하이라이트는 "엉덩이와 가슴"이다. 여성 비하 아니다. 2시간 넘게 집중해서 보고 나서 집에 가는 길에 생각 나는 내용이 "엉덩이랑 가슴" 뿐이다.  친구랑 헤어지고 싶거나 이성 친구랑 싸우고 싶다면 추천한다.
1, 세월호를 비교하면 '리얼호' 라는 대형선박이  순항을 바라며  첫 운행을하였으나 어디서 듣보잡같은 머저리같은 조타수쌔끼가 선장이 없다하여 지맘대로 운행하다 충무로라는 바다에 침몰한격이다.사망자.김수현.설리.성동일.외 다수 유명연애인...멋 모르고 같이 승선한 관람객30만...
1, 역대급임.
1, 우선 줄거리가 이해 안된다.
1, 마지막에 뭐냐..매트릭스냐
9, 안타깝다 주조연 연기만큼은 인정하니까 9점
5, 초반 10분과 후반 10분 상상과 현실 사이에 낀 거울이 마치 자기 자신과 싸우는 듯하다. 보통 술주정하면서 취객이 전봇대와 싸우는 흔한 일상을 여러가지로 혼합내재된 실험화된 영화다.역시 정사(SEX) 장면에서 요수도시가 뜬금없이 생각남
6, 수현배우이쁜역만하다 연기한은 풀은듯.. 더 넓어진 연기의세계기대합니다
0, mm
8, 김수현의연기만큼은 10점이었다 그냥 내용의이해도이해지만 김수현의 연기가 그내용을뒤집을만큼 난 좋았다고본다 김수현 힘내세요 항상팬이고 응원합니다 자신을 믿으세요 앞으로 이번계기로 더 멋진배우로 성장하실거에요  이제까지그래왔고 앞으로도 그럴거라전 믿어요 응원할게요^^
4, 영화가 트와이스노래라고 선전하고는 홍진영노래를 틀어주니 관객들이 어리둥절할수밖에없네여.....설리도 왜 그장면에서 벗어야되는지 이해불가입니다 액션 느와르가 장르로는 부적합합니다 그냥 이영화는 약간의 액션이 가미된 스릴러물에 가깝저.....암튼 많은사람들이 이해할수없는 요상한 영화를 만드셨네여
0, 태어나서 처음으로  영화 평점 0점 준다. 팬들이 컬트 영화라고 쉴드치는데 .. 관객들에게 인정 받지 못하는 컬트 영화는 없단다.. 그낭 망한 영화일뿐.. 비주류에게 조차 버림받은 괴작
1, 엄청난 걸 만들려다 아무짝에 쓸모없는걸 만듬.... 아무리 연기의 천재라도 엉성한 구성에 완성안된 스토리는 극복못한다를 보여줌 보여줄려고 이것 저것 많이 찍었는데 각 장면이 왜 저렇게 연결되는지 의문을 줌
0, 쓰래기  영화
0, 영화스크린 볼빠에는 영화관 천장보는게 더 재밌음....
0, 이 영화를 음식으로 표현하자면 아주 좋은 식재료들과 장비를 갖추고  어제  식당에서 하루 알바한 초짜에게  호텔급 요리 를 급하게 유튜브와 미즈쿡을 참고해서  내놓은  꼴
1, 2시간넘게 이걸보고있던 내가 참 한심스럽다
1, 거대한 비밀과 음모를 나중에 아니 더 어이없다.  이로베? 이사랑? 니네 형?
1, 한국은 허구한날 폭력 영화를 만드는데  영웅본색 같은 영화는 안나오네 영웅본색이 나온지 30년이 넘어건만 한국영화의 한계.. .
9, 평점이 다들 이상하군.  전부 셜리 몸매 볼려고 가놓고선 보고나선 전부 셜리 안본척 딴소리만... 나도 보러 가야되나 말아야 되나 고민중...
1, 영화 스토리가 없다    무얼 얘기 하고싶은것인지...정말 모르겠다... 배우들 연기력은 좋았으나...
1, 이걸 영화라고 말할 수 있는 사람이라면  "9년 전 죽은 내 아버지가 내일 부활한다"는 말도 믿을 수 있을 것이다. 조잡한 흉내내기와 촌스러운 슬로우 모션으로 극장을 찾은 이들을 조롱하는 중학교 영화반 습작 같은 화면.('영화'라고 말하기도 싫다)
9, 전 좋았어요.. 물론 과한 연출떄문에 거슬릴떄도 있지만 머리쓰는 재미가 있는 영화임..  개인적으로 마케팅 포인트를 잘못 잡았다고 생각합니다.  이 영화는 액션 느와르가 아니라  판타지심리스릴러에 가깝네요..  아저씨를 보여줄것 같이 광고해놓고 더셀이 나오니까 사람들이 욕하지
2, 내년 설에 tv로 보삼
0, 열성팬들은 김수현 배우님을 위해서라도 10점을 찍으셨겠죠... 네. 이해합니다. 하지만 영화는 쓰레기입니다. 무슨 짓을 하더라도 결국에는 이 영화는 쓰레기 입니다. 영화 관객들에게 매우 불친절한 137분 짜리 영상입니다. 감독  각본  제작 욕하고싶고 배우가 아까워 한숨을 내쉽니다.
10, 괜찮던데 오바들은...
10, 하도 머라고 해서 기대 안하고 봤는데.... 나름 볼만했다.. 궁금증도 유발하고 생각도하게 만드는 ㅎㅎ  감독 설명을 듣고 조금은 다른 점이 있었지만 내 기준으론 괜찮았다. 김수현 연기 갈수록 좋아지는 듯
0, 헉
1, 나는  돈 번건가?  안  봤으니
0, 놀랬다. . .어떻게 이런 영화를 만들었을까?처음부터 끝까지 무슨 내용인지 모르겠고. .무슨  목적의 영화인지 모르겠다. 진짜 개쓰레기 영화다. . .스트레스  풀려고 갔다가 스트레스 받았다. .진짜 돈이 아까워서 봤다. .박열볼걸 그랬다. .진짜 다음에는 전체적인 평점보고 영화 감상 해야겠다
1, 아...  친구가 말릴 때  들을껄....
0, 풉
4, 희대의 괴작인데 스타일리쉬하고 너무나 독특한 점은 있다. 환각이라면 스토리를 뭉개버려도 통한다고 생각했는지 묻고 싶다. 거칠었지만 댄싱신은 볼만했다.
0, 이 영화로 인하여  김수현이란 배우에 대해 이미지가 나빠졌다.
0, 중간에 나가시는분덜두 있으시구 영화보다가 졸긴 처음 ㅠ 하품이 계속 나올정도유~ 마약에 폭력 거부반응 이 날정도였다 김수현 /성동일 연기자보구 선택했다 후회막급 다음엔 댓글보구  선택해야하나
0, ...
1, 지금껏 본  영화중  영화관에서  그냥 나오고 싶은 영화 중의 하나이다.  그 전에는 베트멘과 슈퍼맨인가 뭔가 하는 영화가  너무  내용도 없고 의미도 없어서  보다가 나오고  이번에는  정말  잼 없는 리얼 최악 이 아니었나    뭐가 뭔지도 모르고  이런 영화를 봤다는 내가  좀  아이러니할 정도  너무나 실망 가득
0, 친구가 김수현좋아해서 보러갔는데 ~~~어찌 저걸 영화라고 찍었는지도 몰겠고 김수현이 작품보는눈이 이렇게도 없나싶고  암만 이종사촌형이라 해도 ~~~ 진짜 나올땐 헛웃음만 나오더라 ~~`돈 아까워 죽는줄알았다
0, 점수 자체가 의미 없는 영화임  내용 전개 스토리 뭐하나 흡잡을때 많음 이좋은 배우들가지고 이정도로 만들면  나도 만들겠음
1, 40만명 육박하네 ㅎㅎㅎ 열성팬들이 방어해주네~
0, ....
10, 아 진짜 내돈내고 봤으면 돈 아까운 영화. 내가 진짜 김수현 팬이라 끝까지 참으며 봤다. 대체 왜 우리 수현이를 가지고 이런 영화를 만들었는지 이해안감. 근데 조우진님 멋짐. 도깨비보는줄 ㅋㅋ
0, 나는 이 영화를 39만명이 봤다는 것이 무엇보다 충격적이다.. 우리나라에 골을 집에 두고 다니는 사람이 일단 39만은 된다는 것..ㅠ
1, 이영화를 꼭봐야겠다 하는이유 1. 김수현의 열열팬임(또는 출연진의 가족) 2.시간이남아돌아 잠자고게임하고해도 시간이남음 3.만수르 4.영알못.  (어떤영화를봐도 재밌는사람)
10, 난 재밌게 잘봤는데? 뭘그리 줄줄이 따라서 투덜대나 ㅜ.ㅜ개인감상평을 갖자. 배우들 연기도 빈틈없고 매 장면이 광고같은. 몽환적 연출. 19금인데 왜 정신건강운운? 해외영화는 cruelty. nudity가 작품성이고 우리영화는 그러면 쓰레기인건가? 자주없는 시도들이고  간만에 자본이 작가주의를 응원한 작품. 리얼 쿨!
1, 가족사기단이 만든영화
0, 다시는 이런 영화 나오지 말길..
0, 완벽히 재미없는영화   내용도없고  현실감도없고  액션도이상하고  그냥 동네영화   설리정사신도 별거없음  그냥 시간버리는영화임  마지막까지지 뭐가있을줄알고봤는데..전혀없음..냉무영화!!
0, 안보길 잘했다.
0, 좋은 한국 영화네요  같은 값에 외국영화를 보게 만드는 국산 영화
1, 꼭 다들 보세요.  다.  다.  다 보란 말야 ㅠㅠ
1, 아깝다...돈
10, 전 정말 좋았고 모든 사람이 꼭 봐야 할 영화라 생각합니다. 마약에 대한 위험성에 대해 메세지가 중점이라는걸 느꼈습니다. 너무 혹평해서 궁금해서 봤는데 오히려 이 혹평은 언론 플레이라고 느껴집니다 ~~메너없게 영화관애서 상영중에 주기적으로 큰 소리로 웃고 떠드는 사람들이 있어서 알바아닌가란 생각도 들었습니
10, 생각보다 괜찮음. 여러번 볼수록!
6, 보고 나니 내가 시에스타를 흡입한 것인가 하는 생각이 듦.
0, 어휴.
0, ... ..  .  .....
3, 돈 잃고 시간 버리고. 도박같은 영화.
0, 심형래 영화보다도 못한 개 쓰레기 영화 감독이 술 쳐먹고 정신이 알딸딸한 상태에서 만든 개 쓰레기 영화 이걸 영화라고 만들어?
0, 언제 끝날까...결국 마지막엔 웃었음...
10, 나만 당할 순 없다
8, 재밋게 보앗읍니다   김수현짱 설리짱 성동일짱 이성민짱 조우진짱
0, 이영화 또한 적폐
0, 기가막혀서 이게 영회냐 ㅋ  싸구려 김수현종합선물셋트냐  클레멘타인 보고싶네 ㅋㅋ
6, 이렇게 어렵게 만들 필요가 있었을까 싶네요. 그리고 선정적이고 자극적인 장면이 많아요. 그래도 조연들의 연기력도 좋았고(설리 빼고ㅋ) 무엇보다 김수현은 확실히 연기는 잘하네요. 1인 2역인데  두 케릭터가 결국 비슷해져가지만 확실히 같은 얼굴 같은 무표정으로 있어도 누구인지 알겠더군요.
0, 레알
0, 최악이다.
0, 진심 레알급 영화...
1, @ㅁ @
0, 김수현...잘나갔는데 이 영화땜에 폭망하겠다. 영화 홍보할려고 무한도전까지 나오고 애쓴다 ㅋㅋㅋㅋ 정말 리얼 영화 리얼하게 망하는구나
1, 어디서 환불 받아야하죠? 정말 너무 한것 같네요..이세상을 살면서 가장 돈 아깝고  가장 시간 아까웠던 영화.. 도중에 나가긴 했지만....
0, 한숨자고 중간에  깼네요 아 잠이깼엉 걍 나왔네요
0, 감독이 친형이에요 근데??  리얼??
1, 헛웃음 나오는 영화   어이 상실   이런 쓰레기... 결과는 마약하지마라  .매트리스찍는줄ㅋㅋ
1, 감독이 김수현 형제라더니ㅋ 김수현덕에 100억넘게 투자받고...너무한듯......
1, 영화  재미없으면 환불해주는 시스템을 구축해야 한다.
0, 형과 짜고친  사기영화
1, 지금까지  본 영화 중에  가장  돈이 아까웠던 영화 처음으로  영화보면서 화가났음
10, 이 영화를 보고 불면증이 나았습니다
1, 진짜 대실망
1, 이영화감독 다시 메가폰잡음 손목아지를 분지른다  쓰레기영화임
10, 이 영화를 보고 암이 나았습니다.
1, 애매하고  ?
2, 리얼을 같이 보자고 했던 10년지기 친구랑 싸웠습니다.
1, 사람 몇명 없던 수유메가박스 . 영화 보던 중년커플 야한 장면에서 둘이서 오랄및 삽입 하고 요란한 소리내고 눈치 보더니 조용히  나가드라 ..그때 나도 따라 나가야 했었는데
1, 리얼한 가족
10, 교통사고이후에 인물외는 꿈이다. 2-3번 보면 좋은작품! 일인다역 최고의 컬트무비 리얼 !
0, 암 걸린 사람이 보면 암이 낫는다는 그 영화.   암 발생 원인을 다 가져가버린  암의 결정체라는 리얼  화이팅
1, 흠 흠 흠
1, 이딴걸 영화라고 어휴 ㅆㅃ 돈 아까워 진짜 욕나왔다.. 김수현형이라고 했나? 영화 만들지 마라 진짜.. 짜증나니까
0, 진정한 망작
1, 야 씨 발것 이거 - 점수는 없냐?? ㅋ감독 쉐키야 양심도 없냐??? 이 삼류 쓰레기만도 못한거 개봉해서 관객들 뒤통수 후려갈기고 잠이 퍽이나 잘 오겠다. ㅋㅋㅋ 아 씨 발것 김수현이고 나발이고 간에 ㅋㅋㅋ 흇날 여기 출연한 배우들은 인생 최악의 순간으로 남을것임을 확신한다 ㅋㅋㅋㅋㅋ
1, ㅋㅋㅋㅋㅋㅋ 야이씨 양심없는 새키들아.  너네도 영화를 봤을거아냐  이거 내놓으면서 안창피하든?? ;;;;;
0, 0개도 아깝다 -10점 주고싶다
0, 정 궁금하면 보시던지...안말림. 김수현이란 연기자를 내가 드라마"자이언트"에 아역연기자로 나왔을 때부터 오! 연기 잘하는데라며 지금까지 눈여겨 봐왔는데...이런 식으로 그 이미지를 와르르 무너트리면 어쩌란건가!? 이런 영화를 만들 때 말리진 못해도 나오진 말았어야지....에휴
0, .
10, 야 이건  어린시절 보았던 벤허급이다 꼭봐라 두번봐라
0, ㅎㅎ
0, 원래 있던 감독 자르고 김수현 형이란 사람이 감독을 하더니 ㅉㅉㅉㅉ 이렇게 말아먹을려고 감독 바꿨냐?
1, 같이 간 일행만 없었다면.... 영화보다가 간만에 중간에 나가구 싶어지는 영화였음.... 영화 이렇게 대충 만들면 안된다...시간깨지고... 돈 깨지고....
5, 스토리는 대단히 흥미로왔다. 배우의 연기 훌륭했다. 다만 이런 좋은 재료를 요리하기에 감독의 역량이 좀 부족했다.. 보실만함.
0, 망작...
0, 영화 보다 중간에 나가는 사람 여럿 봄
8, 끝까지 봐야 영화의 전체 맥을 이해할 수 있는 영화...  외설적인 내용이 굳이 작품성에 영향을 주나 싶은 아쉬움과 여주인공의 연기 영역만 빼면 전체적으로 배우들의 연기력이 작품성을 만드는것 같아요... 아주 재밌게 봤고  영상미도 좋았고...뒤부분에 매트릭스를 보는 것 같아서 멋졌음... 우리 영화 수준 높음!!^^
1, 감사합니다. 불면증치료에 큰 도움이 되었습니다.
7, 혹평이 난무하는 가운데 호기심을 못 이겨 관람을 했는데 그런대로 괜찮았던 것 같았슴.
0, 암 있는 사람이 이거보구 나았다는 감상평을보고 봐버렸다. 조심해야 할건  그 흥미진진한 전개에 암없는 사람은 암 걸릴수도 있다는 것이다.
2, 불편하고  재미없다. 재미없고  불편하다. 돈아깝다.
1, 뭔가?!  본것 같은데..... 전혀 내용이 기억이 안나고...   이게 뭔가 싶다...
1, 클레멘타인과 함께 한국영화걸작선에 올랐다는 그 영화인가
8, 폭망  이해안됨  난해 등의 리뷰를 달고 있길래 대체  뭐길래? 하는 궁금증을 가지고 봤습니다.  chapter1 끝무렵에 아하! 하고 부터 재미있어 졌습니다. 환상과 환각을 염두에 두고 보면 춤을 추던  총을 난사하던 이해되실 듯. 배우들 연기 굿! 마지막 장면  쏘지 못한다는 건 스스로 끊어낼 수 없다는 건가?하는 의구심.
1, 만화를 보고있는듯한느낌  도통알수없음..별로...
7, 뒤부분이 좀 난해했지만 몰입도는 괜춘 
1, 뭔 영화인지 도통 모르겠음. 중간에 나가는 사람따라 나가고 싶었으나....
1, 내용이 너무복잡.난해한것이.ㅡ 머가먼지..
2, 김수현이 영화찍느라 애쓴것 때문에 그리고 명품조연배우들 연기가 아까워 1점을 줌 당췌 흐름이나 개연성을 이해하기 힘든건 둘째치고 마지막 액션씬에 남자도봉순 나오는줄 알았다  물위에서 빨간옷 입고 물춤 추는데 어쩌라는건지 진짜 모르겠다 아 몰라``몰라몰라~~
0, 영상미 최고 스토리 최고 꼭보세요  연인끼리 볼수있는영화
10, 김수현을 멋지게 찍은 영화 재미 보단 영상을 ^__^~~
1, 역시 관람객들의 평점을 믿었어야 했는데 후회된다. 설마 그렇게 재미없겠어?란 의심으로 호기심에 포인트 사용해서 주말 조조로 봤는데 엄청 후회했다. 내 포인트 너무 아깝고 안그래도 피곤한데 더 피곤해졌다. 스토리가 정말 이상해서 이해하고 싶지도 않다. 엉망진창 영화찍느라 고생은 하셨을테니 인간적으로 1점 준다
0, 영화를  보다가  재미가  없으면  그 자리에서  졸음이 오거든여  이 영화는  그냥 자리에서 나가고  싶었다  나가신분들도  실제  있구여   욕하면서...  머리가  나쁘면  이해하기  어려운 영화  감독  의도가  관객  성질나게  하려는것 같다  마지막장면  액션 ㅋㅋ  진짜 장난한다   당췌  이게  뭐냐?  너무한것같다
0, 평정 0점도 아까운 영화.  예매율이 높은게 더 신기함. 돈과 시간을 써가며 고문받는 느낌. 영화관을 나서면서 짜증과 비속어를 날리는 자신을 발견하게됨.
0, 김수현의 자위쇼. 포르노아닌 포르노. 포르노는 아무 내용이 없죠? ㅎㅎㅎ
9, 이 영화를 다본 당신이 승리자 입니다 .... 생에 있어 어떤 험난함도 고단함도 이영화로 극복 합시다 ...... 정말 정말 인생에 이런영화는 하나정도 봐야 한다고 생각 합니다 .....
1, 다소포 소녀"라는 .. 전설적인 영화가있었답니다.. 그거 후속편이라고 보시면 됩니다` 왜 날~ 뷁~!" 왜날 부레 끼~!..
1, 시간낭비
0, 뷁
0, 이건 거의 재앙 수준이다 한동안 왜 내가 이 영화를 보앗는지 후회와 자책감에  힘들거 같다 트라우마가 생기지  않기를 바랄뿐이다
9, 배우들 연기력은 최고  마지막 엔딩신이  좀   멋진영화지만 너무 많은것을 보여주다보니 아쉬운영화가됨
1, 한국영화가 망하는 지름길
10, 클레멘타인  영웅: 샐러맨더의 비밀  그랜드파더 3대장에 견주는 기념비적인 작품이 등장했다.
0, 감독님... 김수현 캐스팅하고선 영화를 이딴식으로 만들다니.......   그럼안되지...ㅠ이럴려면 그냥..코메디영화를 만들지...ㅠㅠ
7, 김수현이라는 배우의 연기력만으로 볼만한 연기.. 영화본지 몇시간이 지나도 여운이 남네요. 아쉬운 부분이 많은 영화이긴 하지만. 저는 잼있게 봤습니다.
1, 별 반개도 아깝네 오랜만에  낮잠을 시원하게  잘수 있게 해준 이 영화에 감사드린다. 40년이상을 영화를 봐 왔지만 중간에  그만보고 나오고싶은맘이 처음으로 생긴 영화였다 한마디로  돈 아깝고 시간이 아까울  뿐이다
1, 오늘 보고나왔습니다 . 이거 본뒤 바로 박열 봤는데 너무 큰 대조를보이더군요ㅜㅜ 제가 좋아하는 배우들모다노코 이건 먼 해괴망측한 짓인지  예술로 보기엔 너무나도 퇴폐적인영화네요 돈이 이리아까브긴 첨이었네요
0, 어쨌든~~이렇게 실망해보긴 올해들어 처음~
0, 평점 5점 이상은 나만 당할수 없으니 너도 엿되봐라는 심보냐
1, 이해할 수 없는 장면들이 난무합니다...액션 장면도 코미디급이구요.
0, ..
1, 관객을 뭘로 보고 이따위 영화를 만들었냐? 해외에 수출할까봐 두렵다
10, 감독이 김수현안티임이 분명함 ㅠㅠ 그래도 2시간 견디면서 보다보면 마지막에 멋진장면이 5분 나옵니다.  마지막까지본자가 승자!  5분보려고 2시간을 견뎌야 ㅠㅠ  근데 또보고싶네요. 먼내용인지몰라서 여러번봐야할듯. 아이유 수지등등은 언제나왔는지도 모르겠고..
10, 좋아서요.  다만 30년 만에 영화 처음 보니 모든게 좋았음.
2, 코미디 영화로보면   별4개. 액션 르와르로 보면 별1개. 베드신 영화로보면 별 못줌 ㅋㅋ
0, 어이가없네~~~!헛웃음만나옴!
0, 돈주고 보기 봤지만  돈 줄테니 보라해도  안볼 영화다. 돈도 돈이지만 시간이 더 아까워. 내 인생의 소중한 시간 이 영화로 뺏긴 137분  누가 보상해 주나? 감독과 투자자는 뭔 자신감 일까? 세상에 내보내서 욕 먹기로 작정한 걸까?
10, 나만 죽을 수 없지...니들도 꼭 봐라
0, 정말  돈아깝고 이해하기 힘든영화
0, .....
0, 그놈의 학연 지연 혈연.. 아무리 잘나가는 배우라도 공과사를 구분 못하고  1%의 능력도 없는 사람을 감독으로 들어 앉히는 적폐를 저지르다니 그러다 바닥으로 훅간다.
1, 설리 찌찌땜에 2점  김수현 엉덩이 때매 -1점. 제점수는요  1점입니다.
1, 넘 실망입니다 올해들어관람료가처음으로아깝다는생각이듭니다
1, 영화라는 협업의 본질을 놓치고이미지에만 미쳐버린 이나라 영화판과 대중 수준의 결정판
0, 할말없음
1, 돈아깝다 ㅡㅡ
10, 이 영화를 보고 앓고 있던 암이 나았습니다.  영화에 영자도 모르는 자들에 악플들은 무시하시고  대한민국역대 영화입니다 꼭 보세요 악플에  속아서 안보시면 후회합니다 정말 강추입니다
0, 진짜  짜증이다.   더할말도없다. 후회막심.
0, 자본주의 사회에서 돈이면 뭐든 할 수 있는 것이 맞긴 하죠. 수현님은 당분간 볼링이나 치시죠. 유투브의 한 리뷰에서는 10점 만점에 평점이 없다는 말씀을 하시며 한국영화 장족의 후퇴라더군요. 공감합니다. OCN에 나와도 안봐요.
0, 이건 대체....
0, 영화를. 만든 이유가 궁금하다 인기스타 내세워서 성공해볼려고 ???? 감독부터. 정신과 치료 받아야하지 않을까 이런 공해같은. 작품. 만들지마
0, ...무조건 복잡하게 편집하면  멋있게 보이고 철학적인 것인줄 착각한 것 같은 영화.   철학과 생각이 담겨 있어야  영화가 의미가 있는것.   자기가 무슨 말 하는지 조차 모르는 영화에 내가 머라고 답해야 하나..
1, 올해  내가 본  27편 영화중 최악
10, 클레멘타인과 리얼을 보고 나도 영화감독의 꿈을 키우기 시작했습니다.
4, 내용 이해불가 ㅠ 뒤죽박죽 .뭘 말하려는지 알수없음 .배우가 아깝다는 생각뿐....보는 동안 나 혼자 실소ㅡㅋㅋㅋ 이걸 영화라고 만들었을까....
1, 김수현과 설리 때문에 본 내 자신이 용서가 안된다
0, 50평생  처음으로  혼자 영화보러 김수현 나온다길래 갔는데  허무하다.수현아 웬만하면 내 피같은  9000원 돌려다오.부탁한다.
10, 예술로 보면 아름다음의 연속이지만 미상년자들은  좀 거시기 머시기~혀요 내면의 악한 무의식의 결정판  적나라하게  대리충족을 목표로~ 불편한 영화의 흐름이  타 영화의 부분부분을  떠올림~ 왜~불편할까~?
0, 평점??  디질랭??
0, 영화 좀 내려주세요. 틀 영화 없음 아예 독립영화 틀어주세요. 잘 찍은 영화가 얼마나 많은데.
1, 영화가 왜 이렇게 이상해~~ 어쩐지 오늘 리얼 영화보러 갔는데 사람 없더라
1, 지금 보고. 있는데. 이게 영화냐 내가 찍어도 이정도 찍겠다
3, 개떡같은 영화~ 찰떡이 있을거라는 기대로 보다 1시간 20분만에 나옴 돈도 시간도 아까운영ㅇ화
0, 마이너스 별점은 없나요~?
0, 미리 말한다 안보고 평점쓴다 꽝영화 '-'
0, OCN에서 해도 안 볼듯
1, 시간. 돈 아까운 영화?  영화 맞아?  진짜 너무한다
0, 어휴... 진짜 뭐냐 ?
1, 할말이 없다.
10, 김수현이 1인2역이라는게 믿기지 않았음...보는 네네  전혀 다른 두사람인줄로 착각과 의심... 그리고 설리 연기는 좋았지만....잘나가던 걸그룹출신이 왜? 다 벗어 보여주고 야한 장면을 찍었는지...안타까웠음...내용이 좀 어렵긴 했지만 나름 신선했음
0, 보지마
0, 할 말 없음.
8, 우리나라도 좀 아름다운 영화만들자  맨날 이런류의영화  그리고 배우들도  맨날  같니?
0, 아 설리.. 넘 이뿌다. 그냥 살리땜시 끝까지 본 영화
1, 하 리얼리 리얼리 재미도 감동도 여운도 없고 시간과 돈 그리거 시력조차 아깝다 뭐야 이 애니콜시에프같은장면들은 ㅡㅡ
1, 영화가 장난이냐?
0, 이 세상 영화가 아니다.
10, 너무 감동적이었어요.. 제발 영화 꼭 보세요. 올해 최고의 영화에요
8, 영화가 개봉될 때마다 언플 테러를 당하는 영화가있기에 언플에 개의치않고 김수현을 믿고 봤다..영화를 막 만든거라 생각하지 않는다..80년대에는 유럽풍 느와르 장르가 많았던것 같았은데   그런 느와르 분위기영화였고 나름 던져주는 메시지가 있는영화였고 결론에 이르는 중간과정을 조금단조롭게줄였으면어땠을까싶다
2, 김수현님이 왜  이런영화를 찍게  되었나 ?? 영화를 보는내내 의문이였음. 처음부터 끝까지 영화가 빨리 끝나길 기다림. 포르노를  넘 생각없이 찍은건가?? 왜?주변에서는 왜? 말리지 않았지???? 돈이 없는것도 아닐테고. 연기에 스펙트럼을 넓히기 위함은 더더욱 아닐터.. 연기되는사람이고.. 안타까움뿐.....
10, 음
1, "옥자"가 났다. 옥자나 봐라.
0, 옛날 어린이들에게는 호환  마마  전쟁 등이 가장 무서운 재앙이었으나(이하생략)...
0, 댓글보고 어느정도길래? 호기심 가득했던 날 용서하지 않겠어
9, 왜 다들 클레멘타인만 언급하나요 복수혈전도 있는데 이경규 아저씨 서운하게
1, 미안하다 친구야..
10, 이 영화가 개판인지 내 인생이 개판인지 모를  몰입감을 느끼고 나서  불이 켜지는데 한동안 개판 판티지의 충격에 일어날 수 없었다
2, 그냥박열보는게낫다
7, 나름 볼만했음 김수현이 주연이라  연기력은 역시 볼만함 한국판 매트릭스같은 느낌이~~^^
0, 이해하기가 난해한 작품.
1, 평점주기가 아까운 영화다 다시는 이런 B급영화는 다시 만들지마...
4, 주연의 액션씬을 기대하고 봤던영화... 액션은 너무 적고  정신과 영화를 본 듯하다... 기억에 남는건 설리의 노출뿐...
5, 너무 많은 기대를 해서 그럴까? 아니 너무 많은 기대를 갖게끔 홍보를 해서 그렇다.또 한가지 액션 느와르 장르였기에 너무 지능적설정이 영화를 이해하지 못하는 경우가 발동한듯...그것도 제작진의 실수...아무튼 볼거리는 풍부  내용의 개연성 및 관객 이해도는 꽝~~정신적 부분에서 곡성과 비교되는 리얼  리얼 패
10, 욕하지마라 암이 나았다
1, 이것도 영화라고 양파껍질까듯 계속 기대했는데 내용도 암것도 없고 가끔 귀를 찢는듯한 폭력성 폭음만~~ 에구 시간   돈  아까버라
1, 매일  그날이 그 날 같고 삶이 권태롭고 무의미하다면 ? 이 영화를 자신있게 추천 합니다  137분을 투자해보시면  (절대 도중에 나가지 마시고 끝까지 본 경우) 엔딩크레딧과 함께 극장밖을 나서며 자신의 삶과 시간이 얼마나 값진것인지 새삼 깨닫게 될것 입니다.
1, 시간아깝고 돈 아깝고  하품하다.   지루해서 죽는 줄 암  몇사람은 중간에 나감
0, 이딴걸 보려고   내가   돈을 벌었나 싶다 별 반개도 아까운영화
0, 영화보다 중간에 나왔다
0, 알바들이 10점을 그렇게 던지는데도 5점 아래로 떨어졌구나. 그러나 영화를 본 사람들은 알것이다. 1점도 과분한 점수라는걸...
3, 김수현 연기력이 너무 아깝다ㅠ
1, 영화 끝나고 집에 걸어간다 걷는다는게 참 재미있는 것 같다  ㅋㅋㅋㅋㅋㅋㅋㅋㅋ
8, 요즘 사는세상 부우자들이 사는세상 정신줄 놓은 사람들이 사는 세상 돈이뭔지 약이뭔지 뭔가 가짜가 활개칠때 그리도 환희로 가득차해하던 장면이 인상적이었음~~~   그나마 부모님 언급안하고 망가진건 단지 그들만의 문제라 다행이네  난 돈도없으니 정신줄 부여잡고 살아야지~~~
1, 어제 보고왔다. 이건 초초역대급 인생영화다. 내 시간과 돈은 그냥 버린거...
9, 김수현 대단..요즘 영화들에 질려버렸는데 부족한 부분이 있지만 나름 신선했음
6, 마약이 이렇게 무섭습니다
1, 투표 안하고 정치인들 욕하는 사람처럼  안보고 악플쓰는 사람들은 없겠지  나에게 정당하게 욕을 할수 있게 해준 제작진의 마음에 10점을 드립니다  (32년 동안 들어본 욕을 한번데 이영화에게 바칩니다)
1, 절대 비추. 요란하고 현란한 여기저기서 모방한 장면 짜집기.겉멋 허세에 쪄든 정말 평가할 가치도 없는 영화다. 배우들은 정말 헛고생했다
0, 어이없는 영화ㅋ 당췌 뭔지를... 참 좋은 배우로 이런 영화 만드는 것도 실력..풋..
0, 이렇게 재미없고 형편없이 만들기도 힘들겠다 원숭이들한테 카메라 주고 찍으라고 해도 이 거보다 재밌게 찍겠다
1, 1점도 아깝다 영화가 아니라 쓰레기 절대보지마요 시간낭비 돈낭비
1, ㅜㅜ
0, 왜  설린지 셜린지를 썻는지 알겠드라~어차피  잘되고 싶지 않았던거지ㅎ
1, 똥
1, 이게 잼있다면..... 클레맨타인-청룡상 긴급조치19호-영화평론가상 영웅 : 샐러멘더의 비밀-황금촬영상 은 받았어야 했다......
10, 화이팅
1, 김수현이 이 영화를 선택한 이유가 궁금하다. 시나리오를 분명 읽어 보았을텐데...
10, 예술영화. 이해불가. 해석불가. 이 모든게 놀라워서 10점.
5, 눈요기는 충분하지만...너무 어이가 없는 영화..영화보다가 두세커플은 나가고...어떤 남자는 마지막 부분에서 미친듯이 웃더라..너무 어이가 없어서   자조의 웃음? 이 감독은 무슨생각으로 이 영화를 만들었는지 묻고싶다..마약의 심각성을 경고하고 싶었나? 감독은 영화다시 배우고 와서 만들길바란다
0, 폭망한영화..진짜미치게돈아깝다..시간도아깝고..평점줄 필요가없다
1, 좆같은 영화에 연기력 좋았다고 하면 배우들이 좋아할까? 영화 자체가 좆같으면 연기 자체도 좆같은 건데 ㅋㅋㅋ
10, 조금은  특별한 영화! 장자-호접지몽(胡蝶之夢)이 생각나게 합니다.  재미로만 아무 생각없이 볼 수도 있지만    또 다른 느낌을 주네요. 꿈에서 허우적거리다가 깨어난  기분입니다. 망상과 욕심  어리석음의 꿈에서 깨어나서 열심히 현재를 살아야겠습니다. Good~❤️
6, 솔직히 작품성으로는 별한개도 아깝지만 김수현씨외 배우들의 연기력으로  세개줍니다. 정말 배우들 연기력 아니였음 중간에 뛰쳐 나올뻔 했음...
0, 1점주기도 아까운 영화...개쓰레기... 김수현에게도 실망.... 강독은....패주고싶다
1, 우리모두 하나가 되고 싶다는 뜻읏 담아서 평점 드립니다 리얼루다가
10, 저평가 받기에 아까운 영화. 그래서 만점을 준다. 왜 이렇게 평점이 낮을까?
0, 덕분에 숙면을 취하였습니다. 감독님 감사합니다 :)
10, 영화는 모르겠고 김수현배우님의 연기력에 별5개 줍니다
10, 리 헐~
10, 클레멘타인 이후로 이런 대작이 나올줄은 생각도 못했다.
1, 배우들이 아깝네요..후반부 정말 이해불가..
1, 스티븐 시걸이  중간쯤 보다가  자신의 목을 꺽을뻔한 영호ㅏ
0, 스토리가 엉망이고 짜집기도 개판이고   너무나 지루한 시간이었음.  몸이 꼬이실꺼임 으~~~지겨워  배우들만 불쌍함. 감독 무능한넘 만나가지고
9, 김수현이라는 배우가 아니면 누가 이렇게 매혹적인 연기를 할수있을까?  주인공의 정체성이 무엇일까  자아들간의 생존게임 놓치지 않으려고 끝가지 집중해서 봤어요. 실험정신과 영상미에 박수.  그러나 스토리전개를 모호하게 하는 편집의 아쉬움과 이것저것 근사한것은 다 시도해 보려했던 감독의 욕심은 과유불급 ㅜㅜ
0, 이건인생최악의영화라는 생각을 끝까지  하게되는 영화라생각이됩디다도대체 감독이 누군지보기는 했는지배우들은 또 봤는지 너무나어이없으하며처음
0, 안타갑네요.
4, 지루하고 재미없고 마치 쌍팔년도 느와르 본 느낌 김수현과 이성민 그리고 성동일 이란 배우들 가지고 뭘 찍어는지  감독한테 묻고 싶은 영화임
10, 이 영화를 보지않고 인생을 논하지 마라 - 28세 무직 백수
1, 이건 뭐 영화도  아니고  뭤도 아녀??
2, 황제를 위하여 보다 더 심각하다
2, 누가 설명좀.. 대체 무얼 얘기하려는 영화인가요...? 걍 감독소장용
10, 클레멘타인을 뛰어넘을 역작이라기에 와봤습니다 ^^
4, 김수현의  연기만 볼만 한  영화 너무 많은 것을 보여 주려고  하다보니 스토리가 이어지지 않음 너무  산만함  편집이라도 좀더 정성을 드렸으면 점수를 줄텐데 설리의 도대체 뭐한거지 왜 나왔는지 모르겠음
0, 지금까지 본 영화중에 제일 돈과 시간이 아까운 완전 최악의 영화...관람도중 나오고 싶은 맘 돈아까워 억지로 본 영화...
4, 아무리 훌륭한 색을 지녔다 하더라도 그것이 발색되는 것과  윤기가 흐르는 것은 차이가 있다  관람 하지 않았지만 중국자본으로 인한 중국을 위한 영화 같다 관람 안했지만 관심은 감
2, 이런 영화 첨 봄..김수현이 넘 안됐군요ㅠ
10, 정말 재밌게 봤습니다. 보기드문 스케일 큰 영화였고   새로운 시도도 많고  영상미도 좋고 스토리도 꽉 짜여진게 생각하는 재미가 있다. 음악도 액션도 다 좋았다.  악의적인 평가 글들이 너무 많은데 . 비판의 정도를 넘어선듯  눈쌀이 찌푸려진다. 아무리 못해도 6점은 넘는 영화고  내 입장에선 10점 만점에 9점 이상임
0, 화불받고싶은  영화.  너무나 불친절한 영화. 재미도없고 내용도  없고  너무 지루함
1, 김수현이 이런 영화를 택하다니ㅡㅡ 감독은 80년대 광고와 홍콩영화를 너무 많이 본듯. 2017년에 구경하기 쉽지않은 영화다 보면서 동행끼리 마주보며 웃느라 그게 웃겼다
0, 한국 영화계가 어디까지 타락할 수 있는지 잘 보여주고 있다. 이런 영화가 멀티플렉스에 걸린다? 이렇게 장난치듯 영화계를 모욕하는 것은 용서해선 안된다.
8, 1점은 평점테러란 생각밖에 들지 않는다.  정말 영화를 끝까지 보고도 그런 생각밖에  할 수 없을까란  의문이 들 정도로.. 내가 다  안타깝다.  물론  난해한  영화인것은  맞지만  그 정도로  홀대받을  영화는  아닌것 같은데... 보편적인  영화는  아니지만  독특하고  충분히  재밌었다. 김수현 연기가  소름일  정도
1, 정말 배우 때문에 1점 드립니다! 시간이 남아도 안보는게  좋을듯 합니다!!
0, 무슨 내용인지 하나도 모르겠다. 그리고 김수현이 액션 할때마다 다들 웃는다. 김독도 제정신이.아닌듯 마제막 까지 보지 말고 니가라
2, 시나리오  감독  마케팅/홍보까지 다 엉망임. 애시당초 액션물 아니라  자아정체성을 다루는데  그게 공각기동대나 드라마 듀얼  서클처럼 과학발달  미래시대 인간존엄성 등 실존을 다룬 것도 아니고  마약에 의한..ㅡ.ㅡ;;; But 김수현의 연기는 Good! 전혀 다른 두 인물을 소화하는데도 역쉬~! 김수현 연기때매 2점은 줌
1, 김수현이시사회때왜울먹였을까요~??
4, 배우 연기는 좋은데 제가 이해력이 안좋은가 이해하기 어렵네요... 마무리도 좀 아쉬워요
1, 내 인생 42년 동안  세손가락 안에드는 미친작품  배우들의 연기력이 죽어나가는  정신나간 시나리오  그나마  설리 땜에 1점
1, 김수현보러간것이니 1점은 준다.. 정말.. 그 긴시간과 노력을 저런 쓰레기같은 작품에 낭비했었다니.. 영화를보고 김수현도 느꼈겠지 울만했다.. 130분이 넘는 긴긴 러닝타임속에서도  도무지 무슨 얘기인지  어떤캐릭터들인지 1도 알수없었음
0, 정 말  내 인생 최악의 영화...   제일척강시라고...  고딩때 봤던 영화... 호기심 많은 고딩을 잠재운 영화였는데...    그 영화를 넘어섰다...  대단하다...  끝나고 어이 없어 웃음밖에 안나오더라~~
7, 개봉 전부터 이렇게 욕먹는 영화는 드물었기에 어느 정도인지 너무 궁금해서 봤음. 기대를 안해서 그랬는지 의외로 재미있었음.액션신이 시원하고 영상 대부분이 밤을 배경으로 화려하거나 그로테스크하게 꾸며져있어서 그거 보는 맛이 있다.  단  스토리 자체는 나쁘지 않다고 보나 그걸 표현하는 방식이 친절하지 못함.
5, 정말 알수없는 영화 내용땜시 머리가 아플지경이었습니다.
0, 한마디로-형편없는 영화-라고 해야될라나... 어떤표현을 써야 이 짜증을 보상받나... 이런걸 영화라고... 내용도 없고  재미도 없고... 살다살다... 나원참... 보면 후회한다에 한 표... 공짜로 봐도 후회한다에 한 표... 시간을 낭비한 느낌 들테니...  중간에 나오지 않은게 후회되는 영화임돠.
0, 정말 재미없고 내용없고 지루한 영화   도저히 끝까지 못보겠는 영화 돈지랄 했네 ....
0, 보다가 걍 나왔음. 내인생 최악의 영화 .
8, 감독이 너무 어리다. 액션씬도 무슨 GTA도 아니고;각 장면마다 자기주장이 오진다. 이게 예술이다!! 이게 슬픈 장면이다!! 이게 마약 세계다!!! 이제 끝난다!!!욕심을 단 하나도 버리지 못했다. 무용 장면은 ㄹㅇ;김수현 배우가 노력하지 않았다면 이정도로 봐주지도 않았을 것. 난 영화가 아니라 김수현에게 별점을 준다.
0, 최악 ...  이걸돈주고? 김수현은 왜이걸찍었지?
1, 별한개는 배우들 노력때문이다
7, CG를 이런 식으로..혼란스러운 영화입니다 게다가 스토리 또한 난해하네요 한편의 괴기스러운 만화같기도 하고..뭔가 전혀 평범하지 않은 느낌입니다.
1, 쓰.레.기.
4, 홍공느와르를 보는듯. 우리정서하고 왠지 다르게 느껴짐. 스토리 전개도 별로
10, 배우들의 노력에 10점 줍니다 영화는 진짜 일반인 시각으로 봤을 때 독특했어요
1, 이 영화로 인해 감독은 아무나 하는구나 하고 느낌...  내가 만들어도 이 정돈 만들듯.
0, 수현아.....아이고수현아......
1, 짜증남
1, 이걸 영화라고 만드나? 한심하다.
1, 정말 오랜만에 간 영화관  평소 집사람이 김수현을 좋아하고 아이들도 '도민준'을 기억하고 TV로 다시보기도 하고 하여  '리얼'을 예매  상영중에 두번 껌벅껌벅(졸다) 영화가 끝났을때 이렇게 찝찝한 기분 뭐지? 이 영화? / 감독 한테 사전에 영화에 대한 스토리와 의도을 물어보고 봐야 하나... ...
0, 돈돌려 받고싶다ㅡ 영화본 시간도ᆢ 이렇게 지루하고 잼 없는 영화 처음 봄
0, ㅗㅗ
7, 김수현씨 연기는  좋아요.나름 볼만했어요.
0, 영화보다 중간에 나오긴 첨인영화  관객에게 어떤거 보여줄려고 했는지 모르는 영화  그냥 김수현  설리노출신만 강조되는것 같아요..
5, 마약하지마라는영화?김수현연기는좋음성동일님나온영화중에서이렇게재미없는영화라니ㅠ.ㅠ아까운내시간한숨...짜증..하품...영화가언제끝나나시간만봄
0, 음식물쓰레기. 짐승의똥. 오폐수. 구토결과물
1, 영화계의 친인척 비리. 100억짜리 초짜 감독의 습작. 감독은 이한편으로 영화계에서  자연스레  퇴출될듯
0, 마지 막까지 실망시키지 않는 영화. 진심 으로 이런 분께 추천한다.  고통을 즐기실 분들~ 내 돈으로 남의 똥 처리 해 주실분들~ 고차원적이라고 생각하며 저차원을 찾는분들~
0, 왜 그랬니.... 왜.... 꼭 그래야만 했니?
7, 나름 의미있는 영화... 지루하지 않은 영상
1, 이 따위 것을 무슨 100억이나 처들여 갖고 만드냐. 천만원만 있으면 아이폰이나 캠코더로도 찍겠다. 이 영화는 성소재림과 비견될 역대급 망작으로 기록될 것이다. 그리고 김수현은 한동안 또는 영원히 한국 영화계에서 못 볼 것 같다.
10, 누구나  되고 싶은  사람이  있다.  강하고  아름답고  어떤것에도 절대  무너지지않는..  그러나  실제의  나는  그렇지  못하고  발버둥칠수록  더  초라해진다.  되고 싶은것에  대한  동경  질투   슬픔     분노  그런것들을  그려내려고  했던거  같다.  난  충분히  동감한다  나도  그러니까...
6, 내러티브는 주인공의 정신과 함께 박살이 났지만 비주얼은 인상적이다. 왕가위부터 이명세 대니보일 같은 감독들의 영화비주얼을 좋아한다면 나름 흥미롭게 볼수 있을듯.  씬씨티같은 느낌도 있고. 영상이 화려한 영화들에 많은 영향을 받은듯. 마지막 시퀀스가 좋았다. 환상속에서 다시 태어난 그대랄까. 근미래 판타지물.
8, 제목은 리얼이지만 리얼이 아닌 최면 속 환각장면 정의로운 사회부기자가 취재 중 어떤 잘못으로 마약을 접하게 되고  부작용으로 해리성장애 중 이인증을 앓게되어 정신과에 가서 최면치료를 받으며 최면 상태에서 본 장면이 영화로 펼펴진 것.   마지막에 초라한 김수현이 치료를 마치고 현실로 걸어나온다.
0, 어떻게 영화관에 나오지도않은 옥자에게 밀리지... 옥자가 재밌긴했지만.
2, 도대체 뭘 말하려하는건지.  나중엔 사이보그 영화인줄~  현대무용까지. ㅋ   어이없어 웃음만 나오는 영화네요. 돈아까워
1, 이걸 영화라고 밤 늦게 예술영화한편 본걸로 주연 배우가 마지막 댄스가 완전 대박 극장 뛰어 나갈뻔 취향 완전 저격 당함
0, 1.  감독이 관객을 우롱하거나 너무 똑똑하게 보거나 무시함 2.  미스터리  메디컬   액션  멜로  애로에 패러디까지 덧씌움 3. 감독이 편집점을 못찾아 러닝시간만 길어짐 4. 엔딩 크레딧에 감독이름이 선명하게 들어옴 5. 몽환적 분위기 내려고 이것저것 다 꺼낸 티냄
0, 내용도 어수선하고 일관성도 없고 무슨내용인지도 이해도 안되고.. 김수현씨 팬이지만 이번영화는 잘못 고르신듯 하네여 영화 잘모르지만 너무 형편없는 영화였습니다..
1, 너무 실망스러워요 김수현씨 왜 이런 영화를 선택하셨어요 처음 영상부터 짜증나고  내용도 이해가 안되고 음악도  영상도 참 많이 거슬리네요 김수현씨 힘내세요! 다음 영화도 꼭 보러 갈테니  그땐 기대해도 되겠죠? 은밀하게 위대하게는 참  재밌게 봤는데...
0, 1점도 아깝지만  고생하신 연기자분들께 드림. 정말 내용이 궁금하다고 생각하는것 자체도 시간낭비. 하품은 2시간 40분동안 계속 나옴.  이 영화 볼 표값은 그냥 기부하는게 더 뜻깊음
0, 0점
1, 1점은 불쌍한 수현이에게.. 어서 군대갔다오렴..
0, 감독의 연출력 수준이 아프리카 오지에서 어린이 만화만 보던 사람이  의욕에 불타 영화 만들다 대충 얼버무린 수준이다.. 보는 내내 얼굴이 화끈 거리며 몸엔 온갖 짜증이 밀려오는 .. 3류를 넘어 4류를 개척한 최초의 영화 같다 !!
4, 독립영화로 달련 되었기에 그래도 끝가지 보았다. 영화는 배우들 캐스팅만 보고 선택하면 큰일 나며 감독이 얼마나 중요한지 알게하는 영화  런닝타임이라도 30분 줄여라.
10, 클레멘타인을 이을 수작 나만 당할수 없다
1, 하......진짜 2시간넘는 러닝타임동안 내목만주무르다왔다.내가 짐까지 이런초딩영환 첨이다.왜 배우들이 감독보구 출연결심하는지 이영화보구 진심알겠더라.전세계의 명감독들이 진짜 존경스럽구 김수현이 아깝다.제발 공과사는 구분하구 능력없는친인척은 냉정히 거절하는 사회되자 진짜!!!
1, 하도 평점이 지랄 같아서  긴가민가 하고 봤다 평점이 맞더라 처음으로 이런 개쓰레기 같은 ㅋㅋㅋ 합이 15초 정도 설리만 보인다 ㅋㅋㅋㅋㅋㅋㅋㅋㅋ  다음주 다운받아 바라
1, 밑에  국보? 9점?  관계자아니면  김수현인듯  7광구 이후 최고의 망작  가족들이  엉겨붙어 김수현 망가트리네
7, 영화 이해를 못했으면 감독 탓하기 전에  본인이 영화를 대충 본건 아닌지도 생각들 해보시길  이영화의 대부분의 내용은 교통사고 후  식물인간 상태에서의  서로 다른 세 인격의   싸움을 그린 영화인데   아무것도 이해못하고 까기만 하는군요  장면 하나  놓치지 말고  보시면  놀라운영화인데
3, 어린감독  첫작품   b급성인만화  연기파인기배우   뜬금설리   CJ  돈
0, 영화도 끝나기 전에 나와버린건 처음인듯    내용은 어수선? 암튼 머릿속에 남는 줄거리가 없다   정말 돈주고 보기엔   넘나 아까운   ㅆ ㄹ ㄱ 같은 영화   
5, 후반부에 김수현 액션씬.. 특히 빨간 양복입고 찍은 씬은.. 빼는게 나았을거같네요.
10, 설리땜에보는거지 뭐
1, 감독님  진심 궁금합니다 리얼하게 무슨 내용인가요 ? 차려진 음식은 너무나 많은데 맛이 없고 난해하고 죽도 밥도 아닌  평점 준건 설리 이뻣고 몸매 점수와  김수현  고생해서입니다
10, 같이죽자
1, 이미지 깬다 김수현
3, 김수현은 잘생기고 멋있고 설리는 아름답고 예쁘다 끝
0, 심장이 정말 쫄깃쫄깃 하게 봤습니다. 이런 거 보자고 돈 쓴 생각하니....
0, 스칼렛 요한슨의 "루시"를 모방해서 만들려고 하였으나  보는 내내 그냥 영화가 기분 나쁘게 흘러간다. 등장인물 연기가 비호감 +호모 같기더 하고... 화려한 액션을 기대했으나 비현실적 카메라 조작이고  마지막 액션(예고편 나온)은 인물들이 날라다녀서  (진짜 나른다) 보면 관중석에서 실소가 나온다. 시간  돈 낭비
0, 필요한 내용은 전혀없네요. 쓰레기;;
0, 돈 내고 스트레스 심하게 받고 싶으신 분  영화비 내고 들어 갔다가 금방 후회하고 나오고 싶은 분..... 영화보고 영화비와 시간이 아까워서 욕하고 싶은 분들에게 강추하는 영화...
0, 예술영화도 아니고.. 무슨장르는인지는 둘찌니치고 내용 이해도안되고 뭘본건지도 모르겠고 어처구니없음.  나 혼자 죽을수없다는 심정으로 평점 높게 준 사람들도 있는데 이 영화는 클레멘타인  성냥팔이 소녀의 재림  화산고 와 함께 레전드가  될것이다.  기억해두겠다. 이사랑 감독
1, 극중  선 굵은 주인공을 연기하기엔  아직 김수현 의 내공이나 연륜이 부족해보인다 .. 즉  연기하는것 처럼 보임    아시아  최대 카지노 보스를 그저  껌만 질겅대며 대사 치면  되는거냐고.  연기보다  스타일만  보여줄려는 화면도 거부감들고 차라리  광고를  보지요   안타깝다 .. 의외로  여주는  역할에 ; 어울렸음 .
0, 최악의 영화...정신병자  마약  도박  에로.. 영화관 상영관이 도배되어 있어 보러 갔다가 스트레스만 받고 나온 영화. <씬시티>의 폭력성과 분위기를 따라 연출을 했지만 수준 이하 였다...
1, 영화 보고 말을해  xxx놈년들 얼척이 없다
0, 쪽박!
0, 평이 극과극이네 팬 or 알바들인가
1, 이게 클레멘타인 성냥팔이 소녀의 재림 뺨따귀를 후려친다는 바로 그 영화냐?
1, 헐!!! 실망~
1, 그동안 작품선택 좋았던 김수현..이번엔 개망
7, 김수현 연기는 역시!!! 다른 배우분들도 좋았어요..개인적으로 아쉬운 점은 중간중간 굳이 필요한 장면이었을까 싶은 장면들이 많이 나온거랑 마지막 부분이 좀 아쉬웠어요. (카메오가 너무 빨리 지나간 것도ㅠ)감독님이 표현하고자 했던 것들이 너무 많아서 오히려 역효과가 나지 않았나 싶네요...
9, 신선하던데ᆢᆢ다들재미없다하지?남자들도 질투하나ㅋ
1, 어제  리얼보고 36년만에 네이버에 난생 처음 평점 남기고  분이 안풀려서 오늘은 안쓰는 다음까지 몇년만에 로그인해서  평점 남긴다
1, 처음 써보는 평점..... 흠.... 영화보다 처음으로 끝까지 안보고 먼저 나온 영화
10, 액션르와르보다는  심리스릴러물 같네요 오히려 긴 러닝타임이  짧게 느껴졌어요. 낼 다시 볼  생각인데   첫번째보다 두번째가 더 재미있을  것  같아요. 어제는 내용보다는  김수현 연기만  보고  와서 몇개의 리뷰들을  읽고  보면  더욱 재미 있을  듯.   김배우가 이 영화를 택한 이유를  알겠네요.  역시  김수현!
10, 2017년 최고의영화임  집에와서도 눈물이 계속나와 ㅜㅜ
1, 너무한다 정말  누가 안나가고 끝까지버티나  인내심테스트하는영화   이런영화에 외  수현이 이해불가 ㅜㅜ
1, 예고편만 봤을 뿐인데 일주일째 못싼 똥이  화를 내며 밀고 나왔습니다.
0, 0
6, 내가 머리가 나쁜건지 영화가 어려운지 이해가 안되는 영화임.
10, 장태영 1인2역 김수현이 연기 다함.억지 노출로 클릭 유도한 기레기들땜에 엉뚱하게 홍보된게 난감할따름
1, 방금보고 왔는데... 내가 왜 봤을까..나오고 싶은걸 찹고 봤네요 뭐  이런..
1, 알바놈들 평점많이주는거 아니야  돈때문영혼까지팔러 영화표살돈이아깝다 쿡tv 1000원 내고 볼영화  설리나오는베드씬만 돌려볼영화
10, ^^
3, 방금 보고 왔습니다 조심스레 말씀드려봅니다 중후반에 나가신 분들 많았어요 제 뒤에 혼자 오신 여성분.. 김수현 보러온거같았는데 안보이시던데 제 인내심이 이겼습니다 하하하
7, 배우분들 연기  좋았습니다 마지막 엔딩부분 무용 접목 부분은 좀 아쉬운면이 있었습니다 하지만 전반적으로 그렇게 혹평을 받을만큼 나쁘진 않았습니다
1, 의젖 함에 1점 줄께  해픈  우리 설리!!!  싸랑해!!!
1, 구성에 비해 배우들의 노력이 아까운 영화~~
8, 액션반전스릴두개의인격연기는최고네요좀어렵긴해도글케혹평받을영화는아닙니다
9, 예들아 왜 그래  더욱 보고싶어진다.  왜그러는지 재미가 그렇게 없니?
5, 배우들의 연기가 아까운 불친절한 영화.난해해도 진짜 난해하다..그나마 미장센은 괜찮았지만..성동일씨말처럼 6번은 봐야 이해가 될라나?
1, 노력해야할듯
0, ..이런영화는  평점을  꼭 줘야해요
0, 야이  개때끼야  제정신으로 만든거냐
1, 끝까지 보신분들 수고하셨습니다.  랑콤 광고를 연상시키는 현란한 장면이면 최고인줄 아는 아마추어 연출
1, ㅜㅜ
0, 돈아까움
8, 최악은 아무생각없이 애들 돈 뜯어먹을라고 만든 임금님 xxx첩 같은영화고 이영화는 나름 애써서 만든영화임   영화가 좀 어렵긴함 가끔영화보는 사람들 평점 낮게주는거 이해됨
0, 간만에 희대의 똥작이 탄생.
1, 이거보는데 앞사람 모두의 마블 하더라
1, 아놔~~!!! 어이없음 그돈으로  햄버거나 사먹을걸. . . 얼마나 한심하면 관객들이  중간 중간 나가고. . . 나도  짜증에 지쳐서  끝나기전에 나옴 ㅠ ㅠ
1, 돈주고절대 보지마라.이것도영화라고 어이가 없어 환불요구하고 싶었다.감독이 발로 만든거 맞고 내용이 뭔지도 모르겠고 춤추는김수현 광대같고 온몸이 오그라든다.기억에남는 장면도없고 내용은 어수선하고 갑자기초인적인 힘을갖느것도 코메디고 올해 최악의영화다.이러니 올해 우리나라 천만관객은 요원한거다.한심함
6, 딱 이정도
1, 내가 뭘 본건지 모르겠다~~
5, 기자가 말하는 그정도 까지는 아니고 영화가 좀  불친절하다는 표현이  맞는 것 같습니다.  자아찾기 스토리를 제대로 이해하려면 블로그리뷰좀 뒤져봐야 합니다.  그리고 춤추는 액션신은 제가 김수현 팬인데도 너무 웃겨서 진짜 눈물이 났어요..진짜 눈물요. 김수현 연기 설리몸매 화려한 영상을 보고싶으시면 추천이요.
