6, 솔직히 영화내용은  뭐..평가할사람은 못되구요 다만 한가지 짚고넘어가자면시대가 바뀌고  티비 영상도 아주 발전을 했고 . 티비 기능 또한 좋아졌어요영화흥행은 썩그닥 못했지만 홍보상영관부족?효과음등이UHD티비등으로 들어면  아주많이 어색합니다그이외는 살인사건이났는데 경찰의등장이없고그부분이 좀아숩네요
4, 이중적인 모습의 추악한 인간들...한 종교가 유독 부각되어 보이고...노골적이고 뭔가 비장하긴한데...이상하게 어색하다...??
8, 특유의 그로테스크한 분위기가 나름 괜찮았고 유준상의 연기도 좋았다!
5, 분노를 제대로 표출하려면 그렇게 화풀이하듯 하면 안 된다.
9, 액션만은 볼만한 영화 나머지는 글쎄...
9, 무삭제판을 보았다. 별 기대 안했다가  집중. 재미있다. 시선을 사로 잡는다. 애들이 보는 영화는 아니다.
9, 감독이 누군가 했더니...역시 애니멀 타운을 찍었던 감독...언제나 이 나라에서 동유럽 같이 표현이 자유로운 영화를 볼 수가 있을까나..
5, 허접하고 이상함.
9, 유준상씨 한건 하셨네요. 액션 장면 찍느라 고생하셨겠습니다. 역시 영화는 내가 직접봐야지 남의 평점보고 평가할게 아니네요. 영화감독 눈여겨 봐야할것 같아...음..
1, 더 야했으면...하는 아쉬음..?;;
10, 노무현 변호하는 글올린 유준상.
0, 성난 관객1
3, 전작들의 훌륭한 성과를 생각하면 더욱더 아쉽다. 특히 기독교적 상징은 너무 노골적이라 뻔뻔하기까지하고  집중을 방해하는 요소들도 많고  수긍하긴 더 어럽다.
5, 포스터에 '세상 모든 악인을 벌하라' ..... 라는 문구가 영화와 별로 맞진 않는듯...  액션도 그렇게 많지도 않고. 그렇다고 '화가'라는 특색이 많이 살아있지도 않고..  그냥저냥 모든 면이 좀 애매한 영화.
7, 감독의 의도는 좀체 모르겠지만 재미는 있었습니다. ^&^
5, 보면서 힘든 영화네요.
1, 액션이 부족한  가운데 이야기 자체가 허접하군
1, 준상이 나오는 영화 흥행한 거 있냐?  준상이 녀석은 예능 기어나와서 입만 안 열면 좋은데......말 많고 주접떨고 재미도 없고...나불나불
7, 한국영화의 가장 답답한점은 음향이다. 한국사람이 한국영화보는데 배우대사가 뭔말하는지 모르겠다. 배우의 발음문제가 아니라 영화 보는 내내 답답했다. 차라리 자막을 넣어주는게 어떨지... 낮은 음성 대사에 배경음악까지 겹치고 웅웅대고 지지직한 잡음 섞여서 무슨 농아 훈련시키는것도 아니고!
5, 그냥..중간인것 같음..무엇보다 유준상의 액션 연기 덕분에 다시 보게 되는..집중하게 만드는 영화
3, 내용이뭐야 시간아까운영화
9, 이게 우리나라 영화 맞나 싶을정도로 지금까지의 영화에서는 전혀 볼 수 없던 새로운 액션느와르..인간의 죄악과 성적쾌락의 탐닉을 다룬 극한 작품.. 얼핏 보면 전혀 구성도 연출의 치밀함도 돋보이지 않는것 같지만..인간세상에 존재하는 선과 악..그리고 악을 징벌하는 절대자의 냉혈함 그 자체가 연출이다.
9, 느와르 쩐다.... 근데 피로감이 상당한 영화.
1, 도입부에 서로 모르는듯 죽이려 하더니 갑자기 둘이 오토바이타고 나오네 도입부에는유준상 사움 못하더니 끝에는 갑자기 북파공작원 수준이고 노출은 거의 av급이네
1, 유준상님은  영화 선택을 너무 못하시는듯 ㅜㅜ안타까울정도로  완전 팬인데ㅜㅜ주제전달도  이상하고  편집은 더 개판이고 노력 하신분들  진짜 죄송한데 감독부터 노력이 절실한듯일만 벌려 놓고 수습이 안되네
5, 여러가지 짬뽕시켜 놓은듯한~~~ 끝은 진짜 아저씨 따라하기^^ 중요한건 총을 3~4방 쏘이는데도 신음소리 한번 안내고 헤치워ㅡㅡ; ㅋㅋ
10, 재밌던데!!  역시 유준상..!! 근데 애기어쩌냐 ㅡㅡ
6, 독특한 분위기와 연출.. 끝은 완전 아저씨네. 혹시 오마주?
2, 허세를 덕지덕지 발라 만들었네요 ㅎㅎ 두 남자 똥폼을 1시간 반동안 봐야함 ㅎㅎ 감독님 양키 느와르 많이 보셨나봐
7, 왜 문에 잠금장치를 많이 안한것인지? 한번 사고가 난후라도 잠금장치를 더 많이 달았어야 하는거 아닌가??? 뽀르노를 대중화하고 싶어 유준상으을 주연으로 나오게한 영화인가???
10, 새롭다
3, B급 감성의 영화인데 영화의 수준이 B급이다. 로케할 돈으로 연출에 신경써야지 이거 무슨 옴니버스 영화보는 것도 아니고 연기력 출중한 배우들을 어설프게 만들었다는 것 자체가 연출의 패착을 증명.  날것을 보이고 싶었으면 끝까지 날것으로 하던가 마지막 액션씬에서 웃음이 픽.
8, 모자이크 처리 안한 그걸 보곱븐  ㅋ
3, 영화가 애써서 터프한척한다 몸전체 문신~홀라당 벗은 터프여자~대체 모하자는건지~솔직히 별로다 지루한건 아닌데 터프를 노력해서 만드는게 짜증난다.내용은 재미없고 정육점 빨간불은 자주나오고 사람은 푹푹찌르고 햄버거만 열라 터프하게먹고 ㅠㅠ
10, 영화다운 영화
10, 유준상 줵이네~ 잘 만들었네~ 2탄을 기대하며~
10, 재미이씀
3, 영화는 참 알다가도 모르겠다. 하지만 이영화는 확실히 알것같다. 감독만의 세상이라는것을.....
10, 수 많은 영화를 봤지만  한국에 이런 영화가 있다는 것에 진심 감사하다. 영화 간지난다... 로그인하게 만드는 영화다. 전규환 감독의 영화를 유심히 다 봐야겠다.
6, 감독은 좀 비워낼 필요가 있습니다. 명작이 될수도 있었던 영화네요
1, 유준상 돈 안되는 쓰레기 같은 영화에 참 많이 나와...무슨 참회하는 기분으로 영화에 출연해?
10, 체위쩐다 ㅎㅎ
10, 이 영화가 재미없는 애들은 티비 주말드라마나 봐라. 난 화끈해서 좋았다
5, 인간시장도 아니고 아저씨도 아니고. 불필요한 야한 장면은 왜 이리 많은지. 한참 격투 중에서도 뒷배경으로 흐르는 정사 장면은 정말 뜬금없다. 참으로 애매한 영화다.
6, 이러면 안되는데.. 맨데이트와 아저씨의 교차점이 아닐까
10, 유준상 성난엉덩이 난봤따 ㅎㅎ 예뻐서10점
10, 내가 본 액션영화 중 가장 센세이션! 야한건 덤!
10, 연기 음악 스토리 뭐 하나 빠질것없이 좋았음
8, 처음 접한 29금. 짜릿하고 강한 충격.
9, 미친 연기력
8, 영화에서 늘 보석처럼 빛나는 조하석배우! 절제되고 안정된 모습 좋습니다. 언제나 응원합니다!
9, 매번볼때마다 느끼지만 전감독님 영화는 메세지가있네요 이번에도 마찬가지로 오배우님이랑 함께하셨네요 돋보입니다 단연!!!
9, 영화가 끝나고도 생생하고도 짜릿함이 강렬한 영화였네요~ㅋ
9, 상상할수없는 그림들이 펼쳐져서 급당황... 뜨겁고 차가운 모든것이 다 있어 완전 놀람
9, 29금 빈티지 누드 액션영화라는게 과장이 아니었다
9, 지금껏  한 번도 접하지 못한 새로운 영화. 유준상씨는 천사역으로 모든 악을 물리치는 신과도 같은 존재인것 같은데 그가 어디에서 왔으며 왜 이런 일을 할 수 있는가에 대한 것은 모두 관객의 상상에 맡겨집니다. 아이언맨  슈퍼맨등 우리가 알고 있는 여러 히어로들과 정반대 히어로  성난화가!!
8, 고품격 섹스씬
10, 이거 한국영화 맞아? 무드있는 액션 처음이야
3, 성이 많이 난 화가가 정의를 지킨다라는 게 주제...인지 뭔지 잘 모르겠으나 성난관객은 여럿 만든 영화. 시사회 중간에 나와버린 건 또 처음. 지루하거나 재미없는 인디  다큐 많이 봤지만 상업영화 중 이런 괴작은... 감독은 과연 김기덕이 되고 싶었나? 순전히 고생한 배우 스탭들땜에 별3개
8, 이전 전규환감독님 영화는 제가 학습 부족인지는 몰라도 스토리 텔링이 어려웠는데 이번 성난 화가는 전달하려는 메세지도 느껴지고 스토리 텔링도 가능한 영화인듯.  그치만 좀 세긴 합니다.. 섹스씬은 ...
9, 전규환의 액션을 액션 그대로 보진 않겠지만 워낙 날것이라 상업영화로서는 어떨지 기다려 지네요.
10, 범죄자를 위한 이사회에 대한 비판이었음 좋겠네요... 정말 재밌을 듯
10, 유준상 문종원 최고!!!
10, 문종원 배우님 화이팅
10, 기대됩니다
