10, 한번보고 또 봥~ 두번보고 또 봥~ 세번보고 또 보고~
8, 아이언맨 시리즈의 정점
8, 오락영화의 완성본  마블 시네마틱스 히어로물의 정점
9, 내가 좋아하는 히어로 중의 하나아이언맨 최고
10, 토니 스타크의 매력이 돋보였다. 그리고 개인적으로4나오면 좋을것같다.
10, 넘나 익숙한데 자꾸만 발전해서 신기하고 놀라울 따름ㅋㅋㅋ 근데 폭망해서 기지를 다시 어떻게 지을라나 걱정
8, 난 아이언맨 스파이더맨이 좋더라
9, 아이언맨시리즈는 역시 짱~!!
9, 개멋져
10, 역시 아이언맨
8, 난 누구인가 난 어디에 있는가 난 아이언맨이다
7, 아이언맨은 1이 젤 재미있음
