7, 액션과 진행이 너무 산만하다  불필요한 것들은 빼고 보다 간결하게 만들었으면 이쁘게 잘 뽑혔을것 같다. 후반부는 울컥하면서 인상적으로 보았다.
8, 이즈음에  나왔던 이런영화중에선  꽤나 수작인편
6, 요즘 국가정보원을 국가공작원 국가걱정원이라 부른다. 그만큼 국민들의 불신이 커지면서 국정원의 신뢰는 땅에 떨어졌다. 국군기무사령부와 국정원 한 댓글 사건  빨간 마티즈 사건  서울시 간첩사건  민간인 사찰 의혹들은 아직 풀리지 않았다. 제대로 된 언론이 없었더라면 지금의 사건들은 세상 밖으로 나올 수 없었다.
9, 한국형 첩보액션의 최고봉! 어색한 답습이 아니라  한국적 색채로 가득찬 영화라 뜻깊다. 드론과 차량을 이끌며  서울 강남북의 대동맥들과 모세혈관들을 신나게 훑고 달리는 주인공! 거칠고 정밀한 격투액션  출중한 무술 스턴트들  훌륭한 남녀 배우들! 탈북자  기무사  국정원  기업  기자들이 맹격돌하는 첩보 서사시!
9, 딸찾아서 다행.(츄르르르)
10, 한국액션영화 역사상 가장 짜릿한 카체이싱.  액션도 볼만했지만  서사와 부성애를  느낄수있어서 좋았다
10, 주조연의 연기들이 시종일관 진지햇다
6, 글쎄...생각보다 흥행아쉬웠던 이유..이 영화만이 가지고 있는 색깔이 엷다는것.촬영기법이나 액션이 헐리웃에 그것과 거의 흡사하다.본 얼티베이텀 참고했다기보단 베낀수준.헐리웃의 정서를 철저히 따라가는 아류감독 류승완..그래서 좋아하지 않음.
10, 재밌으면 끝나는 것 아닌가
8, 그당시볼때 긴장감을놓치지않고 열심히 스토리따라가면서 보았던 생각이나네요~~
9, 황해 이후로 본 최고의 영화   황해 10점 용의자 9.5점
9, 액션은 선호하지 않지만 공유씨가 나오길래 영화관도 아닌 핸폰으로 보는데 시간가는줄 모르고 빠져서 봤네요~~박희순씨도 멋있고 공유씨 너무 멋져요
9, 공유의 재발견~^^ 액션 연기 굿~
8, 배우들의 액션연기가 압권인 영화.
6, 액션씬 빼면 별루
10, 공유에 대해 관심 없다가 도깨비본뒤 출연 영화를 다 보게되었는데 이 영화에선 연기를 참 잘하네요. 다른배우들도 아주 눈을 몬땔정도로 집중하게 연기를 잘하시구요. 정말 도깨비 이후에 이 영화가 나왔으면 대박일듯한.. 공유 연기 못하는지 알었는데  액션영화도 넘 잘하네요. 안 보신분들 보세요.
10, 한국판 본씨리즈의 탄생 오랜만에 다시봤지만 엄청 잼나네요^^
10, 공유 연기 굿~ 진부한  스토리긴  하지만  잼남.
5, 별로~~~그다지..........ㅜㅜ
6, 좀 이렇게 팍! 하는 신선함이 있었으면 하는데 너무 무난한 액션이었다. 아저씨같은 그런영화 다시 안나오려나?
7, 휘몰아치는 액션씬 공유  연기가 다른 영화보다도 돋보인다
9, 진짜 재밌다.   공유 대박 ㅋㅋ 진작 볼 걸 박희순도 멋져
10, 우와 영화....... 스토리에 액션에 좋군요 개봉할때 볼걸!!
10, 대박
10, 케이블 티브이에서 해줘서 봤는데 대박이네요.. 이거  다시 개봉해도 관객수  꽤 늘듯..  현재 공유가 대세이기 때문에~~~!!! 참 재미있네요.. 공조보다 더 재미있습니다!
10, 이 영화를  극장에서  못  본것이  후회가  됩니다.ㅜㅜ
9, 재밌습니다 보세요 여러분..개봉 시기가 아쉬울정도.. 도깨비 이후 개봉했으면 400만 그 이상 당연하고 천만 찍었겠다
9, 맞아요 재밌어요 마스터보다 너의 이름은 보다 재미있음 추천합니다
10, 어제 tv로 봤는데 넘  재미 이게 왜 4백만 뿐이 안 되었는지 족히  천만은 넘어야 할 것 같은데 차량 추격신과 공유의 액션씬들 죽인다 지금 개봉하면 천만 이상이다
1, 쩝
6, 줄거리는 대체로 무난하다.추격 장면을 위한 빠르고 거친 장면 전환이 오히려 영화의 흐름을 끊는다.음향이 상당히 나쁘게 느껴졌다.녹음과 음향 편집을 어떻게 했는지 또렷하지 않은 음성들.음성보다 효과음  음악이 더 커서  음성을 들으려고 애쓰다 보니 영화의 몰입을 방해하여 영화에 집중을 못하게 하였다.
9, 차량추격씬때 숨멎. .이거 우리나라 영화 맞나싶을 정도로  집중도  최고. 반전도 있고..공유나왔던 부산행 이런거랑은 차원이 다르두만.
10, 지금 개봉하면  천만 찍겠다  이게 왜 입소문이 안난거지?  난 이런 영화가 있는지 첨 알았네  그냥 보다 완전 훅 빠져봤네  고생들도 엄청 많이 했겠던데  사백만 관객은 많이 아쉬웠겠다  극장에서 다시보고 싶네
9, 2번 이나 봐도 재밌네요.
3, 내용은  그렇다 치고 카메라가 정신없어서 인물 얼굴도 안보이고 대사도 잘 안들린다. 멋진 헐리우드 기법 따라한 듯
9, 진실은 포기하지 않는다..
9, ㅎㅎ
10, 잘만들고 연기좋고 다잘했는데 홍보부족이었는지 극장에서 볼영화를  티비로 보게되네요 ' 이좋은 영화' 를 티비로 본것이  안타깝고 미안하고 아쉽고 그렇습니다
10, 나는  왜  이 영화를 이제야 보건지ㅜㅜ 극장에서 본 더 킹보다  훠~얼  잼있었음 ! 돈주고 안보고  tv로 본게 미안할 정도로 시간 완전 후딱감  글고 딸 보고 우는 장면  어쩔껴~   ㅠㅠ 이게 왜 400 만  밖에  안된건지  이상함   나 처음 댓글담 ~
10, 공유의 연기  새롭게 봤네요.
5, 잼 없다. 그리고 도깨비가 너무 말라서 진짜 탈북자 같다. 췌.....
7, 액션은본시리즈전과후다   본시리즈아류작이지만  도깨비아쉬움을달 랠수있어서조았다  특히마지막 공유표정압권
10, 용의자!! 왜 이제야 본건지!! 이 멋진영화를 티비방영으로 보다니 ㅡㅡ;;; 블레구입해서 제대로 다시 봐야겠네요ㅜㅜ 공유배우 덕분에 지나간 영화도 다시 보게되네요~
10, 극장에서 못 보고 TV로 봤네요. 세상에나... 이런 영화를......  DVD사야겠어요.... 또 봐야겠어...
10, 공유 멋있다 ♥ 개꿀잼
10, 생각보다  괜찮은  영화임.. 갠적으로 액션물을 않 좋아하는데ᆢ
10, 너무 재밌게 잘 봤습니다   공유 액션연기도 참잘하네요  매력 짱~♡♡♡♡♡
10, 한순간도  늘어지는 장면없이 완전 재밌음  차량추격신은  역대급  공유 박희순 역시 최고  여자기자분역 하신분도 인상깊게 봤음  이걸 이제야 보다니 ㅠㅠ
8, 공유 남자다운게 더 어울리네 연기 정말 잘하는데  이영화 왜 안떴을까  숨도 못쉬게  두시간넘게 휘몰아치는 액션도 좋고 시나리오 쬐끔 부족한거 같음 무튼 공유 연기 물 지대로 오른거 같음
10, 숨도못쉬고봤네요 진짜재밌는데요  용의자2  나와도 되겠는데
10, 공유는 머리깍어도 멋지내 ? 넘 멋있어.. 왜영화가 안떳지.. 이해가 안감  넘 잼있고 연기력 짱/ 도깨비 공유  멋있어
10, 뒤늦게 봤는데 너무 좋은 영화네요
8, 박휘순이 공유에게 총 넘길때 멋졌어요  잼나는 영화봤네요
10, 공유 클라이막스 표정 잊을수 없다
9, action and storytelling was good!  Casting and acting was great!! Cannot forget the expression of Gongyoo's eyes when he met his daughter..
9, 중간중간 루즈한 장면이 있었지만  스토리와 연기가 좋았음. 공유의 터프한 새로운 면을 보게되어 좋았음.  키워드: 북한  식량  가족  정의  nsc 
10, 재미있게 봤어요
9, 재미나게 봤습니다
6, 지루한 연출이 연기를 막는 영화 추격전이 나중엔 집중이 안되고 지루해짐 이 액션씬의 욕심 때문에 영화를 지치지 않고 지켜볼 동기부여를 위한 내러티브까지내려 놓았음 공유의 액션과 몸매는 봐줄만 함 공유의 액션 영화 다시 볼 수 있기를~
9, 한국 액션의 백미
2, 본 시리즈의 짝퉁.... 무엇보다도 시나리오가 개판이고 연출도 형편없었다. 그나마 카메라 사용법은 볼만했으나  시나리오때문에 연기자들도 형편없어져 버렸다.
10, 최고
10, 영화보는 내내 긴장감있었고 한국영화에서 이런 액션연기를  다시금 볼수있다는게 좋았고 공유씨의 연기는  정말 명품이였다  부산행다음으로 공유의 인생작이아닐까 싶다 너무 멋있고 감정연기 분노연기 액션까지 완벽하다 내용의 흐름도 끊기질않고 좋았다
10, 숨도 안쉬고 본것같아요  최고의 영화!!!
7, 오~ 공유도 액션이 되는구나 느꼈던 영화
8, 액션 좋아
8, 과유불급한 액션 장면이나 이야기 흐름도 있지만 가볍게 보기에는 괜찮은 영화
10, 와!!!
10, 공유씨 드라마 학교 시절부터 관심하던 배우였는데  역.시. 역시! 뭐라 말로 설명할 수가 없네요. 훌륭한 작품입니다. 완전 소장감!!!
9, 이거 관객수 왜이리 적은거야?  지나개나 천만명 넘어가는데...  연기가 하나같이 다들 괜찮다!!  군더더기도 없고.. 공유 김성균 조재윤 조성하 박휘순등등 전부다 연기의 절정을 보는것같다!!  뒤늦게 영화검색하다가.. 흙속에 진주를 발견한 기분이다~~ ^^
10, 한국에도 이런 액션영화가 나오는구나 했다. 공유 피지컬의 우월성은 말할 필요도 없구요. 공유 아닌 지동철은 상상불가!! 부드러운 부성애와 거친 액션 모두 잘 소화했어요!! 저널리즘의 양심과 사명감에서도 울컥했어요. 멋진 영화입니다. 자동차추격씬도 최고~!!꼭 보세요!! 스토리도 좋아요.
10, 영화첫 개봉날 재밌고 보고  Tv에서 해줄때마다 봐도봐도 재미있어요~~ 안보신분들 보세여~~ 공유의 액션 멋있어여 ㅎ
9, 속도조절만 조금 더 했더라면.
10, 너무 재미있게 봤어요 공유 너무 멋있네요
10, 잘 만들어진  국산액션물!!!
5, 어수선하다. 믿을 건 액션 뿐
10, 공유의 매력은 끝이 없구나
6, 액션영화로써의 매력은 확실한 작품
10, 못보고 지나칠뻔한 수작!
10, 천만관객 영화보다 훨 낫다...
10, 역시 공유~
9, 액션...최고
10, 제이슨본이 많이 떠올랐지만 공유의 액션연기를 칭찬하고싶다
10, 아빠역활..능글능글 양아치..이런 액션영화도 공유니까 가능함..
6, 보다보니 너~무 공유를 불사조로 만들어서 거부감 뽞~~~ㅜ.ㅜ 아무리 지옥훈련 통과한 용사출신이라해도 무슨 목숨이 7개는 되냐? 목숨하나 잃으면 주머니에서 다른목숨 하나 꺼내 수혈하듯 살아나는 공유의 뱀파이어 버라이어티쇼..ㅋ
10, 이런류의 영화가 많이 제작되었으면 합니다. 소재와 장르 다 훌륭했구요. 보다보면 본시리즈가 많이 떠오르지만 본시리즈 못지않게 괜찮았습니다. 더욱 발전한 이런류의 영화를 기대해봅니다.
10, 괜찮았습니다. 지붕위의 추격씬에서 본 시리즈를 따라한 듯 느꼈습니다만...앤딩 때 눈물이 났습니다. 오랫만에 정말 괜찮은 한국영화를 본 것 같습니다.
6, 제임스 본 많이 따라한듯/긴장감 떨어지게 음악이 너무 시끄러움
10, awesome~ two thumbs up~
10, 공유님 덕분에 뒤늦게 봤는뎅...재밌습니다...액션도 멋지고...공유님 늘 홧팅하시길~~^^
10, 이런 액션 좋다.공유같은 배우는 흥해야함~~ 좀더 흥할수있는 영화였는데 ㅎ
10, 부산행보고 공유 좋아서 찾아봤는데 무지  재밌어요
10, 멋진 영화 잘 봤습니다.
6, 간첩 나오는 뻔한 스토리지만 액션씬은 봐줄만 함.
9, 좀 엉성해도 재미지다.
10, 한국영화에서 이런 추격신 본적이 없다. 인정하자! 영화 잘 만들었는데  평들이 뭐냐? 사대주의 빠들 아니랄까봐.
8, 추격씬은 꽤나 잘만든 영화. 나머지 시나리오등이 유치하긴 하지만 노력은 많이 한듯. 공유도 굉장히 노력한 영화.
8, 공유 연기는 언제나 옳구나...박정희 발언만 안했다면 이 영화는 훨씬 떳을텐데...아쉽다...조금 어지러운 촬영기법이 마이너스..
5, 공유만 멋있다
6, 속이 뻥 뚫리는 시원한 첩보 액션인데  결말에서 다시 속이 막히네. 역시 조센 영화는 어쩔수없다.
10, 극장에서 볼걸 그랬네요ㅠㅜ
9, 볼만하다. 조성하. 올라 얄미움.
7, 작품성은 다소 떨어지지만  액션영화를 좋아하는 분들이라면 추천하고 싶은 볼만한 영화입니다 ... 주연배우인 공유와 조연배우인 조성하의 연기력이 매우 훌륭하고 뛰어난 영화입니다 ... 그 동안  공유가 부드러운 이미지를 보아왔던 것과는 달리 남성미가 매우 돋보이는 액션스타라고해도 과언이 아닙니다.
8, 함께 하나가 아닌  돈벌이 대상이 된  길 잃은 미아의 길찾기
10, 공유 연기 대박 정말 최고입니다!!!
10, 다시봐도 최고!!!  진짜 지루할 시간이 없음
7, 감독이 힘을 좀 빼셨더라면 더 좋은 영화 나올 수 있었을 듯하다.
9, 공유의 액션씬도 괜찮네.. ㅋㅋ 박희순의 재발견 ㅋㅋ
10, 내용은 쉬리 같으면서도 스타일은 아저씨. 쫓기면서 할거 다하면서도 액션  스토리 하나 빠지지 않다보니 오랫만에 아주 재미있게 본 한국영화.
9, 설정도 좋았고 보기 드문 수준작이네요. 국가의 모든 조작은 국정원에서 시작된다는걸 다시 한번 일깨워주는 영화인 것 같습니다.
6, 간첩 공장 국정원이 교육자료로 쓰겠네
10, 헐리우드와도 견줄 만 작품입니다~~
10, 헐리우드 영화 부럽지 않은 한국영화!
10, 액션 대박.. 우리나라에서 외국영화와 같은 뛰어난 액션신을 만들어 냈다니 감탄을 했습니다..
7, 북한이라는 지겨운 설정 빼고는 한국 액션 영화의 새로움을 보여준 작품.. 흥행실패가 아쉬울만큼 액션 하나는 역대 최고로 잘빠젔다.  흐름만 좋았다면 아저씨 만큼의 인기를 몰이를 했었을껀대....
10, 아저씨를 넘은 한국액션영화의 수작! 영화관에서 봤을때도 재밌었지만 또 보고보고봐도 너무 재밌다 새롭게 공유란 배우를 알게 된 작품!
8, 와우. 놀랐네~ 수준급 액션영화
8, 국내에서 보기 힘든 액션 수작
10, 액숀이 좋습니다.국조작원은 나라의 암덩어리
10, 공유연기 잘하네 ㅎ
10, 베를린보다 더 낫다
10, 액션씬이 무려 17개나 나오고  거기다 마지막 감동 장면까지~!!! 최고 영화 인정
7, 중간에 엑스트라로 알베르토가 나오네
7, 추격씬 지루한 것 빼고는 괜찮았다
5, 서울에서 벌어지는 거친 액션들   외화든 한국영화든 스크린은 공평하다.
7, (액션&)장면전환에   어설픔이 보이고 개연성이 좀 떨어지네요..
9, 오랜만에 대박
10, 오우  제2원빈이 나셨네  정말 잘봤습니다
9, 역시 시나리오가 좋아야 좋은영화가 나오는거군. 탄탄하잖아. 밑도끝도없는 애국마켓팅보단 천만배 낫네. 걱정원 ...정말 이러고 있을것만같다...퉤~
10, 차량액션 탑인듯
10, 공유 너무 멋지네요  박희순도 넘 멋져요  잘 봣어요
8, 생각보다 스토리 완성도도 좋고 격투신  추격신 볼만합다. 추천힙니다.
10, 공유....멋지다
9, 차량 추격신  아주 인상적이었습니다..재밌게 잘 봤습니다.
10, 평점이 생각보다 낮네요... 재미있네요. 격투신이 영화 아저씨 만큼이나 멋지네요..암튼 재밌어요. 추천
9, 간만에 정말 재미있게 본 영화
9, 왜 흥행을 못했지?
7, 감독은 이미 알았구나. 정원이가 사람 목숨갖고 장난질을 심하게 친다는 걸.
8, 조성하님은 악역이 이상하리만큼 어울리는군요. 간만에 시간가는줄 모르고 잘 봤습니다.
8, 감독이 본시리즈의 팬인듯... 따라한 장면도 꽤 있고... 우리나라에서 만든 첩보영화가 이정도면 잘만든거라는 생각이 든다. 공유의 연기도 뛰어났지만 역시 박희순...^^
5, 공유가 이렇게 멋있다니 소프트한 남자뿐아니라 불사신같은역활도 너무 잘어울림 추격신 싸움씬 내용 모든면에서 긴장 재미 백점만점입니다
10, 이걸 이제야 보다니 재밌다..
10, 방금 ocn으로 봤는데...오 액션 연기 모두 만점주고 싶네 ..외국영화못지 않은 한국영화 굿
10, 배우분들의 연기와 액션씬이 정말 멋있네요. 2편 나왔으면 좋겠습니다.^^
9, 공유의 액션연기가 시원시원하고 절도 있어서 훌륭함. 원신연 감독은 액션씬이 거침없이 몰아친다  스토리도 한 곳으로만 직진하는 거라 몰입도 있게 볼 수 있음. 보고 후회하지 않을 영화
10, 굿!! 2편 나오길 기대합니다...^^
8, 공유가 일케 연기 잘하는줄 첨알았네~넘 재밌게 봤다
4, 언제부터인가 한국영화에서 간첩을 실력은 뛰어나지만 인간애가 있는 휴머니스트로 그린 영화들이 많아진거 같다
10, 모두 연기 잘하고 참 멋진 영화네요... 이런 영화를 평점 낮게 주시는 분들 이해 되지 않습니다. 강추입니다.  40대중반 남
9, 그나마 국정원을 사실에 가깝게 그린 거 같다. 국정원 김실장이 죽는 장면에서는 속이 좀 시원하다. 근데 기무사도 양심적이진 않은데...최근의 한국 액션영화 가운데서는 가장 뛰어나다.
9, 마지막 장면에서 눈물이....
10, 와!대박 완전 짱!공유  그냥 무조건 보세요
10, 공유 멋진넘...
10, 대박인데 평점이 왜 이러지
10, 대박!! 액션짱 개인적으로 아저씨보다 더 잼있었다~
10, 최고다~
10, ᆞ
5, .
3, 아  이런이런.. 아직도 이런 수준낮은 액션영화가 한국에 있다니... 개발질 스토리를 떠나서 카메라 워킹이 무질서 그 자체네.. ㅋㅋㅋ 격투씬 총격씬은 있는데  아무것도 안보여  배우들 대갈통만 저리 크게 찍어놓고 흔들어대면 액션이 보이겠냐? ㅋㅋㅋ 기본도 안된 막장 감독색이..
10, 로그인 귀찮아 안하는디 엔딩도 좋고 베를린보더 낫다. 이걸 극장에서 못보다니 블루레이 구입해서 본게 다행이네..
7, 마지막 씬이 젤 기대대고 재미었네 ㅎㅎ 2탄 기대
6, 공유 박희순 연기 좋았음.  마지막에 북한의 천안함 사과 기자 멘트는??
10, 굿
10, 잘 봤습니다!!모든  연출.배우님들??!!  다음  영화도  기대 합니다!!!
10, 평점이 생각보다 낮네요 한국액션 상당하네요
8, 억지내용이 없잖아 있지만 그래도 넘재밋게 봤음...옥의티가 너무 많음...ㅋㅋ
10, 최고!
9, 요즘 한국영화들 수준 생각하면 꽤 잘 만든편인듯.
0, 본 시리즈 따라하기.. 짝퉁 천국인 중국 욕할거 없다.. 그리고 영화에서 박희순 똥폼 잡는 꼴 정말 못봐주겠음.
8, 도가니 때부터 느낀 거지만... 공유라는 배우가 있어서 참 좋다.
10, 최근 액션영화 중 최고수준이네요!! 연기자들 연기도 훌륭하고! 오락영화로써 완전 좋음!!
10, 잘 짜여진 액션영화!! 공유가 비쥬얼이 대단하단걸 다시 깨달음
10, 잼잇어요 올입감 좋았고 전체적인 흐름도 지루하지 않았습니다. 마지막엔딩은 가슴이 찡했습니다.공유 박휘순 연기력 볼만했구요 조연들의 감초같은 역활도 중간중간 포인트 잘들어간거처럼 잼있습니다.
9, 아저씨 아류작인데도 불구하고 이정도면 잘 만들었다ㅋ
9, 공유나 조연 배우 몇명 때문에 영화 몰입이 안됐다고 하는 분들이 많은데 그건 편견 같습니다. ^&^ 최근 만들어진 액션 영화 중 아저씨 만큼 재미 있었습니다. ^&^
9, 우와 정말 대~~~박 !!기대 이상이었습니다~♡
9, 대박!
4, 캐릭터는 진부하고 대사는 손발이 오그라들고 장면 호흡은 더럽게 길고 음향은 개판이고 끝없는 액션 시퀀스는 지루하고. 차라리 베를린이 낫지  그건 배우들 연기라도 봐줄만했다.
7, 우와 지금 ocn에서 해주길래 보고있는데 대사 안들리는거 모두 같이 느낀건가보네요 ~ 극장이나 TV나 ;; tv소리올리면 효과음나올때 깜놀하고;;줄이면 뭐라하는지 안들림 ㅜㅜ;; 아쉽네 ~
8, 복사 잘했네
9, 액션영화의 교과서가 되버린 본시리즈... 그래도 이정도면 잘빠진 영화ㅡ 추격신은 과함... 북한특수요원 설정은 진부... 스토리는 굿
10, 재미있네요.
10, 10점줘야 마땅한영화! 스토리 영상 액션 배우들 무두좋았다! 엑썰런트!!!
10, 좋습니다.
7, 액션 좋은데 대사 잘안들리네요. 대령이 저렇게 쫓아다닐수 있나? 설정은 좀 무리
10, 우리 나라에서 이런 영화가 나올 수 있다니.. 놀라울 뿐이다. 쉼쉴틈 없이 봤다. 현실성 문제는 둘째치고 공유 연기  감독 연출 훌륭하다. 특히  공유 다시봤다.
8, 이거 음향팀 기술팀은 죄다 이어폰 끼고 작업하고 마무리까지 했나보죠? 음악 앰비언스랑 대사가 믹스가 워낙 개판이라 대사 아무리 귀기울여 들어도 안들리고..
9, 재밌습니다... 억지스러움이 있지만.. 그건 영화가 가지는 허용으로 보시면 될듯... 출연자 모두 연기를 잘하네요... 짝  짝  짝~~
8, 공유 멋있네요.
10, 와~우
8, 영화 내용이나 액션 특히 자동차 추격신은 좋았으나음악은 본시리즈 흉내?대사가 안들려도 너무 안들린다.그 웅웅거리는 음악에 묻히고 음향에 묻히고.기술없는 영화에 출연진들의 연기에 박수를 보낸다.
8, 본 흉내를 냈다고 비난할수 없다 한국 액션치고 훌륭했다~ 다만 카메라 흔들림과 초편집이 좀 과하다
10, 10
10, 진짜시간가는줄모르고 봤네여ㅋ 연기들도다잘하고 줄거리좋고 연출좋고 액션좋고ㅋㅋ
5, 너무 정신없음 본시리즈 지능적으로 베꼈음
10, 본 시리즈 냄새가 나긴 하지만 한국영화 액션 지평을 연듯...여하튼 재밋게봄.
7, 웰메이드 액션영화인 줄은 알겠는데 릴렉스가 없이 계속 액션만 이어지니까 영화가 사람을 피곤하게 합니다
6, 한국 액션으로써는 새롭고 격투씬과 추격 액션씬도 새로운 지평을 열며 연출했지만 한국 영화에서 떠나서보면 본시리즈 영향 때문인가.. 한계도 분명한 영화 새로운 액션만큼 스토리는 지루할수 있다.
10, 본시리즈를 잇는 화끈한 액숀!TV를 통해 두번째보니 내용까지 이해되면서 재미가 배가되는듯.. 한국 역사상 최고의 액숀영화!
8, 내용은 재밌는거 같은데  효과음  배경음악은 너무 큰 반면  대사는 잘 안들려서 줄거리 파악이 안된다
5, 뭔 음악소리가 이리커서 대사 하나도 안들림
6, 이거  남과북이내린 판결문  갖구 영화 만든거같네요.
8, 괜찮은 영화네요
6, 좀 진부한 소재와 뻔한 결말이었지만 지겹지 않은 빠른 전개와 자동차 추격씬도 볼만했고 말랑말랑한 로코에만 어울릴 것 같았던 공유의 액션 연기 도전도 괜찮았다..
10, 한국영화 잘 안보는데 용의자 정말 잘 봤네요감독 스태프 배우들 고생 참 많았겠어요~^격투  추적  권력  암투  마지막 눈물의 감동!!!
9, 와우!! 진짜 한국액션 영화의 급을 한단계 올려놓은거 같다. 배우들 연기도 인상깊었고  빠른 전개도 좋았다. 특히 차량 추격적때는 입이 딱 벌어지더만... 엔딩도 참 맘에 들고...
2, 감독에게서 .....일본의 세련된 이중성 냄새가 나지 ?????? ....내용은 둘째치고........천안함 사건을 북한이 사과했다는 기뿐소식을 전하는 뉴스 !!!! " 결국 인간 어뢰"를 사실이라는 뉘앙스 ..~~
9, 까메오로 알베르토 나옵니다 ㅋㅋ
10, .
9, 영화는 보는 시각에 따라 그 가치도 다르게 평가 됩니다. 전문가들의 평점  무척 좌편향 또는 문화적 관점에서 영화를 본듯합니다. 한국현실상 갱 아니면 북한인데 소재인용에 대한 비판은 이제 벗어나야...외국에 내놓아도 손색없는 액션의 연속입니다.
10, 한국영화예산으로 이 정도 퀄러티 훌륭하네요
10, 2편이 나오면 꼭 봐야지...
10, 액션 인간미 구성 리얼리즘 까지 최고인 영화
9, 차량추격신은 정말 감탄을 했습니다. 정말 잘 찍었네요.
10, 내용은 단순하다.. 출연배우들 연기 음악 격투? 추격            장면은 짧고 많으니 긴박감 최고  배우들 고생했겠다. 공유의 마지막 씬... 훌륭했다.
10, 자동차 액션 정말 리얼하고 빠른 액션도 훌륭합니다.주인공을 너무 못잡는 설정이 좀 거슬리기는하지만추천하고 싶은 영화입니다.공유와 박희순의 연기와 나름 의리. 조연  연기도 좋네요
10, 왜 흥행 안했지?
7, 어디선가 본듯한 장면  진부한 스토리.. 액션은 괜찮았고 공유 박희순의 연기는 좋았다..
10, 정말 잘만든영화인듯하다 자동차추격신은 오버되지않는자연스러움이 영화를더 살려준듯하다마지막 공유씨 눈물신은 진짜리얼하다요즘은 할리우드 영화보다는 국산영화가 더재미있는듯하다 개인적으로는 테이큰보다 더 와닿는다
10, 이런글  안 남기는데  왜  이영화가  이렇게  안알려졌는지  ㅠ ㅠ  우리나라  영화  수준  너무  높아여기저기서  본것같은 몇몇  장면  눈감아 줄만함마지막  딸아이  연기  대박  ㅋ그리고  그  개만도못한 인신매매들  혼내주는  장면  없는게  아쉽다
9, 공유액션도 볼만했고 마지막 장면이 인상적 딸연기한 꼬맹이 지렸음..
7, 볼만하다 7점정도 준다 액션영화의 한계로 7점  명작은 아니지만 그냥 시간대비 볼만하다
10, 아주 아주 잘 만든 액션영화!
10, 별점10준의미 공유액션 연기력이 좋아고~매력적이다.보는내내 지루함도 제로였고...영화엔딩 장면 딸을찾아서 딸과서로 마주보면 눈빛으로 모든것을 말해주는 공유보면서 나도 눈시울이...ㅠㅠ
7, 공유와 박희순의 액션이 볼만하다
10, 액션 영화로서 아주 만족스러웠음. 이 이상을 바란다면 욕심아닌가!!
10, 간만에 본 재미나 액션영화여
5, 지금도북한에식량난이존재하는지는알수없다방송사의무분별한방송일뿐일수도있다김일성사후분명대란이있었던것같다허나풍년도계속있지않겠는가
1, 아직도 북한팔이  영화냐박희순  유치원 선생같은 대사초딩들이나 봐라5분보다 나왔다
9, 용의자 답게 스토리도 좋고 액션도 좋았다.
10, 본시리즈 보다 박진감 넘치네요 재밌음
10, 놀랍구만. 자동차 추격장면은 국내외 영화 막론하고 최고다. 본 시리즈보다 더 재미있게 봤다. 흉내 좀 내면 어떠냐? 본 시리즈 이전에 그런 영화들 없었던 것도 아니고 본이 특허낸 것도 아닌데. 음악은 헐리우드 애들거랑 너무 비슷하지만 괜찮다. 어떻게 한술에 배 부르랴.
9, 이야~ 기대 안 했는데 의외의 수작. 괜찮은 씬이 꽤 있는데? 현실을 꽤 반영한 면도 괜찮고. 올ㅋ
10, 공유의 저력..하루하루 쌓아나간 힘  즉 내공이 그만큼 쌓였다는 것을 보여주는 영화. 그냥 잘생기기기만 한 배우는 아니라는거지.^^
8, 솔직히 생각보다는 조금 재미없었다
0, 머꼬 시시하고 재미도 없고 유치한데 이게 왜 잼있노
10, 공유라는 배우를 다시보게 된 영화네요. 잘봤어요
8, 자동차 추격신만 줄였어도 재미있었을 텐데 아쉬움...
10, 훌륭한 액션영화
9, 마지막 조성하 죽는장면은  영웅본색1 이자웅이 죽는장면과 너무 흡사하다 표절같기두 하고..
10, 진짜 재밌다. 세번봤다. 공유는 남자도 좋아할만한 캐릭이다.
10, 굿굿 재밌다!
8, 공유를 다시 본 영화. 흥미진진하다.
8, 요즘은..북한출신 군인들의 우월함이...너무 많은게 거슬리지만.. 액션영화의~~~ 기본은 충분히~~잘보여준듯...
1, 기대이하.....킬링타임용으로 아깝다..암튼별로..캐치온으로 봄...ㅎ
10, 액션물이 좀 더 나은것 같다~~확실히 부상투혼한 영화를 만들어서인지~좋게 본다
8, 한국 액션영화의 새로운지평을 열었으나....  화면구도거 너무어지러워 멀미남.. 시나리오는 헐리우드도 비슷하고 권선징악?액션영화의 한계다..  근데 너무질질끌긴했다 15분정도만 더 줄였어두 좋았을것을..
7, 킬링타임용으론 꽤 괜찮다. 아무 기대없이 봐서 그런지 의외로 재미있었다. 공유의 연기력은 무척 좋았지만  진부하고 예상가능한 시나리오 전개와 단순하고 개연성이 떨어지는 캐릭터설정등이 마이너스 요인. 액션씬과 추격전은 공들인 티가 나지만 너무 산만하고 조잡하단 느낌. 한마디로 재미는 있되 진부하다.
5, 분명 난 시나리오 작업에 참여한 적이 없는데 모든 대사와 장면이 예측 가능하다
5, 액션씬 나올때 아무 소리 없이 싸우는 것만 보여주는데... 액쎤에 더 집중하라는 뜻이었겟지만 지루했다. 너무 공유가 초인으로 나와서 그런가.. 절대 질것 같지 않아서 긴장감이 잘 안생겼다...액션을 정~말 좋아하시는 분들만 보시길..
10, 늦게 본 것이 후회됩니다!공유씨 연기 정말 훌륭해요!
7, 아~~~공유~~~~멋찌다~~~~
5, 음모에...공공의 적에...자동차 추격씬에... 거리활극에... 멋나는 공유...  정신없이 돌아가는 액션 그리고 끈끈한 가족애...    도대체 뭐가 부족하길래 이 모양이지 ㅠㅠ  120분이 소중하지 않으신 분들만 보셔요.
10, 얼  늦게 봐서  후회되네
10, 최고임
8, 암생각없이봤다가 빠져들었음 공유연기좋더라 박희순의군인정신이 정의를보여주네 액션도좋았고 추격씬의긴장감살아있네
9, 북한을 다루면 항상 초인간이 등장한다. 영화는 몰입감있게 봤다. 결말도 괜찮았고. 다만  북한을 다루는 영화는 왠만하면 만들지 말자.
10, 영화속에도 잘 그려지는 작금의 대한민국
5, 북한을 다루면 왜이리 어두운 걸까? 한국영화로서 시도는 많이 한 것 같은데 그렇게 와닿지 않은 게 좀 그렇다.
9, 한국영화 치고는 잘 만든 영화인것 같다.
6, 은밀하게 위대하게 + 아저씨     합쳐놓은듯한 영화 
10, 헐??? 뭐지 아무생각없이 봤다가 아저씨를 능가하는 액션을 봐버렸네 ㅡㅡ;;;
10, 공유씨 연기 한마디로 대박입니다. 정말 빠져드는 액션이랑 연기네요 . 재밌게 봤습니다.
6, 암 생각없이 눈가는대로 보기엔 딱이다
4, 액션 좋고 공유 연기 좋았는데... 박휘순 조성하 등 조연들이 발연기를 보여줌. 다른영화에서는 잘하던 사람들이 왜 그리 오버를 하는지    내용도 황당하고
10, 긴장감 짱~ 정말 재밌게 봤어요~ 공유씨랑 박희순씨 연기도 너무 좋았어요~ 액션씬도 최고네요~~
9, 연기와 액션은 훌륭하지만 뭔가 하나가 빠진듯한 느낌은 뭔지 모르겟다
10, 근래 최고! 용의자 2 기대합니다.
10, 진짜 재밌다
10, 싼타모 괜히 팔았네ㅠㅠ
9, 아버지로서 부성애에 공감^^ 배우들의 열연도 좋구요
9, 재미있었음..
10, 진짜 재밌다
8, 멋진액션을 보여준 공유와 참군인의 모습을 보여준 박희순  거친연기가 어울릴것같지 않은 이 두주인공의 연기가 매우 좋다. 다른배우들 역시 악역이면 악역   코믹이면 코믹  연기들이 참 좋다.  2시간이 금방 갈 정도로 긴박감과 스피드한 전개는  오랜만에 화끈하면서 인간미 넘치는 영화 본듯하다.
9, 용의자 2 나오길 기대한다.  당연히 좀더 업그레이드된 액션과 시나리오는 지금과 같아도 괜찮다.
9, 한국 영화에서 이정도면 잘 만든 작품...전혀 기대안했는데 생각외로 재미남..액션신 굿~~
7, 자동차 액션씬 하나는 끝내준다ㅋ
9, good-
10, 아저씨보다 잼있게 봤당~ 한국영화 정말 많이 발전했네~ 몇몇 알바넘들이 0 점 줘서 그렇지(왜 그러는지 모르겠네?) 그넘들 아저씨는 전부 10점 줬더만 ㅋ 같은넘들인거 같은데) 암튼 한국의 본시리즈라고 명명하고 싶당~ 걘적으로 박희순 연기를 좋아하는데...이번에 공유도 상당히 좋았당~ 한국영화 계속 발전하기를...
8, 우리나라 국정원 시발롬들을 너무 띄워줌 우리나라 국정원들은 댓글을 잘 닮
10, 최곱니다~  울나라영화 짱┏(^^)┛
10, 용의자 액션씬최고네요 ~넘 잼나게 봐서 공유 멋있고 DVD로 소장하고싶네요 ~^^*
7, 액션신이 너무 조잡하다.
10, 몰입도 최고 !  자동차 씬 후덜덜 잘 찍었네요 ㆍ영화내용은 관람 바남
9, 국가를 좀먹는 국가조작원은 매우 사악합니다. 그리고 자신들의 죄에대해 양심고백하는 자에게는 광명을  뉘우치지않는 자에게는 매우 가중한처벌과 만약 죽었다면 부관참시하여 일벌백계해야 합니다. 부디 정의로운 정보원을 바랍니다.
10, 꼭봐라
9, 진짜 액션씬은 최고인듯충분히 가치 있는 한국영화
8, 후반에 들면서 살짝 늘어지는 감이 아쉽지만 중반까지의 긴장감과 빠른 전개 나름 멋짐. 액션스타일도 상당히 깔삼하구요. 다소 단조로운 스토리진행이 아쉽지만 꽤 몰입도가 있었음.
10, 오늘 드뎌 봤습니다. 한마디로 대박!! 본시리즈에 필적할 만한 우리의 영화. 놀랐습니다. 우리도 이렇게 만들 수 있다니... 특히 자동차 추격씬. 보통의 소재를 긴박하게 만드는 연출의 힘을 느낍니다.
8, 몰입도 좋고 액션 좋고 괜찮네요 잘만들었네요
10, 일베충들이 점수 낮게 줬나보네스케일 어마어마하네요 최고본시리즈 생각나게 하네요 한국 액션 영화보고화려하다는 생각 처음 했음 재밌네요
10, 평점이 좀 낮네요. 꽤 볼만합니다.
10, 화려한 액션 정말 볼만했습니다.
0, 내 인생의 역대 최악의 영화는 박건형 주연의 "생날선생" 이었다. 근데 이 영화가 갱샌했다.
0, 내 주변에 탈북자 몇명 있는데... 은위를 비롯하여 영화에서 나오는 탈북자는 전지전능하네?? 내 친구 탈북자들은 그냥 소시민이던데???
0, 이렇게나 화려한 액션 영화에 이렇게나 지루하고 진부하긴 첨이다. 그냥 뻔~~~~~~~~~~~~~~~~~~~~~~~~~~~~~~~~~하다.
0, 이게 한국 영화 한계냐????
7, 스토리가 진부하긴 했지만  액션이 화려해서 그런지 긴장감은 있었다. 딱 봐도 돈 많이 쓰고  배우 고생한 느낌이 드는 영화였다.
10, 짱
10, 정말 최고에요
10, 스타일리쉬 액션영화를 원하는가? 아저씨와 용의자 딱 두편만 보면 된다!!
8, 영화가 재미있긴한데 대사전달이 잘되지않은듯했고또.중간중간 생동감을 주기위해서 카메라를 많이움직여서.인지..조금 보기.어려웠어요 그래도 전체적으로 볼만한영화 모든 배우들 연기력도 끝내주네요
10, 스릴넘침
5, 흐 감독은 그냥 들러리탈렌트가 지배하는 한국영화차라리 오공 때가  나을지도
7, 베를린보다 2% 부족하지만 좋았어요. 표적 같은 영화에 비하면 훨씬 낫습니다.
10, 쳐다보지마 새꺄 정들어.....후
10, 그냥 보세요
10, 최고라는 말밖에...
10, 감동이다.
10, 액션영화의 정석
10, 완전 good!!!!!!!
10, 와우 ~ 멋진걸
9, 오랜만에 마지막까지 졸릴 틈을 주지않는 한국영화 봤다....
10, 한국영화가 이렇게 발전할줄이야..배우들의 연기력도 최고...
10, 처음으로 영화평점 주는데 평점 낮은 이유를 모르겠음!
10, 10점!!
10, 평점대비 엄청 재밋습니다!!
10, 재밌구먼..평점 왜케 낮어 -_-
10, 잘만들었다.  공감간다.
10, 다소 부족한 부분이 있었지만 전반적으로 돈이 아까운 영화는 아니었음. 왠만한 헐리웃 액션보다 나은 느낌. 국정원의 증거조작 리얼리티 있음~ㅋ
4, 공유 = 스티븐시걸 끝.
8, 줄거리가 없이 너무 길다... 추격전이 너무 길다... 줄거리좀 만들어서 다시 만들면 아주 재밌었을텐데말야. 한국판 본 얼티매이텀을 보는 기분이었지만.. 좀 지루함.
1, 다음 영화로 보았다. 한국에도 이런 스릴러 첩보 액션이 필요하다는 생각에. 그래서 다음영화로 보았다. 굿다운로더지. 결과는 꽝. 후까시. 철학없음. 역사의식 없음. 스토리 제로. 개연성 제로. 수준 미달이다.
0, .
7, 공유의 액션은 좋았지만 스토리가 좀빈약..빈약함을 감추기위한 앵글테러땜에 스크린볼때 머리깨짐..
6, 화려한 액션임에도 줄거리가 좀 빈약해서  액션의 반복속에 관객이 지루함을 느낌  반면 배우들의 연기는 좋다.
5, 개연성 꽝현실성 꽝오버액션스토리빈약철학부재구타유발자 훨씬 낫다
7, 겉멋만 빼면 9점인데.. 아쉽네
10, 이제 우리나라 영화 정말 잘만든다.. 왠만한 1000만 관객넘은 영화보다 더 재미있고 짜임새있다..개인적으론 근래1년 한국영 화중 제일 잼있게봤다..
10, 이정도면 재밌다.평점조절위해 만점.
10, 어제 봤는데 영화 잘 만들었어요.재미도있고..
8, 중반 이후부터 힘을 잃는 스토리가 공유의 몸바쳐 불태운 액션 연기를 갉아 먹는 안타까움. 억지로 끌고가는 느낌이 많이 들었다. 마지막 장면에 울컥하긴 하였으나 그점이 영화의 완성도를 떨어뜨린다. 암튼  가여운 어린이들 노동 혹사시킨 니덜 다 죽을줄 알어~~
10, 정몽헌이 왜 죽었을까를 생각하게 하는 영화. 김노 십년 좌파정권에서 국정원으로 박아넣은 사람들 몽땅 뽑아내야..
10, 어쩜 이리도 최근의 국조원 간첩조작사건과 닮았는지...
8, 아 시발 존나 재밌네. 자동차 추격신 지대로다.
10, 국가조작원의 현실 투영
7, 스토리는 북한공작원이 나오는 영화와 비슷하였으나...배우들의 명연기가 영화를 살렸다.
10, 말이필요없다 최고  편견을깬영화
8, 이것도 뭐 제법 괜찮네.
8, 와... 영화 볼만하네. 각본이 허술하다 어쩐다 해서 안볼까 하다 봤는데 보길 잘했다. 본 시리즈 생각 많이 났지만 차량 액션씬 정말 잘 찍었다. 역시 히트하는 영화는 이유가 있구나.
9, 진지하게 잘 만들었음. 근데 뭔 놈의 차를 그리 때려부수냐?
7, 공유 쩐다..........뫼모도 연기도........실제로 이영화 촬영하는거 봤었는데 실물이 더 쩔더라... 그런데 이영화 왤케 카메라를 제껴 흔드는건지..... 2시간 정도 됐을때 오바이트 쏠렷다  액션씬은 좋았는데 난 북한소재 영화가 나한테 안맞는건지 스토리나 이런게 영....  집중도 잘 안됏꼬 그러타고 망작까진 아니고..
9, 공유라는 배우에 대해 기대를 안했기에극장에 가서 안봤어요오늘 p2p 사이트로 봤죠그런 저의 생각이 크나큰 오만이었다는걸 깨닫게 해준명작이라고 반성합니다2013년 부터 2014년 3월23일 까지 본 우리나라 대한민국 영화중 최고급이라 생각합니다더 테러 라이브와 변호인 과 동급!!!미안하다 수상한 그녀
8, 잼있으요~~
10, 국가 걱정원
10, 쓸때없는 러브스토리 다 빼고 정말 액션 하나만으로 최고의 영화 배경에 딸을 찾아야 하는 그 간절함에 공감 팍팍가고... 공유 다시 봤습니다. 극장에서 볼걸.... 4 000원 내고 다운받았는데 ㅠㅠㅠㅠ 한국 액션영화중 갑!!!! 정말 잘 찍었다. 연기도 훌륭하고...
10, 와... 절로 감탄 소리가 나옵니다.별로 기대 안 했는데..스토리 의미  화면  연기자들 연기 .. 박수를 보냅니다..
9, 깝치는 소리 때려치우고  이 정도면.... 잘 만들었다.
10, 액션~ 잼있네요  용의자2 나와도 될듯~  나오길~~(딸이 커서 같이 스파이로 )
6, 돈이 최고인 사회에선 돈 앞에 고갤 숙여야 한다. 능력이 좋아도  많이 배워도  가치관이 뚜렷해도 자신의 신념을 지키며 살기 어렵다. 출세와 성공이 자신의 능력보다는 검은돈에 의해 이뤄지는 사회로 점점 변질되어 간다. 사상과 이념은 인간답게 살기 위한 척도인가. 아니면 국민의 사유 행위를 마비시키는 덫인가.
5, 한국의 제임스 본을 만들려고 돈도들이고 노력도 많이 했는데... 결과물이 그저그렇네
9, 재미있게 봤음. 내용  액션  연기 대체로 괜챦았음.
9, 이 줄거리에서 더이상 어떤 액션신이 필요할까 싶다. 변호인에 가려 참..안타깝게 뜬 영화다 싶다. 스토리도 탄탄하고 캐릭터도 잘 살렸다. 무엇보다 액션 신은 한국영화에서 보여 줄 수 있는 최고의 장면들을 모아 놓은 듯 하다. 정말 맘에 드는 영화였다. 공유의 연기  달달하기만 할 줄 알았는데..멋졌다.
6, 줄거리도 캐릭터도 그저 그렇다만  액션장면은 볼만함. 특히 차량추격씬은 국내 영화 최고인 듯.
10, 뭐 제법 괜찮네
8, 4000원주고 보기엔 너무 괜찮은 영화.. 왜 이영화가 안떴지??
9, 공유의 재발견!!간만에 긴장감 넘치는 영화를 봐서 좋왔다.
9, 공유가 만들어낸 최고의 영화. 그의 눈 빛이 살아있다. 연출과 액션에서 노력의 흔적이 여기저기서 느껴진다.
5, 넘 복잡햐... 긴장감 유지시키는건 좋은데 개연성이 부족한듯...
7, 볼만은 했는데.. 생각보단 몰입도가 떨어져요.. 나만 그릉가 ^^
4, 산만해서 보기가 힘들었음. 왜 영화가 집중이 안 될까????????????
8, 아.쉽.다..본얼티메이텀 스토리와 장면이 많은데..차라리 그럴 거면 아주 비슷하게 가던지..볼얼티메이텀과 다른 부부들이 영화를 갉아 먹는 느낌이다. 조성하와 박휘순 캐릭터가 제일 눈에 거슬렸다.공유에 완전 집중했으면 몰입도가 좋았을 텐데..마무리도 개운치 않은것도 그렇게..그러나 전체적으로 재밌게 봤다.
9, 제대로인 액션.쓸데없는 신파 없이 깔끔..흡입력있는 전개와 연기..오랜만에 쏙 빠져 봤다.
9, 본씨리즈 왕팬이라 정말 기대않고 봣는데  보고나서 극장에서 안본걸 후회했습니다. 물론 아쉬운점도 있었지만  개인적으로 "쉬리" 이후 최고의 액션영화라 생각합니다. 수년을 욹어먹은 남북소재로 이정도 스토리짠것도  특히 카체이싱 과  전체연출도 정말 본씨리즈에 가깝게 다가간 최초의 한국영화라 생각합니다.
7, 생각없이 봤는데 생각보다 재미있다. 오버되지 않은 적당한 내용이지만 참 재밌게 구성하고 풀었다. 배우 공유가 안쓰러워 보일만큼 주인공이 외롭고 힘들어 보였다. 박희순을 마음먹고 멋있는 역할을 시킨게 잘한듯. 관객들이 알면서도 감동을 받았을 것. 영화같은 영화.
10, 전문가들이 뭐라던 오락영화는 오락영화다우면 된거 아닌가?
8, 2013년 한국 영화중에 신세계 다음으로 재미 있게 본 영화
7, 소재는 식상하고  전개는 복잡하지만  탄탄한 연출이 만든 박진감!
7, 카메라 흔들이 액션은 좀 지겹다.. 쉬리부터 지금까지 너무 흔든다 흔들어. 대역 쓰랴  배우 얼굴 조심하랴  대역 아니면 액션이 어색하니  안 흔들면 진짜 못 봐줄 것 같기는 하다.. 액션이 현장감이나 긴장감이 있어야 하는데 아님 게임 같던가.. 무슨 하루 종일 흔들어 재끼니까 어지럽다.
10, 평점 안줄려고 해도 안줄수가 없네 업그레이드 된 한국영화
9, 자동차 액션  짱~
9, 액션 괞찬음
9, 액션의 진화  온몸으로 연기하는 공유에게 모든 별을....
8, 나름 좋은데 대사 전달력 좀 딸려서 자막이 따로 있는지 확인 해 봤다는...ㅠㅠ... 그거 빼곤 뭐 이런 영화류(간첩 북한...) 다 엇비슷하니까... 그래도 좋았음요...
8, 액션은 확실히 좋다. 그러나 스토리는 별로다 가족애와 국가주의를 모두 넣으려고 하니 스토리가 별루다. 하지만 볼 만하다. 한국영화의 액션부분에서 발전했다고 말해주고 싶다.
7, 명확한 선(공유-박희순) vs 악(조성하) 구도를 잡아두고   그것을 뛰어난 액션 연출로 화려하게 표현해 내다.
8, 나름대로 볼만한데 보는내내 도대체 무슨말들인지 대사전달력이 해도 너무할정도로 전달이 안되는 영화 ...정말 한국영화에 한글자막이 나왔으면 했었던 영ㅇ화
9, 재미고 감동 장면이 나온다
8, 추격신이 몰입도가 좋았고 뻔한 내용인듯하지만 조금은 남달랐던거 같구.아무튼 한국영화도 추격신이 많이 좋아진듯 함.
2, 기본적으로다가 세상물정 따라가지 못하는 넘은 영화질 하지 말자.....  액션질이나 카메라 움직임은 좀 했으나... 감독 대가리가... 수순이 넘 낮다....
10, 시리즈로 만들자~~~
10, 영화 굿
8, 공유의 노력이 보였습니다.
8, 재미나게 잘보았습니다..근데 왜 난 국정원이 자꾸 생각이 나는지..ㅋㅋ
7, 액션과 추격씬 그리고 발전하고 소재의 다양성이란 파이가 커가는 한국 영화를 볼때면 참 기분 좋네요   하지만 본 시리즈와 너무도 흡사한 구성과 음악이 자꾸 비교하게 되네요 심하게 흔들리는 카메라 기법이 산만하고 진부한 캐릭터들이 많이 아쉬웠어요~
10, 정말 재밌게 봤다. 처음부터 끝까지 몰입해서 보았다. 한국영화의 엄청난 발전을 보는것같아 흐뭇하다. 본시리즈에 비교를 하는데.. 개인적으로는 본시리즈보다 훨씬더 재밌게 봤다.. 한국적 정서가 더해져서 더욱더 감동적이다..
8, 추격신은 대박 !!!!! 공유몸매도 짱  박희순연기가 눈에 거슬림 ㅜㅜ
8, 구지 프레임을 비유하여 본다면  본시리즈 기본 프레임에 글래디에이터의 분노와 정부기관의 부패를 핵심으로한 구성으로 보였네요. 왠지 북한 "아저씨"를 보는 듯한 느낌 또한 나쁘진 않았습니다.
10, 국정원 간첩조작하다 실패한 영화. 서울시공무원간첩조작 사건이 생각나네..
10, 대박 꿀액션
9, 시간 가는줄 모르고 재밌게 본듯...추격신은 강추!!그리고 국정원의 증거조작은 수준급이라는걸 다시 한번 일깨워주는 영화.. 첩보부대 대령도 간첩 운운하면 협박하는게 현 대한민국을 보는듯 하다.
1, 그래도 난 애국심에 쩔어서 한번 믿고 봤는데 씌발 ...액션 안돼니까 화면 젖나게 흔들어 대고 머리 하도 아파서 게보린 먹어 가면서 봤다 씌발...스토리는 어거지로 만들어 가지고 내가 빠져 드는게 아니고 보면 볼수록 빠져 나가게 하더라 처음에 고공 낙하할때 아...쫌 쎄게 나가겠구나 했는데 ㅋㅋㅋㅋ 역시나...
5, 흉내내기.중국넘들이 짝퉁아이폰 만들듯이 진정성이라곤 ㅈ도 없이 허세만 가득한 가짜영화. 박희순의 허세연기에 토나오는줄 알앗다 안어울리는 그 선글라스에 메이크업은 꼭 그렇게 터프남인걸 ㅈ나게 강조해야만 되냐 이 감각없는 오바쟁이들아 그리고 무슨 아이언맨이냐 공중장면은...
9, 중간까지도 웬 간첩 어쩌고 하는 관제반공영화인 줄 알고 에휴ㅉㅉ 공유.. 액션이 아깝다...했었는데 깜놀했다. 한국영화에서는 처음보는 추격장면들 멋졌다. 혹시 세븐데이즈의 감독일까 생각했는데 맞았다. 스탭모두의 건투를 빕니다. 글고.. 북한주민들이 좀더 풍요롭게 살게 되면 좋겠다.
8, 좋은 액션의 긴호흡이 피곤하기도 했지만 테크닉의 이미지들은 훌륭했고 드라마와 캐릭터의 진부함이 아쉬웠다.
10, 정말 우리나라가 이런 영화를 만들다니 오래간만에 훌륭한 액션과 감동의 영화를 봤습니다. 이런글 왠만해서 안쓰는데 정말 너무 재미있게 봐서 글남기네요
9, 한국영화로는 잘 만든 수작입니다. 단지 너무 카메라를 흔들어대서 액션다운 액션을 제대로 못느끼는 단점도... 하지만 대량의 물량공세를 했다는건 알수 있었습니다. 호불호가 가리겠지만 이정도면 상당히 잘 만들었습니다.
10, 정말 영화다간만에 흐뭇했다
10, 영화대박 공유 상남자!! 내용 이러쿠저러쿠 할필요없죵 공유만 보면 초초초초대박인데~ 액션배우가 더 어울리고 멋지네요 공유 얼마나 고생많았을지 안습~~ 우리나라에 이런 배우 있다는거에 감솨
10, 액션이 에누리 없네 헐리우드 영화에나 나오는 액션이였다...시간가는줄 모르는 속도감도 지루함을 잊게 해줬고 배우들 엄청 고생했을듯 싶네.. 이제껏 봤던 한국액션영화중에 탑이었던것같다
8, 이정도면 '수작'소리 해줘야지 짝짝짝
10, 한국판 본시리즈!!
10, 미친....  이영화 마지막 봤냐??  대박...  배를린??  젓가세요 비교불가 ....  테이큰??  그보다 뛰어나다 액션신이며 드라마며....   헐리우드 능가한다 봐라 꼭봐라... 극장가서 안본게 미안해진다 .
1, 상반신만 찍어대는 액션은 액션이 아니죠잉. 카메라도 좀 적당히 흔들어대고.
0, 보다가 잠들었습니다...........어느 부분이 재미있다는거임??????????
7, 재미있음. 근데 쬐끔 산만함. 외국영화 따라하기 폼잡기는 그만좀 했으면.
9, 쩐다. 배우들 연기며 시나리오며..베를린보다 더 수작이다. 조성하 박희순 용식이조재윤씨 까지...연기들 너무 잘하심... 역시 최고는 공유 짱!! 마지막 벼밭씬 완전 감동
10, 한국도 이런 액션이 가능하구나....놀랍네요...
6, 너무 물량공세로 치우친 느낌을 준다. 그러다 보니 영화가 느슨해진다.
8, 민중이 아저씨 이런 사람이었어요?
8, 팔점줘도 아깝지가않네.
7, 자동차 추격신 코너링과 속도감은 한국영화 치고는 조금 발전한듯 그러나 헐리우드나 영화 택시에비하면 많이 부족함  액션은 본시리즈에 비해 부족하지 않고 볼만함  한국영화의 마무리가 산으로 가는 건 여전함..마지막 조성하 오버스럽고 엔딩씬은 설득력없고 어설픔  들판씬은 인상적이였음  액션 공유의 가능성 발견함
9, 정말 괜찮아요. 테이큰이나 본시리즈보다 오히려 나은 것 같은데요.
10, 개인적으로 평점 8점 이상의 영화
9, 처음엔 별 기대없이 봤다가 홀딱 반한 작품이네요. 제가 볼 때는 조성하씨의 연기가 제일 빛나는 듯 싶네요. 남북관계의 분단의 특수성때문에 이걸 소재로 해서 만들어진 영화가 꽤나 많은데 그 중 가장 수작이라고 생각이 됩니다. '베를린'도 괜찮고 '스파이'도 있고 등등 많죠. 공유도 연기나 자동차 추격신도 괜찮구요!
10, 몰입도 짱.....기대없이 봤는데..완전 재밌네요 ㅎㅎ 액션도 쫀득쫀득한게~이런류의 영화 안좋아라했는데 재밌게 봤어요~
10, 와~ 진짜 재밌음
10, 빠른 스토리 전개로 몰입도가 높아요... 외국영화 테이큰등보단 잘 만든것 같은듯???
10, 현재 국정원이 저지른 서울시 간첩 조작사건과 유사하다는 느낌을 받았다.
10, 별로 기대 안하고 봤는데 긴장감 있는 액션 영화였음ㅋㅋㅋ배우들이 짱짱하네요
10, 한국영화 액션의 재발견..
1, 찍은건 잘찍엇다.그래서 1점 나머지 본시리즈 잘따라햇고.그리고 예전부터 보면서 ㅈ ㅗㅈ 같은건 왜 북한출신들이 한국오면 다 무적이냐? 쉬리때부터 그거 맘에 안들엇는데 최근까지 이 짓이냐.
10, 지금까지 본 한국액션영화중인 최고라 칭할수 있을듯...
9, 본시리즈 따라했다는 평가는 그냥 지나치셔도 될 듯.. 긴장감  속도감  액션.. 빠지는 부분 없습니다.  한국 액션 영화로는 아저씨 이후에 최고의 몰입도를 가지고 있는 것 같습니다.   액션 좋아하시는 분이라면 몹시 추천합니다.
10, 다른걸 다 떠나서 추격신이랑 격투신이 박진감 있어서 좋네요!! 한국영화 화이팅입니다~!!!
5, 본시리즈 따라하기... 액션. 연기 별로...
9, 잼나네요!
10, 간만에 제대로 된 액션영화~~~원빈에 아저씨 이후 최고로 재밌게 본 영화
7, 생동감 넘치던 액션... 스토리는 단순하지만... 스피드한 전개와 긴박감 넘치고 아슬아슬...  아찔했던 자동차 추격씬을 계속 보고있자니... 정말 숨돌릴 틈도 없네...
10, 완전재미있음 본시리즈랑 같은 느낌 더 잘 만듬
10, 와 개봉 초기에 평점 낮아서 별룽가 보다 했는데 진짜 잘 만들었네  진짜 평점 테러하는 알바놈들 싫다 Good Downloader~!
7, 생각보다는 괜찮았음.
8, 영화 진짜 잘 만들었다.
10, 최고
8, 공유 안 좋아라 하는데 완전 멋있음...
9, 긴장감 캡!!
8, 누가 재미없다고 했어...   우리나라를 배경이으로 이런 영화를 볼 수 있을 줄이야... 아쉬운 부분이 군데군데 있긴 하지만  각색해서 생각하기로 했다.
10, 공유의 연기 변신 그리고 멋진 몸! 화려한 스토리 전개가 압권입니다! 굿!!!
9, 극찬 할 수 밖에 없는 스타일리쉬한 촬영과 액션. 추격전으로 이루어진 러닝타임이 관객을 지치게 할 수 도 있다. (후속편으로 동양의 '테이큰'을 기대할 뻔)
10, 아오 조성하씨 얼마나 악역을 잘하시는지 한대때려주고 싶었네 흐흐 간만에 잘봤네요
9, 딱 한국형 본 시리즈.. 너무 많이 따라한티가 나간 하지만 만들긴 잘만들었음. 조금만 더 참신했더라면..
10, 아... 짠하다..
9, 본씨리즈의 맷데이먼의 액션어려웠을텐데... 꽤 잘한듯. 액션씬이 너무길어서 질리는 감이 있었지만 요즘 트렌드인거 같으니까...
10, 대한민국의 현실.....용공조작딸과의 마지막장면에서  울컥......!간만에 정의감이 되살아나게하는 영화
9, 본 시리즈를 카피한 건 약간 낯뜨거웠지만 한국 보수세력에 대한 신랄한 풍자와 스토리가 후련하고 연출과 연기 촬영 등 전체적으로 모두 아주 잘 만들어진 영화.
10, 액션 굿 추격 굿 무엇보다 후반부가 끝이네요 ㅋ
10, 정말 재미있던데..단순히 범죄용의자인줄알았더니 남북초액션첩보원들 영화더만  1000만 넘어야 할 영화가 홍보부족으로 된것같다. 비리직원의 덫에걸린 탈북자인생..
9, 재밌구만
8, 스토리 좋고 액션 좋고 추격씬도 아주 좋다. 하지만 무엇보다도 배우들의 미친 연기력이 최고 압권. 악역을 맡은 조성하씨의 연기력은 내 입에서 쌍욕을 나오게 만들 정도로 악했다. 뜬금없이 나오는 헷갈린 자료의 정체가 조금은 점수를 깎는 듯. 하지만 마지막 장면은 정말 괜찮았다.
10, 아주 액션좋고 시간 잘가는구만....
6, 액션은 공을 들인 티가 나지만..
10, 공유 연기 짱
10, 아버지의 짐념... 같은 아버지로써 부럽다...
10, 스토리도 괘아났고 재미있게봤다 액션씬도 ㅋ
7, 액션씬 하나만큼은 대박이다...자동차 추격신은 쪼금 오버스럽지만...암튼 공유 진짜진짜 멋있다...연기도 좋구...
0, 그냥 외국 첩보물 따라하기.  주인공 몸도 부실..
8, 완전 진심 재밌음 이렇게 집중해서 본거 오랫만ㅋㅋ 공유도 너무 멋나고 ㅎㅎ
8, 줄거리 액션 배우 .. 모두 좋았다 .. 공유 멋도있고 .. 
10, 재미있기도하지만..슬프기도한영화...나오는 연기자들도 주조연 모두다 연기 잘하는분들만 나와서 그런가 재밌고 웃기기도하면서 슬픔이 묻어나는 영화..
8, 공유의 재발견인 작품  비슷한 장르라고 할수있는 베를린보다 좀더 간단한 스토리때문에 영화에 몰입할수있었고  액션도 좋았지만  베를린이나 용의자나 아직까지 아저씨의 액션을 넘어서기에는 부족하다라고 생각됨.
10, 재미만 있더만..멋있어요
9, 스토리보단 공유의 액션과 카체이싱 장면에 이 점수를 준다.공유의 이런 변신   좋아~~
4, 게콘 보는줄 알았다. 공유 대척점에 있는 박휘순 등장부터 개웃겨 ㅋㅋㅋㅋ
6, 아 지루한 자동차 씬만 아니라면....... 좀더 낫은 영화가 되었을텐데... 아쉽네요. 감독의 무리한 자동차씬 때문에 망친 영화..
10, 공유의 새로운변신이 멋졌다
9, 공유 ....... 이런 연기도 어울리네요. 내용 전개도 빠르고.. 재밋네요.
9, 아저씨에서 나는 간지가 여기서도남공유라는 멋진배우와 명품조연들이 만든 좋은영화특히 촬영에 공을 많이들인듯하다.카메라 앵글이 여러각도에서 찍고 잘 이어지는게 감탄했음
7, 두번의 카체이싱 장면  고공낙하씬  합이 잘짜여진 액션등 은 한국영화의 기술적인 연출력을 한단계 올려줬다는 생각이 들 만큼 신선하고 강렬했다.하지만 우리는 이미 베를린과 아저씨를 보았고 각본적인 부분에서 이 두영화에서 오는 기시감을 떨칠수가 없었다.그럼에도 차기작이 기대되게 하는 우수한 연출력.추천한다.
7, 그냥그냥 액션 반공물로 흐르다가 그 기저인 가족에의 그리움  인간의 가장 큰 욕망 중 하나인 물질욕으로 대립구도를 만들어 비비던 영화에서 배우들의 연기는 영화가 아닌 연극적 요소가 더 커보였다..... 공유의 딸을 확인하고 차마 오열하지 못하고 참아내는 눈물 연기와 조성하의 그로테스크해 보이던 연기...
9, 아주그냥 재미져 애들은가라
10, 식상한... 간첩영화지만.... 베를린보다 동창생보다 훨씬 재미있다. 2시간여동안 눈을 못떼게 만드는 액션  자동차 추격신은 헐리우드에 전혀 밀리지 않음. 공유 연기 정말 잘하는데.. 액션보다는 감정연기가 좋은듯. 조연들도 빵빵하네 삭제
10, 대박입니다... 극장서 볼걸 후회합니다
10, 대박이다 진짜 와 완전 몰입했다
10, 대박~~극장에서 볼걸..ㅠㅠ..베를린에 실망해서 극장에서 안봤는데 진심 후회된다..베를린보다 훨 재밌다..공유 왜케 멋었니..액션배우로서도 전혀 손색이 없다..본 시리즈 이후에 간만에 날 몰입시킨 영화가 나왔다..그것도 한국에서...대단하다...
10, 영화 긴박감 있고 재미납니다. 간만에 몰입해서 본 영화ㅎ.
10, 침 괜찮은 영화
10, 한국의 느와르네요  공유 최곱니다   최고의 변신!!!
9, 재밌다!!!!!
7, 그냥 그런 본시리즈물 비슷한데 마지막에 딸만날때 울컥 ㅠㅠ
6, ㅋㅋㅋㅋ 감독이 본시리즈 광팬인가 보네 !
10, 참 볼만해요...액션도 짱!!!연기력도 짱!!!! 지루하지도 않고
10, 멋진 액션씬... 최고네요! 스릴과 감동이 있는 영화. 공유도 넘 멋지네요.
2, 배우가 싸우는건지 편집으로 싸우는건지...액션씬만 나오며 화면흔들고 캇트캇트자르고...반도 못보다 왝....쏠려서 꺼버렸다는...
10, 와...........대박......
9, 얙션좋고 구성도 사실감있네요 영화관에서  못본게 아쉬울뿐ᆢ공유연기력 좋습니다ᆞᆢ부성애  액션  추격씬  미쿡영화보다 박진감 있었음ᆢ조성하의 비열한웃음과 박휘순 진짜같은 대사들 남네요ᆞᆢ
5, 노력에는 박수를...나머지는 아직 멀었다는...
10, 공유의 재발견 이영화 진심 짱이네요
10, 괜찮은데요 다들 연기력 쩔어요~~~
10, 대박멋있다 공유 개쩔어
5, 부딪치기 직전의 순간을 담아내려는 노력이 신선하다. 그러나 시종일관 가족애로 밀어부치는것은 힘겨워보이고 좋게좋게 대충 잘 마무리하는 안일함이 뒤로갈수록 몰입을 방해한다.
10, 오 놀라워라. 공유 박희순 조성하... 감독 ..  굿!!!
10, 가끔씩 다 좋은데.. 연기 못하는게 하나 껴서 스토리 진행 막는데.. 그게 없어 좋았다.
10, 조성하 악역 연기 진짜 쩐다
10, 최고 중 최고 한국액션 중 최고인듯
10, 공유씨 연기 너무 대단하네요고통과 슬픔이 같이 느껴져서 한참 울었네여 감사합니다 ...
10, 액션보고 깜짝.... 스토리...연기....배우들......  최고입니다.
10, 진짜 말이 안나오네요..우리나라에서 이런 액션이 나오다니.. 웬만하면 액션에 10점 안주는데 이건 뭐..
7, 스토리 자체는 뻔한 결말이 예상되지만 연출과 액션은 국내 영화중에 손에 꼽을 만하다. 긴장감과 현장감 전달을 위해 액션캠과 특수촬영이 많이 활용 된 것 같은데  오히려 집중이 안되고 산만하다는 느낌도 들어 살짝 아쉬웠다. 공유와 함께 강인한 배역의 연기자들이 돋보이는 작품.
10, 우리나라에서 이런 액션 장면은 처음이네요. 연출과 스토리도 좋았습니다. 오랜만에 10점 짜리 영화를 봤네요. 적극 추천 합니다.
10, 헐리우드 액션 영화가 본 아이덴터티 이후 하나의 기준점을 찍었다면  한국영화에서 용의자는 그와 같은 위치를 차지할거라 본다. 시나리오  액션  연기  연출... 감독의 연출력이 대단하다. 세븐데이즈에서 숨쉴틈 없이 몰아가는 화면 전개가  용의자에서 완성형으로 나타난거 같다...  대단한 영화~~
10, 공유팬은 아닌데 영화 재밌다
9, 본시리즈  베를린이 조금 생각은 나도 흡인력있는 액션  찰진연기 박휘순 조성하 조재윤 김성균이 지루함을 끌어 올림.특히 무한에너지 공유  박휘순은 그야말로 죽지않는 강철인간.엔딩신에 딸과 환희하며 눈물을 흘리는 공유의 감정연기도 좋았음.이질감에서 가족의 매체는 곧 동질감.권력의 타락자 두얼굴의 국정원..
10, 액션도 좋고 무엇보다 모든 배우들 연기가 훌륭하네요
10, 아저씨 이후로 너무 재밌었던 영화!!!!~  스릴있고 좋았음~~굿굿굿
6, 자동차 추격씬은 본시리즈영화 참고를 마니한거같고 나머지 액션씬과 스토리는 괜찮았다고 봄 공유 완전 사이보그 로봇같이 나옴
10, 진짜 눈을 떼지 못했네요. 넘 재미있고 연기자들 멋지고...수준높은 영화라고 생각합니다
10, 정말 재밌게 봤습니다.. 개인적으로는 베를린보다 더 재밌었네요..ㅋ
10, 오우~~ 재밌는데~
1, 평점이 높아 1점 준다...솔직히 재미없다 액션도 별루 삭제
10, 이제 공유를 말할때 커피프린스 말고 용의자 하면 되는 영화
10, 어디서 본듯한액션이긴 하지만 재밌긴 드럽게 재밌네
10, 존나 재밌네 쉴틈없이 재밌다 평점 너무 낮다ㅡㅡ
6, 보는내네 어디선가 본듯한 ...본시리즈80프로 따라하고나머지도 20프로도 어디선 본듯한....본 시리즈 보다 먼저 나왔다면 하는 아쉬움 과 구타유발자  만큼에 창의력과 순수함이 너무 너무 아쉽다...지루하진 않았음에 6점...
4, 참신함은 전혀 찾아볼수 없다.
7, 미드 24시를 완전히 따라한 한드 아이리스...그리고 영화 용의자...라는 느낌을 지울수 없었음..윗세대들에게는 우와 한국영화 발전했다라고...생각하겠지만..미드를 너무 많이본 세대들에겐...어설픈 따라장이로 밖엔...공유나 몇몇배우 연기 말고는 볼거리 없음
8, 동체시력 좋은 사람한테는 괜찮은 액션이 아닐까 한다. 주인공 몸 근육이 좀 부족한 것 같아서 약간 아쉬웠음. 이두근과 삼두근을 좀더 많이 키웠다면 좋았을 것 같다는...^^ 우리나라 영화는 액션도 세계 최고 수준이 아닐까 한다. 나름 괜찮은 영화. 내용도 이정도면 괜찮지 아니한가?
2, 각본도 어설프고 대사의 접착력이 제로..연기력 밸런스 들죽날쭉...어설픈 본슈프리머시 흉내... 어수선하고 미친년 널뛰듯이 하는 진행은 피로감만 유발하고 작위적 인물 설정들은 몰입도를 저해한다. 대사 하나하나가 대사 쓴 사람의 재능 없음을 증명한다..인물설정도 우스꽝스럽게도 어디서 보고 따라하는 듯한 어색함
4, 어디서 본듯한 스토리 당연하다고생각돼는 액션
5, 일단  표절이 너무 심했고(엑션 요원들  음악까지..) 표절이라도 본시리지만큼 재밌었음 좋았을텐데 별루 재미없고 유치한 내용이었고..머 그저 그럼.
7, 한줄요약:딸찾기
10, 극장에서 보려고 했는데 놓쳤다. 비록 컴터로 봤지만 재밌게 봤다. 기대이상이다
5, 본시리즈로  인해 우리 눈이 높아진걸까 같은식으로 만들어선 답이없다.눈은 절대스피드하지 않는데 음악만 스피드하고 박진감 넘친다 잡힐수 총을 맞을수 밖에없는 상황에서 빠져나가는것도 허접하고.  전혀 아슬아슬하지 않다
10, 재미도 있고 액션씬도 헐...
3, 어이없는 국정원악역&첩보판타지&헐리웃짜집기영화
6, 내용면에서는 볼만하나.. 카메라기법이나 이런게 너무 산만하고 집중이안대네여....
9, 처음이 약간 별로인듯 하지만 자동차 추격신 이후로는 재미있네요. 추격신은 한국영화 치고는 정말 잘 찍은 영화인듯.
10, 국정원의 현실  놀아나는 국민들과 그외 기관들 ㅉㅉ
2, 시나리오 허접  연기 오버  연출 허접  캐스팅 허접..망작
9, 좋은 작품을 하나 만들어냈네요....다들 수고 하셨겠네요.
8, 재밌드라
8, 잼있네요 시간때우기로는 만족 할만합니다 조연들도 뛰어나고 공유도 연기 꽤 하네요
9, 기대안했는데 정말 잼있어요~
3, 기대하고봤는데 많이 실망이네요.  과유불급이란 말이있듯이. 더 잘하려고 하다가 이도저도 안된거같은 느낌이 납니다. 솔직히 액션이나 추격씬도 너무 카메라 휘몰아치기로 이게 액션인지 뭔지도 모를정도고.. 아저씨  동창생  >  베를린 >>>>>>용의자.
8, 괜찮네요  공유의 액션  흡사 황해 하정우 같은느낌이랄까 재미있게 잘봤네요
9, 썩 괜찮은 영화다 CG가 눈에 거슬리는 부분이 있지만 헐리우드의 제작비에 비교한다면 상당한 수준에 영화다.... 속편을 기대해도 좋을 듯.... 정치적 성향과 무관하게 영화자체로써 훌륭한 한국영화 탄생에 박수를 보낸다
9, 본씨리즈와 비교하는건 어쩔 수 없겠지만  재미는 확실히 있음. 또한 본과 다르게 만들 수 있는 방법 없음. 바램이 있다면 다음작품으로 원빈과 투톱을 이뤄서 중국 인신매매조직과 한판하는 내용 있음 레젼드이겠음
10, 왠만한 헐리우드 블록버스터 보다 낫다. 내인생 영화 3위안에 듬.
10, 변호인 같은 정치적 영화 땜에 묻혀서 그렇지 영화적 재미는 훨씬 좋았음
10, 배우 공유를 다시 볼 수 있었던 영화였던 것 같습니다
6, 촬영이 좀 안습. 나머지는 그냥저냥...
10, 태엽푸는새 님의 댓글처럼이 세상 현실도 저리만 돌아간다면......여하튼 속시원하게 감동있게 잘보았습니다
9, 잼있어요
8, 엔딩까지 현실과 같다면 얼마나 좋을까. 하지만 현실은 시궁창.. 지금도 국정원의 말단은 열심히 댓글 달고 있고 하이 클래스는 검찰과 힘을 합해 여전히 간첩을 만들고 있다. 왜냐.. 빨갱이(종북) 놀이는 부정선거도 눈 감게 하거든.
9, 이런 영화 보면 기분이 좋음. 이정도까지 만들수 있구나... 하는... 재미 있어요
10, 기대보다 꽤 괜찮았던 작품. 조금만 더 세련 됐으면 최고였을텐데..액션영화로썬 제몫은 다한듯.
10, 재미있게 봤음. 공유 멋지게 나오는군~ 다들 연기 좋았음
10, 평타 이상임
10, 공유 짱!!! 달리느라 힘드셨겠어요.눈빛 넘 멋져요~~!공유는 완벽한데 화면이 넘 흔들려서...어지러웠지만 고생하면서 찍은게 보여서10 점여!!
7, 본+트랜스포터
5, 카메라기법. 음악. 연출방법이 본시리즈와 닮은거 빼곤 잘 만들었네
10, 잘 만들었다
7, 한국 영화 치곤 액션신은 Good 이지만 한국을 호구로 만들어버리는 영화.
9, 이 정도면 액션 오락물이면 잘 만들었네 별 그지같은놈이 이상한 소리하는데 최소 8~9정도는 된다  보는 내내 시간 가는줄 몰라네
6, 본시리즈랑 너무 비슷함.차량 추격신도 그렇고..쓸데없이 많은 액션 때문에 너무 지루함..그리고 빨갱이 미화영화 그만 만들자 한두번도 아니고 내란음모자들
3, 수송기에서 목졸린애때문에 줄끈어서 낙하산없이떨어지던애 같이뛰어날라서 겨우 구하는장면 그이후로 중국 쿵후 영화처럼 주먹만 열라게 왔다갓다 계속~이런영화보느니 권투경기를 선택하겠다.빵점주고싶은데 액션찍을때 수고햇어서3점 ~!!
10, 액션은 무지 화려한데  내용이 좀 부족한거 같아요  뭔가 부족해...
8, 돈의 욕심과 정치야욕에 빠져버린 현 정보기관을 바라보는 느낌...그리고 조성하씨의 악역 연기는 황해에 이어..또한번 눈에 돋보인다. 액션및 추격신 나름괜찮게 느껴졌던 영화.
8, 이정도면 볼만하네
6, 본시리즈의 짜집기 어슬픈 진행과 연기들 뭔가 아쉽네요. 하도 요란해서 봤지만 아저씨보다 못한 작품
8, 잘만들었음 다만 약간 아쉬운 전계
8, 영화 정말 잘 만들었음. 각본  촬영  배우 모두 탄탄하고 너무나 공을 많이 들인게 눈에 보임
8, 대한민국 액션 역사에 이런 영화가 나올 수가 있다.
8, 영화 잘만들었네.. 그런대로 괜찮아.. 흠이라면 본 아이덴티티를 베꼍다는거 그게 좀 그렇치 ...그것만 아니라면.. 괜찮은 영화야..
8, '아저씨'의 모방작이라고 생각했다면 금이빨 빼고 모조리 씹어먹게 만드는 영화 '용의자'!!! 아저씨 보다 섬세하고 화려한 액션이 있어 보는 재미가 큰 영화. 007 뺨치는 스토리와 공유의 어색한 북한 말이 묘한 조화를 보는 것도 영화의 재미!!
10, 최근에 본 영화중 제일 대박이였음. 그냥 봐야함. 꼭 봐야함. 이런데 글 남기는것도 처음임. 홍보 아님. 진짜 꼭 보셈. 남자라면.
2, 평점이 왜이리 높아? 극장에서 안보길 잘했지!
10, 평점이 너무 낮네요.. 그래도 원신연 감독 이름값은 한거 같은데.. 공유 연기도 좋았고
6, 차라리 김수현이 외계인이라는 걸 믿겠다
7, 어설픈 내용 전개도 많지만 왠지 재미는 있었던...
8, 분명 옥의티가 많지만 따질틈 없이 흐르는 전개속에 나도 모르게 묻힌다. 많은 장르를 단 두시간만에 모두 느낄 수 있어서 좋았다. 그리고 공유를 공유하고 싶은 공유의 매력! 단 차량 추격장면이나 경찰들의 총 솜씨는 약간 루즈하게 진행된 것 같아 조금 아쉽다.
6, 만화에서나 가능한 주인공의 빗발치는 총탄뚫기 일당백전투..내용도 액션도 허무맹랑
3, 총격전 난무하는 반도영화치고 재밌는거 없다.
7, 오로지 액션. 다른 것은 필요없음.
5, 헐리우드 영화에서 한번씩은 다 본장면을 짜집기한 한국영화 시도는 좋앗으나 어디선가 본듯한 장면들은 어쩔수없나보다 많이 아쉽지만 배우들 연기는 좋았다..
10, 마지막 2분  ...............................................................  good
6, 액션이 좋긴 했는데  자동차추격신 등이 너무 길어서 지루하기도 했다. 좀더 임팩트 있고 집약적으로 구성했으면 더 좋았으련만...
8, 한마디로 공유의 영화.. 공유에 의한 영화.. 공유를 위한 영화...
9, 우리나라에 이런 액션영화가...공유의 재발견  박희순 조성하 역시 명불허전!
9, 액션과 감동이 공존하는 좋은 영화네요.
10, 멋진 액션씬에 반했지만 격투장면에서 치고받는 장면이 너무 흔들려서 집중안됨 그리고 시나리오가 너무 어려운것 같아요 대화내용을 순간적으로 놓치는 경우가 많았다.비디오로 몇번 돌려바야 알것 같은 영화. 근데 카액션  한강투신씬 북한룡강부대훈련씬등 멋진액션이 너무 많아 지루할 틈이 없었다.영화는 주인공빨~ㅋ
8, 생각보단 기대에 못 미치는 영화 계속 총질만 해 대는게 계속 머릿속에 남아서 -2 공유 와 연기자들에 연기력에 8점
9, 잼잇게봣어요 공유짱 박휘순 넘조아짐~그래서 간기남봄ㅋ
10, 진짜 재미있게 봤다. 시간 가는 줄 모르고 봤네~^^
7, 익숙한 주제지만 공유가 정말 간지나게 멋짐. 영화에 나온 북한 군인들은 모두 액션배우!
6, 쉴새없이 달리면 빨리 피곤해진다.
7, 한줄요약: 딸 찾기 공유의 muscle과 박휘순의 연기에 1점추가
5, 진짜 최악....................
10, 액션에 긴장감이 스며든 매우 좋은 영화. 이런 영화는 한국에는 없었다.
10, 넘 재미있당!
7, 액션만이 살길이다
10, 우리나라에서 처음보는 리얼액션...처음부터 끝날때까지 시선을 떼지 못했다..
9, 영화를 가만보면 액션이 굉장히 간결하고 절제되어 있다고 느꼇음 뭔가 헐리우드 액션처럼 동작이 크지도 않고   과하지도 않으면서도 스피디한 격투액션  나름 한국적인 액션 스타일을 추구하려고 햇던 것 같음 벌써 2편이 기다려 짐...... 앤딩씬 때 인신매매단 아작내주려 창고로 들어갔었는데 어케 돼을까?
5, 지루하고 공유몸매 하나만 볼만한 영화였어요.
3, 뭔가허술한 내용 말도 안되는 일부 장면  그냥 시간보내긴 좋으나 좀 더 치밀하게 구성했으면 하는 아쉬움. 세계에서 가장 튼튼한차 스포티지 크레도스 ㅋㅋ  최근 본영화중 최악
10, 지루할 틈이 없네. 왜 400백만밖에 안봤는지 이해가 안된다.괴물이나 설국열차보다 더 잼있다.
6, 지루하지 않음
7, 액션 또 액션. 눈을 떼지 못하겠다. 서울을 누비며 펼쳐지는 액션들이 낯설었지만 굉장했다. 스토리 또한 예상 가능한 반전이었지만 나쁘지 않았다. 오랜만에 만난 친구와 영화가 보고 싶은 날 보면 참 좋을 거 같다. 그러나 영화를 보고 여운이 남지는 않았다...
7, 여기서 오로지 볼만한 건 공유의 화끈하고 스피드한 리얼 액션씬
10, 멋진 영화다
0, 진짜  완전  돈만  쳐바른 스토리 좃망한  영화  진짜  보다가  같잖아서  헛웃음  나오는  영화다  보다가  중간에  나오기는  처음이다   영화사  알바들이냐?  개똥같은  영화에  뭔  평점이  이렇게  좋냐? 진짜  보는게  시간낭비다
8, 사실공유보려고봤는데..ㅎ역시나공유!!!!!연기너무잘하고멋있고!!!♡대사도별로없는데 빠져서봤네요 ~~
10, 공유의 액션연기 최고.. 한국에서 이런 액션영화를 만들수 있는것에 놀라움이..두시간반동안 손에 땀을 쥐는 긴장감이..그리고 마지막 딸을 찾은 아버지 공유의 뜨거운 눈물을 보고 내눈에도 눈물이 흘렸네요.. 최고입니다.
9, 공유 연기력 다시 봤다
10, 공유의 액션 연기는 단연 최고!! 우리나라에서 이런 액션영화를 만들어서 보여주신다는 것에 대해 박수를 보냅니다!! 정말 최고의 액션 영화였습니다^^
10, 재밌었어요 안지루했구요공유와 박희순씨 넘 멋졌구요왕가네 큰사위...악역 잘하던데요액션영화 싫어했던 전 생각보다 너무나 재밌게 본 영화였습니다
10, 잼있을것 같아 용의자
7, 한국판 본 시리즈를 연상 시키지만 이미 베를린이 선빵 날렸다. 그래서 생각컨데 어쩌면 한국판 테이큰이라고 불리길 바랬을지도 모른다는 생각이 든다. 하지만 공유가 너무 젊다. 거기다 납치될 애도 없다. -_-; 여하튼 공을 많이 들인 액션씬들에 찬사를 보낸다.
6, 스피디한 전개와 액션이 어우러져 킬링타임용으로 적절하군
7, 액션도 화려하고 볼거리가 풍부한데... 보고 나니 아저씨2 느낌이남
1, 스토리도 아쉽고 공유짱짱맨도 아쉽다. 평점이 너무 높은거같아 1점
10, 헐리웃 액션영화에 뒤지지 않는 멋진 액션씬 대박!!! 교수형씬 볼때 정말 놀래서 혼자 비명 질렀다는!!ㅋㅋ 공유씨 너무 멋져요♡
9, 시작부터 끝까지 긴장감의 연속. 느무 재밌네요. 공유와 박휘순 모두 멋지고. 조성하 야비연기 쩔어요.ㅋ 잘 봤어요.
8, 4dx로 봐서 엄청 재밌게 봤다. 스릴있는 카체이싱 ㅎㅎ 공유의 리얼액션
8, 익숙한 스토리와 예상 가능한 전개에도 불구하고  화려한 액션과 걸죽한 연기력이 그런 단점들을 덮어주는 영화. 일단 보면서 눈이 즐겁습니다.
7, 액션이 끝네줍니다^
10, 넘넘넘 재밋게 봤습니다~오랜만에 홀딱빠진~액션영화 한편
7, 변호인 보고 그 다음 영화로 봤는데 지루해서 시간이 잘 안가더군여...
7, 액션영화로써 액션씬이 많고 멋있었습니다. 그치만 액션을 할 때 카메라의 초점이 너무 왔다갔다여서 누가 맞고 있는지.. 누가 때리는지는 알 수 없었습니다. 그 장면이 끝나가거나 풀샷이 잡히면 그 때 누가 맞았구나 라는 것을 알게되어 그게 좀 아쉬웠습니다. 그치만 공유씨의 연기가 괜찮아서 좋았습니다.
10, 스릴감 넘치는 액션과 공유의 암벽연기는 압권이였습니다
10, 스릴 멋졌어요
9, 대박박^^♥ 스토리탄탄! 긴장감이살아있는액션.  한국영화에서 보기드문액션영화. 마지막엔 감동까지.  2탄도 나와도 될것같아요. 간만에 너무 재밌는영화^^
8, 공유씨는 참 멋짐..ㅎㅎ 내용은 좀 다소 전 지루 했어요….허나 공유씨는 넘 알흠 다움~^0^
9, 대박^^요즘 액션영화 중 끝장긴장감을 놓을수 없었다는..
10, 공유씨 연기 너무좋았여요 한국영화스릴러 최고예요
5, 민대령 말고는  그다지....
10, 공유님 너무 멋있어요 몸매대박 영화보는내내 너무 흐믓했오요 남친이 ㅋㅋ 너무질투했음 멋있다는 소리가 절로나옴 남자는 몸매가 좋아야함 ^^
10, 공유씨 연기 너무좋았여요 한국영화스릴러 최고예요
10, 변호인 보다도 훨씬 재밌게 봤어요. 최고!
9, 보는 내내 본시리즈가 오버랩 되었지만 한국에서도 이런 영화를 만들 수 있다는데점수를 주고싶다. 생각보다 괜찮은 영화.
9, 공유씨 연기하는거 첨 봤어요. 격투씬이 많은데 그 와중에 무언가 그냥 주인공 인생이 불쌍하더라구요.그냥 안타까운 마음만 들었어요.아직 안보셨음..추천 합니다.
10, 와우 우리나라에도 이런 액션이 나오다니씨리즈가 나올걸 기대해요
8, 강추~
7, 재밌게 봤습니다
10, 공유 완전 멋지네욤~박휘순하고 조성하두 연기 짱~~~헐리우드 뺨치는~~~^^신랑이랑 잘봤어욤~
8, 기대하지 않고본다면 깜놀~본+글레디에이터 냄새가...액션에서 카메라만 좀 덜흔들었다면 스토리만 조금만더 탄탄했으면 아저씨도 넘을듯 한 아쉬움이 남는다긴장감 몰입감 잔인한장면 없음은 아주좋음
9, 공유의남다른 매력...
10, 완전 잼나게 봄
7, 우리나라 영화 중 가장 화려한 액션영화. 공유의  액션연기도 멋지지만 그의 눈빛이 보여주는 애잔함은 공유가 얼마나 좋은 배우인지 다시 한번 느끼게한다. 그러나  너무 긴 액션장면은 지루하게 느껴진다.
10, 시간 가는줄 몰랏다 몰입도 죄고
9, 기억 되는 영화는 드물다. 그러나 이 영화는 처음 중간 마지막이 뇌리에 남는다. 자식이 있는 사람이라면 누구나 알 수 있는 뜨거운 父情...마지막 딸의 생존에 흘리는 눈물..잘만든 영화다. 하지만 2% 부족한것 같다. 공유를 제외한 일부 조연들의 개성이 너무 튄다. 스토리 전개가 갑자기 휙휙 넘어간다. 연출력 부제?
9, 한국 액션 영화의 놀라운 발전!
10, 공유 짱 멋져^^
10, 부산행 KTX에서 보구 다음 날 서울에 도착해서 영화관에서 다시 봤다. 변호인처럼 꼭 봐줘야 할 영화란 생각이 들었다.
5, 액션은 화려하고 자연스럽고 괜찮았지만  시간이 30분 정도 짧으면 어떘을까 싶네요. 솔직히 지루했어요
4, 이게 머임_-_
10, 공유 박희순 정말 멋지구요 조성하 미친연기 최고였어요 우리나라 액션영화 정말 발전했네요
10, 영화 평론가님 말 듣고 안보려다 집사람이랑 시간 때우려 봤는데~~야이 평론가 너 둑을래? 이름은 기억 안나지만 공유 연기가 너무 절제 되었다 말한 새끼 어느 평론가야? 졸라 잼낟더라!!!!쩔드라...추격씬 짱이당 !!! 내용도 좋고....삼천포 안죽어도 되는데    평론가 말 믿지 마쇼!!!
8, 관람자가 여자였으면  10점을 줬을듯..ㅎㅎ  아저씨에 원빈이 있다면   용의자에는 공유가 있다!!  액션신도 어색하지 않고 훌륭했구요    운전씬이 대박이었네요.  첫데이트였는데 잘 봤습니다!!
10, 이야 죽이네 헐리우드영화다
9, 거의 헐리우드 영화를 보는 듯      너무 재미있어서 시간 가는 줄 모르고 봤네요
9, 정말 재밌게 본 영화
10, 긴박감이 쩌는 영화.. 담겨있는 메시지도 참 좋습니다
10, 왜 이 영화가 변호인보다 관객수가 적은지 이해할 수 가 없다. 규모면에서나 연기면에서나 뒤지는 영화는 아닌데  정말 스릴넘치고 재미었음
10, 여느 외국 액션 영화보다 모든면에서 뛰어났다고 생각된다.. 몰입도가 높게끔 매우 스피드한 전개와 긴장감이 시간 가는줄 모르게 해줬다.. 보고나서 기분 업됨!!
10, 오랜만에 아들들과 액션영화로 이야기 꽃을 피웠네요  열심히 노력하는 배우 공유   다른 분들도 다 멋졌어요!!!
10, 영화 시간이 어떻게 지나갔는지 모를만큼 감정이입 최고!!! 명품 배우님들 수고하셨습니다^^
9, 변호인 땜에 이 영화가 못뜨는게 안타까울지경이네요 공유의 재발견 ...호감 배우는 아니였는데~~~~ 안보면 후회 했을뻔요 변호인 보구서 남영동 보담 별로네 그랬거든요 용의자....눈을 못뗄정도로 최곤데 추격신이 쫌 길었지만 멋졌어요 무엇보다 약간의 해피 엔드? 라~~~~ 공유 박희순 조성하씨도 연기 짱 좋았네요
2, 간기남+본+황해+베를린 = 용의자 베낀영화는 디테일이 안된다는걸 보여주는 영화임
10, 공유 멋있어요~~~
10, 한국 액션 영화중  최고라 생각합니다.  변호인과 같이 상영되어서 손해본 것일뿐   한국 특유의 사실적인 액션과 스토리 등은  정말 좋습니다. 강추합니다!!
9, 액션대박...자동차추격씬이나 격투씬등 볼거리 완전 많고 런닝타임 지루하지 않음...공유 어깨넓이 보고 코피쏟을뻔... 조성하 악역 완전 꼴보기싫을 정도로 잘하고 개인적으로 조재윤 감초연기가 맘에드는1인임... 공유 개고생하면서 찍은거 한눈에 보임... 격투씬이 굉장히 파워풀해서 좋았음..
10, 와우~~최고최고임!  차량추격씬 격투씬 반전스토리에긴장감도대박! 공유 박희순 조성하 유다인 등 모든배우들 연기쩔음 홍보부족인지생각보다 관객동원수적어서 안타까움 한번더보고싶음!!
10, 어제 봤는데 격투씬...추격씬..정말 최고였다끊임없는 긴장감..한국판 미션 임파서블을 보는것같았다강추...^^
10, 이 영화 대박!! 특히 조성하 미친존재감 ㄷㄷㄷㄷㄷㄷㄷㄷㄷㄷ.................
8, 숨쉴틈없는 액션영화. 시간가는줄몰랐다는것만으로도절반은성공. 공유의액션과스펙터클한차량추적씬만으로도스토리의허전함을메꿔줌.
10, 진짜 대박!! 공유 대박!! 출연진 모두 연기쩔어!! 공유 알러븅 이런게 천만이어야지..!!!
9, ㅎㅎ 역시 알바는 살아있다... 조금전에 보고 왔는데 재미만 있두만요... 조상님들을 알바비에 팔아먹다니...쯧쯧쯧...
10, 짱짱 공유 짱ㅠㅠ♡
10, 부정적 평점이 보여 변호인 먼저 보고 오늘 봤는데스토리짜임 액션신 모두 기대 이상변호인보다 훨씬 재미있습니다
10, 세련되고 참신한 자동차 추격장면!!!!!
10, 공유 완전 멋있게 나옴 대박... 기대이상으로 재미있고 또 보고 싶음 공유 눈빛 최고 !!
9, 박희순씨가 너무 무게 잡는거 빼고는 대박 재밌는 영화!!!
6, 어제봄   먼넘의 영화가...자동차 추격씬이 70%인듯  비추
9, 기대이상으로 재미있음.  차추격씬 압권! 단 멀미 주의.
10, 돈주고 보세요. 정말 아깝지 않고 잼있음....절대 할리우드 액션에 밀리지 않는 뿌듯함.....ㅎ
10, 대박!! 기대 안하고 봤는데 시간이 금방 갔넹 ㅠㅠ 공유 원래도 멋있었지만 보고 더 ㅠㅠㅠ 무튼 간만에 지루하지 않은 영화 좋네요~~~~
10, 진짜 깜짝 놀랄만한 영화!! 이제서야 보다니 액션이 휴~~~~ 대박영화 공유 다시봄
2, 지루해서 도중에 나옴..스토리 시망. 어설픈 본시리즈 흉내내기  아류작일 뿐!  공유 몸매감상이 영화의 전부임!
10, 공유가 누군지도 모르고 본 영화인데용의자 보고 공유란 배우에게 푹 빠져들었어요극장서 한번 더 보고싶은 영화입니다.
9, 아저씨의 악연들 연기가 있었다면 10점.모두좋았지만. 스토리와 악역연기가 아쉽다.
9, 기대안하고 봤는데 진짜 재밌음!!! 티비에서 영화평론가가 본시리즈 따라했는데 과한 액션이 거슬린다 어쩌구 해서 안보려고 하다 봤는데 한국에서 100억도 안되는 제작비로 이 정도 수준의 액션영화가 나왔다는 게 자랑스러움....공유가 많이 노력한 흔적이 보이고 공유 조성하 박희순 조재윤 연기 훌륭해요
9, 좋아요
10, 어제저녁에 봤는데요 스토리전개도 좋구요 하여튼 2시간 정신놓고 봤어요.. 추천합니다.
9, 자동차 추격전이 한국영화 가운데 최고네요! 공유 조성하 박희순 연기도 아주 훌륭합니다!
10, 한국영화 영화관에서 보기 아까워했는데 지금까지 본 한국영화중 정말최고였습니다 그중 자동차씬은 흥미진지해 숨쉬기조차 힘들고 스토리또한 기억에 많이 남았습니다 정말 최고의 영화 변호인도 재밌었지만 용의자도 대박나길~~~!!!
10, 최근에 본 영화중 최고의 작품 금요일엔 수디다에서 혹평을 해서 안보려다 보았는데 그친구들 진짜 0점이다. 지들이 뭘안다고 닥치고 연애생활 그만 두라고 해라. 아니 수다다를 없애라. 난 절대 안본다.
10, 끝나면 물개박수 쳐주고 싶은데 입이 쩍 벌어져서 우와 감탄사도 나중에 나오는 본시리즈 헌정판느낌  그런데 더 몰입해서 봤다는 안보면 후회할 영화 진짜 최고임 차량 추격신은 말이 필요없다 이게 왜 천만을 못넘는지 궁금할 정도 내용 액션 연기 모든게 완벽함
8, 공유때문에 봣는데. 완전 짜릿함 ㅋㅋㅋㅋ님들도 꼭!!!보삼 ㅋㅋㅋㅋ
10, 공유 완전 멋있음! 너무 재밌는 영화임다!
10, 기대안하고 봤는데  와...말이필요없을정도로 감탄이 절로다온다ㅋㅋㅋ 공유찡... 얼굴만바라봐도 멋있는데 액션까지 어쩜 잘소화하지...♥ 존멋...따룽해
9, 액션 스토리 촬영테크닉 근간에 본영화중 쵝오어줍잖은 정치영화보다훨 낫다수출  해라 대박이다
10, 기대 이상^^공유 눈빛 넘 좋음^^
9, 익히 들어봤음직한 스토리  이미 익숙한 장면들  그런데 영화보는 내내 집중 하면서 내몸이 스크린쪽으로 점점 다가가는걸 느꼈습니다 자동차추격신은 그동안 봐왔던 어떤영화에서도 찾을 수 없는 앞으로도 내내 기억될 장면이라고 생각되고  영화는 역시 직접 보고 평가해야 한다는걸 세삼스레 느꼈습니다. 직접보니 짱!!
9, 처음부터 끝까지 긴장감있게 잘 보았네요. 재밌습니다. 간간히 소름돋았네요. 잘 만들었어요. 변호인과 맞 붙어서 피해를 조금 본듯하지만 오래 상영할것 같아요. 신랑이 너무 좋아하며 보았네요.
10, 재밌다
9, 넘 멋져요
8, 본 시리즈의 오마주. 배우들의 미친 연기력  무한 액션  허술하지 않은 시나리오  긴박함을 적절히 표현한 OST  오락성과 작품성 등 부족함 없는 한국 액션 영화의 새로운 패러다임. 원신연 감독의 도전과 욕심이 연출에서 드러나다. 단점은 지나친 본 시리즈의 오마주에 있다는 것이다.
10, 평점이 낮아 안볼려다가 재밌다는 입소문에 봤더니 대박~!!여자가봐도 멋져~~재밌어요~긴장도 쩔고...영화관서 보길강추!!
4, 창작을 하십시요....요거 조거 베끼지마시고 액션신은 차마 눈이 침침해 진다오
10, 재밌어요
10, 액션은 물론 스토리도 있고 재미도 있고 감동도 있습니다.  무엇보다 공유가 참 멋지네요
7, 기대하고 봤는데.. 공유의 탄탄한 근육밖에 기억에 안나네요
6, 공유: 분노의 추적자
8, 공유만 멋있었던 영화!!!
10, 자동차 추격씬 넘멋졌어요^^! 그리고 공유의 눈빛연기 대박!!
9, 너무 잔인하진 않을까 걱정 많이 했는데  너무 재밌었어요 공유 연기 정말 대박 ~ 짱짱맨 (.< )
8, 현실감없는 내용도 있지만 액션장면은 괜잖은듯합니다마지막신은 눈물이 나올뻔... 계단에서 자동차 넘어가는 장면은 3b로 보는것닽았습니다
6, 공유가 바쁜건 알겠는데 카메라까지 바쁘면 어떡하냐
10, 어제 봤는데 공유씨 너무 멋있었어요~♥폭풍 후진 씬에서가 최고!ㅋㅋ너무 재밌고 스릴넘치는 액션! 잘봤습니다~^^
8, 앞으로 만들어지는 한국 액션영화들은 반드시 이 영화를 참고할 것이다!
10, 한국에 딱딱 맞는 액션 영화 너무 재미있게 봤습니다.배우분들의 연기도 쵝오!!!
10, 최고임
10, 우리나라 영화가 이렇게 발전을 했다는 것은 얼마나 다행인지 외국 영화에서나 볼수 있을 것 같은 장면이 드리어 한국에서도 가능하다는 것 그리고 한국정서에 가장 잘 어울리는 액션인듯 싶어요 사람에 따라서 취향이 다르니 뭐라 할수 없지만 가장 감명깊게 보았습니다.
10, 잘 만든 액션영화임. 차량추격전도 수준급이고 보는 내내 긴장감있고 지루할 틈이 없음. 조조로 5000원 내고 영화본 게 미안할 정도임.
5, 액션이 화려한데 내용은 지루하네요
9, 본시리즈와 비슷하겠다는 생각으로 봤으나  그와 다르게 친숙한 한국액션영화 매력이 있었습니다. 배우들 연기력도 다 좋았구요~
10, 본자만이 안다.    돈이 아깝지 않았던 영화임.
10, 재미 만땅 처음부터 끝까지 긴장을하고 봤다  집에가니 어깨가   긴장한 탓인가 ㅎㅎㅎ
10, 공유  박희순  조성하  조재윤  유다인 등등 버릴 배우가 하나도 없고 버릴 장면이 하나도 없는 영화네요. 스토리와 액션이 함께. 밴쿠버에서 이런 좋은 한국 영화를 볼 수 있다니~~ 2월 7일부터 할 변호인역시 기대 만발입니다~~
10, 또 보고싶다!!!! 대박이었음!!원빈과 공유가 싸우면 누가 이길지 궁금증 유발함!!!
9, 한국의 액션영화 수준이 이렇게까지 높아지다니.. 정말 잼있어요! 강추!!^^
9, 별로라고 욕하는 사람들이 알바아님?ㅋㅋ 고민끝에 골랐는데  시계한번 안보고 시간이 쭉~ 가더이다. 몰입도 쵝오! 특히 차량추격씬 압권  너무 영화내용 말하면 안되는데ㅋ 공유의 탈출씬에 쓰러짐.박희순의 연기도 너무 좋았고  기황후에서는 환관으로 나오는 조재윤의 연기도 맛깔났음.(이름을 다 찾아봤다는...ㅋㅋ)
10, 공유의 공유를 위한 공유에의한...
5, 역시 영화사마다 알바가있다는 말이 사실이군... 밑에 최자영씨 글에 추천드려요.
9, 속이시원하네요
10, 딸들이랑보러갔다가너무재밌게보고왔습니다.무조건강추입니다..
10, 우리나라 영화수준 정말 놀랍습니다. 스토리 연기 영상 모두 감동 최고였습니다.
10, 대박!!공유 다시봣습니다진짜대단한배우예요..얼마나고생하고..심혈을기울엿는지..보면서느껴질정도예요글고..몸예술입니다..영화보고..글쓰긴첨이네요첨부터끝까지..몰입되는영화예요~~♥
10, 아들이 재밌다 추천해줘서 봤는데. 기대이상이었다. 줄거리도 탄탄하고 액션도 있고 감동도 있는 영화다. 공유가 멋지더라. 그리고 연기력들 최고!
6, 별루다 ㅡㅡ
9, 기대없이 봤다가 끝까지 몰입된 영화~~
9, 본시리즈 답습냄새가 많이 나지만 뭐 우리나라에서 이정도 액션영화 나왔다는게 흐믓함... 잼있게 봤음
10, 공유님 팬이지만 넘넘 멋지고 영화보면서 처음으로 이런 생각이 들었어요  영화찍으면서 참많이 힘들었겠구나 하는.... 짠했어요... 기대했지만 대박이예요^^ 600만 넘기세요
10, 정말 헐리우드 영화보다 낫다... 멋진 액션 짱~~ 눈물 감동.. 변호인에 가려져 빛을 못 보는 것이 안타깝다.. 공유 부드럽게만 봤는데  넘 멋집니다... 공유 짱~~!!
10, 이제 적어도 차량추격씬 만큼은 헐리우드 영화에 뒤지지 않는다 자부해도 될 듯 싶다.
9, 나름 재미있더구만요...~
10, w
10, 기대없이 봤다가 시작부터 엄청난 집중을하며 봐서 안압이 높아졌다. 공유의 눈빛연기와  액션신이 겉은 번지르르하지만 내용은 별거없는 시나리오를 커버했고  시나리오와 어울리지않는 엉성한 여배우의 연기까지 커버했다. 변호인과 겹치지 않았다면 더욱더 각광받는 영화가 되지 않았을까. 특히 마지막 앤딩샷은 말이 필요없는 신이였던것 같다
9, 액션의 긴장이 압권!!!
10, 지금 막 용의자 보고 왔는데 공유 넘 멋지다!최고보는내내 스릴있고 박진감 넘쳤다!한국영화 최고!공유 연기 최고!♡♡♡
4, 이를테면 조각보같은 영화. 본시리즈와 아저씨의 아류작. 아저씨 줄거리를 남북관계로 확장시켜 본시리즈의 액션을 더했다. 한마디로 액션만 남은 졸작. 긴 상영시간 내내 배우들 연기 대결만 펼치는데 절제가 없고 과하다.스토리도 엉성하고 남보라 나올때마다 70년대 신파극 냄새.대사도 과하게 명대사 만들려고 애쓴티남
10, 기대않고갔는데 뜨악
10, 한국영화 훌륭해요
10, 공유 다시 봤음. 그냥 쩌름. 영화평 첨 씀.
10, 음 다들 연기 넘 잘하네요 공유 멋있었음 최고
10, 공유의 새로운 매력을 찾을수 있음  두번 봤는데도 지루하지 않음
10, 공유도 멋있었고  스토리전개나 배우들연기도 다 매력있었습니다.  영화속 아픈 현실이 슬프기도 했고요.  재미있지만 생각도 하게 했던 영화였네요.
10, 한국 액션영화를 새로운 혁신입니다. ~~! 공유의 눈빛 연기 짱~~! 재미있게 봤습니다.
10, 최고였다. 변호인 따위의 영화 외적인 것에 기댄 영화때문에 묻히는게 그저 아쉬울 뿐!!
9, 액션영화 수준이 높아요..잼납니다.
10, 지루한지 모르겠고 오히려 시간이 짧았다고 생각됨   공유의 새로운면을 보게되어 좋았고 용의자2편도 나왔음 좋겠다  맨마지막 눈물 찔금 흘려주시공  난 충분히 잼나더라  췩오
8, 액션 연기는 정말 훌륭했다. 본 시리즈를 모방했네 어저네 하지만 한국이란 나라에 맞게 모방한   것도 휼륭하다고 평가해 줘야 한다. 다만 차라리 액션에만 더 집중했다면 어땠을까 하는 약간의  아쉬움이 남는 영화였다.
8, 생각보다 평점이 낮네요. 그러나 제가 본 바로는 충분히 재미있다. 입니다. 이 영화를 본 후  한국의 액션영화도 정말 많이 성장했구나 라고 느꼈습니다. 아저씨 이후로 이런류의 한국영화를 오랜만에 보는듯 하네요.
